  0
SECTION
  2
HEADER
  9
$ACADVER
  1
AC1015
  9
$ACADMAINTVER
 70
    20
  9
$DWGCODEPAGE
  3
ANSI_1252
  9
$INSBASE
 10
0.0
 20
0.0
 30
0.0
  9
$EXTMIN
 10
1452.461112014556
 20
-200.8789753758388
 30
-0.0015258207003583
  9
$EXTMAX
 10
1749.584550122381
 20
9.15012048892504
 30
0.0000000349246037
  9
$LIMMIN
 10
0.0
 20
0.0
  9
$LIMMAX
 10
594.0
 20
420.0
  9
$ORTHOMODE
 70
     0
  9
$REGENMODE
 70
     1
  9
$FILLMODE
 70
     1
  9
$QTEXTMODE
 70
     0
  9
$MIRRTEXT
 70
     0
  9
$LTSCALE
 40
32.67
  9
$ATTMODE
 70
     1
  9
$TEXTSIZE
 40
0.2
  9
$TRACEWID
 40
0.05
  9
$TEXTSTYLE
  7
STANDARD
  9
$CLAYER
  8
91000_TIP
  9
$CELTYPE
  6
ByLayer
  9
$CECOLOR
 62
   256
  9
$CELTSCALE
 40
1.0
  9
$DISPSILH
 70
     0
  9
$DIMSCALE
 40
1.0
  9
$DIMASZ
 40
3.5
  9
$DIMEXO
 40
3.712499999999999
  9
$DIMDLI
 40
22.572
  9
$DIMRND
 40
0.0
  9
$DIMDLE
 40
0.0
  9
$DIMEXE
 40
10.692
  9
$DIMTP
 40
0.0
  9
$DIMTM
 40
0.0
  9
$DIMTXT
 40
3.5
  9
$DIMCEN
 40
5.346
  9
$DIMTSZ
 40
0.0
  9
$DIMTOL
 70
     0
  9
$DIMLIM
 70
     0
  9
$DIMTIH
 70
     1
  9
$DIMTOH
 70
     1
  9
$DIMSE1
 70
     0
  9
$DIMSE2
 70
     0
  9
$DIMTAD
 70
     0
  9
$DIMZIN
 70
     0
  9
$DIMBLK
  1
_FILLED
  9
$DIMASO
 70
     1
  9
$DIMSHO
 70
     1
  9
$DIMPOST
  1

  9
$DIMAPOST
  1

  9
$DIMALT
 70
     0
  9
$DIMALTD
 70
     2
  9
$DIMALTF
 40
25.4
  9
$DIMLFAC
 40
1.0
  9
$DIMTOFL
 70
     0
  9
$DIMTVP
 40
0.0
  9
$DIMTIX
 70
     0
  9
$DIMSOXD
 70
     0
  9
$DIMSAH
 70
     0
  9
$DIMBLK1
  1

  9
$DIMBLK2
  1

  9
$DIMSTYLE
  2
Standard
  9
$DIMCLRD
 70
     0
  9
$DIMCLRE
 70
     0
  9
$DIMCLRT
 70
     0
  9
$DIMTFAC
 40
1.0
  9
$DIMGAP
 40
0.09
  9
$DIMJUST
 70
     0
  9
$DIMSD1
 70
     0
  9
$DIMSD2
 70
     0
  9
$DIMTOLJ
 70
     1
  9
$DIMTZIN
 70
     0
  9
$DIMALTZ
 70
     0
  9
$DIMALTTZ
 70
     0
  9
$DIMUPT
 70
     0
  9
$DIMDEC
 70
     4
  9
$DIMTDEC
 70
     4
  9
$DIMALTU
 70
     2
  9
$DIMALTTD
 70
     2
  9
$DIMTXSTY
  7
STANDARD
  9
$DIMAUNIT
 70
     0
  9
$DIMADEC
 70
     0
  9
$DIMALTRND
 40
0.0
  9
$DIMAZIN
 70
     0
  9
$DIMDSEP
 70
    46
  9
$DIMATFIT
 70
     3
  9
$DIMFRAC
 70
     0
  9
$DIMLDRBLK
  1
_FILLED
  9
$DIMLUNIT
 70
     2
  9
$DIMLWD
 70
    -2
  9
$DIMLWE
 70
    -2
  9
$DIMTMOVE
 70
     0
  9
$LUNITS
 70
     2
  9
$LUPREC
 70
     4
  9
$SKETCHINC
 40
0.1
  9
$FILLETRAD
 40
0.0
  9
$AUNITS
 70
     0
  9
$AUPREC
 70
     0
  9
$MENU
  1
.
  9
$ELEVATION
 40
0.0
  9
$PELEVATION
 40
0.0
  9
$THICKNESS
 40
0.0
  9
$LIMCHECK
 70
     0
  9
$CHAMFERA
 40
0.0
  9
$CHAMFERB
 40
0.0
  9
$CHAMFERC
 40
0.0
  9
$CHAMFERD
 40
0.0
  9
$SKPOLY
 70
     0
  9
$TDCREATE
 40
2456156.628207766
  9
$TDUCREATE
 40
2456156.544874433
  9
$TDUPDATE
 40
2458033.664632385
  9
$TDUUPDATE
 40
2458033.581299051
  9
$TDINDWG
 40
0.2250809259
  9
$TDUSRTIMER
 40
0.2250804861
  9
$USRTIMER
 70
     1
  9
$ANGBASE
 50
0.0
  9
$ANGDIR
 70
     0
  9
$PDMODE
 70
     3
  9
$PDSIZE
 40
0.3125
  9
$PLINEWID
 40
0.0
  9
$SPLFRAME
 70
     0
  9
$SPLINETYPE
 70
     6
  9
$SPLINESEGS
 70
     8
  9
$HANDSEED
  5
8C82
  9
$SURFTAB1
 70
     6
  9
$SURFTAB2
 70
     6
  9
$SURFTYPE
 70
     6
  9
$SURFU
 70
     6
  9
$SURFV
 70
     6
  9
$UCSBASE
  2

  9
$UCSNAME
  2

  9
$UCSORG
 10
0.0
 20
0.0
 30
0.0
  9
$UCSXDIR
 10
1.0
 20
0.0
 30
0.0
  9
$UCSYDIR
 10
0.0
 20
1.0
 30
0.0
  9
$UCSORTHOREF
  2

  9
$UCSORTHOVIEW
 70
     0
  9
$UCSORGTOP
 10
0.0
 20
0.0
 30
0.0
  9
$UCSORGBOTTOM
 10
0.0
 20
0.0
 30
0.0
  9
$UCSORGLEFT
 10
0.0
 20
0.0
 30
0.0
  9
$UCSORGRIGHT
 10
0.0
 20
0.0
 30
0.0
  9
$UCSORGFRONT
 10
0.0
 20
0.0
 30
0.0
  9
$UCSORGBACK
 10
0.0
 20
0.0
 30
0.0
  9
$PUCSBASE
  2

  9
$PUCSNAME
  2

  9
$PUCSORG
 10
0.0
 20
0.0
 30
0.0
  9
$PUCSXDIR
 10
1.0
 20
0.0
 30
0.0
  9
$PUCSYDIR
 10
0.0
 20
1.0
 30
0.0
  9
$PUCSORTHOREF
  2

  9
$PUCSORTHOVIEW
 70
     0
  9
$PUCSORGTOP
 10
0.0
 20
0.0
 30
0.0
  9
$PUCSORGBOTTOM
 10
0.0
 20
0.0
 30
0.0
  9
$PUCSORGLEFT
 10
0.0
 20
0.0
 30
0.0
  9
$PUCSORGRIGHT
 10
0.0
 20
0.0
 30
0.0
  9
$PUCSORGFRONT
 10
0.0
 20
0.0
 30
0.0
  9
$PUCSORGBACK
 10
0.0
 20
0.0
 30
0.0
  9
$USERI1
 70
     0
  9
$USERI2
 70
     0
  9
$USERI3
 70
     0
  9
$USERI4
 70
     0
  9
$USERI5
 70
     0
  9
$USERR1
 40
0.0
  9
$USERR2
 40
0.0
  9
$USERR3
 40
0.0
  9
$USERR4
 40
0.0
  9
$USERR5
 40
0.0
  9
$WORLDVIEW
 70
     1
  9
$SHADEDGE
 70
     3
  9
$SHADEDIF
 70
    70
  9
$TILEMODE
 70
     1
  9
$MAXACTVP
 70
    64
  9
$PINSBASE
 10
0.0
 20
0.0
 30
0.0
  9
$PLIMCHECK
 70
     0
  9
$PEXTMIN
 10
1.000000000000000E+20
 20
1.000000000000000E+20
 30
1.000000000000000E+20
  9
$PEXTMAX
 10
-1.000000000000000E+20
 20
-1.000000000000000E+20
 30
-1.000000000000000E+20
  9
$PLIMMIN
 10
0.0
 20
0.0
  9
$PLIMMAX
 10
12.0
 20
9.0
  9
$UNITMODE
 70
     0
  9
$VISRETAIN
 70
     1
  9
$PLINEGEN
 70
     0
  9
$PSLTSCALE
 70
     1
  9
$TREEDEPTH
 70
  3020
  9
$CMLSTYLE
  2
Standard
  9
$CMLJUST
 70
     0
  9
$CMLSCALE
 40
1.0
  9
$PROXYGRAPHICS
 70
     1
  9
$MEASUREMENT
 70
     0
  9
$CELWEIGHT
370
    -1
  9
$ENDCAPS
280
     0
  9
$JOINSTYLE
280
     0
  9
$LWDISPLAY
290
     0
  9
$INSUNITS
 70
     0
  9
$HYPERLINKBASE
  1

  9
$STYLESHEET
  1

  9
$XEDIT
290
     1
  9
$CEPSNTYPE
380
     0
  9
$PSTYLEMODE
290
     1
  9
$FINGERPRINTGUID
  2
{2049D6BD-F0EA-4135-852F-3540EF92F7B2}
  9
$VERSIONGUID
  2
{DF6A4C2C-8CB8-417A-9744-2DDB2CB52998}
  9
$EXTNAMES
290
     1
  9
$PSVPSCALE
 40
0.0
  9
$OLESTARTUP
290
     0
  0
ENDSEC
  0
SECTION
  2
CLASSES
  0
CLASS
  1
ACDBDICTIONARYWDFLT
  2
AcDbDictionaryWithDefault
  3
ObjectDBX Classes
 90
        0
280
     0
281
     0
  0
CLASS
  1
MATERIAL
  2
AcDbMaterial
  3
ObjectDBX Classes
 90
     1153
280
     0
281
     0
  0
CLASS
  1
VISUALSTYLE
  2
AcDbVisualStyle
  3
ObjectDBX Classes
 90
     4095
280
     0
281
     0
  0
CLASS
  1
SCALE
  2
AcDbScale
  3
ObjectDBX Classes
 90
     1153
280
     0
281
     0
  0
CLASS
  1
TABLESTYLE
  2
AcDbTableStyle
  3
ObjectDBX Classes
 90
     4095
280
     0
281
     0
  0
CLASS
  1
MLEADERSTYLE
  2
AcDbMLeaderStyle
  3
ACDB_MLEADERSTYLE_CLASS
 90
     4095
280
     0
281
     0
  0
CLASS
  1
DICTIONARYVAR
  2
AcDbDictionaryVar
  3
ObjectDBX Classes
 90
        0
280
     0
281
     0
  0
CLASS
  1
SORTENTSTABLE
  2
AcDbSortentsTable
  3
ObjectDBX Classes
 90
        0
280
     0
281
     0
  0
CLASS
  1
CELLSTYLEMAP
  2
AcDbCellStyleMap
  3
ObjectDBX Classes
 90
     1152
280
     0
281
     0
  0
CLASS
  1
ACDBPLACEHOLDER
  2
AcDbPlaceHolder
  3
ObjectDBX Classes
 90
        0
280
     0
281
     0
  0
CLASS
  1
LAYOUT
  2
AcDbLayout
  3
ObjectDBX Classes
 90
        0
280
     0
281
     0
  0
CLASS
  1
ACDBSECTIONVIEWSTYLE
  2
AcDbSectionViewStyle
  3
ObjectDBX Classes
 90
     1025
280
     0
281
     0
  0
CLASS
  1
ACDBDETAILVIEWSTYLE
  2
AcDbDetailViewStyle
  3
ObjectDBX Classes
 90
     1025
280
     0
281
     0
  0
ENDSEC
  0
SECTION
  2
TABLES
  0
TABLE
  2
VPORT
  5
8
330
0
100
AcDbSymbolTable
 70
     1
  0
VPORT
  5
8E
330
8
100
AcDbSymbolTableRecord
100
AcDbViewportTableRecord
  2
*Active
 70
     0
 10
0.0
 20
0.0
 11
1.0
 21
1.0
 12
1601.022831068468
 22
-95.86442744345687
 13
0.0
 23
0.0
 14
1.0
 24
1.0
 15
0.0
 25
0.0
 16
0.0
 26
0.0
 36
1.0
 17
0.0
 27
0.0
 37
0.0
 40
211.5829486085228
 41
2.369135802469136
 42
50.0
 43
0.0
 44
0.0
 50
0.0
 51
0.0
 71
     0
 72
   100
 73
     1
 74
     1
 75
     0
 76
     0
 77
     0
 78
     0
281
     0
 65
     1
110
0.0
120
0.0
130
0.0
111
1.0
121
0.0
131
0.0
112
0.0
122
1.0
132
0.0
 79
     0
146
0.0
1001
ACAD_NAV_VCDISPLAY
1070
     3
  0
ENDTAB
  0
TABLE
  2
LTYPE
  5
5
330
0
100
AcDbSymbolTable
 70
     8
  0
LTYPE
  5
5A
330
5
100
AcDbSymbolTableRecord
100
AcDbLinetypeTableRecord
  2
ByBlock
 70
     0
  3

 72
    65
 73
     0
 40
0.0
  0
LTYPE
  5
5B
330
5
100
AcDbSymbolTableRecord
100
AcDbLinetypeTableRecord
  2
ByLayer
 70
     0
  3

 72
    65
 73
     0
 40
0.0
  0
LTYPE
  5
5C
330
5
100
AcDbSymbolTableRecord
100
AcDbLinetypeTableRecord
  2
CONTINUOUS
 70
     0
  3
Solid line
 72
    65
 73
     0
 40
0.0
  0
LTYPE
  5
71
330
5
100
AcDbSymbolTableRecord
100
AcDbLinetypeTableRecord
  2
CENTER
 70
     0
  3
____ _ ____ _ ____ _ ____ _ ____ _ ____ _ ____
 72
    65
 73
     4
 40
0.6
 49
0.375
 74
     0
 49
-0.075
 74
     0
 49
0.075
 74
     0
 49
-0.075
 74
     0
  0
LTYPE
  5
72
330
5
100
AcDbSymbolTableRecord
100
AcDbLinetypeTableRecord
  2
HIDDEN
 70
     0
  3
- - - - - - - - - - - - - - - - - - - -
 72
    65
 73
     2
 40
0.2
 49
0.1
 74
     0
 49
-0.1
 74
     0
  0
LTYPE
  5
73
330
5
100
AcDbSymbolTableRecord
100
AcDbLinetypeTableRecord
  2
PHANTOM
 70
     0
  3
_____ _ _ _____ _ _ _____ _ _ _____
 72
    65
 73
     6
 40
0.8
 49
0.45
 74
     0
 49
-0.05
 74
     0
 49
0.1
 74
     0
 49
-0.05
 74
     0
 49
0.1
 74
     0
 49
-0.05
 74
     0
  0
LTYPE
  5
74
330
5
100
AcDbSymbolTableRecord
100
AcDbLinetypeTableRecord
  2
DOT
 70
     0
  3
. . . . . . . . . . . . . . . . . . . .
 72
    65
 73
     2
 40
0.2
 49
0.1
 74
     0
 49
-0.1
 74
     0
  0
LTYPE
  5
75
330
5
100
AcDbSymbolTableRecord
100
AcDbLinetypeTableRecord
  2
DASHED
 70
     0
  3
- - - - - - - - - - - - - - - - - - - -
 72
    65
 73
     2
 40
0.2
 49
0.1
 74
     0
 49
-0.1
 74
     0
  0
LTYPE
  5
3ABC
330
5
100
AcDbSymbolTableRecord
100
AcDbLinetypeTableRecord
  2
CENTERX2
 70
     0
  3
Center (2x) ________  __  ________  __  _____
 72
    65
 73
     4
 40
20.32
 49
12.7
 74
     0
 49
-2.54
 74
     0
 49
2.54
 74
     0
 49
-2.54
 74
     0
  0
ENDTAB
  0
TABLE
  2
LAYER
  5
2
102
{ACAD_XDICTIONARY
360
EC7
102
}
330
0
100
AcDbSymbolTable
 70
    45
  0
LAYER
  5
54
102
{ACAD_XDICTIONARY
360
FCB
102
}
330
2
100
AcDbSymbolTableRecord
100
AcDbLayerTableRecord
  2
0
 70
     0
 62
     7
  6
CONTINUOUS
370
    -3
390
F
  0
LAYER
  5
7A
102
{ACAD_XDICTIONARY
360
FD5
102
}
330
2
100
AcDbSymbolTableRecord
100
AcDbLayerTableRecord
  2
10000_FRONT
 70
     0
 62
     7
  6
CONTINUOUS
370
    -3
390
F
  0
LAYER
  5
7B
102
{ACAD_XDICTIONARY
360
FD7
102
}
330
2
100
AcDbSymbolTableRecord
100
AcDbLayerTableRecord
  2
10100_DIM_FRONT
 70
     0
 62
     7
  6
CONTINUOUS
370
    -3
390
F
  0
LAYER
  5
7C
102
{ACAD_XDICTIONARY
360
FD9
102
}
330
2
100
AcDbSymbolTableRecord
100
AcDbLayerTableRecord
  2
10300_FRONT_GERMAN_ENGLISH
 70
     0
 62
     7
  6
CONTINUOUS
370
    -3
390
F
  0
LAYER
  5
7D
102
{ACAD_XDICTIONARY
360
FDB
102
}
330
2
100
AcDbSymbolTableRecord
100
AcDbLayerTableRecord
  2
11000_LEFT
 70
     0
 62
     7
  6
CONTINUOUS
370
    -3
390
F
  0
LAYER
  5
7E
102
{ACAD_XDICTIONARY
360
FDD
102
}
330
2
100
AcDbSymbolTableRecord
100
AcDbLayerTableRecord
  2
11300_LEFT_GERMAN_ENGLISH
 70
     0
 62
     7
  6
CONTINUOUS
370
    -3
390
F
  0
LAYER
  5
7F
102
{ACAD_XDICTIONARY
360
FDF
102
}
330
2
100
AcDbSymbolTableRecord
100
AcDbLayerTableRecord
  2
13000_TOP
 70
     0
 62
     7
  6
CONTINUOUS
370
    -3
390
F
  0
LAYER
  5
80
102
{ACAD_XDICTIONARY
360
FE1
102
}
330
2
100
AcDbSymbolTableRecord
100
AcDbLayerTableRecord
  2
13100_DIM_TOP
 70
     0
 62
     7
  6
CONTINUOUS
370
    -3
390
F
  0
LAYER
  5
81
102
{ACAD_XDICTIONARY
360
FE3
102
}
330
2
100
AcDbSymbolTableRecord
100
AcDbLayerTableRecord
  2
13300_TOP_GERMAN_ENGLISH
 70
     0
 62
     7
  6
CONTINUOUS
370
    -3
390
F
  0
LAYER
  5
82
102
{ACAD_XDICTIONARY
360
FE5
102
}
330
2
100
AcDbSymbolTableRecord
100
AcDbLayerTableRecord
  2
90000_FRAME
 70
     0
 62
     7
  6
CONTINUOUS
370
    -3
390
F
  0
LAYER
  5
83
102
{ACAD_XDICTIONARY
360
FE7
102
}
330
2
100
AcDbSymbolTableRecord
100
AcDbLayerTableRecord
  2
91000_TIP
 70
     0
 62
     7
  6
CONTINUOUS
370
    -3
390
F
  0
LAYER
  5
EBA
102
{ACAD_XDICTIONARY
360
EBB
102
}
330
2
100
AcDbSymbolTableRecord
100
AcDbLayerTableRecord
  2
90100_FRAME_THICK
 70
     0
 62
     7
  6
CONTINUOUS
370
    -3
390
F
  0
LAYER
  5
1099
330
2
100
AcDbSymbolTableRecord
100
AcDbLayerTableRecord
  2
Defpoints
 70
     0
 62
     7
  6
CONTINUOUS
290
     0
370
    -3
390
F
  0
LAYER
  5
6F97
102
{ACAD_XDICTIONARY
360
6F98
102
}
330
2
100
AcDbSymbolTableRecord
100
AcDbLayerTableRecord
  2
91100_TIP_SYM
 70
     0
 62
     7
  6
CENTER
370
    -3
390
F
  0
LAYER
  5
6F99
102
{ACAD_XDICTIONARY
360
6F9A
102
}
330
2
100
AcDbSymbolTableRecord
100
AcDbLayerTableRecord
  2
91200_TIP_SYMB
 70
     0
 62
     7
  6
CONTINUOUS
370
    -3
390
F
  0
LAYER
  5
7118
330
2
100
AcDbSymbolTableRecord
100
AcDbLayerTableRecord
  2
11100 _DIM_LEFT
 70
     0
 62
     7
  6
CONTINUOUS
370
    -3
390
F
1001
AcAecLayerStandard
1000

1000

1001
AcCmTransparency
1071
        0
  0
LAYER
  5
7972
330
2
100
AcDbSymbolTableRecord
100
AcDbLayerTableRecord
  2
12000_RIGHT
 70
     0
 62
     7
  6
CONTINUOUS
370
    -3
390
F
1001
AcAecLayerStandard
1000

1000

1001
AcCmTransparency
1071
        0
  0
LAYER
  5
7973
330
2
100
AcDbSymbolTableRecord
100
AcDbLayerTableRecord
  2
12100_DIM_RIGHT
 70
     0
 62
     7
  6
CONTINUOUS
370
    -3
390
F
1001
AcAecLayerStandard
1000

1000

1001
AcCmTransparency
1071
        0
  0
LAYER
  5
7974
330
2
100
AcDbSymbolTableRecord
100
AcDbLayerTableRecord
  2
12300_RIGHT_GERMAN_ENGLISH
 70
     0
 62
     7
  6
CONTINUOUS
370
    -3
390
F
1001
AcAecLayerStandard
1000

1000

1001
AcCmTransparency
1071
        0
  0
LAYER
  5
7975
330
2
100
AcDbSymbolTableRecord
100
AcDbLayerTableRecord
  2
14000_BOTTOM
 70
     0
 62
     7
  6
CONTINUOUS
370
    -3
390
F
1001
AcAecLayerStandard
1000

1000

1001
AcCmTransparency
1071
        0
  0
LAYER
  5
7976
330
2
100
AcDbSymbolTableRecord
100
AcDbLayerTableRecord
  2
14100_DIM_BOTTOM
 70
     0
 62
     7
  6
CONTINUOUS
370
    -3
390
F
1001
AcAecLayerStandard
1000

1000

1001
AcCmTransparency
1071
        0
  0
LAYER
  5
7977
330
2
100
AcDbSymbolTableRecord
100
AcDbLayerTableRecord
  2
14300_BOTTOM_GERMAN_ENGLISH
 70
     0
 62
     7
  6
CONTINUOUS
370
    -3
390
F
1001
AcAecLayerStandard
1000

1000

1001
AcCmTransparency
1071
        0
  0
LAYER
  5
7978
330
2
100
AcDbSymbolTableRecord
100
AcDbLayerTableRecord
  2
15000_BACK
 70
     0
 62
     7
  6
CONTINUOUS
370
    -3
390
F
1001
AcAecLayerStandard
1000

1000

1001
AcCmTransparency
1071
        0
  0
LAYER
  5
7979
330
2
100
AcDbSymbolTableRecord
100
AcDbLayerTableRecord
  2
15100_DIM_BACK
 70
     0
 62
     7
  6
CONTINUOUS
370
    -3
390
F
1001
AcAecLayerStandard
1000

1000

1001
AcCmTransparency
1071
        0
  0
LAYER
  5
797A
330
2
100
AcDbSymbolTableRecord
100
AcDbLayerTableRecord
  2
15300_BACK_GERMAN_ENGLISH
 70
     0
 62
     7
  6
CONTINUOUS
370
    -3
390
F
1001
AcAecLayerStandard
1000

1000

1001
AcCmTransparency
1071
        0
  0
LAYER
  5
797B
330
2
100
AcDbSymbolTableRecord
100
AcDbLayerTableRecord
  2
20000_FRONT_O
 70
     0
 62
     7
  6
CONTINUOUS
370
    -3
390
F
1001
AcAecLayerStandard
1000

1000

1001
AcCmTransparency
1071
        0
  0
LAYER
  5
797C
330
2
100
AcDbSymbolTableRecord
100
AcDbLayerTableRecord
  2
20100_DIM_FRONT_O
 70
     0
 62
     7
  6
CONTINUOUS
370
    -3
390
F
1001
AcAecLayerStandard
1000

1000

1001
AcCmTransparency
1071
        0
  0
LAYER
  5
797D
330
2
100
AcDbSymbolTableRecord
100
AcDbLayerTableRecord
  2
20300_FRONT_O_GERMAN_ENGLISH
 70
     0
 62
     7
  6
CONTINUOUS
370
    -3
390
F
1001
AcAecLayerStandard
1000

1000

1001
AcCmTransparency
1071
        0
  0
LAYER
  5
797E
330
2
100
AcDbSymbolTableRecord
100
AcDbLayerTableRecord
  2
21000_LEFT_O
 70
     0
 62
     7
  6
CONTINUOUS
370
    -3
390
F
1001
AcAecLayerStandard
1000

1000

1001
AcCmTransparency
1071
        0
  0
LAYER
  5
797F
330
2
100
AcDbSymbolTableRecord
100
AcDbLayerTableRecord
  2
21100_DIM_LEFT_O
 70
     0
 62
     7
  6
CONTINUOUS
370
    -3
390
F
1001
AcAecLayerStandard
1000

1000

1001
AcCmTransparency
1071
        0
  0
LAYER
  5
7980
330
2
100
AcDbSymbolTableRecord
100
AcDbLayerTableRecord
  2
21300_LEFT_O_GERMAN_ENGLISH
 70
     0
 62
     7
  6
CONTINUOUS
370
    -3
390
F
1001
AcAecLayerStandard
1000

1000

1001
AcCmTransparency
1071
        0
  0
LAYER
  5
7989
330
2
100
AcDbSymbolTableRecord
100
AcDbLayerTableRecord
  2
22000_RIGHT_O
 70
     0
 62
     7
  6
CONTINUOUS
370
    -3
390
F
1001
AcAecLayerStandard
1000

1000

1001
AcCmTransparency
1071
        0
  0
LAYER
  5
798A
330
2
100
AcDbSymbolTableRecord
100
AcDbLayerTableRecord
  2
22100_DIM_RIGHT_O
 70
     0
 62
     7
  6
CONTINUOUS
370
    -3
390
F
1001
AcAecLayerStandard
1000

1000

1001
AcCmTransparency
1071
        0
  0
LAYER
  5
798B
330
2
100
AcDbSymbolTableRecord
100
AcDbLayerTableRecord
  2
22300_RIGHT_O_GERMEN_ENGLISH
 70
     0
 62
     7
  6
CONTINUOUS
370
    -3
390
F
1001
AcAecLayerStandard
1000

1000

1001
AcCmTransparency
1071
        0
  0
LAYER
  5
798C
330
2
100
AcDbSymbolTableRecord
100
AcDbLayerTableRecord
  2
23000_TOP_O
 70
     0
 62
     7
  6
CONTINUOUS
370
    -3
390
F
1001
AcAecLayerStandard
1000

1000

1001
AcCmTransparency
1071
        0
  0
LAYER
  5
798D
330
2
100
AcDbSymbolTableRecord
100
AcDbLayerTableRecord
  2
23100_DIM_TOP_O
 70
     0
 62
     7
  6
CONTINUOUS
370
    -3
390
F
1001
AcAecLayerStandard
1000

1000

1001
AcCmTransparency
1071
        0
  0
LAYER
  5
798E
330
2
100
AcDbSymbolTableRecord
100
AcDbLayerTableRecord
  2
23300_TOP_O_GERMAN_ENGLISH
 70
     0
 62
     7
  6
CONTINUOUS
370
    -3
390
F
1001
AcAecLayerStandard
1000

1000

1001
AcCmTransparency
1071
        0
  0
LAYER
  5
798F
330
2
100
AcDbSymbolTableRecord
100
AcDbLayerTableRecord
  2
24000_BOTTOM_O
 70
     0
 62
     7
  6
CONTINUOUS
370
    -3
390
F
1001
AcAecLayerStandard
1000

1000

1001
AcCmTransparency
1071
        0
  0
LAYER
  5
7990
330
2
100
AcDbSymbolTableRecord
100
AcDbLayerTableRecord
  2
24100_DIM_BOTTOM_O
 70
     0
 62
     7
  6
CONTINUOUS
370
    -3
390
F
1001
AcAecLayerStandard
1000

1000

1001
AcCmTransparency
1071
        0
  0
LAYER
  5
7991
330
2
100
AcDbSymbolTableRecord
100
AcDbLayerTableRecord
  2
24300_BOTTOM_O_GERMAN_ENGLISH
 70
     0
 62
     7
  6
CONTINUOUS
370
    -3
390
F
1001
AcAecLayerStandard
1000

1000

1001
AcCmTransparency
1071
        0
  0
LAYER
  5
7992
330
2
100
AcDbSymbolTableRecord
100
AcDbLayerTableRecord
  2
25000_BACK_O
 70
     0
 62
     7
  6
CONTINUOUS
370
    -3
390
F
1001
AcAecLayerStandard
1000

1000

1001
AcCmTransparency
1071
        0
  0
LAYER
  5
7993
330
2
100
AcDbSymbolTableRecord
100
AcDbLayerTableRecord
  2
25100_DIM_BACK_O
 70
     0
 62
     7
  6
CONTINUOUS
370
    -3
390
F
1001
AcAecLayerStandard
1000

1000

1001
AcCmTransparency
1071
        0
  0
LAYER
  5
7994
330
2
100
AcDbSymbolTableRecord
100
AcDbLayerTableRecord
  2
25300_BACK_O_GERMAN_ENGLISH
 70
     0
 62
     7
  6
CONTINUOUS
370
    -3
390
F
1001
AcAecLayerStandard
1000

1000

1001
AcCmTransparency
1071
        0
  0
LAYER
  5
7995
330
2
100
AcDbSymbolTableRecord
100
AcDbLayerTableRecord
  2
40000_ISO
 70
     0
 62
     7
  6
CONTINUOUS
370
    -3
390
F
1001
AcAecLayerStandard
1000

1000

1001
AcCmTransparency
1071
        0
  0
LAYER
  5
7A2E
330
2
100
AcDbSymbolTableRecord
100
AcDbLayerTableRecord
  2
30000_DRILLING
 70
     0
 62
     7
  6
CONTINUOUS
370
    -3
390
F
1001
AcAecLayerStandard
1000

1000

1001
AcCmTransparency
1071
        0
  0
ENDTAB
  0
TABLE
  2
STYLE
  5
3
330
0
100
AcDbSymbolTable
 70
    14
  0
STYLE
  5
55
330
3
100
AcDbSymbolTableRecord
100
AcDbTextStyleTableRecord
  2
STANDARD
 70
     0
 40
0.0
 41
0.8
 50
0.0
 71
     0
 42
0.2
  3
txt
  4

  0
STYLE
  5
59
330
3
100
AcDbSymbolTableRecord
100
AcDbTextStyleTableRecord
  2
Annotative
 70
     0
 40
0.0
 41
1.0
 50
0.0
 71
     0
 42
0.2
  3
txt
  4

1001
AcadAnnotative
1000
AnnotativeData
1002
{
1070
     1
1070
     1
1002
}
  0
STYLE
  5
84
330
3
100
AcDbSymbolTableRecord
100
AcDbTextStyleTableRecord
  2
TEXTSTYLE_1
 70
     0
 40
0.0
 41
0.6785714286
 50
0.0
 71
     0
 42
0.2
  3
txt
  4

  0
STYLE
  5
85
330
3
100
AcDbSymbolTableRecord
100
AcDbTextStyleTableRecord
  2
TEXTSTYLE_2
 70
     0
 40
0.0
 41
0.6904761905
 50
0.0
 71
     0
 42
0.2
  3
txt
  4

  0
STYLE
  5
86
330
3
100
AcDbSymbolTableRecord
100
AcDbTextStyleTableRecord
  2
TEXTSTYLE_3
 70
     0
 40
0.0
 41
0.7267573593000001
 50
0.0
 71
     0
 42
0.2
  3
txt
  4

  0
STYLE
  5
87
330
3
100
AcDbSymbolTableRecord
100
AcDbTextStyleTableRecord
  2
TEXTSTYLE_4
 70
     0
 40
0.0
 41
0.6689342424
 50
0.0
 71
     0
 42
0.2
  3
txt
  4

  0
STYLE
  5
88
330
3
100
AcDbSymbolTableRecord
100
AcDbTextStyleTableRecord
  2
TEXTSTYLE_5
 70
     0
 40
0.0
 41
0.7202380000000001
 50
0.0
 71
     0
 42
0.2
  3
txt
  4

  0
STYLE
  5
89
330
3
100
AcDbSymbolTableRecord
100
AcDbTextStyleTableRecord
  2
TEXTSTYLE_6
 70
     0
 40
0.0
 41
0.7014991164
 50
0.0
 71
     0
 42
0.2
  3
txt
  4

  0
STYLE
  5
8A
330
3
100
AcDbSymbolTableRecord
100
AcDbTextStyleTableRecord
  2
TEXTSTYLE_7
 70
     0
 40
0.0
 41
0.682539685
 50
0.0
 71
     0
 42
0.2
  3
txt
  4

  0
STYLE
  5
8B
330
3
100
AcDbSymbolTableRecord
100
AcDbTextStyleTableRecord
  2
TEXTSTYLE_8
 70
     0
 40
0.0
 41
0.7161172088
 50
0.0
 71
     0
 42
0.2
  3
txt
  4

  0
STYLE
  5
8C
330
3
100
AcDbSymbolTableRecord
100
AcDbTextStyleTableRecord
  2
TEXTSTYLE_9
 70
     0
 40
0.0
 41
0.7547619143000001
 50
0.0
 71
     0
 42
0.2
  3
txt
  4

  0
STYLE
  5
1E1F
330
3
100
AcDbSymbolTableRecord
100
AcDbTextStyleTableRecord
  2
SLDTEXTSTYLE0
 70
     0
 40
0.0
 41
0.75
 50
0.0
 71
     0
 42
0.2
  3
TXT
  4

  0
STYLE
  5
7826
330
3
100
AcDbSymbolTableRecord
100
AcDbTextStyleTableRecord
  2
TEXTSTYLE_10
 70
     0
 40
0.0
 41
0.6825396825
 50
0.0
 71
     0
 42
0.2
  3
txt
  4

  0
STYLE
  5
7ACF
330
3
100
AcDbSymbolTableRecord
100
AcDbTextStyleTableRecord
  2
SLDTEXTSTYLE1
 70
     0
 40
0.0
 41
0.7
 50
0.0
 71
     0
 42
3.5
  3
TXT
  4

  0
ENDTAB
  0
TABLE
  2
VIEW
  5
6
330
0
100
AcDbSymbolTable
 70
     0
  0
ENDTAB
  0
TABLE
  2
UCS
  5
7
330
0
100
AcDbSymbolTable
 70
     0
  0
ENDTAB
  0
TABLE
  2
APPID
  5
9
330
0
100
AcDbSymbolTable
 70
    17
  0
APPID
  5
56
330
9
100
AcDbSymbolTableRecord
100
AcDbRegAppTableRecord
  2
ACAD
 70
     0
  0
APPID
  5
5D
330
9
100
AcDbSymbolTableRecord
100
AcDbRegAppTableRecord
  2
AcadAnnotative
 70
     0
  0
APPID
  5
EAE
330
9
100
AcDbSymbolTableRecord
100
AcDbRegAppTableRecord
  2
ACAD_NAV_VCDISPLAY
 70
     0
  0
APPID
  5
EC0
330
9
100
AcDbSymbolTableRecord
100
AcDbRegAppTableRecord
  2
GENIUS_GENREC_14
 70
     0
  0
APPID
  5
EC1
330
9
100
AcDbSymbolTableRecord
100
AcDbRegAppTableRecord
  2
GENIUS_GENODEF_13
 70
     0
  0
APPID
  5
EC2
330
9
100
AcDbSymbolTableRecord
100
AcDbRegAppTableRecord
  2
GENIUS_GENOBJ-N-REC_13
 70
     0
  0
APPID
  5
EC3
330
9
100
AcDbSymbolTableRecord
100
AcDbRegAppTableRecord
  2
AcDbBlockRepETag
 70
     0
  0
APPID
  5
EC4
330
9
100
AcDbSymbolTableRecord
100
AcDbRegAppTableRecord
  2
ACAD_PSEXT
 70
     0
  0
APPID
  5
EC5
330
9
100
AcDbSymbolTableRecord
100
AcDbRegAppTableRecord
  2
ACAD_DSTYLE_DIMJOGGED_JOGANGLE_SYMBOL
 70
     0
  0
APPID
  5
1031
330
9
100
AcDbSymbolTableRecord
100
AcDbRegAppTableRecord
  2
ACAD_EXEMPT_FROM_CAD_STANDARDS
 70
     0
  0
APPID
  5
686C
330
9
100
AcDbSymbolTableRecord
100
AcDbRegAppTableRecord
  2
ACAD_MLEADERVER
 70
     0
  0
APPID
  5
6F9B
330
9
100
AcDbSymbolTableRecord
100
AcDbRegAppTableRecord
  2
AcDbDynamicBlockGUID
 70
     0
  0
APPID
  5
7078
330
9
100
AcDbSymbolTableRecord
100
AcDbRegAppTableRecord
  2
ACAD_DSTYLE_DIMRADIAL_EXTENSION
 70
     0
  0
APPID
  5
7119
330
9
100
AcDbSymbolTableRecord
100
AcDbRegAppTableRecord
  2
AcAecLayerStandard
 70
     0
  0
APPID
  5
711A
330
9
100
AcDbSymbolTableRecord
100
AcDbRegAppTableRecord
  2
AcCmTransparency
 70
     0
  0
APPID
  5
7827
330
9
100
AcDbSymbolTableRecord
100
AcDbRegAppTableRecord
  2
ACAD_DSTYLE_DIMJAG
 70
     0
  0
APPID
  5
7828
330
9
100
AcDbSymbolTableRecord
100
AcDbRegAppTableRecord
  2
ACAD_DSTYLE_DIMTALN
 70
     0
  0
ENDTAB
  0
TABLE
  2
DIMSTYLE
  5
A
330
0
100
AcDbSymbolTable
 70
     9
100
AcDbDimStyleTable
 71
     4
340
EBD
340
1E21
340
57
340
EBC
  0
DIMSTYLE
105
57
330
A
100
AcDbSymbolTableRecord
100
AcDbDimStyleTableRecord
  2
Standard
 70
     0
340
55
  0
DIMSTYLE
105
58
330
A
100
AcDbSymbolTableRecord
100
AcDbDimStyleTableRecord
  2
Annotative
 70
     0
340
55
1001
AcadAnnotative
1000
AnnotativeData
1002
{
1070
     1
1070
     1
1002
}
  0
DIMSTYLE
105
EBC
330
A
100
AcDbSymbolTableRecord
100
AcDbDimStyleTableRecord
  2
DIN_2.5
 70
     0
  4
"
 41
2.5
 42
1.0
 43
10.0
 44
1.0
 47
0.1
 48
0.1
 73
     0
 74
     0
 77
     1
 78
     8
 79
     2
140
2.5
141
3.5
143
0.0393701
146
0.71
147
1.5
172
     1
176
   256
177
   256
178
   256
271
     2
272
     2
283
     0
284
     8
340
55
371
    -1
372
    -1
  0
DIMSTYLE
105
EBD
102
{ACAD_REACTORS
330
8009
330
8008
330
8007
330
826A
330
8210
330
810E
102
}
330
A
100
AcDbSymbolTableRecord
100
AcDbDimStyleTableRecord
  2
DIN_3.5
 70
     0
  4
"
 41
3.5
 42
0.0
 43
10.0
 44
1.0
 47
0.1
 48
0.1
 73
     0
 74
     0
 77
     1
 78
     8
 79
     2
140
3.5
141
3.5
143
0.0393701
146
0.71
147
1.5
172
     1
176
   256
177
   256
178
   256
271
     1
272
     1
278
    44
283
     0
284
     8
340
55
371
    -1
372
    -1
  0
DIMSTYLE
105
EBE
330
A
100
AcDbSymbolTableRecord
100
AcDbDimStyleTableRecord
  2
DIN_2.5_v001
 70
     0
  4
"
 41
2.5
 42
0.0
 43
10.0
 44
1.0
 47
0.1
 48
0.1
 73
     0
 74
     0
 77
     1
 78
     8
 79
     2
140
2.5
141
3.5
143
0.0393701
146
0.71
147
1.5
172
     1
176
   256
177
   256
178
   256
271
     1
272
     1
283
     0
284
     8
340
55
371
    -1
372
    -1
  0
DIMSTYLE
105
EBF
330
A
100
AcDbSymbolTableRecord
100
AcDbDimStyleTableRecord
  2
DIN_3.5_für_AI
 70
     0
  4
"
 41
3.5
 42
0.0
 43
10.0
 44
1.0
 47
0.1
 48
0.1
 73
     0
 74
     0
 77
     1
 78
     8
 79
     2
140
3.5
141
3.5
143
0.0393701
146
0.71
147
1.5
172
     1
176
     1
177
   256
178
   256
271
     1
272
     1
278
    44
283
     0
284
     8
340
55
341
EB7
342
EB7
371
    13
372
    13
1001
ACAD_DSTYLE_DIMJOGGED_JOGANGLE_SYMBOL
1070
   384
1040
1.570796326794896
  0
DIMSTYLE
105
1E20
330
A
100
AcDbSymbolTableRecord
100
AcDbDimStyleTableRecord
  2
ISO-25
 70
     0
 41
2.5
 42
0.625
 43
3.75
 44
1.25
 73
     0
 74
     0
 77
     1
 78
     8
140
2.5
141
2.5
143
0.0393700787
147
0.625
171
     3
172
     1
271
     2
272
     2
274
     3
278
    44
283
     0
284
     8
340
55
  0
DIMSTYLE
105
1E21
330
A
100
AcDbSymbolTableRecord
100
AcDbDimStyleTableRecord
  2
SLDDIMSTYLE0
 70
     0
 41
3.302
 44
0.0
 45
0.000000001
 73
     0
 74
     0
 77
     1
 78
    12
 79
     3
140
3.5
147
0.875
173
     1
271
     2
272
     2
276
     2
284
    12
340
1E1F
  0
DIMSTYLE
105
7AD0
330
A
100
AcDbSymbolTableRecord
100
AcDbDimStyleTableRecord
  2
SLDDIMSTYLE1
 70
     0
 41
3.302
 44
0.0
 45
0.000000001
 73
     0
 74
     0
 77
     1
 78
    12
 79
     3
140
3.5
147
0.875
172
     1
173
     1
271
     1
272
     1
276
     2
284
    12
289
     0
340
1E1F
  0
ENDTAB
  0
TABLE
  2
BLOCK_RECORD
  5
1
330
0
100
AcDbSymbolTable
 70
    48
  0
BLOCK_RECORD
  5
6B
330
1
100
AcDbSymbolTableRecord
100
AcDbBlockTableRecord
  2
*Model_Space
340
6E
  0
BLOCK_RECORD
  5
67
330
1
100
AcDbSymbolTableRecord
100
AcDbBlockTableRecord
  2
*Paper_Space
340
6A
  0
BLOCK_RECORD
  5
8F
330
1
100
AcDbSymbolTableRecord
100
AcDbBlockTableRecord
  2
*D0
340
0
  0
BLOCK_RECORD
  5
96
330
1
100
AcDbSymbolTableRecord
100
AcDbBlockTableRecord
  2
_FILLED
340
0
102
{BLKREFS
331
97
331
98
331
A1
331
A2
331
AB
331
AC
102
}
  0
BLOCK_RECORD
  5
9A
330
1
100
AcDbSymbolTableRecord
100
AcDbBlockTableRecord
  2
*D2
340
0
  0
BLOCK_RECORD
  5
A4
330
1
100
AcDbSymbolTableRecord
100
AcDbBlockTableRecord
  2
*D3
340
0
  0
BLOCK_RECORD
  5
EB7
330
1
100
AcDbSymbolTableRecord
100
AcDbBlockTableRecord
  2
_None
340
0
  0
BLOCK_RECORD
  5
1072
330
1
100
AcDbSymbolTableRecord
100
AcDbBlockTableRecord
  2
*D5
340
0
  0
BLOCK_RECORD
  5
107F
330
1
100
AcDbSymbolTableRecord
100
AcDbBlockTableRecord
  2
*D6
340
0
  0
BLOCK_RECORD
  5
108C
330
1
100
AcDbSymbolTableRecord
100
AcDbBlockTableRecord
  2
*D7
340
0
  0
BLOCK_RECORD
  5
1D40
330
1
100
AcDbSymbolTableRecord
100
AcDbBlockTableRecord
  2
*D8
340
0
  0
BLOCK_RECORD
  5
1D4D
330
1
100
AcDbSymbolTableRecord
100
AcDbBlockTableRecord
  2
*D9
340
0
  0
BLOCK_RECORD
  5
1D5A
330
1
100
AcDbSymbolTableRecord
100
AcDbBlockTableRecord
  2
*D10
340
0
  0
BLOCK_RECORD
  5
1E04
330
1
100
AcDbSymbolTableRecord
100
AcDbBlockTableRecord
  2
_D
340
0
  0
BLOCK_RECORD
  5
1E0D
330
1
100
AcDbSymbolTableRecord
100
AcDbBlockTableRecord
  2
_D_1
340
0
  0
BLOCK_RECORD
  5
1E16
330
1
100
AcDbSymbolTableRecord
100
AcDbBlockTableRecord
  2
_D_2
340
0
  0
BLOCK_RECORD
  5
2BEA
330
1
100
AcDbSymbolTableRecord
100
AcDbBlockTableRecord
  2
*D14
340
0
  0
BLOCK_RECORD
  5
2BF6
330
1
100
AcDbSymbolTableRecord
100
AcDbBlockTableRecord
  2
*D15
340
0
  0
BLOCK_RECORD
  5
2C02
330
1
100
AcDbSymbolTableRecord
100
AcDbBlockTableRecord
  2
*D16
340
0
  0
BLOCK_RECORD
  5
39F6
330
1
100
AcDbSymbolTableRecord
100
AcDbBlockTableRecord
  2
*D17
340
0
  0
BLOCK_RECORD
  5
3A02
330
1
100
AcDbSymbolTableRecord
100
AcDbBlockTableRecord
  2
*D18
340
0
  0
BLOCK_RECORD
  5
3A0E
330
1
100
AcDbSymbolTableRecord
100
AcDbBlockTableRecord
  2
*D19
340
0
  0
BLOCK_RECORD
  5
3AB3
330
1
100
AcDbSymbolTableRecord
100
AcDbBlockTableRecord
  2
_D_3
340
0
  0
BLOCK_RECORD
  5
6321
330
1
100
AcDbSymbolTableRecord
100
AcDbBlockTableRecord
  2
*D21
340
0
  0
BLOCK_RECORD
  5
632D
330
1
100
AcDbSymbolTableRecord
100
AcDbBlockTableRecord
  2
*D22
340
0
  0
BLOCK_RECORD
  5
6339
330
1
100
AcDbSymbolTableRecord
100
AcDbBlockTableRecord
  2
*D23
340
0
  0
BLOCK_RECORD
  5
6345
330
1
100
AcDbSymbolTableRecord
100
AcDbBlockTableRecord
  2
*D24
340
0
  0
BLOCK_RECORD
  5
68DC
330
1
100
AcDbSymbolTableRecord
100
AcDbBlockTableRecord
  2
*D25
340
0
  0
BLOCK_RECORD
  5
68E8
330
1
100
AcDbSymbolTableRecord
100
AcDbBlockTableRecord
  2
*D26
340
0
  0
BLOCK_RECORD
  5
6A50
330
1
100
AcDbSymbolTableRecord
100
AcDbBlockTableRecord
  2
*D27
340
0
  0
BLOCK_RECORD
  5
6A5C
330
1
100
AcDbSymbolTableRecord
100
AcDbBlockTableRecord
  2
*D28
340
0
  0
BLOCK_RECORD
  5
6F66
102
{ACAD_XDICTIONARY
360
6F67
102
}
330
1
100
AcDbSymbolTableRecord
100
AcDbBlockTableRecord
  2
TYP_SYMB
340
0
310
2800000020000000200000000100080000000000000400000000000000000000000000000000000000000000000080000080000000808000800000008000800080800000C0C0C000C0DCC000F0CAA6000020400000206000002080000020A0000020C0000020E00000400000004020000040400000406000004080000040A0
310
000040C0000040E00000600000006020000060400000606000006080000060A0000060C0000060E00000800000008020000080400000806000008080000080A0000080C0000080E00000A0000000A0200000A0400000A0600000A0800000A0A00000A0C00000A0E00000C0000000C0200000C0400000C0600000C0800000C0
310
A00000C0C00000C0E00000E0000000E0200000E0400000E0600000E0800000E0A00000E0C00000E0E00040000000400020004000400040006000400080004000A0004000C0004000E00040200000402020004020400040206000402080004020A0004020C0004020E000404000004040200040404000404060004040800040
310
40A0004040C0004040E00040600000406020004060400040606000406080004060A0004060C0004060E00040800000408020004080400040806000408080004080A0004080C0004080E00040A0000040A0200040A0400040A0600040A0800040A0A00040A0C00040A0E00040C0000040C0200040C0400040C0600040C08000
310
40C0A00040C0C00040C0E00040E0000040E0200040E0400040E0600040E0800040E0A00040E0C00040E0E00080000000800020008000400080006000800080008000A0008000C0008000E00080200000802020008020400080206000802080008020A0008020C0008020E00080400000804020008040400080406000804080
310
008040A0008040C0008040E00080600000806020008060400080606000806080008060A0008060C0008060E00080800000808020008080400080806000808080008080A0008080C0008080E00080A0000080A0200080A0400080A0600080A0800080A0A00080A0C00080A0E00080C0000080C0200080C0400080C0600080C0
310
800080C0A00080C0C00080C0E00080E0000080E0200080E0400080E0600080E0800080E0A00080E0C00080E0E000C0000000C0002000C0004000C0006000C0008000C000A000C000C000C000E000C0200000C0202000C0204000C0206000C0208000C020A000C020C000C020E000C0400000C0402000C0404000C0406000C0
310
408000C040A000C040C000C040E000C0600000C0602000C0604000C0606000C0608000C060A000C060C000C060E000C0800000C0802000C0804000C0806000C0808000C080A000C080C000C080E000C0A00000C0A02000C0A04000C0A06000C0A08000C0A0A000C0A0C000C0A0E000C0C00000C0C02000C0C04000C0C06000
310
C0C08000C0C0A000F0FBFF00A4A0A000808080000000FF0000FF000000FFFF00FF000000FF00FF00FFFF0000FFFFFF0000000000000000000000000000000000000000000000000000000000000000000000000000000000000000000000000000000000000000000000000000000000000000000000000000000000000000
310
00000000000000000000000000000000000000000000000000000000000000000000000000000000000000000000000000000000000000000000000000000000000000000000000000000000000000000000000000000000000000000000000000000000000000000000000000000000000000000000000000000000000000
310
000000000000000000000000000000000000000000000000000000000000000000000000000000000000000000000000000000000000000000000000000000000000000000000000000000000000000000000000000000000000000000000000000000000000000000FF000000000000000000000000000000000000000000
310
00000000000000000000FF000000000000000000000000000000000000FFFFFFFFFFFFFF0000000000FFFF0000000000000000000000FFFFFFFFFFFFFF000000000000FF000000FFFF00FFFFFFFF0000000000000000FF000000000000000000000000FF00FFFF000000FF000000FF00000000000000FF0000000000000000
310
00000000FF00FF00000000FF000000FF0000000000FFFFFFFFFFFFFFFFFFFFFFFFFFFFFFFFFFFFFFFFFFFFFFFFFFFFFFFFFFFF00000000FF000000000000000000000000FF00FF000000FFFFFF000000FF000000000000FF000000000000000000000000FF00FF00000000FF000000FF00000000000000FF00000000000000
310
0000000000FF00FF00000000FF000000FF00000000000000FFFFFFFFFFFFFF000000000000FF0000FFFF0000FF00FFFF000000000000000000000000000000FFFFFFFFFFFFFF00000000FFFFFFFF000000000000000000000000000000000000000000000000000000000000FF000000000000000000000000000000000000
310
00000000000000000000000000FF0000000000000000000000000000000000000000000000000000000000000000000000000000000000000000000000000000000000000000000000000000000000000000000000000000000000000000000000000000000000000000000000000000000000000000000000000000000000
310
00000000000000000000000000000000000000000000000000000000000000000000000000000000000000000000000000000000000000000000000000000000000000000000000000000000000000000000000000000000000000000000000000000000000000000000000000000000000000000000000000000000000000
310
0000000000000000000000000000000000000000000000000000000000000000000000000000000000000000000000000000000000000000
102
{BLKREFS
331
6F7B
102
}
1001
AcDbDynamicBlockGUID
1000
{63667387-D1AD-44FC-9ABB-F8AB95C0C54C}
1001
AcDbBlockRepETag
1070
     1
1071
        9
1001
ACAD
1000
DesignCenter Data
1002
{
1070
     1
1070
     4
1002
}
  0
BLOCK_RECORD
  5
6F73
102
{ACAD_XDICTIONARY
360
6F74
102
}
330
1
100
AcDbSymbolTableRecord
100
AcDbBlockTableRecord
  2
text_allg
340
0
310
2800000020000000200000000100080000000000000400000000000000000000000000000000000000000000000080000080000000808000800000008000800080800000C0C0C000C0DCC000F0CAA6000020400000206000002080000020A0000020C0000020E00000400000004020000040400000406000004080000040A0
310
000040C0000040E00000600000006020000060400000606000006080000060A0000060C0000060E00000800000008020000080400000806000008080000080A0000080C0000080E00000A0000000A0200000A0400000A0600000A0800000A0A00000A0C00000A0E00000C0000000C0200000C0400000C0600000C0800000C0
310
A00000C0C00000C0E00000E0000000E0200000E0400000E0600000E0800000E0A00000E0C00000E0E00040000000400020004000400040006000400080004000A0004000C0004000E00040200000402020004020400040206000402080004020A0004020C0004020E000404000004040200040404000404060004040800040
310
40A0004040C0004040E00040600000406020004060400040606000406080004060A0004060C0004060E00040800000408020004080400040806000408080004080A0004080C0004080E00040A0000040A0200040A0400040A0600040A0800040A0A00040A0C00040A0E00040C0000040C0200040C0400040C0600040C08000
310
40C0A00040C0C00040C0E00040E0000040E0200040E0400040E0600040E0800040E0A00040E0C00040E0E00080000000800020008000400080006000800080008000A0008000C0008000E00080200000802020008020400080206000802080008020A0008020C0008020E00080400000804020008040400080406000804080
310
008040A0008040C0008040E00080600000806020008060400080606000806080008060A0008060C0008060E00080800000808020008080400080806000808080008080A0008080C0008080E00080A0000080A0200080A0400080A0600080A0800080A0A00080A0C00080A0E00080C0000080C0200080C0400080C0600080C0
310
800080C0A00080C0C00080C0E00080E0000080E0200080E0400080E0600080E0800080E0A00080E0C00080E0E000C0000000C0002000C0004000C0006000C0008000C000A000C000C000C000E000C0200000C0202000C0204000C0206000C0208000C020A000C020C000C020E000C0400000C0402000C0404000C0406000C0
310
408000C040A000C040C000C040E000C0600000C0602000C0604000C0606000C0608000C060A000C060C000C060E000C0800000C0802000C0804000C0806000C0808000C080A000C080C000C080E000C0A00000C0A02000C0A04000C0A06000C0A08000C0A0A000C0A0C000C0A0E000C0C00000C0C02000C0C04000C0C06000
310
C0C08000C0C0A000F0FBFF00A4A0A000808080000000FF0000FF000000FFFF00FF000000FF00FF00FFFF0000FFFFFF0000000000000000000000000000000000000000000000000000000000000000000000000000000000000000000000000000000000000000000000000000000000000000000000000000000000000000
310
00000000000000000000000000000000000000000000000000000000000000000000000000000000000000000000000000000000000000000000000000000000000000000000000000000000000000000000000000000000000000000000000000000000000000000000000000000000000000000000000000000000000000
310
00000000000000000000000000000000000000000000000000000000000000000000000000000000000000000000000000000000000000000000000000000000000000000000000000000000000000000000000000000000000000000000000000000000000000000000000000000000000000000000000000000000000000
310
00000000000000000000000000000000000000000000000000000000000000000000000000000000000000000000000000000000000000000000000000000000000000000000000000000000000000000000000000000000000000000000000000000000000000000000000000000000000000000000000000000000000000
310
000000000000FF00FF000000000000000000000000FFFFFFFFFFFFFFFFFFFFFFFFFFFFFFFFFFFFFFFF00000000FFFFFF0000000000FFFFFFFFFFFFFFFFFFFFFFFFFFFFFFFFFFFFFFFFFFFFFFFFFFFFFFFFFFFF0000000000000000000000000000000000000000000000FF00FF000000000000000000000000000000000000
310
00000000000000000000000000000000000000000000000000000000000000000000000000000000000000000000000000000000000000000000000000000000000000000000000000000000000000000000000000000000000000000000000000000000000000000000000000000000000000000000000000000000000000
310
00000000000000000000000000000000000000000000000000000000000000000000000000000000000000000000000000000000000000000000000000000000000000000000000000000000000000000000000000000000000000000000000000000000000000000000000000000000000000000000000000000000000000
310
00000000000000000000000000000000000000000000000000000000000000000000000000000000000000000000000000000000000000000000000000000000000000000000000000000000000000000000000000000000000000000000000000000000000000000000000000000000000000000000000000000000000000
310
0000000000000000000000000000000000000000000000000000000000000000000000000000000000000000000000000000000000000000
102
{BLKREFS
331
6F85
331
6FC5
102
}
1001
AcDbDynamicBlockGUID
1000
{D409DF77-E7A3-413F-9DD9-C199792E5581}
1001
AcDbBlockRepETag
1070
     1
1071
        2
1001
ACAD
1000
DesignCenter Data
1002
{
1070
     1
1070
     4
1002
}
  0
BLOCK_RECORD
  5
6F79
330
1
100
AcDbSymbolTableRecord
100
AcDbBlockTableRecord
  2
Block_A4
340
0
310
2800000020000000200000000100080000000000000400000000000000000000000000000000000000000000000080000080000000808000800000008000800080800000C0C0C000C0DCC000F0CAA6000020400000206000002080000020A0000020C0000020E00000400000004020000040400000406000004080000040A0
310
000040C0000040E00000600000006020000060400000606000006080000060A0000060C0000060E00000800000008020000080400000806000008080000080A0000080C0000080E00000A0000000A0200000A0400000A0600000A0800000A0A00000A0C00000A0E00000C0000000C0200000C0400000C0600000C0800000C0
310
A00000C0C00000C0E00000E0000000E0200000E0400000E0600000E0800000E0A00000E0C00000E0E00040000000400020004000400040006000400080004000A0004000C0004000E00040200000402020004020400040206000402080004020A0004020C0004020E000404000004040200040404000404060004040800040
310
40A0004040C0004040E00040600000406020004060400040606000406080004060A0004060C0004060E00040800000408020004080400040806000408080004080A0004080C0004080E00040A0000040A0200040A0400040A0600040A0800040A0A00040A0C00040A0E00040C0000040C0200040C0400040C0600040C08000
310
40C0A00040C0C00040C0E00040E0000040E0200040E0400040E0600040E0800040E0A00040E0C00040E0E00080000000800020008000400080006000800080008000A0008000C0008000E00080200000802020008020400080206000802080008020A0008020C0008020E00080400000804020008040400080406000804080
310
008040A0008040C0008040E00080600000806020008060400080606000806080008060A0008060C0008060E00080800000808020008080400080806000808080008080A0008080C0008080E00080A0000080A0200080A0400080A0600080A0800080A0A00080A0C00080A0E00080C0000080C0200080C0400080C0600080C0
310
800080C0A00080C0C00080C0E00080E0000080E0200080E0400080E0600080E0800080E0A00080E0C00080E0E000C0000000C0002000C0004000C0006000C0008000C000A000C000C000C000E000C0200000C0202000C0204000C0206000C0208000C020A000C020C000C020E000C0400000C0402000C0404000C0406000C0
310
408000C040A000C040C000C040E000C0600000C0602000C0604000C0606000C0608000C060A000C060C000C060E000C0800000C0802000C0804000C0806000C0808000C080A000C080C000C080E000C0A00000C0A02000C0A04000C0A06000C0A08000C0A0A000C0A0C000C0A0E000C0C00000C0C02000C0C04000C0C06000
310
C0C08000C0C0A000F0FBFF00A4A0A000808080000000FF0000FF000000FFFF00FF000000FF00FF00FFFF0000FFFFFF00F6F6F6F6F6F6F6F6F6F6F6F6F6F6F6F6F6F6F6F6F6F6F6F6F6F6F6F6F6F6F6F6F6F6F6F6F6F6F6F6F6F6F6F6F6F6F6F6F6F6F6F6F6F6F6F6F6F6F6F6F6F6F6F6F6F6F6F6F6F6F6F6F6F6F6F6F6F6F6
310
F6F6F6F6F6F6F6F6F6F6F6F6F6F6F6F6F6F6F6F6F6F6F6F6F6F6F6F6F6F6F6F6F6F6F6F6F6F6F6F6F6F6F6F6F6F6F6F6F6F6F6F6F6F6F6F6F6F6F6F6F6F6F6F6F6F6F6F6F6F6F6F6F6F6F6F6F6F6F6F6F6F6F6F6F6F6F6F6F6F6F6F6F6F6F6F6F6F6F6F6F6F6F6F6F6F6F6F6F6F6F6F6F6F6F6F6F6F6F6F6F6F6F6F6F6F6F6
310
F6F6F6F6F6F6F6F6F6F6F6F6F6F6F6F6F6F6F6F6F6F6F6F6F6F6F6F6F6F6F6F6F6F6F6F6F6F6F6F6F6F6F6F6F6F6F6F6F6F6F6F6F6F6F6F6F6F6F6F6F6F6F6F6F6F6F6F6F6F6F6F6F6F6F6F6F6F6F6F6F6F6F6F6F6F6F6F6F6F6F6F6F6F6F6F6F6F6F6F6F6F6F6F6F6F6F6F6F6F6F6F6F6F6F6F6F6F6F6F6F6F6F6F6F6F6F6
310
F6F6F6F6F6F6F6F6F6F6F6F6F6F6F6F6F6F6F6F6F6F6F6F6F6F6F6F6F6F6F6F6F6F6F6F6F6F6F6F6F6F6F6F6F6F6F6F6F6F6F6F6F6F6F6F6F6F6F6F6F6F6F6F6F6F6F6F6F6F6F6F6F6F6F6F6F6F6F6F6F6F6F6F6F6F6F6F6F6F600000000000000000000000000000000000000000000F6F6F6F6F600000000000000000000
310
00000000000000000000000000000000000000F6F6000000000000000000000000000000F6F6F600000000000000F6F600F6F6F6F6F6F60000000000000000000000000000000000000000000000000000F6F6F6F6F6F6F6F6F6F6000000000000000000000000000000F6F6F6F6F6F6F6F6F6F6F6F6F6F6F6F6F60000F6F6
310
F600000000000000F600F6F6F6F6F6F6F6F6F6F6F6F6F6F6F6F6F6F6F6F6F6F6F6F6F6F6F6F6F6F6F6F6F6F6F6F6F6F6F6F6F6F6F6F6F6F6F6F6F6F6F6F6F6F6F6F6F6F6F6F6F6F6F6F6F6F6F6F6F6F6F6F6F6F6F6F6F6F6F6F6F6F6F6F6F6F6F6F6F6F6F6F6F6F6F6F6F6F6F6F6F6F6F6F6F6F6F6F6F6F6F6F6F6F6F6F6F6
310
F6F6F6F6F6F6F6F6F6F6F6F6F6F6F6F6F6F6F6F6F6F6F6F6F6F6F6F6F6F6F6F6F6F6F6F6F6F6F6F6F6F6F6F6F6F6F6F6F6F6F6F6F6F6F6F6F6F6F6F6F6F6F6F6F6F6F6F6F6F6F6F6F6F6F6F6F6F6F6F6F6F6F6F6F6F6F6F6F6F6F6F6F6F6F6F6F6F6F6F6F6F6F6F6F6F6F6F6F6F6F6F6F6F6F6F6F6F6F6F6F6F6F6F6F6F6F6
310
F6F6F6F6F6F6F6F6F6F6F6F6F6F6F6F6F6F6F6F6F6F6F6F6F6F6F6F6F6F6F6F6F6F6F6F6F6F6F6F6F6F6F6F6F6F6F6F6F6F6F6F6F6F6F6F6F6F6F6F6F6F6F6F6F6F6F6F6F6F6F6F6F6F6F6F6F6F6F6F6F6F6F6F6F6F6F6F6F6F6F6F6F6F6F6F6F6F6F6F6F6F6F6F6F6F6F6F6F6F6F6F6F6F6F6F6F6F6F6F6F6F6F6F6F6F6F6
310
F6F6F6F6F6F6F6F6F6F6F6F6F6F6F6F6F6F6F6F6F6F6F6F6F6F6F6F6F6F6F6F6F6F6F6F6F6F6F6F6F6F6F6F6F6F6F6F6F6F6F6F6F6F6F6F6
102
{BLKREFS
331
6FA2
102
}
1001
ACAD
1000
DesignCenter Data
1002
{
1070
     1
1070
     4
1002
}
  0
BLOCK_RECORD
  5
6F9C
102
{ACAD_XDICTIONARY
360
6FA9
102
}
330
1
100
AcDbSymbolTableRecord
100
AcDbBlockTableRecord
  2
A$C7DFB5AF4
340
0
1001
ACAD
1000
DesignCenter Data
1002
{
1070
     1
1070
     4
1002
}
  0
BLOCK_RECORD
  5
6FAE
330
1
100
AcDbSymbolTableRecord
100
AcDbBlockTableRecord
  2
Block_A3
340
0
310
2800000020000000200000000100080000000000000400000000000000000000000000000000000000000000000080000080000000808000800000008000800080800000C0C0C000C0DCC000F0CAA6000020400000206000002080000020A0000020C0000020E00000400000004020000040400000406000004080000040A0
310
000040C0000040E00000600000006020000060400000606000006080000060A0000060C0000060E00000800000008020000080400000806000008080000080A0000080C0000080E00000A0000000A0200000A0400000A0600000A0800000A0A00000A0C00000A0E00000C0000000C0200000C0400000C0600000C0800000C0
310
A00000C0C00000C0E00000E0000000E0200000E0400000E0600000E0800000E0A00000E0C00000E0E00040000000400020004000400040006000400080004000A0004000C0004000E00040200000402020004020400040206000402080004020A0004020C0004020E000404000004040200040404000404060004040800040
310
40A0004040C0004040E00040600000406020004060400040606000406080004060A0004060C0004060E00040800000408020004080400040806000408080004080A0004080C0004080E00040A0000040A0200040A0400040A0600040A0800040A0A00040A0C00040A0E00040C0000040C0200040C0400040C0600040C08000
310
40C0A00040C0C00040C0E00040E0000040E0200040E0400040E0600040E0800040E0A00040E0C00040E0E00080000000800020008000400080006000800080008000A0008000C0008000E00080200000802020008020400080206000802080008020A0008020C0008020E00080400000804020008040400080406000804080
310
008040A0008040C0008040E00080600000806020008060400080606000806080008060A0008060C0008060E00080800000808020008080400080806000808080008080A0008080C0008080E00080A0000080A0200080A0400080A0600080A0800080A0A00080A0C00080A0E00080C0000080C0200080C0400080C0600080C0
310
800080C0A00080C0C00080C0E00080E0000080E0200080E0400080E0600080E0800080E0A00080E0C00080E0E000C0000000C0002000C0004000C0006000C0008000C000A000C000C000C000E000C0200000C0202000C0204000C0206000C0208000C020A000C020C000C020E000C0400000C0402000C0404000C0406000C0
310
408000C040A000C040C000C040E000C0600000C0602000C0604000C0606000C0608000C060A000C060C000C060E000C0800000C0802000C0804000C0806000C0808000C080A000C080C000C080E000C0A00000C0A02000C0A04000C0A06000C0A08000C0A0A000C0A0C000C0A0E000C0C00000C0C02000C0C04000C0C06000
310
C0C08000C0C0A000F0FBFF00A4A0A000808080000000FF0000FF000000FFFF00FF000000FF00FF00FFFF0000FFFFFF00F6F6F6F6F6F6F6F6F6F6F6F6F6F6F6F6F6F6F6F6F6F6F6F6F6F6F6F6F6F6F6F6F6F6F6F6F6F6F6F6F6F6F6F6F6F6F6F6F6F6F6F6F6F6F6F6F6F6F6F6F6F6F6F6F6F6F6F6F6F6F6F6F6F6F6F6F6F6F6
310
F6F6F6F6F6F6F6F6F6F6F6F6F6F6F6F6F6F6F6F6F6F6F6F6F6F6F6F6F6F6F6F6F6F6F6F6F6F6F6F6F6F6F6F6F6F6F6F6F6F6F6F6F6F6F6F6F6F6F6F6F6F6F6F6F6F6F6F6F6F6F6F6F6F6F6F6F6F6F6F6F6F6F6F6F6F6F6F6F6F6F6F6F6F6F6F6F6F6F6F6F6F6F6F6F6F6F6F6F6F6F6F6F6F6F6F6F6F6F6F6F6F6F6F6F6F6F6
310
F6F6F6F6F6F6F6F6F6F6F6F6F6F6F6F6F6F6F6F6F6F6F6F6F6F6F6F6F6F6F6F6F6F6F6F6F6F6F6F6F6F6F6F6F6F6F6F6F6F6F6F6F6F6F6F6F6F6F6F6F6F6F6F6F6F6F6F6F6F6F6F6F6F6F6F6F6F6F6F6F6F6F6F6F6F6F6F6F6F6F6F6F6F6F6F6F6F6F6F6F6F6F6F6F6F6F6F6F6F6F6F6F6F6F6F6F6F6F6F6F6F6F6F6F6F6F6
310
F6F6F6F6F6F6F6F6F6F6F6F6F6F6F6F6F6F6F6F6F6F6F6F6F6F6F6F6F6F6F6F6F6F6F6F6F6F6F6F6F6F6F6F6F6F6F6F6F6F6F6F6F6F6F6F6F6F6F6F6F6F6F6F6F6F6F6F6F6F6F6F6F6F6F6F6F6F6F6F6F6F6F6F6F6F6F6F6F6F600000000000000000000000000000000000000000000F6F6F6F6F600000000000000000000
310
00000000000000000000000000000000000000F6F6000000000000000000000000000000F6F6F600000000000000F6F600F6F6F6F6F6F60000000000000000000000000000000000000000000000000000F6F6F6F6F6F6F6F6F6F6000000000000000000000000000000F6F6F6F6F6F6F6F6F6F6F6F6F6F6F6F6F60000F6F6
310
F600000000000000F600F6F6F6F6F6F6F6F6F6F6F6F6F6F6F6F6F6F6F6F6F6F6F6F6F6F6F6F6F6F6F6F6F6F6F6F6F6F6F6F6F6F6F6F6F6F6F6F6F6F6F6F6F6F6F6F6F6F6F6F6F6F6F6F6F6F6F6F6F6F6F6F6F6F6F6F6F6F6F6F6F6F6F6F6F6F6F6F6F6F6F6F6F6F6F6F6F6F6F6F6F6F6F6F6F6F6F6F6F6F6F6F6F6F6F6F6F6
310
F6F6F6F6F6F6F6F6F6F6F6F6F6F6F6F6F6F6F6F6F6F6F6F6F6F6F6F6F6F6F6F6F6F6F6F6F6F6F6F6F6F6F6F6F6F6F6F6F6F6F6F6F6F6F6F6F6F6F6F6F6F6F6F6F6F6F6F6F6F6F6F6F6F6F6F6F6F6F6F6F6F6F6F6F6F6F6F6F6F6F6F6F6F6F6F6F6F6F6F6F6F6F6F6F6F6F6F6F6F6F6F6F6F6F6F6F6F6F6F6F6F6F6F6F6F6F6
310
F6F6F6F6F6F6F6F6F6F6F6F6F6F6F6F6F6F6F6F6F6F6F6F6F6F6F6F6F6F6F6F6F6F6F6F6F6F6F6F6F6F6F6F6F6F6F6F6F6F6F6F6F6F6F6F6F6F6F6F6F6F6F6F6F6F6F6F6F6F6F6F6F6F6F6F6F6F6F6F6F6F6F6F6F6F6F6F6F6F6F6F6F6F6F6F6F6F6F6F6F6F6F6F6F6F6F6F6F6F6F6F6F6F6F6F6F6F6F6F6F6F6F6F6F6F6F6
310
F6F6F6F6F6F6F6F6F6F6F6F6F6F6F6F6F6F6F6F6F6F6F6F6F6F6F6F6F6F6F6F6F6F6F6F6F6F6F6F6F6F6F6F6F6F6F6F6F6F6F6F6F6F6F6F6
1001
ACAD
1000
DesignCenter Data
1002
{
1070
     1
1070
     4
1002
}
  0
BLOCK_RECORD
  5
7041
330
1
100
AcDbSymbolTableRecord
100
AcDbBlockTableRecord
  2
*D34
340
0
  0
BLOCK_RECORD
  5
704F
330
1
100
AcDbSymbolTableRecord
100
AcDbBlockTableRecord
  2
*D35
340
0
  0
BLOCK_RECORD
  5
705D
330
1
100
AcDbSymbolTableRecord
100
AcDbBlockTableRecord
  2
*D36
340
0
  0
BLOCK_RECORD
  5
706B
330
1
100
AcDbSymbolTableRecord
100
AcDbBlockTableRecord
  2
*D37
340
0
  0
BLOCK_RECORD
  5
7ABB
330
1
100
AcDbSymbolTableRecord
100
AcDbBlockTableRecord
  2
_D_4
340
0
  0
BLOCK_RECORD
  5
7AC4
330
1
100
AcDbSymbolTableRecord
100
AcDbBlockTableRecord
  2
_D_5
340
0
  0
BLOCK_RECORD
  5
810F
330
1
100
AcDbSymbolTableRecord
100
AcDbBlockTableRecord
  2
*D40
340
0
  0
BLOCK_RECORD
  5
811B
330
1
100
AcDbSymbolTableRecord
100
AcDbBlockTableRecord
  2
*D41
340
0
  0
BLOCK_RECORD
  5
8127
330
1
100
AcDbSymbolTableRecord
100
AcDbBlockTableRecord
  2
*D42
340
0
  0
BLOCK_RECORD
  5
8133
330
1
100
AcDbSymbolTableRecord
100
AcDbBlockTableRecord
  2
*D43
340
0
  0
BLOCK_RECORD
  5
813F
330
1
100
AcDbSymbolTableRecord
100
AcDbBlockTableRecord
  2
*D44
340
0
  0
BLOCK_RECORD
  5
814C
330
1
100
AcDbSymbolTableRecord
100
AcDbBlockTableRecord
  2
*D45
340
0
  0
BLOCK_RECORD
  5
8211
330
1
100
AcDbSymbolTableRecord
100
AcDbBlockTableRecord
  2
*D46
340
0
  0
BLOCK_RECORD
  5
826B
330
1
100
AcDbSymbolTableRecord
100
AcDbBlockTableRecord
  2
*D47
340
0
  0
ENDTAB
  0
ENDSEC
  0
SECTION
  2
BLOCKS
  0
BLOCK
  5
6C
330
6B
100
AcDbEntity
  8
0
100
AcDbBlockBegin
  2
*Model_Space
 70
     0
 10
0.0
 20
0.0
 30
0.0
  3
*Model_Space
  1

  0
ENDBLK
  5
6D
330
6B
100
AcDbEntity
  8
0
100
AcDbBlockEnd
  0
BLOCK
  5
68
330
67
100
AcDbEntity
 67
     1
  8
0
100
AcDbBlockBegin
  2
*Paper_Space
 70
     0
 10
0.0
 20
0.0
 30
0.0
  3
*Paper_Space
  1

  0
ENDBLK
  5
69
330
67
100
AcDbEntity
 67
     1
  8
0
100
AcDbBlockEnd
  0
BLOCK
  5
90
330
8F
100
AcDbEntity
  8
10100_DIM_FRONT
  6
Continuous
 62
     7
100
AcDbBlockBegin
  2
*D0
 70
     1
 10
0.0
 20
0.0
 30
0.0
  3
*D0
  1

  0
TEXT
  5
91
330
8F
100
AcDbEntity
  8
10100_DIM_FRONT
  6
Continuous
 62
     7
100
AcDbText
 10
331.15674
 20
357.1728865719001
 30
0.0
 40
3.5
  1
71
 50
90.0
 41
0.6785714286
  7
TEXTSTYLE_1
100
AcDbText
  0
LINE
  5
92
330
8F
100
AcDbEntity
  8
10100_DIM_FRONT
  6
Continuous
 62
     7
100
AcDbLine
 10
243.875224
 20
324.047886
 30
0.0
 11
334.03174
 21
324.047886
 31
0.0
  0
LINE
  5
93
330
8F
100
AcDbEntity
  8
10100_DIM_FRONT
  6
Continuous
 62
     7
100
AcDbLine
 10
245.572202
 20
395.047886
 30
0.0
 11
334.03174
 21
395.047886
 31
0.0
  0
LINE
  5
94
330
8F
100
AcDbEntity
  8
10100_DIM_FRONT
  6
Continuous
 62
     7
100
AcDbLine
 10
332.03174
 20
324.047886
 30
0.0
 11
332.03174
 21
359.547886
 31
0.0
  0
LINE
  5
95
330
8F
100
AcDbEntity
  8
10100_DIM_FRONT
  6
Continuous
 62
     7
100
AcDbLine
 10
332.03174
 20
395.047886
 30
0.0
 11
332.03174
 21
359.547886
 31
0.0
  0
INSERT
  5
97
330
8F
100
AcDbEntity
  8
10100_DIM_FRONT
  6
Continuous
 62
     7
100
AcDbBlockReference
  2
_FILLED
 10
332.03174
 20
324.047886
 30
0.0
 41
3.5
 42
3.5
 43
3.5
 50
270.0
  0
INSERT
  5
98
330
8F
100
AcDbEntity
  8
10100_DIM_FRONT
  6
Continuous
 62
     7
100
AcDbBlockReference
  2
_FILLED
 10
332.03174
 20
395.047886
 30
0.0
 41
3.5
 42
3.5
 43
3.5
 50
90.0
  0
ENDBLK
  5
99
330
8F
100
AcDbEntity
  8
0
  6
ByBlock
 62
     0
100
AcDbBlockEnd
  0
BLOCK
  5
AE
330
96
100
AcDbEntity
  8
0
100
AcDbBlockBegin
  2
_FILLED
 70
     0
 10
0.0
 20
0.0
 30
0.0
  3
_FILLED
  1

  0
SOLID
  5
AF
330
96
100
AcDbEntity
  8
0
  6
ByBlock
 62
     0
100
AcDbTrace
 10
0.0
 20
0.0
 30
0.0
 11
-1.0
 21
0.1428571429
 31
0.0
 12
-1.0
 22
-0.1428571429
 32
0.0
 13
-1.0
 23
-0.1428571429
 33
0.0
  0
ENDBLK
  5
B0
330
96
100
AcDbEntity
  8
0
  6
ByBlock
 62
     0
100
AcDbBlockEnd
  0
BLOCK
  5
9B
330
9A
100
AcDbEntity
  8
13100_DIM_TOP
  6
Continuous
 62
     7
100
AcDbBlockBegin
  2
*D2
 70
     1
 10
0.0
 20
0.0
 30
0.0
  3
*D2
  1

  0
TEXT
  5
9C
330
9A
100
AcDbEntity
  8
13100_DIM_TOP
  6
Continuous
 62
     7
100
AcDbText
 10
325.098406
 20
172.1332985719
 30
0.0
 40
3.5
  1
251
 50
90.0
 41
0.6904761905
  7
TEXTSTYLE_2
100
AcDbText
  0
LINE
  5
9D
330
9A
100
AcDbEntity
  8
13100_DIM_TOP
  6
Continuous
 62
     7
100
AcDbLine
 10
188.426879
 20
50.296708
 30
0.0
 11
327.973406
 21
50.296708
 31
0.0
  0
LINE
  5
9E
330
9A
100
AcDbEntity
  8
13100_DIM_TOP
  6
Continuous
 62
     7
100
AcDbLine
 10
188.426879
 20
301.219888
 30
0.0
 11
327.973406
 21
301.219888
 31
0.0
  0
LINE
  5
9F
330
9A
100
AcDbEntity
  8
13100_DIM_TOP
  6
Continuous
 62
     7
100
AcDbLine
 10
325.973406
 20
50.296708
 30
0.0
 11
325.973406
 21
175.758298
 31
0.0
  0
LINE
  5
A0
330
9A
100
AcDbEntity
  8
13100_DIM_TOP
  6
Continuous
 62
     7
100
AcDbLine
 10
325.973406
 20
301.219888
 30
0.0
 11
325.973406
 21
175.758298
 31
0.0
  0
INSERT
  5
A1
330
9A
100
AcDbEntity
  8
13100_DIM_TOP
  6
Continuous
 62
     7
100
AcDbBlockReference
  2
_FILLED
 10
325.973406
 20
50.296708
 30
0.0
 41
3.5
 42
3.5
 43
3.5
 50
270.0
  0
INSERT
  5
A2
330
9A
100
AcDbEntity
  8
13100_DIM_TOP
  6
Continuous
 62
     7
100
AcDbBlockReference
  2
_FILLED
 10
325.973406
 20
301.219888
 30
0.0
 41
3.5
 42
3.5
 43
3.5
 50
90.0
  0
ENDBLK
  5
A3
330
9A
100
AcDbEntity
  8
0
  6
ByBlock
 62
     0
100
AcDbBlockEnd
  0
BLOCK
  5
A5
330
A4
100
AcDbEntity
  8
13100_DIM_TOP
  6
Continuous
 62
     7
100
AcDbBlockBegin
  2
*D3
 70
     1
 10
0.0
 20
0.0
 30
0.0
  3
*D3
  1

  0
TEXT
  5
A6
330
A4
100
AcDbEntity
  8
13100_DIM_TOP
  6
Continuous
 62
     7
100
AcDbText
 10
184.801879
 20
305.774084
 30
0.0
 40
3.5
  1
251
 41
0.6904761905
  7
TEXTSTYLE_2
100
AcDbText
  0
LINE
  5
A7
330
A4
100
AcDbEntity
  8
13100_DIM_TOP
  6
Continuous
 62
     7
100
AcDbLine
 10
62.738211
 20
175.758298
 30
0.0
 11
62.738211
 21
306.899084
 31
0.0
  0
LINE
  5
A8
330
A4
100
AcDbEntity
  8
13100_DIM_TOP
  6
Continuous
 62
     7
100
AcDbLine
 10
314.115547
 20
175.758298
 30
0.0
 11
314.115547
 21
306.899084
 31
0.0
  0
LINE
  5
A9
330
A4
100
AcDbEntity
  8
13100_DIM_TOP
  6
Continuous
 62
     7
100
AcDbLine
 10
62.738211
 20
304.899084
 30
0.0
 11
188.426879
 21
304.899084
 31
0.0
  0
LINE
  5
AA
330
A4
100
AcDbEntity
  8
13100_DIM_TOP
  6
Continuous
 62
     7
100
AcDbLine
 10
314.115547
 20
304.899084
 30
0.0
 11
188.426879
 21
304.899084
 31
0.0
  0
INSERT
  5
AB
330
A4
100
AcDbEntity
  8
13100_DIM_TOP
  6
Continuous
 62
     7
100
AcDbBlockReference
  2
_FILLED
 10
62.738211
 20
304.899084
 30
0.0
 41
3.5
 42
3.5
 43
3.5
 50
180.0
  0
INSERT
  5
AC
330
A4
100
AcDbEntity
  8
13100_DIM_TOP
  6
Continuous
 62
     7
100
AcDbBlockReference
  2
_FILLED
 10
314.115547
 20
304.899084
 30
0.0
 41
3.5
 42
3.5
 43
3.5
  0
ENDBLK
  5
AD
330
A4
100
AcDbEntity
  8
0
  6
ByBlock
 62
     0
100
AcDbBlockEnd
  0
BLOCK
  5
EB8
330
EB7
100
AcDbEntity
  8
0
100
AcDbBlockBegin
  2
_None
 70
     0
 10
0.0
 20
0.0
 30
0.0
  3
_None
  1

  0
ENDBLK
  5
EB9
330
EB7
100
AcDbEntity
  8
0
100
AcDbBlockEnd
  0
BLOCK
  5
1073
330
1072
100
AcDbEntity
  8
0
100
AcDbBlockBegin
  2
*D5
 70
     1
 10
0.0
 20
0.0
 30
0.0
  3
*D5
  1

  0
LINE
  5
1074
330
1072
100
AcDbEntity
  8
10100_DIM_FRONT
  6
Continuous
 62
     0
370
    -2
100
AcDbLine
 10
243.937724
 20
324.047886
 30
0.0
 11
329.5867400000001
 21
324.047886
 31
0.0
  0
LINE
  5
1075
330
1072
100
AcDbEntity
  8
10100_DIM_FRONT
  6
Continuous
 62
     0
370
    -2
100
AcDbLine
 10
245.634702
 20
395.047886
 30
0.0
 11
329.5867400000001
 21
395.047886
 31
0.0
  0
LINE
  5
1076
330
1072
100
AcDbEntity
  8
10100_DIM_FRONT
  6
Continuous
 62
     0
370
    -2
100
AcDbLine
 10
329.4067400000001
 20
324.227886
 30
0.0
 11
329.4067400000001
 21
359.3678865719001
 31
0.0
  0
LINE
  5
1077
330
1072
100
AcDbEntity
  8
10100_DIM_FRONT
  6
Continuous
 62
     0
370
    -2
100
AcDbLine
 10
329.4067400000001
 20
394.867886
 30
0.0
 11
329.4067400000001
 21
359.7278865719
 31
0.0
  0
SOLID
  5
1078
330
1072
100
AcDbEntity
  8
10100_DIM_FRONT
  6
Continuous
 62
     0
100
AcDbTrace
 10
329.3767400000001
 20
324.227886
 30
0.0
 11
329.43674
 21
324.227886
 31
0.0
 12
329.4067400000001
 22
324.047886
 32
0.0
 13
329.4067400000001
 23
324.047886
 33
0.0
  0
SOLID
  5
1079
330
1072
100
AcDbEntity
  8
10100_DIM_FRONT
  6
Continuous
 62
     0
100
AcDbTrace
 10
329.3767400000001
 20
394.867886
 30
0.0
 11
329.4367400000001
 21
394.867886
 31
0.0
 12
329.4067400000001
 22
395.047886
 32
0.0
 13
329.4067400000001
 23
395.047886
 33
0.0
  0
MTEXT
  5
107A
330
1072
100
AcDbEntity
  8
10100_DIM_FRONT
  6
Continuous
 62
     0
370
    13
100
AcDbMText
 10
329.40674
 20
359.5478865719
 30
0.0
 40
0.18
 41
0.0
 71
     5
 72
     1
  1
\A1;71.0000
 73
     1
 44
1.0
1001
ACAD
1000
MTEXTBEGIN
1070
    73
1070
     1
1070
    44
1040
1.0
1070
    74
1070
     0
1000
MTEXTEND
  0
POINT
  5
107B
330
1072
100
AcDbEntity
  8
Defpoints
  6
Continuous
 62
     0
100
AcDbPoint
 10
243.875224
 20
324.047886
 30
0.0
  0
POINT
  5
107C
330
1072
100
AcDbEntity
  8
Defpoints
  6
Continuous
 62
     0
100
AcDbPoint
 10
245.572202
 20
395.047886
 30
0.0
  0
POINT
  5
107D
330
1072
100
AcDbEntity
  8
Defpoints
  6
Continuous
 62
     0
100
AcDbPoint
 10
329.4067400000001
 20
395.047886
 30
0.0
  0
ENDBLK
  5
107E
330
1072
100
AcDbEntity
  8
0
100
AcDbBlockEnd
  0
BLOCK
  5
1080
330
107F
100
AcDbEntity
  8
0
100
AcDbBlockBegin
  2
*D6
 70
     1
 10
0.0
 20
0.0
 30
0.0
  3
*D6
  1

  0
LINE
  5
1081
330
107F
100
AcDbEntity
  8
13100_DIM_TOP
  6
Continuous
 62
     0
370
    -2
100
AcDbLine
 10
62.738211
 20
175.820798
 30
0.0
 11
62.73821100000001
 21
307.7040839999999
 31
0.0
  0
LINE
  5
1082
330
107F
100
AcDbEntity
  8
13100_DIM_TOP
  6
Continuous
 62
     0
370
    -2
100
AcDbLine
 10
314.115547
 20
175.820798
 30
0.0
 11
314.115547
 21
307.7040839999999
 31
0.0
  0
LINE
  5
1083
330
107F
100
AcDbEntity
  8
13100_DIM_TOP
  6
Continuous
 62
     0
370
    -2
100
AcDbLine
 10
62.91821099999999
 20
307.524084
 30
0.0
 11
188.168879
 21
307.524084
 31
0.0
  0
LINE
  5
1084
330
107F
100
AcDbEntity
  8
13100_DIM_TOP
  6
Continuous
 62
     0
370
    -2
100
AcDbLine
 10
313.935547
 20
307.524084
 30
0.0
 11
188.684879
 21
307.524084
 31
0.0
  0
SOLID
  5
1085
330
107F
100
AcDbEntity
  8
13100_DIM_TOP
  6
Continuous
 62
     0
100
AcDbTrace
 10
62.91821099999999
 20
307.5540839999999
 30
0.0
 11
62.91821099999999
 21
307.494084
 31
0.0
 12
62.73821100000001
 22
307.524084
 32
0.0
 13
62.73821100000001
 23
307.524084
 33
0.0
  0
SOLID
  5
1086
330
107F
100
AcDbEntity
  8
13100_DIM_TOP
  6
Continuous
 62
     0
100
AcDbTrace
 10
313.935547
 20
307.5540839999999
 30
0.0
 11
313.935547
 21
307.494084
 31
0.0
 12
314.115547
 22
307.524084
 32
0.0
 13
314.115547
 23
307.524084
 33
0.0
  0
MTEXT
  5
1087
330
107F
100
AcDbEntity
  8
13100_DIM_TOP
  6
Continuous
 62
     0
370
    13
100
AcDbMText
 10
188.426879
 20
307.524084
 30
0.0
 40
0.18
 41
0.0
 71
     5
 72
     1
  1
\A1;251
 73
     1
 44
1.0
1001
ACAD
1000
MTEXTBEGIN
1070
    73
1070
     1
1070
    44
1040
1.0
1070
    74
1070
     0
1000
MTEXTEND
  0
POINT
  5
1088
330
107F
100
AcDbEntity
  8
Defpoints
  6
Continuous
 62
     0
100
AcDbPoint
 10
62.738211
 20
175.758298
 30
0.0
  0
POINT
  5
1089
330
107F
100
AcDbEntity
  8
Defpoints
  6
Continuous
 62
     0
100
AcDbPoint
 10
314.115547
 20
175.758298
 30
0.0
  0
POINT
  5
108A
330
107F
100
AcDbEntity
  8
Defpoints
  6
Continuous
 62
     0
100
AcDbPoint
 10
314.115547
 20
307.524084
 30
0.0
  0
ENDBLK
  5
108B
330
107F
100
AcDbEntity
  8
0
100
AcDbBlockEnd
  0
BLOCK
  5
108D
330
108C
100
AcDbEntity
  8
0
100
AcDbBlockBegin
  2
*D7
 70
     1
 10
0.0
 20
0.0
 30
0.0
  3
*D7
  1

  0
LINE
  5
108E
330
108C
100
AcDbEntity
  8
13100_DIM_TOP
  6
Continuous
 62
     0
370
    -2
100
AcDbLine
 10
188.489379
 20
50.296708
 30
0.0
 11
323.528406
 21
50.29670799999998
 31
0.0
  0
LINE
  5
108F
330
108C
100
AcDbEntity
  8
13100_DIM_TOP
  6
Continuous
 62
     0
370
    -2
100
AcDbLine
 10
188.489379
 20
301.219888
 30
0.0
 11
323.5284060000001
 21
301.219888
 31
0.0
  0
LINE
  5
1090
330
108C
100
AcDbEntity
  8
13100_DIM_TOP
  6
Continuous
 62
     0
370
    -2
100
AcDbLine
 10
323.348406
 20
50.47670799999997
 30
0.0
 11
323.3484060000001
 21
175.5782985718999
 31
0.0
  0
LINE
  5
1091
330
108C
100
AcDbEntity
  8
13100_DIM_TOP
  6
Continuous
 62
     0
370
    -2
100
AcDbLine
 10
323.3484060000001
 20
301.039888
 30
0.0
 11
323.3484060000001
 21
175.9382985718999
 31
0.0
  0
SOLID
  5
1092
330
108C
100
AcDbEntity
  8
13100_DIM_TOP
  6
Continuous
 62
     0
100
AcDbTrace
 10
323.3184060000001
 20
50.47670799999997
 30
0.0
 11
323.378406
 21
50.47670799999997
 31
0.0
 12
323.348406
 22
50.29670799999998
 32
0.0
 13
323.348406
 23
50.29670799999998
 33
0.0
  0
SOLID
  5
1093
330
108C
100
AcDbEntity
  8
13100_DIM_TOP
  6
Continuous
 62
     0
100
AcDbTrace
 10
323.3184060000001
 20
301.039888
 30
0.0
 11
323.378406
 21
301.039888
 31
0.0
 12
323.3484060000001
 22
301.219888
 32
0.0
 13
323.3484060000001
 23
301.219888
 33
0.0
  0
MTEXT
  5
1094
330
108C
100
AcDbEntity
  8
13100_DIM_TOP
  6
Continuous
 62
     0
370
    13
100
AcDbMText
 10
323.348406
 20
175.7582985719
 30
0.0
 40
0.18
 41
0.0
 71
     5
 72
     1
  1
\A1;251
 73
     1
 44
1.0
1001
ACAD
1000
MTEXTBEGIN
1070
    73
1070
     1
1070
    44
1040
1.0
1070
    74
1070
     0
1000
MTEXTEND
  0
POINT
  5
1095
330
108C
100
AcDbEntity
  8
Defpoints
  6
Continuous
 62
     0
100
AcDbPoint
 10
188.426879
 20
50.296708
 30
0.0
  0
POINT
  5
1096
330
108C
100
AcDbEntity
  8
Defpoints
  6
Continuous
 62
     0
100
AcDbPoint
 10
188.426879
 20
301.219888
 30
0.0
  0
POINT
  5
1097
330
108C
100
AcDbEntity
  8
Defpoints
  6
Continuous
 62
     0
100
AcDbPoint
 10
323.3484060000001
 20
301.219888
 30
0.0
  0
ENDBLK
  5
1098
330
108C
100
AcDbEntity
  8
0
100
AcDbBlockEnd
  0
BLOCK
  5
1D41
330
1D40
100
AcDbEntity
  8
0
100
AcDbBlockBegin
  2
*D8
 70
     1
 10
0.0
 20
0.0
 30
0.0
  3
*D8
  1

  0
LINE
  5
1D67
330
1D40
100
AcDbEntity
  8
10100_DIM_FRONT
  6
Continuous
 62
     0
370
    -2
100
AcDbLine
 10
1262.74551500494
 20
327.2575912635624
 30
0.0
 11
1348.39453100494
 21
327.2575912635624
 31
0.0
  0
LINE
  5
1D68
330
1D40
100
AcDbEntity
  8
10100_DIM_FRONT
  6
Continuous
 62
     0
370
    -2
100
AcDbLine
 10
1264.44249300494
 20
398.2575912635624
 30
0.0
 11
1348.39453100494
 21
398.2575912635624
 31
0.0
  0
LINE
  5
1D69
330
1D40
100
AcDbEntity
  8
10100_DIM_FRONT
  6
Continuous
 62
     0
370
    -2
100
AcDbLine
 10
1348.21453100494
 20
327.4375912635623
 30
0.0
 11
1348.21453100494
 21
362.5775918354622
 31
0.0
  0
LINE
  5
1D6A
330
1D40
100
AcDbEntity
  8
10100_DIM_FRONT
  6
Continuous
 62
     0
370
    -2
100
AcDbLine
 10
1348.21453100494
 20
398.0775912635623
 30
0.0
 11
1348.21453100494
 21
362.9375918354622
 31
0.0
  0
SOLID
  5
1D6B
330
1D40
100
AcDbEntity
  8
10100_DIM_FRONT
  6
Continuous
 62
     0
100
AcDbTrace
 10
1348.18453100494
 20
327.4375912635623
 30
0.0
 11
1348.24453100494
 21
327.4375912635623
 31
0.0
 12
1348.21453100494
 22
327.2575912635624
 32
0.0
 13
1348.21453100494
 23
327.2575912635624
 33
0.0
  0
SOLID
  5
1D6C
330
1D40
100
AcDbEntity
  8
10100_DIM_FRONT
  6
Continuous
 62
     0
100
AcDbTrace
 10
1348.18453100494
 20
398.0775912635623
 30
0.0
 11
1348.24453100494
 21
398.0775912635623
 31
0.0
 12
1348.21453100494
 22
398.2575912635624
 32
0.0
 13
1348.21453100494
 23
398.2575912635624
 33
0.0
  0
MTEXT
  5
1D6D
330
1D40
100
AcDbEntity
  8
10100_DIM_FRONT
  6
Continuous
 62
     0
370
    13
100
AcDbMText
 10
1348.21453100494
 20
362.7575918354623
 30
0.0
 40
0.18
 41
0.0
 71
     5
 72
     1
  1
\A1;71.0000
 73
     1
 44
1.0
1001
ACAD
1000
MTEXTBEGIN
1070
    73
1070
     1
1070
    44
1040
1.0
1070
    74
1070
     0
1000
MTEXTEND
  0
POINT
  5
1D6E
330
1D40
100
AcDbEntity
  8
Defpoints
  6
Continuous
 62
     0
100
AcDbPoint
 10
1262.68301500494
 20
327.2575912635624
 30
0.0
  0
POINT
  5
1D6F
330
1D40
100
AcDbEntity
  8
Defpoints
  6
Continuous
 62
     0
100
AcDbPoint
 10
1264.37999300494
 20
398.2575912635624
 30
0.0
  0
POINT
  5
1D70
330
1D40
100
AcDbEntity
  8
Defpoints
  6
Continuous
 62
     0
100
AcDbPoint
 10
1348.21453100494
 20
398.2575912635624
 30
0.0
  0
ENDBLK
  5
1D42
330
1D40
100
AcDbEntity
  8
0
100
AcDbBlockEnd
  0
BLOCK
  5
1D4E
330
1D4D
100
AcDbEntity
  8
0
100
AcDbBlockBegin
  2
*D9
 70
     1
 10
0.0
 20
0.0
 30
0.0
  3
*D9
  1

  0
LINE
  5
1D71
330
1D4D
100
AcDbEntity
  8
13100_DIM_TOP
  6
Continuous
 62
     0
370
    -2
100
AcDbLine
 10
1207.29717000494
 20
53.50641326356234
 30
0.0
 11
1342.33619700494
 21
53.50641326356232
 31
0.0
  0
LINE
  5
1D72
330
1D4D
100
AcDbEntity
  8
13100_DIM_TOP
  6
Continuous
 62
     0
370
    -2
100
AcDbLine
 10
1207.29717000494
 20
304.4295932635623
 30
0.0
 11
1342.33619700494
 21
304.4295932635623
 31
0.0
  0
LINE
  5
1D73
330
1D4D
100
AcDbEntity
  8
13100_DIM_TOP
  6
Continuous
 62
     0
370
    -2
100
AcDbLine
 10
1342.15619700494
 20
53.68641326356232
 30
0.0
 11
1342.15619700494
 21
178.7880038354621
 31
0.0
  0
LINE
  5
1D74
330
1D4D
100
AcDbEntity
  8
13100_DIM_TOP
  6
Continuous
 62
     0
370
    -2
100
AcDbLine
 10
1342.15619700494
 20
304.2495932635623
 30
0.0
 11
1342.15619700494
 21
179.1480038354621
 31
0.0
  0
SOLID
  5
1D75
330
1D4D
100
AcDbEntity
  8
13100_DIM_TOP
  6
Continuous
 62
     0
100
AcDbTrace
 10
1342.12619700494
 20
53.68641326356232
 30
0.0
 11
1342.18619700494
 21
53.68641326356232
 31
0.0
 12
1342.15619700494
 22
53.50641326356232
 32
0.0
 13
1342.15619700494
 23
53.50641326356232
 33
0.0
  0
SOLID
  5
1D76
330
1D4D
100
AcDbEntity
  8
13100_DIM_TOP
  6
Continuous
 62
     0
100
AcDbTrace
 10
1342.12619700494
 20
304.2495932635623
 30
0.0
 11
1342.18619700494
 21
304.2495932635623
 31
0.0
 12
1342.15619700494
 22
304.4295932635623
 32
0.0
 13
1342.15619700494
 23
304.4295932635623
 33
0.0
  0
MTEXT
  5
1D77
330
1D4D
100
AcDbEntity
  8
13100_DIM_TOP
  6
Continuous
 62
     0
370
    13
100
AcDbMText
 10
1342.15619700494
 20
178.9680038354623
 30
0.0
 40
0.18
 41
0.0
 71
     5
 72
     1
  1
\A1;251
 73
     1
 44
1.0
1001
ACAD
1000
MTEXTBEGIN
1070
    73
1070
     1
1070
    44
1040
1.0
1070
    74
1070
     0
1000
MTEXTEND
  0
POINT
  5
1D78
330
1D4D
100
AcDbEntity
  8
Defpoints
  6
Continuous
 62
     0
100
AcDbPoint
 10
1207.23467000494
 20
53.50641326356234
 30
0.0
  0
POINT
  5
1D79
330
1D4D
100
AcDbEntity
  8
Defpoints
  6
Continuous
 62
     0
100
AcDbPoint
 10
1207.23467000494
 20
304.4295932635623
 30
0.0
  0
POINT
  5
1D7A
330
1D4D
100
AcDbEntity
  8
Defpoints
  6
Continuous
 62
     0
100
AcDbPoint
 10
1342.15619700494
 20
304.4295932635623
 30
0.0
  0
ENDBLK
  5
1D4F
330
1D4D
100
AcDbEntity
  8
0
100
AcDbBlockEnd
  0
BLOCK
  5
1D5B
330
1D5A
100
AcDbEntity
  8
0
100
AcDbBlockBegin
  2
*D10
 70
     1
 10
0.0
 20
0.0
 30
0.0
  3
*D10
  1

  0
LINE
  5
1D7B
330
1D5A
100
AcDbEntity
  8
13100_DIM_TOP
  6
Continuous
 62
     0
370
    -2
100
AcDbLine
 10
1081.54600200494
 20
179.0305032635623
 30
0.0
 11
1081.54600200494
 21
310.9137892635623
 31
0.0
  0
LINE
  5
1D7C
330
1D5A
100
AcDbEntity
  8
13100_DIM_TOP
  6
Continuous
 62
     0
370
    -2
100
AcDbLine
 10
1332.92333800494
 20
179.0305032635623
 30
0.0
 11
1332.92333800494
 21
310.9137892635623
 31
0.0
  0
LINE
  5
1D7D
330
1D5A
100
AcDbEntity
  8
13100_DIM_TOP
  6
Continuous
 62
     0
370
    -2
100
AcDbLine
 10
1081.72600200494
 20
310.7337892635623
 30
0.0
 11
1206.97667000494
 21
310.7337892635623
 31
0.0
  0
LINE
  5
1D7E
330
1D5A
100
AcDbEntity
  8
13100_DIM_TOP
  6
Continuous
 62
     0
370
    -2
100
AcDbLine
 10
1332.74333800494
 20
310.7337892635623
 30
0.0
 11
1207.49267000494
 21
310.7337892635623
 31
0.0
  0
SOLID
  5
1D7F
330
1D5A
100
AcDbEntity
  8
13100_DIM_TOP
  6
Continuous
 62
     0
100
AcDbTrace
 10
1081.72600200494
 20
310.7637892635623
 30
0.0
 11
1081.72600200494
 21
310.7037892635623
 31
0.0
 12
1081.54600200494
 22
310.7337892635623
 32
0.0
 13
1081.54600200494
 23
310.7337892635623
 33
0.0
  0
SOLID
  5
1D80
330
1D5A
100
AcDbEntity
  8
13100_DIM_TOP
  6
Continuous
 62
     0
100
AcDbTrace
 10
1332.74333800494
 20
310.7637892635623
 30
0.0
 11
1332.74333800494
 21
310.7037892635623
 31
0.0
 12
1332.92333800494
 22
310.7337892635623
 32
0.0
 13
1332.92333800494
 23
310.7337892635623
 33
0.0
  0
MTEXT
  5
1D81
330
1D5A
100
AcDbEntity
  8
13100_DIM_TOP
  6
Continuous
 62
     0
370
    13
100
AcDbMText
 10
1207.23467000494
 20
310.7337892635623
 30
0.0
 40
0.18
 41
0.0
 71
     5
 72
     1
  1
\A1;251
 73
     1
 44
1.0
1001
ACAD
1000
MTEXTBEGIN
1070
    73
1070
     1
1070
    44
1040
1.0
1070
    74
1070
     0
1000
MTEXTEND
  0
POINT
  5
1D82
330
1D5A
100
AcDbEntity
  8
Defpoints
  6
Continuous
 62
     0
100
AcDbPoint
 10
1081.54600200494
 20
178.9680032635623
 30
0.0
  0
POINT
  5
1D83
330
1D5A
100
AcDbEntity
  8
Defpoints
  6
Continuous
 62
     0
100
AcDbPoint
 10
1332.92333800494
 20
178.9680032635623
 30
0.0
  0
POINT
  5
1D84
330
1D5A
100
AcDbEntity
  8
Defpoints
  6
Continuous
 62
     0
100
AcDbPoint
 10
1332.92333800494
 20
310.7337892635623
 30
0.0
  0
ENDBLK
  5
1D5C
330
1D5A
100
AcDbEntity
  8
0
100
AcDbBlockEnd
  0
BLOCK
  5
1E05
330
1E04
100
AcDbEntity
  8
0
100
AcDbBlockBegin
  2
_D
 70
     0
 10
0.0
 20
0.0
 30
0.0
  3
_D
  1

  0
SOLID
  5
1E06
330
1E04
100
AcDbEntity
  8
0
  6
Continuous
 62
     7
370
     0
100
AcDbTrace
 10
479.8830595224996
 20
580.2725487717
 30
0.0
 11
483.1850595225
 21
579.7645487717
 31
0.0
 12
483.1850595225
 22
580.7805487716999
 32
0.0
 13
483.1850595225
 23
580.7805487716999
 33
0.0
  0
SOLID
  5
1E07
330
1E04
100
AcDbEntity
  8
0
  6
Continuous
 62
     7
370
     0
100
AcDbTrace
 10
731.2603955336999
 20
580.2725487717
 30
0.0
 11
727.9583955336999
 21
580.7805487716999
 31
0.0
 12
727.9583955336999
 22
579.7645487717
 32
0.0
 13
727.9583955336999
 23
579.7645487717
 33
0.0
  0
LINE
  5
1E08
330
1E04
100
AcDbEntity
  8
0
  6
Continuous
 62
     7
370
     0
100
AcDbLine
 10
479.8830595224996
 20
439.8109339887999
 30
0.0
 11
479.8830595224996
 21
581.2725487717
 31
0.0
  0
LINE
  5
1E09
330
1E04
100
AcDbEntity
  8
0
  6
Continuous
 62
     7
370
     0
100
AcDbLine
 10
731.2603955336999
 20
439.8109339887999
 30
0.0
 11
731.2603955336999
 21
581.2725487717
 31
0.0
  0
LINE
  5
1E0A
330
1E04
100
AcDbEntity
  8
0
  6
Continuous
 62
     7
370
     0
100
AcDbLine
 10
479.8830595224996
 20
580.2725487717
 30
0.0
 11
731.2603955336999
 21
580.2725487717
 31
0.0
  0
MTEXT
  5
1E0B
330
1E04
100
AcDbEntity
  8
0
  6
Continuous
 62
     7
370
     0
100
AcDbMText
 10
599.7409024920997
 20
584.7842856862
 30
-29.7934800819
 40
3.5
 41
0.0
 71
     1
 72
     1
  1
251,38
  7
SLDTEXTSTYLE0
 73
     1
 44
1.0
1001
ACAD
1000
MTEXTBEGIN
1070
    73
1070
     1
1070
    44
1040
1.0
1070
    74
1070
     0
1000
MTEXTEND
  0
ENDBLK
  5
1E0C
330
1E04
100
AcDbEntity
  8
0
100
AcDbBlockEnd
  0
BLOCK
  5
1E0E
330
1E0D
100
AcDbEntity
  8
0
100
AcDbBlockBegin
  2
_D_1
 70
     0
 10
0.0
 20
0.0
 30
0.0
  3
_D_1
  1

  0
SOLID
  5
1E0F
330
1E0D
100
AcDbEntity
  8
0
  6
Continuous
 62
     7
370
     0
100
AcDbTrace
 10
753.2604205336999
 20
564.2725237717
 30
0.0
 11
752.7524205336999
 21
560.9705237716999
 31
0.0
 12
753.7684205336999
 22
560.9705237716999
 32
0.0
 13
753.7684205336999
 23
560.9705237716999
 33
0.0
  0
SOLID
  5
1E10
330
1E0D
100
AcDbEntity
  8
0
  6
Continuous
 62
     7
370
     0
100
AcDbTrace
 10
753.2604205336999
 20
313.3493442059
 30
0.0
 11
753.7684205336999
 21
316.6513442059
 31
0.0
 12
752.7524205336999
 22
316.6513442059
 32
0.0
 13
752.7524205336999
 23
316.6513442059
 33
0.0
  0
LINE
  5
1E11
330
1E0D
100
AcDbEntity
  8
0
  6
Continuous
 62
     7
370
     0
100
AcDbLine
 10
606.5717275283
 20
564.2725237717
 30
0.0
 11
754.2604205336999
 21
564.2725237717
 31
0.0
  0
LINE
  5
1E12
330
1E0D
100
AcDbEntity
  8
0
  6
Continuous
 62
     7
370
     0
100
AcDbLine
 10
606.5717275283
 20
313.3493442059
 30
0.0
 11
754.2604205336999
 21
313.3493442059
 31
0.0
  0
LINE
  5
1E13
330
1E0D
100
AcDbEntity
  8
0
  6
Continuous
 62
     7
370
     0
100
AcDbLine
 10
753.2604205336999
 20
564.2725237717
 30
0.0
 11
753.2604205336999
 21
313.3493442059
 31
0.0
  0
MTEXT
  5
1E14
330
1E0D
100
AcDbEntity
  8
0
  6
Continuous
 62
     7
370
     0
100
AcDbMText
 10
748.7486836191
 20
436.3987608477999
 30
-29.7934800819
 40
3.5
 41
0.0
 71
     1
 72
     1
  1
250,92
  7
SLDTEXTSTYLE0
 11
-0.0000000000000106
 21
1.0
 31
0.0
 73
     1
 44
1.0
1001
ACAD
1000
MTEXTBEGIN
1070
    73
1070
     1
1070
    44
1040
1.0
1070
    74
1070
     0
1000
MTEXTEND
  0
ENDBLK
  5
1E15
330
1E0D
100
AcDbEntity
  8
0
100
AcDbBlockEnd
  0
BLOCK
  5
1E17
330
1E16
100
AcDbEntity
  8
0
100
AcDbBlockBegin
  2
_D_2
 70
     0
 10
0.0
 20
0.0
 30
0.0
  3
_D_2
  1

  0
SOLID
  5
1E18
330
1E16
100
AcDbEntity
  8
0
  6
Continuous
 62
     7
370
     0
100
AcDbTrace
 10
905.3446940754
 20
294.0448822273
 30
0.0
 11
902.0426940753999
 21
294.5528822273
 31
0.0
 12
902.0426940753999
 22
293.5368822273
 32
0.0
 13
902.0426940753999
 23
293.5368822273
 33
0.0
  0
SOLID
  5
1E19
330
1E16
100
AcDbEntity
  8
0
  6
Continuous
 62
     7
370
     0
100
AcDbTrace
 10
832.3446940753999
 20
294.0448822273
 30
0.0
 11
835.6466940754
 21
293.5368822273
 31
0.0
 12
835.6466940754
 22
294.5528822273
 32
0.0
 13
835.6466940754
 23
294.5528822273
 33
0.0
  0
LINE
  5
1E1A
330
1E16
100
AcDbEntity
  8
0
  6
Continuous
 62
     7
370
     0
100
AcDbLine
 10
905.3446940754
 20
355.8109339887999
 30
0.0
 11
905.3446940754
 21
293.0448822273
 31
0.0
  0
LINE
  5
1E1B
330
1E16
100
AcDbEntity
  8
0
  6
Continuous
 62
     7
370
     0
100
AcDbLine
 10
832.3446940753999
 20
349.819814153
 30
0.0
 11
832.3446940753999
 21
293.0448822273
 31
0.0
  0
LINE
  5
1E1C
330
1E16
100
AcDbEntity
  8
0
  6
Continuous
 62
     7
370
     0
100
AcDbLine
 10
905.3446940754
 20
294.0448822273
 30
0.0
 11
832.3446940753999
 21
294.0448822273
 31
0.0
  0
MTEXT
  5
1E1D
330
1E16
100
AcDbEntity
  8
0
  6
Continuous
 62
     7
370
     0
100
AcDbMText
 10
866.3967882175999
 20
298.5566191419
 30
0.0999999998
 40
3.5
 41
0.0
 71
     1
 72
     1
  1
73
  7
SLDTEXTSTYLE0
 73
     1
 44
1.0
1001
ACAD
1000
MTEXTBEGIN
1070
    73
1070
     1
1070
    44
1040
1.0
1070
    74
1070
     0
1000
MTEXTEND
  0
ENDBLK
  5
1E1E
330
1E16
100
AcDbEntity
  8
0
100
AcDbBlockEnd
  0
BLOCK
  5
2BEB
330
2BEA
100
AcDbEntity
  8
0
100
AcDbBlockBegin
  2
*D14
 70
     1
 10
0.0
 20
0.0
 30
0.0
  3
*D14
  1

  0
LINE
  5
2C0E
330
2BEA
100
AcDbEntity
  8
0
  6
Continuous
 62
     0
370
    -2
100
AcDbLine
 10
2261.772498790401
 20
123.0115091911672
 30
0.0
 11
2261.772498790401
 21
60.30795742966728
 31
0.0
  0
LINE
  5
2C0F
330
2BEA
100
AcDbEntity
  8
0
  6
Continuous
 62
     0
370
    -2
100
AcDbLine
 10
2188.772498790401
 20
117.0203893553673
 30
0.0
 11
2188.772498790401
 21
60.30795742966728
 31
0.0
  0
LINE
  5
2C10
330
2BEA
100
AcDbEntity
  8
0
  6
Continuous
 62
     0
370
    -2
100
AcDbLine
 10
2258.4704987904
 20
60.30795742966728
 30
0.0
 11
2192.0744987904
 21
60.30795742966728
 31
0.0
  0
SOLID
  5
2C11
330
2BEA
100
AcDbEntity
  8
0
  6
Continuous
 62
     0
100
AcDbTrace
 10
2258.4704987904
 20
60.85829076300061
 30
0.0
 11
2258.4704987904
 21
59.75762409633395
 31
0.0
 12
2261.772498790401
 22
60.30795742966728
 32
0.0
 13
2261.772498790401
 23
60.30795742966728
 33
0.0
  0
SOLID
  5
2C12
330
2BEA
100
AcDbEntity
  8
0
  6
Continuous
 62
     0
100
AcDbTrace
 10
2192.0744987904
 20
60.85829076300061
 30
0.0
 11
2192.0744987904
 21
59.75762409633395
 31
0.0
 12
2188.772498790401
 22
60.30795742966728
 32
0.0
 13
2188.772498790401
 23
60.30795742966728
 33
0.0
  0
MTEXT
  5
2C13
330
2BEA
100
AcDbEntity
  8
0
  6
Continuous
 62
     0
370
     0
100
AcDbMText
 10
2226.8325792136
 20
64.68295742966728
 30
0.0
 40
3.5
 41
0.0
 71
     2
 72
     1
  1
\A1;73
  7
SLDTEXTSTYLE0
 73
     1
 44
1.0
1001
ACAD
1000
MTEXTBEGIN
1070
    73
1070
     1
1070
    44
1040
1.0
1070
    74
1070
     0
1000
MTEXTEND
  0
POINT
  5
2C14
330
2BEA
100
AcDbEntity
  8
Defpoints
  6
Continuous
 62
     0
100
AcDbPoint
 10
2261.772498790401
 20
123.0740091911672
 30
0.0
  0
POINT
  5
2C15
330
2BEA
100
AcDbEntity
  8
Defpoints
  6
Continuous
 62
     0
100
AcDbPoint
 10
2188.772498790401
 20
117.0828893553673
 30
0.0
  0
POINT
  5
2C16
330
2BEA
100
AcDbEntity
  8
Defpoints
  6
Continuous
 62
     0
100
AcDbPoint
 10
2188.772498790401
 20
60.30795742966728
 30
0.0
  0
ENDBLK
  5
2BEC
330
2BEA
100
AcDbEntity
  8
0
100
AcDbBlockEnd
  0
BLOCK
  5
2BF7
330
2BF6
100
AcDbEntity
  8
0
100
AcDbBlockBegin
  2
*D15
 70
     1
 10
0.0
 20
0.0
 30
0.0
  3
*D15
  1

  0
LINE
  5
2C17
330
2BF6
100
AcDbEntity
  8
0
  6
Continuous
 62
     0
370
    -2
100
AcDbLine
 10
1836.3108642375
 20
205.1365091911673
 30
0.0
 11
1836.3108642375
 21
346.5356239740673
 31
0.0
  0
LINE
  5
2C18
330
2BF6
100
AcDbEntity
  8
0
  6
Continuous
 62
     0
370
    -2
100
AcDbLine
 10
2087.6882002487
 20
205.1365091911673
 30
0.0
 11
2087.6882002487
 21
346.5356239740673
 31
0.0
  0
LINE
  5
2C19
330
2BF6
100
AcDbEntity
  8
0
  6
Continuous
 62
     0
370
    -2
100
AcDbLine
 10
1839.6128642375
 20
346.5356239740673
 30
0.0
 11
2084.3862002487
 21
346.5356239740673
 31
0.0
  0
SOLID
  5
2C1A
330
2BF6
100
AcDbEntity
  8
0
  6
Continuous
 62
     0
100
AcDbTrace
 10
1839.6128642375
 20
347.0859573074007
 30
0.0
 11
1839.6128642375
 21
345.985290640734
 31
0.0
 12
1836.3108642375
 22
346.5356239740673
 32
0.0
 13
1836.3108642375
 23
346.5356239740673
 33
0.0
  0
SOLID
  5
2C1B
330
2BF6
100
AcDbEntity
  8
0
  6
Continuous
 62
     0
100
AcDbTrace
 10
2084.3862002487
 20
347.0859573074007
 30
0.0
 11
2084.3862002487
 21
345.985290640734
 31
0.0
 12
2087.6882002487
 22
346.5356239740673
 32
0.0
 13
2087.6882002487
 23
346.5356239740673
 33
0.0
  0
MTEXT
  5
2C1C
330
2BF6
100
AcDbEntity
  8
0
  6
Continuous
 62
     0
370
     0
100
AcDbMText
 10
1964.7023880186
 20
350.9106239740674
 30
0.0
 40
3.5
 41
0.0
 71
     2
 72
     1
  1
\A1;251.38
  7
SLDTEXTSTYLE0
 73
     1
 44
1.0
1001
ACAD
1000
MTEXTBEGIN
1070
    73
1070
     1
1070
    44
1040
1.0
1070
    74
1070
     0
1000
MTEXTEND
  0
POINT
  5
2C1D
330
2BF6
100
AcDbEntity
  8
Defpoints
  6
Continuous
 62
     0
100
AcDbPoint
 10
1836.3108642375
 20
205.0740091911673
 30
0.0
  0
POINT
  5
2C1E
330
2BF6
100
AcDbEntity
  8
Defpoints
  6
Continuous
 62
     0
100
AcDbPoint
 10
2087.6882002487
 20
205.0740091911673
 30
0.0
  0
POINT
  5
2C1F
330
2BF6
100
AcDbEntity
  8
Defpoints
  6
Continuous
 62
     0
100
AcDbPoint
 10
2087.6882002487
 20
346.5356239740673
 30
0.0
  0
ENDBLK
  5
2BF8
330
2BF6
100
AcDbEntity
  8
0
100
AcDbBlockEnd
  0
BLOCK
  5
2C03
330
2C02
100
AcDbEntity
  8
0
100
AcDbBlockBegin
  2
*D16
 70
     1
 10
0.0
 20
0.0
 30
0.0
  3
*D16
  1

  0
LINE
  5
2C20
330
2C02
100
AcDbEntity
  8
0
  6
Continuous
 62
     0
370
    -2
100
AcDbLine
 10
1962.0620322433
 20
330.5355989740673
 30
0.0
 11
2109.6882252487
 21
330.5355989740673
 31
0.0
  0
LINE
  5
2C21
330
2C02
100
AcDbEntity
  8
0
  6
Continuous
 62
     0
370
    -2
100
AcDbLine
 10
1962.0620322433
 20
79.61241940826733
 30
0.0
 11
2109.6882252487
 21
79.61241940826727
 31
0.0
  0
LINE
  5
2C22
330
2C02
100
AcDbEntity
  8
0
  6
Continuous
 62
     0
370
    -2
100
AcDbLine
 10
2109.6882252487
 20
327.2335989740672
 30
0.0
 11
2109.6882252487
 21
82.91441940826729
 31
0.0
  0
SOLID
  5
2C23
330
2C02
100
AcDbEntity
  8
0
  6
Continuous
 62
     0
100
AcDbTrace
 10
2109.137891915366
 20
327.2335989740672
 30
0.0
 11
2110.238558582033
 21
327.2335989740672
 31
0.0
 12
2109.6882252487
 22
330.5355989740673
 32
0.0
 13
2109.6882252487
 23
330.5355989740673
 33
0.0
  0
SOLID
  5
2C24
330
2C02
100
AcDbEntity
  8
0
  6
Continuous
 62
     0
100
AcDbTrace
 10
2109.137891915366
 20
82.91441940826729
 30
0.0
 11
2110.238558582033
 21
82.91441940826729
 31
0.0
 12
2109.6882252487
 22
79.61241940826727
 32
0.0
 13
2109.6882252487
 23
79.61241940826727
 33
0.0
  0
MTEXT
  5
2C25
330
2C02
100
AcDbEntity
  8
0
  6
Continuous
 62
     0
370
     0
100
AcDbMText
 10
2105.3132252487
 20
211.1955168616673
 30
0.0
 40
3.5
 41
0.0
 71
     2
 72
     1
  1
\A1;250.92
  7
SLDTEXTSTYLE0
 11
0.0000000000000001
 21
1.0
 31
0.0
 73
     1
 44
1.0
1001
ACAD
1000
MTEXTBEGIN
1070
    73
1070
     1
1070
    44
1040
1.0
1070
    74
1070
     0
1000
MTEXTEND
  0
POINT
  5
2C26
330
2C02
100
AcDbEntity
  8
Defpoints
  6
Continuous
 62
     0
100
AcDbPoint
 10
1961.9995322433
 20
330.5355989740673
 30
0.0
  0
POINT
  5
2C27
330
2C02
100
AcDbEntity
  8
Defpoints
  6
Continuous
 62
     0
100
AcDbPoint
 10
1961.9995322433
 20
79.61241940826733
 30
0.0
  0
POINT
  5
2C28
330
2C02
100
AcDbEntity
  8
Defpoints
  6
Continuous
 62
     0
100
AcDbPoint
 10
2109.6882252487
 20
79.61241940826727
 30
0.0
  0
ENDBLK
  5
2C04
330
2C02
100
AcDbEntity
  8
0
100
AcDbBlockEnd
  0
BLOCK
  5
39F7
330
39F6
100
AcDbEntity
  8
0
100
AcDbBlockBegin
  2
*D17
 70
     1
 10
0.0
 20
0.0
 30
0.0
  3
*D17
  1

  0
LINE
  5
6819
330
39F6
100
AcDbEntity
  8
0
 62
     0
370
    -2
100
AcDbLine
 10
655.5418306915702
 20
195.9417071871204
 30
0.0
 11
655.5418306915702
 21
133.2381554256204
 31
0.0
  0
LINE
  5
681A
330
39F6
100
AcDbEntity
  8
0
 62
     0
370
    -2
100
AcDbLine
 10
582.5418306915702
 20
189.9505873513205
 30
0.0
 11
582.5418306915702
 21
133.2381554256204
 31
0.0
  0
LINE
  5
681B
330
39F6
100
AcDbEntity
  8
0
 62
     0
370
    -2
100
AcDbLine
 10
652.2398306915703
 20
133.2381554256204
 30
0.0
 11
585.8438306915702
 21
133.2381554256204
 31
0.0
  0
SOLID
  5
681C
330
39F6
100
AcDbEntity
  8
0
 62
     0
100
AcDbTrace
 10
652.2398306915703
 20
133.7884887589537
 30
0.0
 11
652.2398306915703
 21
132.6878220922871
 31
0.0
 12
655.5418306915702
 22
133.2381554256204
 32
0.0
 13
655.5418306915702
 23
133.2381554256204
 33
0.0
  0
SOLID
  5
681D
330
39F6
100
AcDbEntity
  8
0
 62
     0
100
AcDbTrace
 10
585.8438306915702
 20
133.7884887589537
 30
0.0
 11
585.8438306915702
 21
132.6878220922871
 31
0.0
 12
582.5418306915702
 22
133.2381554256204
 32
0.0
 13
582.5418306915702
 23
133.2381554256204
 33
0.0
  0
MTEXT
  5
681E
330
39F6
100
AcDbEntity
  8
0
 62
     0
370
    13
100
AcDbMText
 10
620.6019111147702
 20
137.6131554256204
 30
0.0
 40
3.5
 41
0.0
 71
     2
 72
     1
  1
\A1;73
  7
SLDTEXTSTYLE0
 73
     1
 44
1.0
1001
ACAD
1000
MTEXTBEGIN
1070
    73
1070
     1
1070
    44
1040
1.0
1070
    74
1070
     0
1000
MTEXTEND
  0
POINT
  5
681F
330
39F6
100
AcDbEntity
  8
Defpoints
 62
     0
100
AcDbPoint
 10
655.5418306915702
 20
196.0042071871204
 30
0.0
  0
POINT
  5
6820
330
39F6
100
AcDbEntity
  8
Defpoints
 62
     0
100
AcDbPoint
 10
582.5418306915702
 20
190.0130873513204
 30
0.0
  0
POINT
  5
6821
330
39F6
100
AcDbEntity
  8
Defpoints
 62
     0
100
AcDbPoint
 10
582.5418306915702
 20
133.2381554256204
 30
0.0
  0
ENDBLK
  5
39F8
330
39F6
100
AcDbEntity
  8
0
100
AcDbBlockEnd
  0
BLOCK
  5
3A03
330
3A02
100
AcDbEntity
  8
0
100
AcDbBlockBegin
  2
*D18
 70
     1
 10
0.0
 20
0.0
 30
0.0
  3
*D18
  1

  0
LINE
  5
6AF0
330
3A02
100
AcDbEntity
  8
10000_FRONT
 62
     0
370
    -2
100
AcDbLine
 10
230.0801961386704
 20
277.9417071871204
 30
0.0
 11
230.0801961386704
 21
136.5425924042204
 31
0.0
  0
LINE
  5
6AF1
330
3A02
100
AcDbEntity
  8
10000_FRONT
 62
     0
370
    -2
100
AcDbLine
 10
481.4575321498702
 20
277.9417071871204
 30
0.0
 11
481.4575321498702
 21
136.5425924042204
 31
0.0
  0
LINE
  5
6AF2
330
3A02
100
AcDbEntity
  8
10000_FRONT
 62
     0
370
    -2
100
AcDbLine
 10
233.3821961386703
 20
136.5425924042204
 30
0.0
 11
478.1555321498702
 21
136.5425924042204
 31
0.0
  0
SOLID
  5
6AF3
330
3A02
100
AcDbEntity
  8
10000_FRONT
 62
     0
100
AcDbTrace
 10
233.3821961386703
 20
137.0929257375537
 30
0.0
 11
233.3821961386703
 21
135.9922590708871
 31
0.0
 12
230.0801961386704
 22
136.5425924042204
 32
0.0
 13
230.0801961386704
 23
136.5425924042204
 33
0.0
  0
SOLID
  5
6AF4
330
3A02
100
AcDbEntity
  8
10000_FRONT
 62
     0
100
AcDbTrace
 10
478.1555321498702
 20
137.0929257375537
 30
0.0
 11
478.1555321498702
 21
135.9922590708871
 31
0.0
 12
481.4575321498702
 22
136.5425924042204
 32
0.0
 13
481.4575321498702
 23
136.5425924042204
 33
0.0
  0
MTEXT
  5
6AF5
330
3A02
100
AcDbEntity
  8
10000_FRONT
 62
     0
370
    13
100
AcDbMText
 10
355.0054572279703
 20
140.9175924042204
 30
0.0
 40
3.5
 41
0.0
 71
     2
 72
     1
  1
\A1;251
  7
SLDTEXTSTYLE0
 73
     1
 44
1.0
1001
ACAD
1000
MTEXTBEGIN
1070
    73
1070
     1
1070
    44
1040
1.0
1070
    74
1070
     0
1000
MTEXTEND
  0
POINT
  5
6AF6
330
3A02
100
AcDbEntity
  8
Defpoints
 62
     0
100
AcDbPoint
 10
230.0801961386704
 20
278.0042071871204
 30
0.0
  0
POINT
  5
6AF7
330
3A02
100
AcDbEntity
  8
Defpoints
 62
     0
100
AcDbPoint
 10
481.4575321498702
 20
278.0042071871204
 30
0.0
  0
POINT
  5
6AF8
330
3A02
100
AcDbEntity
  8
Defpoints
 62
     0
100
AcDbPoint
 10
481.4575321498702
 20
136.5425924042204
 30
0.0
  0
ENDBLK
  5
3A04
330
3A02
100
AcDbEntity
  8
0
100
AcDbBlockEnd
  0
BLOCK
  5
3A0F
330
3A0E
100
AcDbEntity
  8
0
100
AcDbBlockBegin
  2
*D19
 70
     1
 10
0.0
 20
0.0
 30
0.0
  3
*D19
  1

  0
LINE
  5
6AE7
330
3A0E
100
AcDbEntity
  8
10000_FRONT
 62
     0
370
    -2
100
AcDbLine
 10
355.8313641444703
 20
403.4657969700202
 30
0.0
 11
503.4575571498702
 21
403.4657969700202
 31
0.0
  0
LINE
  5
6AE8
330
3A0E
100
AcDbEntity
  8
10000_FRONT
 62
     0
370
    -2
100
AcDbLine
 10
355.8313641444703
 20
152.5426174042204
 30
0.0
 11
503.4575571498702
 21
152.5426174042204
 31
0.0
  0
LINE
  5
6AE9
330
3A0E
100
AcDbEntity
  8
10000_FRONT
 62
     0
370
    -2
100
AcDbLine
 10
503.4575571498702
 20
400.1637969700201
 30
0.0
 11
503.4575571498702
 21
155.8446174042203
 31
0.0
  0
SOLID
  5
6AEA
330
3A0E
100
AcDbEntity
  8
10000_FRONT
 62
     0
100
AcDbTrace
 10
502.907223816537
 20
400.1637969700201
 30
0.0
 11
504.0078904832036
 21
400.1637969700201
 31
0.0
 12
503.4575571498702
 22
403.4657969700202
 32
0.0
 13
503.4575571498702
 23
403.4657969700202
 33
0.0
  0
SOLID
  5
6AEB
330
3A0E
100
AcDbEntity
  8
10000_FRONT
 62
     0
100
AcDbTrace
 10
502.9072238165367
 20
155.8446174042203
 30
0.0
 11
504.0078904832036
 21
155.8446174042203
 31
0.0
 12
503.4575571498702
 22
152.5426174042204
 32
0.0
 13
503.4575571498702
 23
152.5426174042204
 33
0.0
  0
MTEXT
  5
6AEC
330
3A0E
100
AcDbEntity
  8
10000_FRONT
 62
     0
370
    13
100
AcDbMText
 10
499.0825571498702
 20
284.1257148576204
 30
0.0
 40
3.5
 41
0.0
 71
     2
 72
     1
  1
\A1;251
  7
SLDTEXTSTYLE0
 11
0.0000000000000001
 21
1.0
 31
0.0
 73
     1
 44
1.0
1001
ACAD
1000
MTEXTBEGIN
1070
    73
1070
     1
1070
    44
1040
1.0
1070
    74
1070
     0
1000
MTEXTEND
  0
POINT
  5
6AED
330
3A0E
100
AcDbEntity
  8
Defpoints
 62
     0
100
AcDbPoint
 10
355.7688641444703
 20
403.4657969700202
 30
0.0
  0
POINT
  5
6AEE
330
3A0E
100
AcDbEntity
  8
Defpoints
 62
     0
100
AcDbPoint
 10
355.7688641444703
 20
152.5426174042204
 30
0.0
  0
POINT
  5
6AEF
330
3A0E
100
AcDbEntity
  8
Defpoints
 62
     0
100
AcDbPoint
 10
503.4575571498702
 20
152.5426174042204
 30
0.0
  0
ENDBLK
  5
3A10
330
3A0E
100
AcDbEntity
  8
0
100
AcDbBlockEnd
  0
BLOCK
  5
3AB4
330
3AB3
100
AcDbEntity
  8
0
100
AcDbBlockBegin
  2
_D_3
 70
     0
 10
0.0
 20
0.0
 30
0.0
  3
_D_3
  1

  0
SOLID
  5
3AB5
330
3AB3
100
AcDbEntity
  8
0
  6
Continuous
 62
     7
370
     0
100
AcDbTrace
 10
900.3446940753999
 20
273.3493192059
 30
0.0
 11
897.0426940753998
 21
273.8573192059
 31
0.0
 12
897.0426940753998
 22
272.8413192059
 32
0.0
 13
897.0426940753998
 23
272.8413192059
 33
0.0
  0
SOLID
  5
3AB6
330
3AB3
100
AcDbEntity
  8
0
  6
Continuous
 62
     7
370
     0
100
AcDbTrace
 10
832.3446940753999
 20
273.3493192059
 30
0.0
 11
835.6466940754
 21
272.8413192059
 31
0.0
 12
835.6466940754
 22
273.8573192059
 32
0.0
 13
835.6466940754
 23
273.8573192059
 33
0.0
  0
LINE
  5
3AB7
330
3AB3
100
AcDbEntity
  8
0
  6
Continuous
 62
     7
370
     0
100
AcDbLine
 10
900.3446940753999
 20
366.3987718251001
 30
0.0
 11
900.3446940753999
 21
272.3493192059
 31
0.0
  0
LINE
  5
3AB8
330
3AB3
100
AcDbEntity
  8
0
  6
Continuous
 62
     7
370
     0
100
AcDbLine
 10
832.3446940753999
 20
360.3109339887999
 30
0.0
 11
832.3446940753999
 21
272.3493192059
 31
0.0
  0
LINE
  5
3AB9
330
3AB3
100
AcDbEntity
  8
0
  6
Continuous
 62
     7
370
     0
100
AcDbLine
 10
900.3446940753999
 20
273.3493192059
 30
0.0
 11
832.3446940753999
 21
273.3493192059
 31
0.0
  0
MTEXT
  5
3ABA
330
3AB3
100
AcDbEntity
  8
0
  6
Continuous
 62
     7
370
     0
100
AcDbMText
 10
857.2559518166
 20
277.8610561204
 30
0.0999999998
 40
3.5
 41
0.0
 71
     1
 72
     1
  1
68
  7
SLDTEXTSTYLE0
 73
     1
 44
1.0
1001
ACAD
1000
MTEXTBEGIN
1070
    73
1070
     1
1070
    44
1040
1.0
1070
    74
1070
     0
1000
MTEXTEND
  0
ENDBLK
  5
3ABB
330
3AB3
100
AcDbEntity
  8
0
100
AcDbBlockEnd
  0
BLOCK
  5
6322
330
6321
100
AcDbEntity
  8
0
100
AcDbBlockBegin
  2
*D21
 70
     1
 10
0.0
 20
0.0
 30
0.0
  3
*D21
  1

  0
LINE
  5
6ADE
330
6321
100
AcDbEntity
  8
10000_FRONT
 62
     0
370
    -2
100
AcDbLine
 10
119.3554688006393
 20
198.0042071871204
 30
0.0
 11
162.4816659765392
 21
198.0042071871204
 31
0.0
  0
LINE
  5
6ADF
330
6321
100
AcDbEntity
  8
10000_FRONT
 62
     0
370
    -2
100
AcDbLine
 10
27.35546886493945
 20
385.0042071871205
 30
0.0
 11
162.4816659765392
 21
385.0042071871205
 31
0.0
  0
LINE
  5
6AE0
330
6321
100
AcDbEntity
  8
10000_FRONT
 62
     0
370
    -2
100
AcDbLine
 10
162.4816659765392
 20
201.3062071871204
 30
0.0
 11
162.4816659765392
 21
381.7022071871205
 31
0.0
  0
SOLID
  5
6AE1
330
6321
100
AcDbEntity
  8
10000_FRONT
 62
     0
100
AcDbTrace
 10
161.9313326432059
 20
201.3062071871204
 30
0.0
 11
163.0319993098725
 21
201.3062071871204
 31
0.0
 12
162.4816659765392
 22
198.0042071871204
 32
0.0
 13
162.4816659765392
 23
198.0042071871204
 33
0.0
  0
SOLID
  5
6AE2
330
6321
100
AcDbEntity
  8
10000_FRONT
 62
     0
100
AcDbTrace
 10
161.9313326432059
 20
381.7022071871205
 30
0.0
 11
163.0319993098726
 21
381.7022071871205
 31
0.0
 12
162.4816659765392
 22
385.0042071871205
 32
0.0
 13
162.4816659765392
 23
385.0042071871205
 33
0.0
  0
MTEXT
  5
6AE3
330
6321
100
AcDbEntity
  8
10000_FRONT
 62
     0
370
    13
100
AcDbMText
 10
158.1066659765392
 20
284.1257148576206
 30
0.0
 40
3.5
 41
0.0
 71
     2
 72
     1
  1
\A1;187
  7
SLDTEXTSTYLE0
 11
0.0000000000000001
 21
1.0
 31
0.0
 73
     1
 44
1.0
1001
ACAD
1000
MTEXTBEGIN
1070
    73
1070
     1
1070
    44
1040
1.0
1070
    74
1070
     0
1000
MTEXTEND
  0
POINT
  5
6AE4
330
6321
100
AcDbEntity
  8
Defpoints
 62
     0
100
AcDbPoint
 10
119.2929688006393
 20
198.0042071871204
 30
0.0
  0
POINT
  5
6AE5
330
6321
100
AcDbEntity
  8
Defpoints
 62
     0
100
AcDbPoint
 10
27.29296886493945
 20
385.0042071871205
 30
0.0
  0
POINT
  5
6AE6
330
6321
100
AcDbEntity
  8
Defpoints
 62
     0
100
AcDbPoint
 10
162.4816659765392
 20
385.0042071871205
 30
0.0
  0
ENDBLK
  5
6323
330
6321
100
AcDbEntity
  8
0
100
AcDbBlockEnd
  0
BLOCK
  5
632E
330
632D
100
AcDbEntity
  8
0
100
AcDbBlockBegin
  2
*D22
 70
     1
 10
0.0
 20
0.0
 30
0.0
  3
*D22
  1

  0
LINE
  5
6AD5
330
632D
100
AcDbEntity
  8
10000_FRONT
 62
     0
370
    -2
100
AcDbLine
 10
-71.20702702886068
 20
191.4417113574205
 30
0.0
 11
-71.20702702886068
 21
136.5425924042204
 31
0.0
  0
LINE
  5
6AD6
330
632D
100
AcDbEntity
  8
10000_FRONT
 62
     0
370
    -2
100
AcDbLine
 10
112.7929729711393
 20
191.4417113575204
 30
0.0
 11
112.7929729711393
 21
136.5425924042204
 31
0.0
  0
LINE
  5
6AD7
330
632D
100
AcDbEntity
  8
10000_FRONT
 62
     0
370
    -2
100
AcDbLine
 10
-67.90502702886067
 20
136.5425924042204
 30
0.0
 11
109.4909729711392
 21
136.5425924042204
 31
0.0
  0
SOLID
  5
6AD8
330
632D
100
AcDbEntity
  8
10000_FRONT
 62
     0
100
AcDbTrace
 10
-67.90502702886067
 20
137.0929257375537
 30
0.0
 11
-67.90502702886067
 21
135.9922590708871
 31
0.0
 12
-71.20702702886068
 22
136.5425924042204
 32
0.0
 13
-71.20702702886068
 23
136.5425924042204
 33
0.0
  0
SOLID
  5
6AD9
330
632D
100
AcDbEntity
  8
10000_FRONT
 62
     0
100
AcDbTrace
 10
109.4909729711392
 20
137.0929257375537
 30
0.0
 11
109.4909729711392
 21
135.9922590708871
 31
0.0
 12
112.7929729711393
 22
136.5425924042204
 32
0.0
 13
112.7929729711393
 23
136.5425924042204
 33
0.0
  0
MTEXT
  5
6ADA
330
632D
100
AcDbEntity
  8
10000_FRONT
 62
     0
370
    13
100
AcDbMText
 10
27.39393313143933
 20
140.9175924042204
 30
0.0
 40
3.5
 41
0.0
 71
     2
 72
     1
  1
\A1;184
  7
SLDTEXTSTYLE0
 73
     1
 44
1.0
1001
ACAD
1000
MTEXTBEGIN
1070
    73
1070
     1
1070
    44
1040
1.0
1070
    74
1070
     0
1000
MTEXTEND
  0
POINT
  5
6ADB
330
632D
100
AcDbEntity
  8
Defpoints
 62
     0
100
AcDbPoint
 10
-71.20702702886068
 20
191.5042113574205
 30
0.0
  0
POINT
  5
6ADC
330
632D
100
AcDbEntity
  8
Defpoints
 62
     0
100
AcDbPoint
 10
112.7929729711393
 20
191.5042113575204
 30
0.0
  0
POINT
  5
6ADD
330
632D
100
AcDbEntity
  8
Defpoints
 62
     0
100
AcDbPoint
 10
112.7929729711393
 20
136.5425924042204
 30
0.0
  0
ENDBLK
  5
632F
330
632D
100
AcDbEntity
  8
0
100
AcDbBlockEnd
  0
BLOCK
  5
633A
330
6339
100
AcDbEntity
  8
0
100
AcDbBlockBegin
  2
*D23
 70
     1
 10
0.0
 20
0.0
 30
0.0
  3
*D23
  1

  0
LINE
  5
63C6
330
6339
100
AcDbEntity
  8
0
  6
Continuous
 62
     0
370
    -2
100
AcDbLine
 10
726.6709529072836
 20
136.7160273690471
 30
0.0
 11
726.6709529072836
 21
80.00359544334704
 31
0.0
  0
LINE
  5
63C7
330
6339
100
AcDbEntity
  8
0
  6
Continuous
 62
     0
370
    -2
100
AcDbLine
 10
783.1709529072838
 20
117.419738114647
 30
0.0
 11
783.1709529072838
 21
80.00359544334704
 31
0.0
  0
LINE
  5
63C8
330
6339
100
AcDbEntity
  8
0
  6
Continuous
 62
     0
370
    -2
100
AcDbLine
 10
729.9729529072838
 20
80.00359544334704
 30
0.0
 11
779.8689529072836
 21
80.00359544334704
 31
0.0
  0
SOLID
  5
63C9
330
6339
100
AcDbEntity
  8
0
  6
Continuous
 62
     0
100
AcDbTrace
 10
729.9729529072838
 20
80.55392877668039
 30
0.0
 11
729.9729529072838
 21
79.45326211001371
 31
0.0
 12
726.6709529072836
 22
80.00359544334704
 32
0.0
 13
726.6709529072836
 23
80.00359544334704
 33
0.0
  0
SOLID
  5
63CA
330
6339
100
AcDbEntity
  8
0
  6
Continuous
 62
     0
100
AcDbTrace
 10
779.8689529072836
 20
80.55392877668039
 30
0.0
 11
779.8689529072836
 21
79.45326211001371
 31
0.0
 12
783.1709529072838
 22
80.00359544334704
 32
0.0
 13
783.1709529072838
 23
80.00359544334704
 33
0.0
  0
MTEXT
  5
63CB
330
6339
100
AcDbEntity
  8
0
  6
Continuous
 62
     0
370
     0
100
AcDbMText
 10
755.5901969295837
 20
84.37859544334704
 30
0.0
 40
3.5
 41
0.0
 71
     2
 72
     1
  1
\A1;56.5
  7
SLDTEXTSTYLE0
 73
     1
 44
1.0
1001
ACAD
1000
MTEXTBEGIN
1070
    73
1070
     1
1070
    44
1040
1.0
1070
    74
1070
     0
1000
MTEXTEND
  0
POINT
  5
63CC
330
6339
100
AcDbEntity
  8
Defpoints
  6
Continuous
 62
     0
100
AcDbPoint
 10
726.6709529072836
 20
136.778527369047
 30
0.0
  0
POINT
  5
63CD
330
6339
100
AcDbEntity
  8
Defpoints
  6
Continuous
 62
     0
100
AcDbPoint
 10
783.1709529072838
 20
117.482238114647
 30
0.0
  0
POINT
  5
63CE
330
6339
100
AcDbEntity
  8
Defpoints
  6
Continuous
 62
     0
100
AcDbPoint
 10
783.1709529072838
 20
80.00359544334704
 30
0.0
  0
ENDBLK
  5
633B
330
6339
100
AcDbEntity
  8
0
100
AcDbBlockEnd
  0
BLOCK
  5
6346
330
6345
100
AcDbEntity
  8
0
100
AcDbBlockBegin
  2
*D24
 70
     1
 10
0.0
 20
0.0
 30
0.0
  3
*D24
  1

  0
LINE
  5
63CF
330
6345
100
AcDbEntity
  8
0
  6
Continuous
 62
     0
370
    -2
100
AcDbLine
 10
794.6709529072836
 20
153.294985041147
 30
0.0
 11
794.6709529072836
 21
59.30803242194703
 31
0.0
  0
LINE
  5
63D0
330
6345
100
AcDbEntity
  8
0
  6
Continuous
 62
     0
370
    -2
100
AcDbLine
 10
726.6709529072836
 20
147.207147204847
 30
0.0
 11
726.6709529072836
 21
59.30803242194703
 31
0.0
  0
LINE
  5
63D1
330
6345
100
AcDbEntity
  8
0
  6
Continuous
 62
     0
370
    -2
100
AcDbLine
 10
791.3689529072836
 20
59.30803242194703
 30
0.0
 11
729.9729529072838
 21
59.30803242194703
 31
0.0
  0
SOLID
  5
63D2
330
6345
100
AcDbEntity
  8
0
  6
Continuous
 62
     0
100
AcDbTrace
 10
791.3689529072836
 20
59.85836575528036
 30
0.0
 11
791.3689529072836
 21
58.7576990886137
 31
0.0
 12
794.6709529072836
 22
59.30803242194703
 32
0.0
 13
794.6709529072836
 23
59.30803242194703
 33
0.0
  0
SOLID
  5
63D3
330
6345
100
AcDbEntity
  8
0
  6
Continuous
 62
     0
100
AcDbTrace
 10
729.9729529072838
 20
59.85836575528036
 30
0.0
 11
729.9729529072838
 21
58.7576990886137
 31
0.0
 12
726.6709529072836
 22
59.30803242194703
 32
0.0
 13
726.6709529072836
 23
59.30803242194703
 33
0.0
  0
MTEXT
  5
63D4
330
6345
100
AcDbEntity
  8
0
  6
Continuous
 62
     0
370
     0
100
AcDbMText
 10
755.5901969295837
 20
63.68303242194703
 30
0.0
 40
3.5
 41
0.0
 71
     2
 72
     1
  1
\A1;68
  7
SLDTEXTSTYLE0
 73
     1
 44
1.0
1001
ACAD
1000
MTEXTBEGIN
1070
    73
1070
     1
1070
    44
1040
1.0
1070
    74
1070
     0
1000
MTEXTEND
  0
POINT
  5
63D5
330
6345
100
AcDbEntity
  8
Defpoints
  6
Continuous
 62
     0
100
AcDbPoint
 10
794.6709529072836
 20
153.357485041147
 30
0.0
  0
POINT
  5
63D6
330
6345
100
AcDbEntity
  8
Defpoints
  6
Continuous
 62
     0
100
AcDbPoint
 10
726.6709529072836
 20
147.269647204847
 30
0.0
  0
POINT
  5
63D7
330
6345
100
AcDbEntity
  8
Defpoints
  6
Continuous
 62
     0
100
AcDbPoint
 10
726.6709529072836
 20
59.30803242194703
 30
0.0
  0
ENDBLK
  5
6347
330
6345
100
AcDbEntity
  8
0
100
AcDbBlockEnd
  0
BLOCK
  5
68DD
330
68DC
100
AcDbEntity
  8
0
100
AcDbBlockBegin
  2
*D25
 70
     1
 10
0.0
 20
0.0
 30
0.0
  3
*D25
  1

  0
LINE
  5
68DE
330
68DC
100
AcDbEntity
  8
11000_LEFT
 62
     0
370
    -2
100
AcDbLine
 10
655.5418307367872
 20
195.9417106745123
 30
0.0
 11
655.5418307367872
 21
133.2381589130123
 31
0.0
  0
LINE
  5
68DF
330
68DC
100
AcDbEntity
  8
11000_LEFT
 62
     0
370
    -2
100
AcDbLine
 10
582.5418307367875
 20
189.9505908387123
 30
0.0
 11
582.5418307367875
 21
133.2381589130123
 31
0.0
  0
LINE
  5
68E0
330
68DC
100
AcDbEntity
  8
11000_LEFT
 62
     0
370
    -2
100
AcDbLine
 10
652.2398307367872
 20
133.2381589130123
 30
0.0
 11
585.8438307367872
 21
133.2381589130123
 31
0.0
  0
SOLID
  5
68E1
330
68DC
100
AcDbEntity
  8
11000_LEFT
 62
     0
100
AcDbTrace
 10
652.2398307367872
 20
133.7884922463456
 30
0.0
 11
652.2398307367872
 21
132.6878255796789
 31
0.0
 12
655.5418307367872
 22
133.2381589130123
 32
0.0
 13
655.5418307367872
 23
133.2381589130123
 33
0.0
  0
SOLID
  5
68E2
330
68DC
100
AcDbEntity
  8
11000_LEFT
 62
     0
100
AcDbTrace
 10
585.8438307367872
 20
133.7884922463456
 30
0.0
 11
585.8438307367872
 21
132.6878255796789
 31
0.0
 12
582.5418307367875
 22
133.2381589130123
 32
0.0
 13
582.5418307367875
 23
133.2381589130123
 33
0.0
  0
MTEXT
  5
68E3
330
68DC
100
AcDbEntity
  8
11000_LEFT
 62
     0
370
    13
100
AcDbMText
 10
620.6019111599872
 20
137.6131589130123
 30
0.0
 40
3.5
 41
0.0
 71
     2
 72
     1
  1
\A1;73
  7
SLDTEXTSTYLE0
 73
     1
 44
1.0
1001
ACAD
1000
MTEXTBEGIN
1070
    73
1070
     1
1070
    44
1040
1.0
1070
    74
1070
     0
1000
MTEXTEND
  0
POINT
  5
68E4
330
68DC
100
AcDbEntity
  8
Defpoints
 62
     0
100
AcDbPoint
 10
655.5418307367872
 20
196.0042106745121
 30
0.0
  0
POINT
  5
68E5
330
68DC
100
AcDbEntity
  8
Defpoints
 62
     0
100
AcDbPoint
 10
582.5418307367875
 20
190.0130908387123
 30
0.0
  0
POINT
  5
68E6
330
68DC
100
AcDbEntity
  8
Defpoints
 62
     0
100
AcDbPoint
 10
582.5418307367875
 20
133.2381589130123
 30
0.0
  0
ENDBLK
  5
68E7
330
68DC
100
AcDbEntity
  8
0
100
AcDbBlockEnd
  0
BLOCK
  5
68E9
330
68E8
100
AcDbEntity
  8
0
100
AcDbBlockBegin
  2
*D26
 70
     1
 10
0.0
 20
0.0
 30
0.0
  3
*D26
  1

  0
LINE
  5
68EA
330
68E8
100
AcDbEntity
  8
11000_LEFT
 62
     0
370
    -2
100
AcDbLine
 10
592.4418307818872
 20
152.5426208926226
 30
0.0
 11
560.3136328613816
 21
152.5426208926227
 31
0.0
  0
LINE
  5
68EB
330
68E8
100
AcDbEntity
  8
11000_LEFT
 62
     0
370
    -2
100
AcDbLine
 10
583.9793308485872
 20
232.0106083873476
 30
0.0
 11
560.3136328613816
 21
232.0106083873476
 31
0.0
  0
LINE
  5
68EC
330
68E8
100
AcDbEntity
  8
11000_LEFT
 62
     0
370
    -2
100
AcDbLine
 10
560.3136328613816
 20
155.8446208926227
 30
0.0
 11
560.3136328613816
 21
228.7086083873476
 31
0.0
  0
SOLID
  5
68ED
330
68E8
100
AcDbEntity
  8
11000_LEFT
 62
     0
100
AcDbTrace
 10
559.7632995280481
 20
155.8446208926227
 30
0.0
 11
560.8639661947148
 21
155.8446208926227
 31
0.0
 12
560.3136328613816
 22
152.5426208926227
 32
0.0
 13
560.3136328613816
 23
152.5426208926227
 33
0.0
  0
SOLID
  5
68EE
330
68E8
100
AcDbEntity
  8
11000_LEFT
 62
     0
100
AcDbTrace
 10
559.7632995280481
 20
228.7086083873476
 30
0.0
 11
560.8639661947148
 21
228.7086083873476
 31
0.0
 12
560.3136328613816
 22
232.0106083873476
 32
0.0
 13
560.3136328613816
 23
232.0106083873476
 33
0.0
  0
MTEXT
  5
68EF
330
68E8
100
AcDbEntity
  8
11000_LEFT
 62
     0
370
    13
100
AcDbMText
 10
555.3552995280483
 20
190.2693644060904
 30
0.0
 40
3.5
 41
0.0
 71
     2
 72
     1
  1
\A1;79,5
  7
SLDTEXTSTYLE0
 11
0.0000000000000001
 21
1.0
 31
0.0
 73
     1
 44
1.0
1001
ACAD
1000
MTEXTBEGIN
1070
    73
1070
     1
1070
    44
1040
1.0
1070
    74
1070
     0
1000
MTEXTEND
  0
POINT
  5
68F0
330
68E8
100
AcDbEntity
  8
Defpoints
 62
     0
100
AcDbPoint
 10
592.5043307818874
 20
152.5426208926226
 30
0.0
  0
POINT
  5
68F1
330
68E8
100
AcDbEntity
  8
Defpoints
 62
     0
100
AcDbPoint
 10
584.0418308485872
 20
232.0106083873476
 30
0.0
  0
POINT
  5
68F2
330
68E8
100
AcDbEntity
  8
Defpoints
 62
     0
100
AcDbPoint
 10
560.3136328613816
 20
232.0106083873476
 30
0.0
  0
ENDBLK
  5
68F3
330
68E8
100
AcDbEntity
  8
0
100
AcDbBlockEnd
  0
BLOCK
  5
6A51
330
6A50
100
AcDbEntity
  8
0
100
AcDbBlockBegin
  2
*D27
 70
     1
 10
0.0
 20
0.0
 30
0.0
  3
*D27
  1

  0
LINE
  5
6A7A
330
6A50
100
AcDbEntity
  8
11000_LEFT
 62
     0
370
    -2
100
AcDbLine
 10
655.5418307367872
 20
195.941710674512
 30
0.0
 11
655.5418307367872
 21
133.2381589130122
 31
0.0
  0
LINE
  5
6A7B
330
6A50
100
AcDbEntity
  8
11000_LEFT
 62
     0
370
    -2
100
AcDbLine
 10
582.5418307367875
 20
189.9505908387122
 30
0.0
 11
582.5418307367875
 21
133.2381589130122
 31
0.0
  0
LINE
  5
6A7C
330
6A50
100
AcDbEntity
  8
11000_LEFT
 62
     0
370
    -2
100
AcDbLine
 10
652.2398307367872
 20
133.2381589130122
 30
0.0
 11
585.8438307367872
 21
133.2381589130122
 31
0.0
  0
SOLID
  5
6A7D
330
6A50
100
AcDbEntity
  8
11000_LEFT
 62
     0
100
AcDbTrace
 10
652.2398307367872
 20
133.7884922463455
 30
0.0
 11
652.2398307367872
 21
132.6878255796789
 31
0.0
 12
655.5418307367872
 22
133.2381589130122
 32
0.0
 13
655.5418307367872
 23
133.2381589130122
 33
0.0
  0
SOLID
  5
6A7E
330
6A50
100
AcDbEntity
  8
11000_LEFT
 62
     0
100
AcDbTrace
 10
585.8438307367872
 20
133.7884922463455
 30
0.0
 11
585.8438307367872
 21
132.6878255796789
 31
0.0
 12
582.5418307367875
 22
133.2381589130122
 32
0.0
 13
582.5418307367875
 23
133.2381589130122
 33
0.0
  0
MTEXT
  5
6A7F
330
6A50
100
AcDbEntity
  8
11000_LEFT
 62
     0
370
    13
100
AcDbMText
 10
620.6019111599872
 20
137.6131589130122
 30
0.0
 40
3.5
 41
0.0
 71
     2
 72
     1
  1
\A1;73
  7
SLDTEXTSTYLE0
 73
     1
 44
1.0
1001
ACAD
1000
MTEXTBEGIN
1070
    73
1070
     1
1070
    44
1040
1.0
1070
    74
1070
     0
1000
MTEXTEND
  0
POINT
  5
6A80
330
6A50
100
AcDbEntity
  8
Defpoints
 62
     0
100
AcDbPoint
 10
655.5418307367872
 20
196.004210674512
 30
0.0
  0
POINT
  5
6A81
330
6A50
100
AcDbEntity
  8
Defpoints
 62
     0
100
AcDbPoint
 10
582.5418307367875
 20
190.0130908387122
 30
0.0
  0
POINT
  5
6A82
330
6A50
100
AcDbEntity
  8
Defpoints
 62
     0
100
AcDbPoint
 10
582.5418307367875
 20
133.2381589130122
 30
0.0
  0
ENDBLK
  5
6A52
330
6A50
100
AcDbEntity
  8
0
100
AcDbBlockEnd
  0
BLOCK
  5
6A5D
330
6A5C
100
AcDbEntity
  8
0
100
AcDbBlockBegin
  2
*D28
 70
     1
 10
0.0
 20
0.0
 30
0.0
  3
*D28
  1

  0
LINE
  5
6A83
330
6A5C
100
AcDbEntity
  8
11000_LEFT
 62
     0
370
    -2
100
AcDbLine
 10
592.4418307818872
 20
152.5426208926225
 30
0.0
 11
560.3136328613816
 21
152.5426208926225
 31
0.0
  0
LINE
  5
6A84
330
6A5C
100
AcDbEntity
  8
11000_LEFT
 62
     0
370
    -2
100
AcDbLine
 10
583.9793308485872
 20
232.0106083873476
 30
0.0
 11
560.3136328613816
 21
232.0106083873476
 31
0.0
  0
LINE
  5
6A85
330
6A5C
100
AcDbEntity
  8
11000_LEFT
 62
     0
370
    -2
100
AcDbLine
 10
560.3136328613816
 20
155.8446208926225
 30
0.0
 11
560.3136328613816
 21
228.7086083873476
 31
0.0
  0
SOLID
  5
6A86
330
6A5C
100
AcDbEntity
  8
11000_LEFT
 62
     0
100
AcDbTrace
 10
559.7632995280481
 20
155.8446208926225
 30
0.0
 11
560.8639661947148
 21
155.8446208926225
 31
0.0
 12
560.3136328613816
 22
152.5426208926225
 32
0.0
 13
560.3136328613816
 23
152.5426208926225
 33
0.0
  0
SOLID
  5
6A87
330
6A5C
100
AcDbEntity
  8
11000_LEFT
 62
     0
100
AcDbTrace
 10
559.7632995280481
 20
228.7086083873476
 30
0.0
 11
560.8639661947148
 21
228.7086083873476
 31
0.0
 12
560.3136328613816
 22
232.0106083873476
 32
0.0
 13
560.3136328613816
 23
232.0106083873476
 33
0.0
  0
MTEXT
  5
6A88
330
6A5C
100
AcDbEntity
  8
11000_LEFT
 62
     0
370
    13
100
AcDbMText
 10
555.3552995280483
 20
190.2693644060903
 30
0.0
 40
3.5
 41
0.0
 71
     2
 72
     1
  1
\A1;79,5
  7
SLDTEXTSTYLE0
 11
0.0000000000000001
 21
1.0
 31
0.0
 73
     1
 44
1.0
1001
ACAD
1000
MTEXTBEGIN
1070
    73
1070
     1
1070
    44
1040
1.0
1070
    74
1070
     0
1000
MTEXTEND
  0
POINT
  5
6A89
330
6A5C
100
AcDbEntity
  8
Defpoints
 62
     0
100
AcDbPoint
 10
592.5043307818874
 20
152.5426208926225
 30
0.0
  0
POINT
  5
6A8A
330
6A5C
100
AcDbEntity
  8
Defpoints
 62
     0
100
AcDbPoint
 10
584.0418308485872
 20
232.0106083873476
 30
0.0
  0
POINT
  5
6A8B
330
6A5C
100
AcDbEntity
  8
Defpoints
 62
     0
100
AcDbPoint
 10
560.3136328613816
 20
232.0106083873476
 30
0.0
  0
ENDBLK
  5
6A5E
330
6A5C
100
AcDbEntity
  8
0
100
AcDbBlockEnd
  0
BLOCK
  5
6F68
330
6F66
100
AcDbEntity
  8
0
100
AcDbBlockBegin
  2
TYP_SYMB
 70
     0
 10
0.0
 20
0.0
 30
0.0
  3
TYP_SYMB
  1

  0
LINE
  5
6F69
330
6F66
100
AcDbEntity
  8
91100_TIP_SYM
 48
0.5
370
    18
100
AcDbLine
 10
-35.61364655357738
 20
9.0
 30
0.0
 11
-19.11364655357738
 21
9.0
 31
0.0
1001
AcDbBlockRepETag
1070
     1
1071
        0
1005
6F69
  0
LINE
  5
6F6A
330
6F66
100
AcDbEntity
  8
91200_TIP_SYMB
370
    18
100
AcDbLine
 10
-21.11364655357738
 20
4.0
 30
0.0
 11
-33.61364655357738
 21
5.5
 31
0.0
1001
AcDbBlockRepETag
1070
     1
1071
        1
1005
6F6A
  0
LINE
  5
6F6B
330
6F66
100
AcDbEntity
  8
91200_TIP_SYMB
370
    18
100
AcDbLine
 10
-33.61364655357738
 20
12.5
 30
0.0
 11
-21.11364655357738
 21
14.0
 31
0.0
1001
AcDbBlockRepETag
1070
     1
1071
        2
1005
6F6B
  0
LINE
  5
6F6C
330
6F66
100
AcDbEntity
  8
91200_TIP_SYMB
370
    18
100
AcDbLine
 10
-33.61364655357738
 20
5.5
 30
0.0
 11
-33.61364655357738
 21
12.5
 31
0.0
1001
AcDbBlockRepETag
1070
     1
1071
        3
1005
6F6C
  0
CIRCLE
  5
6F6D
330
6F66
100
AcDbEntity
  8
91200_TIP_SYMB
370
    18
100
AcDbCircle
 10
-11.0
 20
9.0
 30
0.0
 40
5.0
1001
AcDbBlockRepETag
1070
     1
1071
        4
1005
6F6D
  0
LINE
  5
6F6E
330
6F66
100
AcDbEntity
  8
91200_TIP_SYMB
370
    18
100
AcDbLine
 10
-21.11364655357738
 20
14.0
 30
0.0
 11
-21.11364655357738
 21
4.0
 31
0.0
1001
AcDbBlockRepETag
1070
     1
1071
        5
1005
6F6E
  0
CIRCLE
  5
6F6F
330
6F66
100
AcDbEntity
  8
91200_TIP_SYMB
370
    18
100
AcDbCircle
 10
-11.0
 20
9.0
 30
0.0
 40
2.0
1001
AcDbBlockRepETag
1070
     1
1071
        6
1005
6F6F
  0
LINE
  5
6F70
330
6F66
100
AcDbEntity
  8
91100_TIP_SYM
 48
0.5
370
    18
100
AcDbLine
 10
-11.0
 20
16.0
 30
0.0
 11
-11.0
 21
2.0
 31
0.0
1001
AcDbBlockRepETag
1070
     1
1071
        7
1005
6F70
  0
LINE
  5
6F71
330
6F66
100
AcDbEntity
  8
91100_TIP_SYM
 48
0.5
370
    18
100
AcDbLine
 10
-18.0
 20
9.0
 30
0.0
 11
-4.0
 21
9.0
 31
0.0
1001
AcDbBlockRepETag
1070
     1
1071
        8
1005
6F71
  0
ENDBLK
  5
6F72
330
6F66
100
AcDbEntity
  8
0
100
AcDbBlockEnd
  0
BLOCK
  5
6F75
330
6F73
100
AcDbEntity
  8
0
370
    18
100
AcDbBlockBegin
  2
text_allg
 70
     0
 10
0.0
 20
0.0
 30
0.0
  3
text_allg
  1

  0
TEXT
  5
6F76
330
6F73
100
AcDbEntity
  8
0
370
    25
100
AcDbText
 10
-0.0028789134175895
 20
6.473535615360106
 30
0.0
 40
2.5
  1
Alle Bemassungswerte sind in Millimeter (mm) angegeben
100
AcDbText
1001
AcDbBlockRepETag
1070
     1
1071
        0
1005
6F76
  0
TEXT
  5
6F77
330
6F73
100
AcDbEntity
  8
0
370
    25
100
AcDbText
 10
-0.0028789134175895
 20
2.965492351154351
 30
0.0
 40
2.5
  1
All dimensions are in millimeters (mm)
100
AcDbText
1001
AcDbBlockRepETag
1070
     1
1071
        1
1005
6F77
  0
ENDBLK
  5
6F78
330
6F73
100
AcDbEntity
  8
0
370
    18
100
AcDbBlockEnd
  0
BLOCK
  5
6F7A
330
6F79
100
AcDbEntity
  8
0
100
AcDbBlockBegin
  2
Block_A4
 70
     2
 10
0.0
 20
0.0
 30
0.0
  3
Block_A4
  1

  0
INSERT
  5
6F7B
330
6F79
100
AcDbEntity
  8
90000_FRAME
100
AcDbBlockReference
  2
TYP_SYMB
 10
1355.855350620598
 20
8.463678075133428
 30
0.0
  0
MTEXT
  5
6F7C
330
6F79
100
AcDbEntity
  8
90000_FRAME
370
    13
100
AcDbMText
 10
1427.105350620598
 20
11.46367807513342
 30
0.0
 40
2.5
 41
42.5
 71
     5
 72
     5
  1
Format/Size: DIN A4
 73
     1
 44
1.0
1001
ACAD
1000
MTEXTBEGIN
1070
    73
1070
     1
1070
    44
1040
1.0
1070
    74
1070
     0
1000
MTEXTEND
  0
LINE
  5
6F7D
330
6F79
100
AcDbEntity
  8
90000_FRAME
370
    25
100
AcDbLine
 10
1334.741704067021
 20
12.46367807513343
 30
0.0
 11
1322.241704067021
 21
13.96367807513343
 31
0.0
1001
AcDbBlockRepETag
1070
     1
1071
        1
1005
6F7D
  0
LINE
  5
6F7E
330
6F79
100
AcDbEntity
  8
90000_FRAME
370
    25
100
AcDbLine
 10
1322.241704067021
 20
20.96367807513343
 30
0.0
 11
1334.741704067021
 21
22.46367807513343
 31
0.0
1001
AcDbBlockRepETag
1070
     1
1071
        2
1005
6F7E
  0
LINE
  5
6F7F
330
6F79
100
AcDbEntity
  8
90000_FRAME
370
    25
100
AcDbLine
 10
1322.241704067021
 20
13.96367807513343
 30
0.0
 11
1322.241704067021
 21
20.96367807513343
 31
0.0
1001
AcDbBlockRepETag
1070
     1
1071
        3
1005
6F7F
  0
CIRCLE
  5
6F80
330
6F79
100
AcDbEntity
  8
90000_FRAME
370
    25
100
AcDbCircle
 10
1344.855350620598
 20
17.46367807513343
 30
0.0
 40
5.0
1001
AcDbBlockRepETag
1070
     1
1071
        4
1005
6F80
  0
LINE
  5
6F81
330
6F79
100
AcDbEntity
  8
90000_FRAME
370
    25
100
AcDbLine
 10
1334.741704067021
 20
22.46367807513343
 30
0.0
 11
1334.741704067021
 21
12.46367807513343
 31
0.0
1001
AcDbBlockRepETag
1070
     1
1071
        5
1005
6F81
  0
CIRCLE
  5
6F82
330
6F79
100
AcDbEntity
  8
90000_FRAME
370
    25
100
AcDbCircle
 10
1344.855350620598
 20
17.46367807513343
 30
0.0
 40
2.0
1001
AcDbBlockRepETag
1070
     1
1071
        6
1005
6F82
  0
LINE
  5
6F83
330
6F79
100
AcDbEntity
  8
90000_FRAME
370
    25
100
AcDbLine
 10
1453.355350620598
 20
8.463678075133428
 30
0.0
 11
1453.355350620598
 21
14.46367807513342
 31
0.0
1001
GENIUS_GENREC_14
1002
{
1000
PYDIR
1011
1360.855350620598
1021
26.46367807513343
1031
0.0
1002
}
1002
{
1000
PXDIR
1011
1495.855350620598
1021
8.463678075133428
1031
0.0
1002
}
1002
{
1000
PORI
1011
1360.855350620598
1021
8.463678075133428
1031
0.0
1002
}
1002
{
1000
PINS
1011
1360.855350620598
1021
8.463678075133428
1031
0.0
1002
}
1002
{
1000
HVAL
1000
18
1002
}
1002
{
1000
H
1070
     2
1002
}
1002
{
1000
WVAL
1000
135
1002
}
1002
{
1000
W
1070
     2
1002
}
1002
{
1000
C
1070
     1
1002
}
1001
GENIUS_GENOBJ-N-REC_13
1002
{
1000
OWNER
1000
GEN
1002
}
1001
GENIUS_GENODEF_13
1002
{
1000
HIER
1070
     0
1002
}
1002
{
1000
MANEDIT
1070
     0
1002
}
1002
{
1000
NOSEL
1070
     0
1002
}
1002
{
1000
BEHIND
1070
     0
1002
}
1002
{
1000
OTHER
1070
     0
1002
}
1002
{
1000
REACTOR
1002
}
1001
AcDbBlockRepETag
1070
     1
1071
       17
1005
6F83
  0
LINE
  5
6F84
330
6F79
100
AcDbEntity
  8
90000_FRAME
370
    25
100
AcDbLine
 10
1490.855350620598
 20
8.463678075133428
 30
0.0
 11
1490.855350620598
 21
26.46367807513343
 31
0.0
1001
GENIUS_GENREC_14
1002
{
1000
PYDIR
1011
1355.855350620598
1021
26.46367807513343
1031
0.0
1002
}
1002
{
1000
PXDIR
1011
1490.855350620598
1021
8.463678075133428
1031
0.0
1002
}
1002
{
1000
PORI
1011
1355.855350620598
1021
8.463678075133428
1031
0.0
1002
}
1002
{
1000
PINS
1011
1355.855350620598
1021
8.463678075133428
1031
0.0
1002
}
1002
{
1000
HVAL
1000
18
1002
}
1002
{
1000
H
1070
     2
1002
}
1002
{
1000
WVAL
1000
135
1002
}
1002
{
1000
W
1070
     2
1002
}
1002
{
1000
C
1070
     1
1002
}
1001
GENIUS_GENOBJ-N-REC_13
1002
{
1000
OWNER
1000
GEN
1002
}
1001
GENIUS_GENODEF_13
1002
{
1000
HIER
1070
     0
1002
}
1002
{
1000
MANEDIT
1070
     0
1002
}
1002
{
1000
NOSEL
1070
     0
1002
}
1002
{
1000
BEHIND
1070
     0
1002
}
1002
{
1000
OTHER
1070
     0
1002
}
1002
{
1000
REACTOR
1002
}
1001
AcDbBlockRepETag
1070
     1
1071
       18
1005
6F84
  0
INSERT
  5
6F85
330
6F79
100
AcDbEntity
  8
91000_TIP
370
    25
100
AcDbBlockReference
  2
text_allg
 10
1355.855350620598
 20
26.46367807513343
 30
0.0
1001
AcDbBlockRepETag
1070
     1
1071
       19
1005
6F85
  0
MTEXT
  5
6F86
330
6F79
100
AcDbEntity
  8
90000_FRAME
100
AcDbMText
 10
1380.855350620598
 20
20.46367807513343
 30
0.0
 40
3.5
 41
40.0
 71
     5
 72
     5
  1
{\fSiemens Logo|b0|i0|c0|p2;s}
 73
     1
 44
1.0
1001
AcDbBlockRepETag
1070
     1
1071
       20
1005
6F86
1001
ACAD
1000
MTEXTBEGIN
1070
    73
1070
     1
1070
    44
1040
1.0
1070
    74
1070
     0
1000
MTEXTEND
  0
LINE
  5
6F87
330
6F79
100
AcDbEntity
  8
90000_FRAME
370
    25
100
AcDbLine
 10
1355.855350620598
 20
8.463678075133428
 30
0.0
 11
1490.855350620598
 21
8.463678075133428
 31
0.0
1001
GENIUS_GENREC_14
1002
{
1000
PYDIR
1011
1355.855350620598
1021
26.46367807513343
1031
0.0
1002
}
1002
{
1000
PXDIR
1011
1490.855350620598
1021
8.463678075133428
1031
0.0
1002
}
1002
{
1000
PORI
1011
1355.855350620598
1021
8.463678075133428
1031
0.0
1002
}
1002
{
1000
PINS
1011
1355.855350620598
1021
8.463678075133428
1031
0.0
1002
}
1002
{
1000
HVAL
1000
18
1002
}
1002
{
1000
H
1070
     2
1002
}
1002
{
1000
WVAL
1000
135
1002
}
1002
{
1000
W
1070
     2
1002
}
1002
{
1000
C
1070
     1
1002
}
1001
GENIUS_GENOBJ-N-REC_13
1002
{
1000
OWNER
1000
GEN
1002
}
1001
GENIUS_GENODEF_13
1002
{
1000
HIER
1070
     0
1002
}
1002
{
1000
MANEDIT
1070
     0
1002
}
1002
{
1000
NOSEL
1070
     0
1002
}
1002
{
1000
BEHIND
1070
     0
1002
}
1002
{
1000
OTHER
1070
     0
1002
}
1002
{
1000
REACTOR
1002
}
1001
AcDbBlockRepETag
1070
     1
1071
       21
1005
6F87
  0
LINE
  5
6F88
330
6F79
100
AcDbEntity
  8
90000_FRAME
370
    25
100
AcDbLine
 10
1490.855350620598
 20
26.46367807513343
 30
0.0
 11
1355.855350620598
 21
26.46367807513343
 31
0.0
1001
GENIUS_GENREC_14
1002
{
1000
PYDIR
1011
1355.855350620598
1021
26.46367807513343
1031
0.0
1002
}
1002
{
1000
PXDIR
1011
1490.855350620598
1021
8.463678075133428
1031
0.0
1002
}
1002
{
1000
PORI
1011
1355.855350620598
1021
8.463678075133428
1031
0.0
1002
}
1002
{
1000
PINS
1011
1355.855350620598
1021
8.463678075133428
1031
0.0
1002
}
1002
{
1000
HVAL
1000
18
1002
}
1002
{
1000
H
1070
     2
1002
}
1002
{
1000
WVAL
1000
135
1002
}
1002
{
1000
W
1070
     2
1002
}
1002
{
1000
C
1070
     1
1002
}
1001
GENIUS_GENOBJ-N-REC_13
1002
{
1000
OWNER
1000
GEN
1002
}
1001
GENIUS_GENODEF_13
1002
{
1000
HIER
1070
     0
1002
}
1002
{
1000
MANEDIT
1070
     0
1002
}
1002
{
1000
NOSEL
1070
     0
1002
}
1002
{
1000
BEHIND
1070
     0
1002
}
1002
{
1000
OTHER
1070
     0
1002
}
1002
{
1000
REACTOR
1002
}
1001
AcDbBlockRepETag
1070
     1
1071
       22
1005
6F88
  0
LINE
  5
6F89
330
6F79
100
AcDbEntity
  8
90000_FRAME
370
    25
100
AcDbLine
 10
1490.855350620598
 20
14.46367807513342
 30
0.0
 11
1355.855350620598
 21
14.46367807513342
 31
0.0
1001
GENIUS_GENREC_14
1002
{
1000
PYDIR
1011
1355.855350620598
1021
26.46367807513343
1031
0.0
1002
}
1002
{
1000
PXDIR
1011
1490.855350620598
1021
8.463678075133428
1031
0.0
1002
}
1002
{
1000
PORI
1011
1355.855350620598
1021
8.463678075133428
1031
0.0
1002
}
1002
{
1000
PINS
1011
1355.855350620598
1021
8.463678075133428
1031
0.0
1002
}
1002
{
1000
HVAL
1000
18
1002
}
1002
{
1000
H
1070
     2
1002
}
1002
{
1000
WVAL
1000
135
1002
}
1002
{
1000
W
1070
     2
1002
}
1002
{
1000
C
1070
     1
1002
}
1001
GENIUS_GENOBJ-N-REC_13
1002
{
1000
OWNER
1000
GEN
1002
}
1001
GENIUS_GENODEF_13
1002
{
1000
HIER
1070
     0
1002
}
1002
{
1000
MANEDIT
1070
     0
1002
}
1002
{
1000
NOSEL
1070
     0
1002
}
1002
{
1000
BEHIND
1070
     0
1002
}
1002
{
1000
OTHER
1070
     0
1002
}
1002
{
1000
REACTOR
1002
}
1001
AcDbBlockRepETag
1070
     1
1071
       23
1005
6F89
  0
MTEXT
  5
6F8A
330
6F79
100
AcDbEntity
  8
90000_FRAME
370
    25
100
AcDbMText
 10
1363.105350620598
 20
11.46367807513342
 30
0.0
 40
2.5
 41
11.0
 71
     5
 72
     5
  1
Date:
 73
     1
 44
1.0
1001
AcDbBlockRepETag
1070
     1
1071
       24
1005
6F8A
1001
ACAD
1000
MTEXTBEGIN
1070
    73
1070
     1
1070
    44
1040
1.0
1070
    74
1070
     0
1000
MTEXTEND
  0
LINE
  5
6F8B
330
6F79
100
AcDbEntity
  8
90000_FRAME
370
    25
100
AcDbLine
 10
1355.855350620598
 20
26.46367807513343
 30
0.0
 11
1355.855350620598
 21
8.463678075133428
 31
0.0
1001
GENIUS_GENREC_14
1002
{
1000
PYDIR
1011
1355.855350620598
1021
26.46367807513343
1031
0.0
1002
}
1002
{
1000
PXDIR
1011
1490.855350620598
1021
8.463678075133428
1031
0.0
1002
}
1002
{
1000
PORI
1011
1355.855350620598
1021
8.463678075133428
1031
0.0
1002
}
1002
{
1000
PINS
1011
1355.855350620598
1021
8.463678075133428
1031
0.0
1002
}
1002
{
1000
HVAL
1000
18
1002
}
1002
{
1000
H
1070
     2
1002
}
1002
{
1000
WVAL
1000
135
1002
}
1002
{
1000
W
1070
     2
1002
}
1002
{
1000
C
1070
     1
1002
}
1001
GENIUS_GENOBJ-N-REC_13
1002
{
1000
OWNER
1000
GEN
1002
}
1001
GENIUS_GENODEF_13
1002
{
1000
HIER
1070
     0
1002
}
1002
{
1000
MANEDIT
1070
     0
1002
}
1002
{
1000
NOSEL
1070
     0
1002
}
1002
{
1000
BEHIND
1070
     0
1002
}
1002
{
1000
OTHER
1070
     0
1002
}
1002
{
1000
REACTOR
1002
}
1001
AcDbBlockRepETag
1070
     1
1071
       25
1005
6F8B
  0
MTEXT
  5
6F8C
330
6F79
100
AcDbEntity
  8
90000_FRAME
370
    25
100
AcDbMText
 10
1388.105350620598
 20
11.46367807513342
 30
0.0
 40
2.5
 41
11.0
 71
     5
 72
     5
  1
Name:
 73
     1
 44
1.0
1001
AcDbBlockRepETag
1070
     1
1071
        9
1005
6F8C
1001
ACAD
1000
MTEXTBEGIN
1070
    73
1070
     1
1070
    44
1040
1.0
1070
    74
1070
     0
1000
MTEXTEND
  0
LINE
  5
6F8D
330
6F79
100
AcDbEntity
  8
90000_FRAME
100
AcDbLine
 10
1380.855350620598
 20
14.46367807513342
 30
0.0
 11
1380.855350620598
 21
8.463678075133428
 31
0.0
1001
GENIUS_GENREC_14
1002
{
1000
PYDIR
1011
1355.855350620598
1021
26.46367807513343
1031
0.0
1002
}
1002
{
1000
PXDIR
1011
1490.855350620598
1021
8.463678075133428
1031
0.0
1002
}
1002
{
1000
PORI
1011
1355.855350620598
1021
8.463678075133428
1031
0.0
1002
}
1002
{
1000
PINS
1011
1355.855350620598
1021
8.463678075133428
1031
0.0
1002
}
1002
{
1000
HVAL
1000
18
1002
}
1002
{
1000
H
1070
     2
1002
}
1002
{
1000
WVAL
1000
135
1002
}
1002
{
1000
W
1070
     2
1002
}
1002
{
1000
C
1070
     1
1002
}
1001
GENIUS_GENOBJ-N-REC_13
1002
{
1000
OWNER
1000
GEN
1002
}
1001
GENIUS_GENODEF_13
1002
{
1000
HIER
1070
     0
1002
}
1002
{
1000
MANEDIT
1070
     0
1002
}
1002
{
1000
NOSEL
1070
     0
1002
}
1002
{
1000
BEHIND
1070
     0
1002
}
1002
{
1000
OTHER
1070
     0
1002
}
1002
{
1000
REACTOR
1002
}
1001
AcDbBlockRepETag
1070
     1
1071
       10
1005
6F8D
  0
TEXT
  5
6F8E
330
6F79
100
AcDbEntity
  8
90000_FRAME
370
    25
100
AcDbText
 10
1457.230350620598
 20
10.2146250448304
 30
0.0
 40
2.5
  1
Massstab/Scale:
100
AcDbText
1001
AcDbBlockRepETag
1070
     1
1071
       26
1005
6F8E
  0
LINE
  5
6F8F
330
6F79
100
AcDbEntity
  8
90000_FRAME
370
    25
100
AcDbLine
 10
1405.855350620598
 20
26.46367807513343
 30
0.0
 11
1405.855350620598
 21
8.463678075133428
 31
0.0
1001
GENIUS_GENREC_14
1002
{
1000
PYDIR
1011
1355.855350620598
1021
26.46367807513343
1031
0.0
1002
}
1002
{
1000
PXDIR
1011
1490.855350620598
1021
8.463678075133428
1031
0.0
1002
}
1002
{
1000
PORI
1011
1355.855350620598
1021
8.463678075133428
1031
0.0
1002
}
1002
{
1000
PINS
1011
1355.855350620598
1021
8.463678075133428
1031
0.0
1002
}
1002
{
1000
HVAL
1000
18
1002
}
1002
{
1000
H
1070
     2
1002
}
1002
{
1000
WVAL
1000
135
1002
}
1002
{
1000
W
1070
     2
1002
}
1002
{
1000
C
1070
     1
1002
}
1001
GENIUS_GENOBJ-N-REC_13
1002
{
1000
OWNER
1000
GEN
1002
}
1001
GENIUS_GENODEF_13
1002
{
1000
HIER
1070
     0
1002
}
1002
{
1000
MANEDIT
1070
     0
1002
}
1002
{
1000
NOSEL
1070
     0
1002
}
1002
{
1000
BEHIND
1070
     0
1002
}
1002
{
1000
OTHER
1070
     0
1002
}
1002
{
1000
REACTOR
1002
}
1001
AcDbBlockRepETag
1070
     1
1071
       12
1005
6F8F
  0
LINE
  5
6F90
330
6F79
100
AcDbEntity
  8
90000_FRAME
370
    25
100
AcDbLine
 10
1453.355350620598
 20
8.463678075133428
 30
0.0
 11
1453.355350620598
 21
14.46367807513342
 31
0.0
1001
GENIUS_GENREC_14
1002
{
1000
PYDIR
1011
1360.855350620598
1021
26.46367807513343
1031
0.0
1002
}
1002
{
1000
PXDIR
1011
1495.855350620598
1021
8.463678075133428
1031
0.0
1002
}
1002
{
1000
PORI
1011
1360.855350620598
1021
8.463678075133428
1031
0.0
1002
}
1002
{
1000
PINS
1011
1360.855350620598
1021
8.463678075133428
1031
0.0
1002
}
1002
{
1000
HVAL
1000
18
1002
}
1002
{
1000
H
1070
     2
1002
}
1002
{
1000
WVAL
1000
135
1002
}
1002
{
1000
W
1070
     2
1002
}
1002
{
1000
C
1070
     1
1002
}
1001
GENIUS_GENOBJ-N-REC_13
1002
{
1000
OWNER
1000
GEN
1002
}
1001
GENIUS_GENODEF_13
1002
{
1000
HIER
1070
     0
1002
}
1002
{
1000
MANEDIT
1070
     0
1002
}
1002
{
1000
NOSEL
1070
     0
1002
}
1002
{
1000
BEHIND
1070
     0
1002
}
1002
{
1000
OTHER
1070
     0
1002
}
1002
{
1000
REACTOR
1002
}
1001
AcDbBlockRepETag
1070
     1
1071
       27
1005
6F90
  0
ATTDEF
  5
6F91
330
6F79
100
AcDbEntity
  8
90000_FRAME
370
    25
100
AcDbText
 10
1482.804547038154
 20
10.30858325672682
 30
0.0
 40
2.5
  1
1:1
 72
     1
 11
1484.471213704821
 21
11.55858325672682
 31
0.0
100
AcDbAttributeDefinition
  3
Massstab
  2
MASSSTAB/SCALE:
 70
     0
 74
     2
1001
AcDbBlockRepETag
1070
     1
1071
       13
1005
0
  0
ATTDEF
  5
6F92
330
6F79
100
AcDbEntity
  8
90000_FRAME
370
    35
100
AcDbText
 10
1448.355350620599
 20
20.71367807513354
 30
0.0
 40
3.5
  1

 72
     1
 11
1448.355350620599
 21
22.46367807513354
 31
0.0
100
AcDbAttributeDefinition
  3
Z-Name
  2
ZEICHNUNGSNAME
 70
     0
 74
     2
1001
AcDbBlockRepETag
1070
     1
1071
       14
1005
0
  0
ATTDEF
  5
6F93
330
6F79
100
AcDbEntity
  8
90000_FRAME
370
    25
100
AcDbText
 10
1448.355350620599
 20
15.69146140529358
 30
0.0
 40
2.5
  1

 72
     1
 11
1448.355350620599
 21
16.94146140529358
 31
0.0
100
AcDbAttributeDefinition
  3
A-Name
  2
ARTIKELNAME
 70
     0
 74
     2
1001
AcDbBlockRepETag
1070
     1
1071
       28
1005
0
  0
ATTDEF
  5
6F94
330
6F79
100
AcDbEntity
  8
90000_FRAME
370
    25
100
AcDbText
 10
1373.855350620599
 20
10.21367807513342
 30
0.0
 40
2.5
  1

 72
     1
 11
1373.855350620599
 21
11.46367807513342
 31
0.0
100
AcDbAttributeDefinition
  3
Datum
  2
DATUM
 70
     0
 74
     2
1001
AcDbBlockRepETag
1070
     1
1071
       16
1005
0
  0
ATTDEF
  5
6F95
330
6F79
100
AcDbEntity
  8
90000_FRAME
370
    25
100
AcDbText
 10
1398.855350620599
 20
10.21367807513342
 30
0.0
 40
2.5
  1

 72
     1
 11
1398.855350620599
 21
11.46367807513342
 31
0.0
100
AcDbAttributeDefinition
  3
Name
  2
NAME
 70
     0
 74
     2
1001
AcDbBlockRepETag
1070
     1
1071
       15
1005
0
  0
ENDBLK
  5
6F96
330
6F79
100
AcDbEntity
  8
0
100
AcDbBlockEnd
  0
BLOCK
  5
6FAB
330
6F9C
100
AcDbEntity
  8
0
100
AcDbBlockBegin
  2
A$C7DFB5AF4
 70
     0
 10
0.0
 20
0.0
 30
0.0
  3
A$C7DFB5AF4
  1

  0
LWPOLYLINE
  5
6F9D
330
6F9C
100
AcDbEntity
  8
90000_FRAME
100
AcDbPolyline
 90
        4
 70
     1
 43
0.0
 10
0.0000017204431515
 20
0.0000019847602744
 10
297.0000017204434
 20
0.0000019847602744
 10
297.0000017204434
 20
210.0000019847603
 10
0.0000017204431515
 20
210.0000019847603
1001
GENIUS_GENREC_14
1002
{
1000
PYDIR
1011
0.0000017204431515
1021
210.0000019847603
1031
0.0
1002
}
1002
{
1000
PXDIR
1011
297.0000017204434
1021
0.0000019847602744
1031
0.0
1002
}
1002
{
1000
PORI
1011
0.0000017204431515
1021
0.0000019847602744
1031
0.0
1002
}
1002
{
1000
PINS
1011
0.0000017204431515
1021
0.0000019847602744
1031
0.0
1002
}
1002
{
1000
HVAL
1000
210
1002
}
1002
{
1000
H
1070
     2
1002
}
1002
{
1000
WVAL
1000
297
1002
}
1002
{
1000
W
1070
     2
1002
}
1002
{
1000
C
1070
     1
1002
}
1001
GENIUS_GENODEF_13
1002
{
1000
HIER
1070
     0
1002
}
1002
{
1000
MANEDIT
1070
     0
1002
}
1002
{
1000
NOSEL
1070
     0
1002
}
1002
{
1000
BEHIND
1070
     0
1002
}
1002
{
1000
OTHER
1070
     0
1002
}
1002
{
1000
REACTOR
1002
}
1001
GENIUS_GENOBJ-N-REC_13
1002
{
1000
OWNER
1000
GEN
1002
}
1001
AcDbBlockRepETag
1070
     1
1071
       12
1005
6F9D
  0
LWPOLYLINE
  5
6F9E
330
6F9C
100
AcDbEntity
  8
90000_FRAME
100
AcDbPolyline
 90
        4
 70
     1
 43
0.0
 10
5.000001720442242
 20
5.000001984760273
 10
292.0000017204434
 20
5.000001984760273
 10
292.0000017204434
 20
205.0000019847603
 10
5.000001720442242
 20
205.0000019847603
1001
GENIUS_GENREC_14
1002
{
1000
PYDIR
1011
0.0000017204431515
1021
210.0000019847603
1031
0.0
1002
}
1002
{
1000
PXDIR
1011
297.0000017204434
1021
0.0000019847602744
1031
0.0
1002
}
1002
{
1000
PORI
1011
0.0000017204431515
1021
0.0000019847602744
1031
0.0
1002
}
1002
{
1000
PINS
1011
0.0000017204431515
1021
0.0000019847602744
1031
0.0
1002
}
1002
{
1000
HVAL
1000
210
1002
}
1002
{
1000
H
1070
     2
1002
}
1002
{
1000
WVAL
1000
297
1002
}
1002
{
1000
W
1070
     2
1002
}
1002
{
1000
C
1070
     1
1002
}
1001
GENIUS_GENODEF_13
1002
{
1000
HIER
1070
     0
1002
}
1002
{
1000
MANEDIT
1070
     0
1002
}
1002
{
1000
NOSEL
1070
     0
1002
}
1002
{
1000
BEHIND
1070
     0
1002
}
1002
{
1000
OTHER
1070
     0
1002
}
1002
{
1000
REACTOR
1002
}
1001
GENIUS_GENOBJ-N-REC_13
1002
{
1000
OWNER
1000
GEN
1002
}
1001
AcDbBlockRepETag
1070
     1
1071
       16
1005
6F9E
  0
LINE
  5
6F9F
330
6F9C
100
AcDbEntity
  8
91100_TIP_SYM
 48
0.5
370
    18
100
AcDbLine
 10
118.1849428032421
 20
17.4636800598937
 30
0.0
 11
134.6849428032421
 21
17.4636800598937
 31
0.0
1001
AcDbBlockRepETag
1070
     1
1071
        0
1005
6F9F
  0
LINE
  5
6FA0
330
6F9C
100
AcDbEntity
  8
91100_TIP_SYM
 48
0.5
370
    18
100
AcDbLine
 10
142.7985893568195
 20
24.4636800598937
 30
0.0
 11
142.7985893568195
 21
10.4636800598937
 31
0.0
1001
AcDbBlockRepETag
1070
     1
1071
        7
1005
6FA0
  0
LINE
  5
6FA1
330
6F9C
100
AcDbEntity
  8
91100_TIP_SYM
 48
0.5
370
    18
100
AcDbLine
 10
135.7985893568195
 20
17.4636800598937
 30
0.0
 11
149.7985893568195
 21
17.4636800598937
 31
0.0
1001
AcDbBlockRepETag
1070
     1
1071
        8
1005
6FA1
  0
INSERT
  5
6FA2
330
6F9C
100
AcDbEntity
  8
90100_FRAME_THICK
100
AcDbBlockReference
 66
     1
  2
Block_A4
 10
-1202.056761263779
 20
0.0000019847602744
 30
0.0
  0
ATTRIB
  5
6FA3
330
6FA2
100
AcDbEntity
  8
90000_FRAME
370
    25
100
AcDbText
 10
280.7477857743757
 20
10.30858524148709
 30
0.0
 40
2.5
  1
1:1
 72
     1
 11
282.4144524410424
 21
11.55858524148709
 31
0.0
100
AcDbAttribute
  2
MASSSTAB/SCALE:
 70
     0
 74
     2
1001
AcDbBlockRepETag
1070
     1
1071
       13
1005
0
  0
ATTRIB
  5
6FA4
330
6FA2
100
AcDbEntity
  8
90000_FRAME
370
    35
100
AcDbText
 10
246.29858935682
 20
20.71368005989381
 30
0.0
 40
3.5
  1

 72
     1
 11
246.29858935682
 21
22.46368005989381
 31
0.0
100
AcDbAttribute
  2
ZEICHNUNGSNAME
 70
     0
 74
     2
1001
AcDbBlockRepETag
1070
     1
1071
       14
1005
0
  0
ATTRIB
  5
6FA5
330
6FA2
100
AcDbEntity
  8
90000_FRAME
370
    25
100
AcDbText
 10
246.29858935682
 20
15.69146339005385
 30
0.0
 40
2.5
  1

 72
     1
 11
246.29858935682
 21
16.94146339005385
 31
0.0
100
AcDbAttribute
  2
ARTIKELNAME
 70
     0
 74
     2
1001
AcDbBlockRepETag
1070
     1
1071
       28
1005
0
  0
ATTRIB
  5
6FA6
330
6FA2
100
AcDbEntity
  8
90000_FRAME
370
    25
100
AcDbText
 10
171.79858935682
 20
10.2136800598937
 30
0.0
 40
2.5
  1

 72
     1
 11
171.79858935682
 21
11.4636800598937
 31
0.0
100
AcDbAttribute
  2
DATUM
 70
     0
 74
     2
1001
AcDbBlockRepETag
1070
     1
1071
       16
1005
0
  0
ATTRIB
  5
6FA7
330
6FA2
100
AcDbEntity
  8
90000_FRAME
370
    25
100
AcDbText
 10
196.79858935682
 20
10.2136800598937
 30
0.0
 40
2.5
  1

 72
     1
 11
196.79858935682
 21
11.4636800598937
 31
0.0
100
AcDbAttribute
  2
NAME
 70
     0
 74
     2
1001
AcDbBlockRepETag
1070
     1
1071
       15
1005
0
  0
SEQEND
  5
6FA8
330
6FA2
100
AcDbEntity
  8
90100_FRAME_THICK
  0
ENDBLK
  5
6FAC
330
6F9C
100
AcDbEntity
  8
0
100
AcDbBlockEnd
  0
BLOCK
  5
6FAF
330
6FAE
100
AcDbEntity
  8
0
100
AcDbBlockBegin
  2
Block_A3
 70
     2
 10
0.0
 20
0.0
 30
0.0
  3
Block_A3
  1

  0
TEXT
  5
6FB0
330
6FAE
100
AcDbEntity
  8
90000_FRAME
100
AcDbText
 10
1015.091762989233
 20
9.902565055430358
 30
0.0
 40
2.5
  1
Format/Size: DIN A3
100
AcDbText
  0
LINE
  5
6FB1
330
6FAE
100
AcDbEntity
  8
90000_FRAME
 48
0.5
370
    18
100
AcDbLine
 10
923.7281164356557
 20
17.15161808573339
 30
0.0
 11
940.2281164356557
 21
17.15161808573339
 31
0.0
1001
AcDbBlockRepETag
1070
     1
1071
        0
1005
6FB1
  0
LINE
  5
6FB2
330
6FAE
100
AcDbEntity
  8
90000_FRAME
370
    18
100
AcDbLine
 10
938.2281164356557
 20
12.15161808573339
 30
0.0
 11
925.7281164356557
 21
13.65161808573339
 31
0.0
1001
AcDbBlockRepETag
1070
     1
1071
        1
1005
6FB2
  0
LINE
  5
6FB3
330
6FAE
100
AcDbEntity
  8
90000_FRAME
370
    18
100
AcDbLine
 10
925.7281164356557
 20
20.65161808573339
 30
0.0
 11
938.2281164356557
 21
22.15161808573339
 31
0.0
1001
AcDbBlockRepETag
1070
     1
1071
        2
1005
6FB3
  0
LINE
  5
6FB4
330
6FAE
100
AcDbEntity
  8
90000_FRAME
370
    18
100
AcDbLine
 10
925.7281164356557
 20
13.65161808573339
 30
0.0
 11
925.7281164356557
 21
20.65161808573339
 31
0.0
1001
AcDbBlockRepETag
1070
     1
1071
        3
1005
6FB4
  0
CIRCLE
  5
6FB5
330
6FAE
100
AcDbEntity
  8
90000_FRAME
370
    18
100
AcDbCircle
 10
948.3417629892333
 20
17.15161808573339
 30
0.0
 40
5.0
1001
AcDbBlockRepETag
1070
     1
1071
        4
1005
6FB5
  0
LINE
  5
6FB6
330
6FAE
100
AcDbEntity
  8
90000_FRAME
370
    18
100
AcDbLine
 10
938.2281164356557
 20
22.15161808573339
 30
0.0
 11
938.2281164356557
 21
12.15161808573339
 31
0.0
1001
AcDbBlockRepETag
1070
     1
1071
        5
1005
6FB6
  0
CIRCLE
  5
6FB7
330
6FAE
100
AcDbEntity
  8
90000_FRAME
370
    18
100
AcDbCircle
 10
948.3417629892333
 20
17.15161808573339
 30
0.0
 40
2.0
1001
AcDbBlockRepETag
1070
     1
1071
        6
1005
6FB7
  0
LINE
  5
6FB8
330
6FAE
100
AcDbEntity
  8
90000_FRAME
 48
0.5
370
    18
100
AcDbLine
 10
948.3417629892333
 20
24.15161808573339
 30
0.0
 11
948.3417629892333
 21
10.15161808573339
 31
0.0
1001
AcDbBlockRepETag
1070
     1
1071
        7
1005
6FB8
  0
LINE
  5
6FB9
330
6FAE
100
AcDbEntity
  8
90000_FRAME
 48
0.5
370
    18
100
AcDbLine
 10
941.3417629892332
 20
17.15161808573339
 30
0.0
 11
955.3417629892333
 21
17.15161808573339
 31
0.0
1001
AcDbBlockRepETag
1070
     1
1071
        8
1005
6FB9
  0
LINE
  5
6FBA
330
6FAE
100
AcDbEntity
  8
90000_FRAME
 48
0.5
370
    18
100
AcDbLine
 10
923.7281164356557
 20
17.15161808573339
 30
0.0
 11
940.2281164356557
 21
17.15161808573339
 31
0.0
1001
AcDbBlockRepETag
1070
     1
1071
        0
1005
6FBA
  0
LINE
  5
6FBB
330
6FAE
100
AcDbEntity
  8
90000_FRAME
370
    25
100
AcDbLine
 10
938.2281164356557
 20
12.15161808573339
 30
0.0
 11
925.7281164356557
 21
13.65161808573339
 31
0.0
1001
AcDbBlockRepETag
1070
     1
1071
        1
1005
6FBB
  0
LINE
  5
6FBC
330
6FAE
100
AcDbEntity
  8
90000_FRAME
370
    25
100
AcDbLine
 10
925.7281164356557
 20
20.65161808573339
 30
0.0
 11
938.2281164356557
 21
22.15161808573339
 31
0.0
1001
AcDbBlockRepETag
1070
     1
1071
        2
1005
6FBC
  0
LINE
  5
6FBD
330
6FAE
100
AcDbEntity
  8
90000_FRAME
370
    25
100
AcDbLine
 10
925.7281164356557
 20
13.65161808573339
 30
0.0
 11
925.7281164356557
 21
20.65161808573339
 31
0.0
1001
AcDbBlockRepETag
1070
     1
1071
        3
1005
6FBD
  0
CIRCLE
  5
6FBE
330
6FAE
100
AcDbEntity
  8
90000_FRAME
370
    25
100
AcDbCircle
 10
948.3417629892333
 20
17.15161808573339
 30
0.0
 40
5.0
1001
AcDbBlockRepETag
1070
     1
1071
        4
1005
6FBE
  0
LINE
  5
6FBF
330
6FAE
100
AcDbEntity
  8
90000_FRAME
370
    25
100
AcDbLine
 10
938.2281164356557
 20
22.15161808573339
 30
0.0
 11
938.2281164356557
 21
12.15161808573339
 31
0.0
1001
AcDbBlockRepETag
1070
     1
1071
        5
1005
6FBF
  0
CIRCLE
  5
6FC0
330
6FAE
100
AcDbEntity
  8
90000_FRAME
370
    25
100
AcDbCircle
 10
948.3417629892333
 20
17.15161808573339
 30
0.0
 40
2.0
1001
AcDbBlockRepETag
1070
     1
1071
        6
1005
6FC0
  0
LINE
  5
6FC1
330
6FAE
100
AcDbEntity
  8
90000_FRAME
 48
0.5
370
    18
100
AcDbLine
 10
948.3417629892333
 20
24.15161808573339
 30
0.0
 11
948.3417629892333
 21
10.15161808573339
 31
0.0
1001
AcDbBlockRepETag
1070
     1
1071
        7
1005
6FC1
  0
LINE
  5
6FC2
330
6FAE
100
AcDbEntity
  8
90000_FRAME
 48
0.5
370
    18
100
AcDbLine
 10
941.3417629892332
 20
17.15161808573339
 30
0.0
 11
955.3417629892333
 21
17.15161808573339
 31
0.0
1001
AcDbBlockRepETag
1070
     1
1071
        8
1005
6FC2
  0
LINE
  5
6FC3
330
6FAE
100
AcDbEntity
  8
90000_FRAME
370
    25
100
AcDbLine
 10
1056.841762989233
 20
8.151618085733389
 30
0.0
 11
1056.841762989233
 21
14.15161808573339
 31
0.0
1001
GENIUS_GENREC_14
1002
{
1000
PYDIR
1011
964.3417629892333
1021
26.15161808573339
1031
0.0
1002
}
1002
{
1000
PXDIR
1011
1099.341762989233
1021
8.151618085733389
1031
0.0
1002
}
1002
{
1000
PORI
1011
964.3417629892333
1021
8.151618085733389
1031
0.0
1002
}
1002
{
1000
PINS
1011
964.3417629892333
1021
8.151618085733389
1031
0.0
1002
}
1002
{
1000
HVAL
1000
18
1002
}
1002
{
1000
H
1070
     2
1002
}
1002
{
1000
WVAL
1000
135
1002
}
1002
{
1000
W
1070
     2
1002
}
1002
{
1000
C
1070
     1
1002
}
1001
GENIUS_GENOBJ-N-REC_13
1002
{
1000
OWNER
1000
GEN
1002
}
1001
GENIUS_GENODEF_13
1002
{
1000
HIER
1070
     0
1002
}
1002
{
1000
MANEDIT
1070
     0
1002
}
1002
{
1000
NOSEL
1070
     0
1002
}
1002
{
1000
BEHIND
1070
     0
1002
}
1002
{
1000
OTHER
1070
     0
1002
}
1002
{
1000
REACTOR
1002
}
1001
AcDbBlockRepETag
1070
     1
1071
       17
1005
6FC3
  0
LINE
  5
6FC4
330
6FAE
100
AcDbEntity
  8
90000_FRAME
370
    25
100
AcDbLine
 10
1094.341762989233
 20
8.151618085733389
 30
0.0
 11
1094.341762989233
 21
26.15161808573339
 31
0.0
1001
GENIUS_GENREC_14
1002
{
1000
PYDIR
1011
959.3417629892327
1021
26.15161808573339
1031
0.0
1002
}
1002
{
1000
PXDIR
1011
1094.341762989233
1021
8.151618085733389
1031
0.0
1002
}
1002
{
1000
PORI
1011
959.3417629892327
1021
8.151618085733389
1031
0.0
1002
}
1002
{
1000
PINS
1011
959.3417629892327
1021
8.151618085733389
1031
0.0
1002
}
1002
{
1000
HVAL
1000
18
1002
}
1002
{
1000
H
1070
     2
1002
}
1002
{
1000
WVAL
1000
135
1002
}
1002
{
1000
W
1070
     2
1002
}
1002
{
1000
C
1070
     1
1002
}
1001
GENIUS_GENOBJ-N-REC_13
1002
{
1000
OWNER
1000
GEN
1002
}
1001
GENIUS_GENODEF_13
1002
{
1000
HIER
1070
     0
1002
}
1002
{
1000
MANEDIT
1070
     0
1002
}
1002
{
1000
NOSEL
1070
     0
1002
}
1002
{
1000
BEHIND
1070
     0
1002
}
1002
{
1000
OTHER
1070
     0
1002
}
1002
{
1000
REACTOR
1002
}
1001
AcDbBlockRepETag
1070
     1
1071
       18
1005
6FC4
  0
INSERT
  5
6FC5
330
6FAE
100
AcDbEntity
  8
91000_TIP
370
    25
100
AcDbBlockReference
  2
text_allg
 10
959.3417629892327
 20
26.15161808573339
 30
0.0
1001
AcDbBlockRepETag
1070
     1
1071
       19
1005
6FC5
  0
MTEXT
  5
6FC6
330
6FAE
100
AcDbEntity
  8
90000_FRAME
100
AcDbMText
 10
984.3417629892327
 20
20.15161808573339
 30
0.0
 40
3.5
 41
40.0
 71
     5
 72
     5
  1
{\fSiemens Logo|b0|i0|c0|p2;s}
 73
     1
 44
1.0
1001
AcDbBlockRepETag
1070
     1
1071
       20
1005
6FC6
1001
ACAD
1000
MTEXTBEGIN
1070
    73
1070
     1
1070
    44
1040
1.0
1070
    74
1070
     0
1000
MTEXTEND
  0
LINE
  5
6FC7
330
6FAE
100
AcDbEntity
  8
90000_FRAME
370
    25
100
AcDbLine
 10
959.3417629892327
 20
8.151618085733389
 30
0.0
 11
1094.341762989233
 21
8.151618085733389
 31
0.0
1001
GENIUS_GENREC_14
1002
{
1000
PYDIR
1011
959.3417629892327
1021
26.15161808573339
1031
0.0
1002
}
1002
{
1000
PXDIR
1011
1094.341762989233
1021
8.151618085733389
1031
0.0
1002
}
1002
{
1000
PORI
1011
959.3417629892327
1021
8.151618085733389
1031
0.0
1002
}
1002
{
1000
PINS
1011
959.3417629892327
1021
8.151618085733389
1031
0.0
1002
}
1002
{
1000
HVAL
1000
18
1002
}
1002
{
1000
H
1070
     2
1002
}
1002
{
1000
WVAL
1000
135
1002
}
1002
{
1000
W
1070
     2
1002
}
1002
{
1000
C
1070
     1
1002
}
1001
GENIUS_GENOBJ-N-REC_13
1002
{
1000
OWNER
1000
GEN
1002
}
1001
GENIUS_GENODEF_13
1002
{
1000
HIER
1070
     0
1002
}
1002
{
1000
MANEDIT
1070
     0
1002
}
1002
{
1000
NOSEL
1070
     0
1002
}
1002
{
1000
BEHIND
1070
     0
1002
}
1002
{
1000
OTHER
1070
     0
1002
}
1002
{
1000
REACTOR
1002
}
1001
AcDbBlockRepETag
1070
     1
1071
       21
1005
6FC7
  0
LINE
  5
6FC8
330
6FAE
100
AcDbEntity
  8
90000_FRAME
370
    25
100
AcDbLine
 10
1094.341762989233
 20
26.15161808573339
 30
0.0
 11
959.3417629892327
 21
26.15161808573339
 31
0.0
1001
GENIUS_GENREC_14
1002
{
1000
PYDIR
1011
959.3417629892327
1021
26.15161808573339
1031
0.0
1002
}
1002
{
1000
PXDIR
1011
1094.341762989233
1021
8.151618085733389
1031
0.0
1002
}
1002
{
1000
PORI
1011
959.3417629892327
1021
8.151618085733389
1031
0.0
1002
}
1002
{
1000
PINS
1011
959.3417629892327
1021
8.151618085733389
1031
0.0
1002
}
1002
{
1000
HVAL
1000
18
1002
}
1002
{
1000
H
1070
     2
1002
}
1002
{
1000
WVAL
1000
135
1002
}
1002
{
1000
W
1070
     2
1002
}
1002
{
1000
C
1070
     1
1002
}
1001
GENIUS_GENOBJ-N-REC_13
1002
{
1000
OWNER
1000
GEN
1002
}
1001
GENIUS_GENODEF_13
1002
{
1000
HIER
1070
     0
1002
}
1002
{
1000
MANEDIT
1070
     0
1002
}
1002
{
1000
NOSEL
1070
     0
1002
}
1002
{
1000
BEHIND
1070
     0
1002
}
1002
{
1000
OTHER
1070
     0
1002
}
1002
{
1000
REACTOR
1002
}
1001
AcDbBlockRepETag
1070
     1
1071
       22
1005
6FC8
  0
LINE
  5
6FC9
330
6FAE
100
AcDbEntity
  8
90000_FRAME
370
    25
100
AcDbLine
 10
1094.341762989233
 20
14.15161808573339
 30
0.0
 11
959.3417629892327
 21
14.15161808573339
 31
0.0
1001
GENIUS_GENREC_14
1002
{
1000
PYDIR
1011
959.3417629892327
1021
26.15161808573339
1031
0.0
1002
}
1002
{
1000
PXDIR
1011
1094.341762989233
1021
8.151618085733389
1031
0.0
1002
}
1002
{
1000
PORI
1011
959.3417629892327
1021
8.151618085733389
1031
0.0
1002
}
1002
{
1000
PINS
1011
959.3417629892327
1021
8.151618085733389
1031
0.0
1002
}
1002
{
1000
HVAL
1000
18
1002
}
1002
{
1000
H
1070
     2
1002
}
1002
{
1000
WVAL
1000
135
1002
}
1002
{
1000
W
1070
     2
1002
}
1002
{
1000
C
1070
     1
1002
}
1001
GENIUS_GENOBJ-N-REC_13
1002
{
1000
OWNER
1000
GEN
1002
}
1001
GENIUS_GENODEF_13
1002
{
1000
HIER
1070
     0
1002
}
1002
{
1000
MANEDIT
1070
     0
1002
}
1002
{
1000
NOSEL
1070
     0
1002
}
1002
{
1000
BEHIND
1070
     0
1002
}
1002
{
1000
OTHER
1070
     0
1002
}
1002
{
1000
REACTOR
1002
}
1001
AcDbBlockRepETag
1070
     1
1071
       23
1005
6FC9
  0
MTEXT
  5
6FCA
330
6FAE
100
AcDbEntity
  8
90000_FRAME
370
    25
100
AcDbMText
 10
966.591762989233
 20
11.15161808573339
 30
0.0
 40
2.5
 41
11.0
 71
     5
 72
     5
  1
Date:
 73
     1
 44
1.0
1001
AcDbBlockRepETag
1070
     1
1071
       24
1005
6FCA
1001
ACAD
1000
MTEXTBEGIN
1070
    73
1070
     1
1070
    44
1040
1.0
1070
    74
1070
     0
1000
MTEXTEND
  0
LINE
  5
6FCB
330
6FAE
100
AcDbEntity
  8
90000_FRAME
370
    25
100
AcDbLine
 10
959.3417629892327
 20
26.15161808573339
 30
0.0
 11
959.3417629892327
 21
8.151618085733389
 31
0.0
1001
GENIUS_GENREC_14
1002
{
1000
PYDIR
1011
959.3417629892327
1021
26.15161808573339
1031
0.0
1002
}
1002
{
1000
PXDIR
1011
1094.341762989233
1021
8.151618085733389
1031
0.0
1002
}
1002
{
1000
PORI
1011
959.3417629892327
1021
8.151618085733389
1031
0.0
1002
}
1002
{
1000
PINS
1011
959.3417629892327
1021
8.151618085733389
1031
0.0
1002
}
1002
{
1000
HVAL
1000
18
1002
}
1002
{
1000
H
1070
     2
1002
}
1002
{
1000
WVAL
1000
135
1002
}
1002
{
1000
W
1070
     2
1002
}
1002
{
1000
C
1070
     1
1002
}
1001
GENIUS_GENOBJ-N-REC_13
1002
{
1000
OWNER
1000
GEN
1002
}
1001
GENIUS_GENODEF_13
1002
{
1000
HIER
1070
     0
1002
}
1002
{
1000
MANEDIT
1070
     0
1002
}
1002
{
1000
NOSEL
1070
     0
1002
}
1002
{
1000
BEHIND
1070
     0
1002
}
1002
{
1000
OTHER
1070
     0
1002
}
1002
{
1000
REACTOR
1002
}
1001
AcDbBlockRepETag
1070
     1
1071
       25
1005
6FCB
  0
MTEXT
  5
6FCC
330
6FAE
100
AcDbEntity
  8
90000_FRAME
370
    25
100
AcDbMText
 10
991.591762989233
 20
11.15161808573339
 30
0.0
 40
2.5
 41
11.0
 71
     5
 72
     5
  1
Name:
 73
     1
 44
1.0
1001
AcDbBlockRepETag
1070
     1
1071
        9
1005
6FCC
1001
ACAD
1000
MTEXTBEGIN
1070
    73
1070
     1
1070
    44
1040
1.0
1070
    74
1070
     0
1000
MTEXTEND
  0
LINE
  5
6FCD
330
6FAE
100
AcDbEntity
  8
90000_FRAME
100
AcDbLine
 10
984.3417629892327
 20
14.15161808573339
 30
0.0
 11
984.3417629892327
 21
8.151618085733389
 31
0.0
1001
GENIUS_GENREC_14
1002
{
1000
PYDIR
1011
959.3417629892327
1021
26.15161808573339
1031
0.0
1002
}
1002
{
1000
PXDIR
1011
1094.341762989233
1021
8.151618085733389
1031
0.0
1002
}
1002
{
1000
PORI
1011
959.3417629892327
1021
8.151618085733389
1031
0.0
1002
}
1002
{
1000
PINS
1011
959.3417629892327
1021
8.151618085733389
1031
0.0
1002
}
1002
{
1000
HVAL
1000
18
1002
}
1002
{
1000
H
1070
     2
1002
}
1002
{
1000
WVAL
1000
135
1002
}
1002
{
1000
W
1070
     2
1002
}
1002
{
1000
C
1070
     1
1002
}
1001
GENIUS_GENOBJ-N-REC_13
1002
{
1000
OWNER
1000
GEN
1002
}
1001
GENIUS_GENODEF_13
1002
{
1000
HIER
1070
     0
1002
}
1002
{
1000
MANEDIT
1070
     0
1002
}
1002
{
1000
NOSEL
1070
     0
1002
}
1002
{
1000
BEHIND
1070
     0
1002
}
1002
{
1000
OTHER
1070
     0
1002
}
1002
{
1000
REACTOR
1002
}
1001
AcDbBlockRepETag
1070
     1
1071
       10
1005
6FCD
  0
TEXT
  5
6FCE
330
6FAE
100
AcDbEntity
  8
90000_FRAME
370
    25
100
AcDbText
 10
1060.716762989233
 20
9.902565055430358
 30
0.0
 40
2.5
  1
Massstab/Scale:
100
AcDbText
1001
AcDbBlockRepETag
1070
     1
1071
       26
1005
6FCE
  0
LINE
  5
6FCF
330
6FAE
100
AcDbEntity
  8
90000_FRAME
370
    25
100
AcDbLine
 10
1009.341762989233
 20
26.15161808573339
 30
0.0
 11
1009.341762989233
 21
8.151618085733389
 31
0.0
1001
GENIUS_GENREC_14
1002
{
1000
PYDIR
1011
959.3417629892327
1021
26.15161808573339
1031
0.0
1002
}
1002
{
1000
PXDIR
1011
1094.341762989233
1021
8.151618085733389
1031
0.0
1002
}
1002
{
1000
PORI
1011
959.3417629892327
1021
8.151618085733389
1031
0.0
1002
}
1002
{
1000
PINS
1011
959.3417629892327
1021
8.151618085733389
1031
0.0
1002
}
1002
{
1000
HVAL
1000
18
1002
}
1002
{
1000
H
1070
     2
1002
}
1002
{
1000
WVAL
1000
135
1002
}
1002
{
1000
W
1070
     2
1002
}
1002
{
1000
C
1070
     1
1002
}
1001
GENIUS_GENOBJ-N-REC_13
1002
{
1000
OWNER
1000
GEN
1002
}
1001
GENIUS_GENODEF_13
1002
{
1000
HIER
1070
     0
1002
}
1002
{
1000
MANEDIT
1070
     0
1002
}
1002
{
1000
NOSEL
1070
     0
1002
}
1002
{
1000
BEHIND
1070
     0
1002
}
1002
{
1000
OTHER
1070
     0
1002
}
1002
{
1000
REACTOR
1002
}
1001
AcDbBlockRepETag
1070
     1
1071
       12
1005
6FCF
  0
LINE
  5
6FD0
330
6FAE
100
AcDbEntity
  8
90000_FRAME
370
    25
100
AcDbLine
 10
1056.841762989233
 20
8.151618085733389
 30
0.0
 11
1056.841762989233
 21
14.15161808573339
 31
0.0
1001
GENIUS_GENREC_14
1002
{
1000
PYDIR
1011
964.3417629892333
1021
26.15161808573339
1031
0.0
1002
}
1002
{
1000
PXDIR
1011
1099.341762989233
1021
8.151618085733389
1031
0.0
1002
}
1002
{
1000
PORI
1011
964.3417629892333
1021
8.151618085733389
1031
0.0
1002
}
1002
{
1000
PINS
1011
964.3417629892333
1021
8.151618085733389
1031
0.0
1002
}
1002
{
1000
HVAL
1000
18
1002
}
1002
{
1000
H
1070
     2
1002
}
1002
{
1000
WVAL
1000
135
1002
}
1002
{
1000
W
1070
     2
1002
}
1002
{
1000
C
1070
     1
1002
}
1001
GENIUS_GENOBJ-N-REC_13
1002
{
1000
OWNER
1000
GEN
1002
}
1001
GENIUS_GENODEF_13
1002
{
1000
HIER
1070
     0
1002
}
1002
{
1000
MANEDIT
1070
     0
1002
}
1002
{
1000
NOSEL
1070
     0
1002
}
1002
{
1000
BEHIND
1070
     0
1002
}
1002
{
1000
OTHER
1070
     0
1002
}
1002
{
1000
REACTOR
1002
}
1001
AcDbBlockRepETag
1070
     1
1071
       27
1005
6FD0
  0
ATTDEF
  5
6FD1
330
6FAE
100
AcDbEntity
  8
90000_FRAME
370
    25
100
AcDbText
 10
1086.290959406789
 20
9.996523267326779
 30
0.0
 40
2.5
  1
1:1
 72
     1
 11
1087.957626073456
 21
11.24652326732678
 31
0.0
100
AcDbAttributeDefinition
  3
Massstab
  2
MASSSTAB/SCALE:
 70
     0
 74
     2
1001
AcDbBlockRepETag
1070
     1
1071
       13
1005
0
  0
ATTDEF
  5
6FD2
330
6FAE
100
AcDbEntity
  8
90000_FRAME
370
    35
100
AcDbText
 10
1051.841762989233
 20
20.4016180857335
 30
0.0
 40
3.5
  1

 72
     1
 11
1051.841762989233
 21
22.1516180857335
 31
0.0
100
AcDbAttributeDefinition
  3
Z-Name
  2
ZEICHNUNGSNAME
 70
     0
 74
     2
1001
AcDbBlockRepETag
1070
     1
1071
       14
1005
0
  0
ATTDEF
  5
6FD3
330
6FAE
100
AcDbEntity
  8
90000_FRAME
370
    25
100
AcDbText
 10
1051.841762989233
 20
15.37940141589354
 30
0.0
 40
2.5
  1

 72
     1
 11
1051.841762989233
 21
16.62940141589354
 31
0.0
100
AcDbAttributeDefinition
  3
A-Name
  2
ARTIKELNAME
 70
     0
 74
     2
1001
AcDbBlockRepETag
1070
     1
1071
       28
1005
0
  0
ATTDEF
  5
6FD4
330
6FAE
100
AcDbEntity
  8
90000_FRAME
370
    25
100
AcDbText
 10
977.3417629892335
 20
9.901618085733389
 30
0.0
 40
2.5
  1

 72
     1
 11
977.3417629892335
 21
11.15161808573339
 31
0.0
100
AcDbAttributeDefinition
  3
Datum
  2
DATUM
 70
     0
 74
     2
1001
AcDbBlockRepETag
1070
     1
1071
       16
1005
0
  0
ATTDEF
  5
6FD5
330
6FAE
100
AcDbEntity
  8
90000_FRAME
370
    25
100
AcDbText
 10
1002.341762989233
 20
9.901618085733389
 30
0.0
 40
2.5
  1

 72
     1
 11
1002.341762989233
 21
11.15161808573339
 31
0.0
100
AcDbAttributeDefinition
  3
Name
  2
NAME
 70
     0
 74
     2
1001
AcDbBlockRepETag
1070
     1
1071
       15
1005
0
  0
ENDBLK
  5
6FD6
330
6FAE
100
AcDbEntity
  8
0
100
AcDbBlockEnd
  0
BLOCK
  5
7042
330
7041
100
AcDbEntity
  8
0
100
AcDbBlockBegin
  2
*D34
 70
     1
 10
0.0
 20
0.0
 30
0.0
  3
*D34
  1

  0
LINE
  5
710F
330
7041
100
AcDbEntity
  8
10100_DIM_FRONT
100
AcDbLine
 10
1220.922660585656
 20
-46.50161480693581
 30
0.0
 11
1220.922660585656
 21
-80.15181807559498
 31
0.0
  0
LINE
  5
7110
330
7041
100
AcDbEntity
  8
10100_DIM_FRONT
100
AcDbLine
 10
1347.214695569256
 20
-42.60161491273589
 30
0.0
 11
1347.214695569256
 21
-80.15181807559498
 31
0.0
  0
LINE
  5
7111
330
7041
100
AcDbEntity
  8
10100_DIM_FRONT
100
AcDbLine
 10
1224.422660585656
 20
-79.15181807559497
 30
0.0
 11
1343.714695569256
 21
-79.15181807559497
 31
0.0
  0
SOLID
  5
7112
330
7041
100
AcDbEntity
  8
10100_DIM_FRONT
100
AcDbTrace
 10
1224.422660585656
 20
-78.56848474226166
 30
0.0
 11
1224.422660585656
 21
-79.7351514089283
 31
0.0
 12
1220.922660585656
 22
-79.15181807559497
 32
0.0
 13
1220.922660585656
 23
-79.15181807559497
 33
0.0
  0
SOLID
  5
7113
330
7041
100
AcDbEntity
  8
10100_DIM_FRONT
100
AcDbTrace
 10
1343.714695569256
 20
-78.56848474226166
 30
0.0
 11
1343.714695569256
 21
-79.7351514089283
 31
0.0
 12
1347.214695569256
 22
-79.15181807559497
 32
0.0
 13
1347.214695569256
 23
-79.15181807559497
 33
0.0
  0
MTEXT
  5
7114
330
7041
100
AcDbEntity
  8
10100_DIM_FRONT
100
AcDbMText
 10
1286.516362063925
 20
-75.6101514089283
 30
0.0
 40
3.5
 41
0.0
 71
     5
 72
     1
  1
126,3
 73
     1
 44
1.0
1001
ACAD
1000
MTEXTBEGIN
1070
    73
1070
     1
1070
    44
1040
1.0
1070
    74
1070
     0
1000
MTEXTEND
  0
POINT
  5
7115
330
7041
100
AcDbEntity
  8
Defpoints
 62
     0
100
AcDbPoint
 10
1220.922660585656
 20
-46.50161480693581
 30
0.0
  0
POINT
  5
7116
330
7041
100
AcDbEntity
  8
Defpoints
 62
     0
100
AcDbPoint
 10
1347.214695569256
 20
-42.60161491273589
 30
0.0
  0
POINT
  5
7117
330
7041
100
AcDbEntity
  8
Defpoints
 62
     0
100
AcDbPoint
 10
1347.214695569256
 20
-79.15181807559497
 30
0.0
  0
ENDBLK
  5
7043
330
7041
100
AcDbEntity
  8
0
100
AcDbBlockEnd
  0
BLOCK
  5
7050
330
704F
100
AcDbEntity
  8
0
100
AcDbBlockBegin
  2
*D35
 70
     1
 10
0.0
 20
0.0
 30
0.0
  3
*D35
  1

  0
LINE
  5
7106
330
704F
100
AcDbEntity
  8
10100_DIM_FRONT
100
AcDbLine
 10
1226.372663434756
 20
-50.90161478303588
 30
0.0
 11
1226.372663434756
 21
-66.38045538070423
 31
0.0
  0
LINE
  5
7107
330
704F
100
AcDbEntity
  8
10100_DIM_FRONT
100
AcDbLine
 10
1347.214695569256
 20
-42.60161491273589
 30
0.0
 11
1347.214695569256
 21
-66.38045538070423
 31
0.0
  0
LINE
  5
7108
330
704F
100
AcDbEntity
  8
10100_DIM_FRONT
100
AcDbLine
 10
1229.872663434756
 20
-65.38045538070424
 30
0.0
 11
1343.714695569256
 21
-65.38045538070424
 31
0.0
  0
SOLID
  5
7109
330
704F
100
AcDbEntity
  8
10100_DIM_FRONT
100
AcDbTrace
 10
1229.872663434756
 20
-64.7971220473709
 30
0.0
 11
1229.872663434756
 21
-65.96378871403756
 31
0.0
 12
1226.372663434756
 22
-65.38045538070424
 32
0.0
 13
1226.372663434756
 23
-65.38045538070424
 33
0.0
  0
SOLID
  5
710A
330
704F
100
AcDbEntity
  8
10100_DIM_FRONT
100
AcDbTrace
 10
1343.714695569256
 20
-64.7971220473709
 30
0.0
 11
1343.714695569256
 21
-65.96378871403756
 31
0.0
 12
1347.214695569256
 22
-65.38045538070424
 32
0.0
 13
1347.214695569256
 23
-65.38045538070424
 33
0.0
  0
MTEXT
  5
710B
330
704F
100
AcDbEntity
  8
10100_DIM_FRONT
100
AcDbMText
 10
1286.793679502006
 20
-61.83878871403757
 30
0.0
 40
3.5
 41
0.0
 71
     5
 72
     1
  1
120,8
 73
     1
 44
1.0
1001
ACAD
1000
MTEXTBEGIN
1070
    73
1070
     1
1070
    44
1040
1.0
1070
    74
1070
     0
1000
MTEXTEND
  0
POINT
  5
710C
330
704F
100
AcDbEntity
  8
Defpoints
 62
     0
100
AcDbPoint
 10
1226.372663434756
 20
-50.90161478303588
 30
0.0
  0
POINT
  5
710D
330
704F
100
AcDbEntity
  8
Defpoints
 62
     0
100
AcDbPoint
 10
1347.214695569256
 20
-42.60161491273589
 30
0.0
  0
POINT
  5
710E
330
704F
100
AcDbEntity
  8
Defpoints
 62
     0
100
AcDbPoint
 10
1347.214695569256
 20
-65.38045538070424
 30
0.0
  0
ENDBLK
  5
7051
330
704F
100
AcDbEntity
  8
0
100
AcDbBlockEnd
  0
BLOCK
  5
705E
330
705D
100
AcDbEntity
  8
0
100
AcDbBlockBegin
  2
*D36
 70
     1
 10
0.0
 20
0.0
 30
0.0
  3
*D36
  1

  0
LINE
  5
711B
330
705D
100
AcDbEntity
  8
11100 _DIM_LEFT
100
AcDbLine
 10
1394.49029832384
 20
-44.00161439723581
 30
0.0
 11
1394.49029832384
 21
-66.86092579258832
 31
0.0
  0
LINE
  5
711C
330
705D
100
AcDbEntity
  8
11100 _DIM_LEFT
100
AcDbLine
 10
1532.79029808244
 20
-47.40161444233586
 30
0.0
 11
1532.79029808244
 21
-66.86092579258832
 31
0.0
  0
LINE
  5
711D
330
705D
100
AcDbEntity
  8
11100 _DIM_LEFT
100
AcDbLine
 10
1397.99029832384
 20
-65.8609257925883
 30
0.0
 11
1529.29029808244
 21
-65.8609257925883
 31
0.0
  0
SOLID
  5
711E
330
705D
100
AcDbEntity
  8
11100 _DIM_LEFT
100
AcDbTrace
 10
1397.99029832384
 20
-65.27759245925499
 30
0.0
 11
1397.99029832384
 21
-66.44425912592165
 31
0.0
 12
1394.49029832384
 22
-65.8609257925883
 32
0.0
 13
1394.49029832384
 23
-65.8609257925883
 33
0.0
  0
SOLID
  5
711F
330
705D
100
AcDbEntity
  8
11100 _DIM_LEFT
100
AcDbTrace
 10
1529.29029808244
 20
-65.27759245925499
 30
0.0
 11
1529.29029808244
 21
-66.44425912592165
 31
0.0
 12
1532.79029808244
 22
-65.8609257925883
 32
0.0
 13
1532.79029808244
 23
-65.8609257925883
 33
0.0
  0
MTEXT
  5
7120
330
705D
100
AcDbEntity
  8
11100 _DIM_LEFT
100
AcDbMText
 10
1463.64029820314
 20
-62.31925912592163
 30
0.0
 40
3.5
 41
0.0
 71
     5
 72
     1
  1
138,3
 73
     1
 44
1.0
1001
ACAD
1000
MTEXTBEGIN
1070
    73
1070
     1
1070
    44
1040
1.0
1070
    74
1070
     0
1000
MTEXTEND
  0
POINT
  5
7121
330
705D
100
AcDbEntity
  8
Defpoints
 62
     0
100
AcDbPoint
 10
1394.49029832384
 20
-44.00161439723581
 30
0.0
  0
POINT
  5
7122
330
705D
100
AcDbEntity
  8
Defpoints
 62
     0
100
AcDbPoint
 10
1532.79029808244
 20
-47.40161444233586
 30
0.0
  0
POINT
  5
7123
330
705D
100
AcDbEntity
  8
Defpoints
 62
     0
100
AcDbPoint
 10
1532.79029808244
 20
-65.8609257925883
 30
0.0
  0
ENDBLK
  5
705F
330
705D
100
AcDbEntity
  8
0
100
AcDbBlockEnd
  0
BLOCK
  5
706C
330
706B
100
AcDbEntity
  8
0
100
AcDbBlockBegin
  2
*D37
 70
     1
 10
0.0
 20
0.0
 30
0.0
  3
*D37
  1

  0
LINE
  5
7124
330
706B
100
AcDbEntity
  8
11100 _DIM_LEFT
100
AcDbLine
 10
1520.59029831784
 20
-26.80161381313588
 30
0.0
 11
1557.9894734046
 21
-26.80161381313589
 31
0.0
  0
LINE
  5
7125
330
706B
100
AcDbEntity
  8
11100 _DIM_LEFT
100
AcDbLine
 10
1524.29029855184
 20
-48.40161437333586
 30
0.0
 11
1557.9894734046
 21
-48.40161437333587
 31
0.0
  0
LINE
  5
7126
330
706B
100
AcDbEntity
  8
11100 _DIM_LEFT
100
AcDbLine
 10
1556.989473404599
 20
-30.30161381313589
 30
0.0
 11
1556.989473404599
 21
-44.90161437333584
 31
0.0
  0
SOLID
  5
7127
330
706B
100
AcDbEntity
  8
11100 _DIM_LEFT
100
AcDbTrace
 10
1556.406140071266
 20
-30.30161381313589
 30
0.0
 11
1557.572806737933
 21
-30.30161381313589
 31
0.0
 12
1556.989473404599
 22
-26.80161381313589
 32
0.0
 13
1556.989473404599
 23
-26.80161381313589
 33
0.0
  0
SOLID
  5
7128
330
706B
100
AcDbEntity
  8
11100 _DIM_LEFT
100
AcDbTrace
 10
1556.406140071266
 20
-44.90161437333584
 30
0.0
 11
1557.572806737933
 21
-44.90161437333584
 31
0.0
 12
1556.989473404599
 22
-48.40161437333587
 32
0.0
 13
1556.989473404599
 23
-48.40161437333587
 33
0.0
  0
MTEXT
  5
7129
330
706B
100
AcDbEntity
  8
11100 _DIM_LEFT
100
AcDbMText
 10
1553.447806737933
 20
-37.60161409323564
 30
0.0
 40
3.5
 41
0.0
 71
     5
 72
     1
  1
21,6
 11
0.0000000000000001
 21
1.0
 31
0.0
 73
     1
 44
1.0
1001
ACAD
1000
MTEXTBEGIN
1070
    73
1070
     1
1070
    44
1040
1.0
1070
    74
1070
     0
1000
MTEXTEND
  0
POINT
  5
712A
330
706B
100
AcDbEntity
  8
Defpoints
 62
     0
100
AcDbPoint
 10
1520.59029831784
 20
-26.80161381313588
 30
0.0
  0
POINT
  5
712B
330
706B
100
AcDbEntity
  8
Defpoints
 62
     0
100
AcDbPoint
 10
1524.29029855184
 20
-48.40161437333586
 30
0.0
  0
POINT
  5
712C
330
706B
100
AcDbEntity
  8
Defpoints
 62
     0
100
AcDbPoint
 10
1556.989473404599
 20
-48.40161437333587
 30
0.0
  0
ENDBLK
  5
706D
330
706B
100
AcDbEntity
  8
0
100
AcDbBlockEnd
  0
BLOCK
  5
7ABC
330
7ABB
100
AcDbEntity
  8
0
100
AcDbBlockBegin
  2
_D_4
 70
     0
 10
0.0
 20
0.0
 30
0.0
  3
_D_4
  1
_D_4
  0
SOLID
  5
7ABD
330
7ABB
100
AcDbEntity
  8
0
  6
Continuous
 62
     7
370
     0
100
AcDbTrace
 10
202.3352370073
 20
191.701173833
 30
0.0
 11
199.0332370073
 21
192.209173833
 31
0.0
 12
199.0332370073
 22
191.193173833
 32
0.0
 13
199.0332370073
 23
191.193173833
 33
0.0
  0
SOLID
  5
7ABE
330
7ABB
100
AcDbEntity
  8
0
  6
Continuous
 62
     7
370
     0
100
AcDbTrace
 10
194.2852370073
 20
191.701173833
 30
0.0
 11
197.5872370073
 21
191.193173833
 31
0.0
 12
197.5872370073
 22
192.209173833
 32
0.0
 13
197.5872370073
 23
192.209173833
 33
0.0
  0
LINE
  5
7ABF
330
7ABB
100
AcDbEntity
  8
0
  6
Continuous
 62
     7
370
     0
100
AcDbLine
 10
202.3352370073
 20
206.1003457425
 30
0.0
 11
202.3352370073
 21
190.701173833
 31
0.0
  0
LINE
  5
7AC0
330
7ABB
100
AcDbEntity
  8
0
  6
Continuous
 62
     7
370
     0
100
AcDbLine
 10
194.2852370073
 20
206.1003457425
 30
0.0
 11
194.2852370073
 21
190.701173833
 31
0.0
  0
LINE
  5
7AC1
330
7ABB
100
AcDbEntity
  8
0
  6
Continuous
 62
     7
370
     0
100
AcDbLine
 10
202.3352370073
 20
191.701173833
 30
0.0
 11
194.2852370073
 21
191.701173833
 31
0.0
  0
MTEXT
  5
7AC2
330
7ABB
100
AcDbEntity
  8
0
  6
Continuous
 62
     7
370
     0
100
AcDbMText
 10
195.3688925167
 20
196.2129107475
 30
0.0
 40
3.5
 41
0.0
 71
     1
 72
     1
  1
8,1
  7
SLDTEXTSTYLE0
 73
     1
 44
1.0
1001
ACAD
1000
MTEXTBEGIN
1070
    73
1070
     1
1070
    44
1040
1.0
1070
    74
1070
     0
1000
MTEXTEND
  0
ENDBLK
  5
7AC3
330
7ABB
100
AcDbEntity
  8
0
100
AcDbBlockEnd
  0
BLOCK
  5
7AC5
330
7AC4
100
AcDbEntity
  8
0
100
AcDbBlockBegin
  2
_D_5
 70
     0
 10
0.0
 20
0.0
 30
0.0
  3
_D_5
  1
_D_5
  0
SOLID
  5
7AC6
330
7AC4
100
AcDbEntity
  8
0
  6
Continuous
 62
     7
370
     0
100
AcDbTrace
 10
134.1405273943
 20
159.0725009741
 30
0.0
 11
134.6485273943
 21
162.3745009741
 31
0.0
 12
133.6325273943
 22
162.3745009741
 32
0.0
 13
133.6325273943
 23
162.3745009741
 33
0.0
  0
SOLID
  5
7AC7
330
7AC4
100
AcDbEntity
  8
0
  6
Continuous
 62
     7
370
     0
100
AcDbTrace
 10
134.1405273943
 20
154.8225009741
 30
0.0
 11
133.6325273943
 21
151.5205009741
 31
0.0
 12
134.6485273943
 22
151.5205009741
 32
0.0
 13
134.6485273943
 23
151.5205009741
 33
0.0
  0
LINE
  5
7AC8
330
7AC4
100
AcDbEntity
  8
0
  6
Continuous
 62
     7
370
     0
100
AcDbLine
 10
140.0277030141
 20
159.0725009741
 30
0.0
 11
133.1405273943
 21
159.0725009741
 31
0.0
  0
LINE
  5
7AC9
330
7AC4
100
AcDbEntity
  8
0
  6
Continuous
 62
     7
370
     0
100
AcDbLine
 10
140.0277030141
 20
154.8225009741
 30
0.0
 11
133.1405273943
 21
154.8225009741
 31
0.0
  0
LINE
  5
7ACA
330
7AC4
100
AcDbEntity
  8
0
  6
Continuous
 62
     7
370
     0
100
AcDbLine
 10
134.1405273943
 20
159.0725009741
 30
0.0
 11
134.1405273943
 21
165.4225009741
 31
0.0
  0
LINE
  5
7ACB
330
7AC4
100
AcDbEntity
  8
0
  6
Continuous
 62
     7
370
     0
100
AcDbLine
 10
134.1405273943
 20
159.0725009741
 30
0.0
 11
134.1405273943
 21
154.8225009741
 31
0.0
  0
LINE
  5
7ACC
330
7AC4
100
AcDbEntity
  8
0
  6
Continuous
 62
     7
370
     0
100
AcDbLine
 10
134.1405273943
 20
154.8225009741
 30
0.0
 11
134.1405273943
 21
140.9698621568
 31
0.0
  0
MTEXT
  5
7ACD
330
7AC4
100
AcDbEntity
  8
0
  6
Continuous
 62
     7
370
     0
100
AcDbMText
 10
129.6287904798
 20
140.9698621568
 30
0.0
 40
3.5
 41
0.0
 71
     1
 72
     1
  1
4,3
  7
SLDTEXTSTYLE0
 11
-0.0000000000000106
 21
1.0
 31
0.0
 73
     1
 44
1.0
1001
ACAD
1000
MTEXTBEGIN
1070
    73
1070
     1
1070
    44
1040
1.0
1070
    74
1070
     0
1000
MTEXTEND
  0
ENDBLK
  5
7ACE
330
7AC4
100
AcDbEntity
  8
0
100
AcDbBlockEnd
  0
BLOCK
  5
8110
330
810F
100
AcDbEntity
  8
0
100
AcDbBlockBegin
  2
*D40
 70
     1
 10
0.0
 20
0.0
 30
0.0
  3
*D40
  1

  0
LINE
  5
8C2A
330
810F
100
AcDbEntity
  8
10100_DIM_FRONT
100
AcDbLine
 10
1588.42742624802
 20
-67.33060377690596
 30
0.0
 11
1588.42742624802
 21
-93.4880363024885
 31
0.0
  0
LINE
  5
8C2B
330
810F
100
AcDbEntity
  8
10100_DIM_FRONT
100
AcDbLine
 10
1612.92742624802
 20
-67.85560377690598
 30
0.0
 11
1612.92742624802
 21
-93.4880363024885
 31
0.0
  0
LINE
  5
8C2C
330
810F
100
AcDbEntity
  8
10100_DIM_FRONT
100
AcDbLine
 10
1591.92742624802
 20
-92.48803630248849
 30
0.0
 11
1609.42742624802
 21
-92.48803630248849
 31
0.0
  0
SOLID
  5
8C2D
330
810F
100
AcDbEntity
  8
10100_DIM_FRONT
100
AcDbTrace
 10
1591.92742624802
 20
-91.90470296915517
 30
0.0
 11
1591.92742624802
 21
-93.07136963582182
 31
0.0
 12
1588.42742624802
 22
-92.48803630248849
 32
0.0
 13
1588.42742624802
 23
-92.48803630248849
 33
0.0
  0
SOLID
  5
8C2E
330
810F
100
AcDbEntity
  8
10100_DIM_FRONT
100
AcDbTrace
 10
1609.42742624802
 20
-91.90470296915517
 30
0.0
 11
1609.42742624802
 21
-93.07136963582182
 31
0.0
 12
1612.92742624802
 22
-92.48803630248849
 32
0.0
 13
1612.92742624802
 23
-92.48803630248849
 33
0.0
  0
MTEXT
  5
8C2F
330
810F
100
AcDbEntity
  8
10100_DIM_FRONT
100
AcDbMText
 10
1600.04731179742
 20
-86.90470296915515
 30
0.0
 40
3.5
 41
0.0
 71
     2
 72
     1
  1
24,5
 73
     1
 44
1.0
1001
ACAD
1000
MTEXTBEGIN
1070
    73
1070
     1
1070
    44
1040
1.0
1070
    74
1070
     0
1000
MTEXTEND
  0
POINT
  5
8C30
330
810F
100
AcDbEntity
  8
Defpoints
 62
     0
100
AcDbPoint
 10
1588.42742624802
 20
-67.33060377690596
 30
0.0
  0
POINT
  5
8C31
330
810F
100
AcDbEntity
  8
Defpoints
 62
     0
100
AcDbPoint
 10
1612.92742624802
 20
-67.85560377690598
 30
0.0
  0
POINT
  5
8C32
330
810F
100
AcDbEntity
  8
Defpoints
 62
     0
100
AcDbPoint
 10
1612.92742624802
 20
-92.48803630248849
 30
0.0
  0
ENDBLK
  5
8111
330
810F
100
AcDbEntity
  8
0
100
AcDbBlockEnd
  0
BLOCK
  5
811C
330
811B
100
AcDbEntity
  8
0
100
AcDbBlockBegin
  2
*D41
 70
     1
 10
0.0
 20
0.0
 30
0.0
  3
*D41
  1

  0
LINE
  5
8C04
330
811B
100
AcDbEntity
  8
10100_DIM_FRONT
100
AcDbLine
 10
1592.22742624802
 20
-67.85560377690598
 30
0.0
 11
1592.22742624802
 21
-83.76698488180597
 31
0.0
  0
LINE
  5
8C05
330
811B
100
AcDbEntity
  8
10100_DIM_FRONT
100
AcDbLine
 10
1612.92742624802
 20
-67.85560377690598
 30
0.0
 11
1612.92742624802
 21
-83.76698488180597
 31
0.0
  0
LINE
  5
8C06
330
811B
100
AcDbEntity
  8
10100_DIM_FRONT
100
AcDbLine
 10
1595.72742624802
 20
-82.76698488180597
 30
0.0
 11
1609.42742624802
 21
-82.76698488180597
 31
0.0
  0
SOLID
  5
8C07
330
811B
100
AcDbEntity
  8
10100_DIM_FRONT
100
AcDbTrace
 10
1595.72742624802
 20
-82.18365154847264
 30
0.0
 11
1595.72742624802
 21
-83.35031821513929
 31
0.0
 12
1592.22742624802
 22
-82.76698488180597
 32
0.0
 13
1592.22742624802
 23
-82.76698488180597
 33
0.0
  0
SOLID
  5
8C08
330
811B
100
AcDbEntity
  8
10100_DIM_FRONT
100
AcDbTrace
 10
1609.42742624802
 20
-82.18365154847264
 30
0.0
 11
1609.42742624802
 21
-83.35031821513929
 31
0.0
 12
1612.92742624802
 22
-82.76698488180597
 32
0.0
 13
1612.92742624802
 23
-82.76698488180597
 33
0.0
  0
MTEXT
  5
8C09
330
811B
100
AcDbEntity
  8
10100_DIM_FRONT
100
AcDbMText
 10
1602.12031208912
 20
-77.18365154847262
 30
0.0
 40
3.5
 41
0.0
 71
     2
 72
     1
  1
20,7
 73
     1
 44
1.0
1001
ACAD
1000
MTEXTBEGIN
1070
    73
1070
     1
1070
    44
1040
1.0
1070
    74
1070
     0
1000
MTEXTEND
  0
POINT
  5
8C0A
330
811B
100
AcDbEntity
  8
Defpoints
 62
     0
100
AcDbPoint
 10
1592.22742624802
 20
-67.85560377690598
 30
0.0
  0
POINT
  5
8C0B
330
811B
100
AcDbEntity
  8
Defpoints
 62
     0
100
AcDbPoint
 10
1612.92742624802
 20
-67.85560377690598
 30
0.0
  0
POINT
  5
8C0C
330
811B
100
AcDbEntity
  8
Defpoints
 62
     0
100
AcDbPoint
 10
1612.92742624802
 20
-82.76698488180597
 30
0.0
  0
ENDBLK
  5
811D
330
811B
100
AcDbEntity
  8
0
100
AcDbBlockEnd
  0
BLOCK
  5
8128
330
8127
100
AcDbEntity
  8
0
100
AcDbBlockBegin
  2
*D42
 70
     1
 10
0.0
 20
0.0
 30
0.0
  3
*D42
  1

  0
LINE
  5
8BFB
330
8127
100
AcDbEntity
  8
10100_DIM_FRONT
100
AcDbLine
 10
1612.92742624802
 20
-50.85560377690597
 30
0.0
 11
1626.870675708542
 21
-50.85560377690597
 31
0.0
  0
LINE
  5
8BFC
330
8127
100
AcDbEntity
  8
10100_DIM_FRONT
100
AcDbLine
 10
1612.92742624802
 20
-67.85560377690598
 30
0.0
 11
1626.870675708542
 21
-67.85560377690598
 31
0.0
  0
LINE
  5
8BFD
330
8127
100
AcDbEntity
  8
10100_DIM_FRONT
100
AcDbLine
 10
1625.870675708542
 20
-54.35560377690597
 30
0.0
 11
1625.870675708542
 21
-64.35560377690598
 31
0.0
  0
SOLID
  5
8BFE
330
8127
100
AcDbEntity
  8
10100_DIM_FRONT
100
AcDbTrace
 10
1625.287342375209
 20
-54.35560377690597
 30
0.0
 11
1626.454009041875
 21
-54.35560377690597
 31
0.0
 12
1625.870675708542
 22
-50.85560377690597
 32
0.0
 13
1625.870675708542
 23
-50.85560377690597
 33
0.0
  0
SOLID
  5
8BFF
330
8127
100
AcDbEntity
  8
10100_DIM_FRONT
100
AcDbTrace
 10
1625.287342375209
 20
-64.35560377690598
 30
0.0
 11
1626.454009041875
 21
-64.35560377690598
 31
0.0
 12
1625.870675708542
 22
-67.85560377690598
 32
0.0
 13
1625.870675708542
 23
-67.85560377690598
 33
0.0
  0
MTEXT
  5
8C00
330
8127
100
AcDbEntity
  8
10100_DIM_FRONT
100
AcDbMText
 10
1620.870675708542
 20
-59.03998820963749
 30
0.0
 40
3.5
 41
0.0
 71
     2
 72
     1
  1
17
 11
0.0000000000000001
 21
1.0
 31
0.0
 73
     1
 44
1.0
1001
ACAD
1000
MTEXTBEGIN
1070
    73
1070
     1
1070
    44
1040
1.0
1070
    74
1070
     0
1000
MTEXTEND
  0
POINT
  5
8C01
330
8127
100
AcDbEntity
  8
Defpoints
 62
     0
100
AcDbPoint
 10
1612.92742624802
 20
-50.85560377690597
 30
0.0
  0
POINT
  5
8C02
330
8127
100
AcDbEntity
  8
Defpoints
 62
     0
100
AcDbPoint
 10
1612.92742624802
 20
-67.85560377690598
 30
0.0
  0
POINT
  5
8C03
330
8127
100
AcDbEntity
  8
Defpoints
 62
     0
100
AcDbPoint
 10
1625.870675708542
 20
-67.85560377690598
 30
0.0
  0
ENDBLK
  5
8129
330
8127
100
AcDbEntity
  8
0
100
AcDbBlockEnd
  0
BLOCK
  5
8134
330
8133
100
AcDbEntity
  8
0
100
AcDbBlockBegin
  2
*D43
 70
     1
 10
0.0
 20
0.0
 30
0.0
  3
*D43
  1

  0
LINE
  5
81F2
330
8133
100
AcDbEntity
  8
0
  6
Continuous
 62
     0
370
    -2
100
AcDbLine
 10
1588.86492624802
 20
-51.85560377690595
 30
0.0
 11
1581.01035737462
 21
-51.85560377690595
 31
0.0
  0
LINE
  5
81F3
330
8133
100
AcDbEntity
  8
0
  6
Continuous
 62
     0
370
    -2
100
AcDbLine
 10
1588.86492624802
 20
-67.85560377690598
 30
0.0
 11
1581.01035737462
 21
-67.85560377690598
 31
0.0
  0
LINE
  5
81F4
330
8133
100
AcDbEntity
  8
0
  6
Continuous
 62
     0
370
    -2
100
AcDbLine
 10
1581.01035737462
 20
-55.15760377690597
 30
0.0
 11
1581.01035737462
 21
-64.55360377690595
 31
0.0
  0
SOLID
  5
81F5
330
8133
100
AcDbEntity
  8
0
  6
Continuous
 62
     0
100
AcDbTrace
 10
1580.460024041287
 20
-55.15760377690597
 30
0.0
 11
1581.560690707954
 21
-55.15760377690597
 31
0.0
 12
1581.01035737462
 22
-51.85560377690595
 32
0.0
 13
1581.01035737462
 23
-51.85560377690595
 33
0.0
  0
SOLID
  5
81F6
330
8133
100
AcDbEntity
  8
0
  6
Continuous
 62
     0
100
AcDbTrace
 10
1580.460024041287
 20
-64.55360377690595
 30
0.0
 11
1581.560690707954
 21
-64.55360377690595
 31
0.0
 12
1581.01035737462
 22
-67.85560377690598
 32
0.0
 13
1581.01035737462
 23
-67.85560377690598
 33
0.0
  0
MTEXT
  5
81F7
330
8133
100
AcDbEntity
  8
0
  6
Continuous
 62
     0
370
     0
100
AcDbMText
 10
1576.63535737462
 20
-60.17437512730596
 30
0.0
 40
3.5
 41
0.0
 71
     2
 72
     1
  1
\A1;16
  7
SLDTEXTSTYLE0
 11
0.0000000000000001
 21
1.0
 31
0.0
 73
     1
 44
1.0
1001
ACAD
1000
MTEXTBEGIN
1070
    73
1070
     1
1070
    44
1040
1.0
1070
    74
1070
     0
1000
MTEXTEND
  0
POINT
  5
81F8
330
8133
100
AcDbEntity
  8
Defpoints
  6
Continuous
 62
     0
100
AcDbPoint
 10
1588.92742624802
 20
-51.85560377690595
 30
0.0
  0
POINT
  5
81F9
330
8133
100
AcDbEntity
  8
Defpoints
  6
Continuous
 62
     0
100
AcDbPoint
 10
1588.92742624802
 20
-67.85560377690598
 30
0.0
  0
POINT
  5
81FA
330
8133
100
AcDbEntity
  8
Defpoints
  6
Continuous
 62
     0
100
AcDbPoint
 10
1581.01035737462
 20
-67.85560377690598
 30
0.0
  0
ENDBLK
  5
8135
330
8133
100
AcDbEntity
  8
0
100
AcDbBlockEnd
  0
BLOCK
  5
8140
330
813F
100
AcDbEntity
  8
0
100
AcDbBlockBegin
  2
*D44
 70
     1
 10
0.0
 20
0.0
 30
0.0
  3
*D44
  1

  0
LINE
  5
81FB
330
813F
100
AcDbEntity
  8
0
  6
Continuous
 62
     0
370
    -2
100
AcDbLine
 10
1651.234960241219
 20
-67.91810377690598
 30
0.0
 11
1651.234960241219
 21
-82.25477568640597
 31
0.0
  0
LINE
  5
81FC
330
813F
100
AcDbEntity
  8
0
  6
Continuous
 62
     0
370
    -2
100
AcDbLine
 10
1643.18496024122
 20
-67.91810377690598
 30
0.0
 11
1643.18496024122
 21
-82.25477568640597
 31
0.0
  0
LINE
  5
81FD
330
813F
100
AcDbEntity
  8
0
  6
Continuous
 62
     0
370
    -2
100
AcDbLine
 10
1654.53696024122
 20
-82.25477568640597
 30
0.0
 11
1657.838960241219
 21
-82.25477568640597
 31
0.0
  0
LINE
  5
81FE
330
813F
100
AcDbEntity
  8
0
  6
Continuous
 62
     0
370
    -2
100
AcDbLine
 10
1639.88296024122
 20
-82.25477568640597
 30
0.0
 11
1636.58096024122
 21
-82.25477568640597
 31
0.0
  0
SOLID
  5
81FF
330
813F
100
AcDbEntity
  8
0
  6
Continuous
 62
     0
100
AcDbTrace
 10
1654.53696024122
 20
-81.70444235307265
 30
0.0
 11
1654.53696024122
 21
-82.80510901973931
 31
0.0
 12
1651.234960241219
 22
-82.25477568640597
 32
0.0
 13
1651.234960241219
 23
-82.25477568640597
 33
0.0
  0
SOLID
  5
8200
330
813F
100
AcDbEntity
  8
0
  6
Continuous
 62
     0
100
AcDbTrace
 10
1639.88296024122
 20
-81.70444235307265
 30
0.0
 11
1639.88296024122
 21
-82.80510901973931
 31
0.0
 12
1643.18496024122
 22
-82.25477568640597
 32
0.0
 13
1643.18496024122
 23
-82.25477568640597
 33
0.0
  0
MTEXT
  5
8201
330
813F
100
AcDbEntity
  8
0
  6
Continuous
 62
     0
370
     0
100
AcDbMText
 10
1647.20996024122
 20
-77.87977568640598
 30
0.0
 40
3.5
 41
0.0
 71
     2
 72
     1
  1
\A1;8
  7
SLDTEXTSTYLE0
 73
     1
 44
1.0
1001
ACAD
1000
MTEXTBEGIN
1070
    73
1070
     1
1070
    44
1040
1.0
1070
    74
1070
     0
1000
MTEXTEND
  0
POINT
  5
8202
330
813F
100
AcDbEntity
  8
Defpoints
  6
Continuous
 62
     0
100
AcDbPoint
 10
1651.234960241219
 20
-67.85560377690598
 30
0.0
  0
POINT
  5
8203
330
813F
100
AcDbEntity
  8
Defpoints
  6
Continuous
 62
     0
100
AcDbPoint
 10
1643.18496024122
 20
-67.85560377690598
 30
0.0
  0
POINT
  5
8204
330
813F
100
AcDbEntity
  8
Defpoints
  6
Continuous
 62
     0
100
AcDbPoint
 10
1643.18496024122
 20
-82.25477568640597
 30
0.0
  0
ENDBLK
  5
8141
330
813F
100
AcDbEntity
  8
0
100
AcDbBlockEnd
  0
BLOCK
  5
814D
330
814C
100
AcDbEntity
  8
0
100
AcDbBlockBegin
  2
*D45
 70
     1
 10
0.0
 20
0.0
 30
0.0
  3
*D45
  1

  0
LINE
  5
8C33
330
814C
100
AcDbEntity
  8
13100_DIM_TOP
100
AcDbLine
 10
1588.92742624802
 20
-122.7572287978446
 30
0.0
 11
1582.04025062822
 21
-122.7572287978446
 31
0.0
  0
LINE
  5
8C34
330
814C
100
AcDbEntity
  8
13100_DIM_TOP
100
AcDbLine
 10
1588.92742624802
 20
-127.0072287978446
 30
0.0
 11
1582.04025062822
 21
-127.0072287978446
 31
0.0
  0
LINE
  5
8C35
330
814C
100
AcDbEntity
  8
13100_DIM_TOP
100
AcDbLine
 10
1583.04025062822
 20
-119.2572287978446
 30
0.0
 11
1583.04025062822
 21
-115.7572287978446
 31
0.0
  0
LINE
  5
8C36
330
814C
100
AcDbEntity
  8
13100_DIM_TOP
100
AcDbLine
 10
1583.04025062822
 20
-130.5072287978446
 30
0.0
 11
1583.04025062822
 21
-143.0738954645112
 31
0.0
  0
LINE
  5
8C37
330
814C
100
AcDbEntity
  8
13100_DIM_TOP
100
AcDbLine
 10
1583.04025062822
 20
-122.7572287978446
 30
0.0
 11
1583.04025062822
 21
-127.0072287978446
 31
0.0
  0
SOLID
  5
8C38
330
814C
100
AcDbEntity
  8
13100_DIM_TOP
100
AcDbTrace
 10
1582.456917294886
 20
-119.2572287978446
 30
0.0
 11
1583.623583961553
 21
-119.2572287978446
 31
0.0
 12
1583.04025062822
 22
-122.7572287978446
 32
0.0
 13
1583.04025062822
 23
-122.7572287978446
 33
0.0
  0
SOLID
  5
8C39
330
814C
100
AcDbEntity
  8
13100_DIM_TOP
100
AcDbTrace
 10
1582.456917294886
 20
-130.5072287978446
 30
0.0
 11
1583.623583961553
 21
-130.5072287978446
 31
0.0
 12
1583.04025062822
 22
-127.0072287978446
 32
0.0
 13
1583.04025062822
 23
-127.0072287978446
 33
0.0
  0
MTEXT
  5
8C3A
330
814C
100
AcDbEntity
  8
13100_DIM_TOP
100
AcDbMText
 10
1577.456917294886
 20
-138.5405621311776
 30
0.0
 40
3.5
 41
0.0
 71
     2
 72
     1
  1
4,3
 11
0.0000000000000001
 21
1.0
 31
0.0
 73
     1
 44
1.0
1001
ACAD
1000
MTEXTBEGIN
1070
    73
1070
     1
1070
    44
1040
1.0
1070
    74
1070
     0
1000
MTEXTEND
  0
POINT
  5
8C3B
330
814C
100
AcDbEntity
  8
Defpoints
 62
     0
100
AcDbPoint
 10
1588.92742624802
 20
-122.7572287978446
 30
0.0
  0
POINT
  5
8C3C
330
814C
100
AcDbEntity
  8
Defpoints
 62
     0
100
AcDbPoint
 10
1588.92742624802
 20
-127.0072287978446
 30
0.0
  0
POINT
  5
8C3D
330
814C
100
AcDbEntity
  8
Defpoints
 62
     0
100
AcDbPoint
 10
1583.04025062822
 20
-127.0072287978446
 30
0.0
  0
ENDBLK
  5
814E
330
814C
100
AcDbEntity
  8
0
100
AcDbBlockEnd
  0
BLOCK
  5
8212
330
8211
100
AcDbEntity
  8
0
100
AcDbBlockBegin
  2
*D46
 70
     1
 10
0.0
 20
0.0
 30
0.0
  3
*D46
  1

  0
LINE
  5
8C1F
330
8211
100
AcDbEntity
  8
11100 _DIM_LEFT
100
AcDbLine
 10
1643.18495994612
 20
-67.85560415690595
 30
0.0
 11
1643.18495994612
 21
-90.33587806957077
 31
0.0
  0
LINE
  5
8C20
330
8211
100
AcDbEntity
  8
11100 _DIM_LEFT
100
AcDbLine
 10
1651.234960241219
 20
-67.85560415690595
 30
0.0
 11
1651.234960241219
 21
-90.33587806957077
 31
0.0
  0
LINE
  5
8C21
330
8211
100
AcDbEntity
  8
11100 _DIM_LEFT
100
AcDbLine
 10
1639.68495994612
 20
-89.33587806957076
 30
0.0
 11
1636.18495994612
 21
-89.33587806957076
 31
0.0
  0
LINE
  5
8C22
330
8211
100
AcDbEntity
  8
11100 _DIM_LEFT
100
AcDbLine
 10
1654.734960241219
 20
-89.33587806957076
 30
0.0
 11
1666.368293574552
 21
-89.33587806957076
 31
0.0
  0
LINE
  5
8C23
330
8211
100
AcDbEntity
  8
11100 _DIM_LEFT
100
AcDbLine
 10
1643.18495994612
 20
-89.33587806957076
 30
0.0
 11
1651.234960241219
 21
-89.33587806957076
 31
0.0
  0
SOLID
  5
8C24
330
8211
100
AcDbEntity
  8
11100 _DIM_LEFT
100
AcDbTrace
 10
1639.68495994612
 20
-88.75254473623744
 30
0.0
 11
1639.68495994612
 21
-89.9192114029041
 31
0.0
 12
1643.18495994612
 22
-89.33587806957076
 32
0.0
 13
1643.18495994612
 23
-89.33587806957076
 33
0.0
  0
SOLID
  5
8C25
330
8211
100
AcDbEntity
  8
11100 _DIM_LEFT
100
AcDbTrace
 10
1654.734960241219
 20
-88.75254473623744
 30
0.0
 11
1654.734960241219
 21
-89.9192114029041
 31
0.0
 12
1651.234960241219
 22
-89.33587806957076
 32
0.0
 13
1651.234960241219
 23
-89.33587806957076
 33
0.0
  0
MTEXT
  5
8C26
330
8211
100
AcDbEntity
  8
11100 _DIM_LEFT
100
AcDbMText
 10
1662.301626907886
 20
-85.7942114029041
 30
0.0
 40
3.5
 41
0.0
 71
     5
 72
     1
  1
8,1
 73
     1
 44
1.0
1001
ACAD
1000
MTEXTBEGIN
1070
    73
1070
     1
1070
    44
1040
1.0
1070
    74
1070
     0
1000
MTEXTEND
  0
POINT
  5
8C27
330
8211
100
AcDbEntity
  8
Defpoints
 62
     0
100
AcDbPoint
 10
1643.18495994612
 20
-67.85560415690595
 30
0.0
  0
POINT
  5
8C28
330
8211
100
AcDbEntity
  8
Defpoints
 62
     0
100
AcDbPoint
 10
1651.234960241219
 20
-67.85560415690595
 30
0.0
  0
POINT
  5
8C29
330
8211
100
AcDbEntity
  8
Defpoints
 62
     0
100
AcDbPoint
 10
1651.234960241219
 20
-89.33587806957076
 30
0.0
  0
ENDBLK
  5
8213
330
8211
100
AcDbEntity
  8
0
100
AcDbBlockEnd
  0
BLOCK
  5
826C
330
826B
100
AcDbEntity
  8
0
100
AcDbBlockBegin
  2
*D47
 70
     1
 10
0.0
 20
0.0
 30
0.0
  3
*D47
  1

  0
LINE
  5
8C16
330
826B
100
AcDbEntity
  8
10100_DIM_FRONT
100
AcDbLine
 10
1588.42742688882
 20
-52.35560394460597
 30
0.0
 11
1575.670720934043
 21
-52.35560394460596
 31
0.0
  0
LINE
  5
8C17
330
826B
100
AcDbEntity
  8
10100_DIM_FRONT
100
AcDbLine
 10
1588.42742688882
 20
-67.355603609306
 30
0.0
 11
1575.670720934043
 21
-67.355603609306
 31
0.0
  0
LINE
  5
8C18
330
826B
100
AcDbEntity
  8
10100_DIM_FRONT
100
AcDbLine
 10
1576.670720934043
 20
-55.85560394460596
 30
0.0
 11
1576.670720934043
 21
-63.85560360930599
 31
0.0
  0
SOLID
  5
8C19
330
826B
100
AcDbEntity
  8
10100_DIM_FRONT
100
AcDbTrace
 10
1576.08738760071
 20
-55.85560394460596
 30
0.0
 11
1577.254054267376
 21
-55.85560394460596
 31
0.0
 12
1576.670720934043
 22
-52.35560394460596
 32
0.0
 13
1576.670720934043
 23
-52.35560394460596
 33
0.0
  0
SOLID
  5
8C1A
330
826B
100
AcDbEntity
  8
10100_DIM_FRONT
100
AcDbTrace
 10
1576.08738760071
 20
-63.85560360930599
 30
0.0
 11
1577.254054267376
 21
-63.85560360930599
 31
0.0
 12
1576.670720934043
 22
-67.355603609306
 32
0.0
 13
1576.670720934043
 23
-67.355603609306
 33
0.0
  0
MTEXT
  5
8C1B
330
826B
100
AcDbEntity
  8
10100_DIM_FRONT
100
AcDbMText
 10
1573.420720934043
 20
-59.85560377695573
 30
0.0
 40
3.5
 41
0.0
 71
     5
 72
     1
  1
15
 11
0.0000000000000001
 21
1.0
 31
0.0
 73
     1
 44
1.0
1001
ACAD
1000
MTEXTBEGIN
1070
    73
1070
     1
1070
    44
1040
1.0
1070
    74
1070
     0
1000
MTEXTEND
  0
POINT
  5
8C1C
330
826B
100
AcDbEntity
  8
Defpoints
 62
     0
100
AcDbPoint
 10
1588.42742688882
 20
-52.35560394460597
 30
0.0
  0
POINT
  5
8C1D
330
826B
100
AcDbEntity
  8
Defpoints
 62
     0
100
AcDbPoint
 10
1588.42742688882
 20
-67.355603609306
 30
0.0
  0
POINT
  5
8C1E
330
826B
100
AcDbEntity
  8
Defpoints
 62
     0
100
AcDbPoint
 10
1576.670720934043
 20
-67.355603609306
 30
0.0
  0
ENDBLK
  5
826D
330
826B
100
AcDbEntity
  8
0
100
AcDbBlockEnd
  0
ENDSEC
  0
SECTION
  2
ENTITIES
  0
LWPOLYLINE
  5
71ED
330
6B
100
AcDbEntity
  8
90000_FRAME
100
AcDbPolyline
 90
        4
 70
     1
 43
0.0
 10
1452.531154595182
 20
-200.8600296769086
 10
1749.531154595182
 20
-200.8600296769086
 10
1749.531154595182
 20
9.139970323091404
 10
1452.531154595182
 20
9.139970323091404
1001
GENIUS_GENREC_14
1002
{
1000
PYDIR
1011
1452.531154595182
1021
9.139970323091404
1031
0.0
1002
}
1002
{
1000
PXDIR
1011
1749.531154595182
1021
-200.8600296769086
1031
0.0
1002
}
1002
{
1000
PORI
1011
1452.531154595182
1021
-200.8600296769086
1031
0.0
1002
}
1002
{
1000
PINS
1011
1452.531154595182
1021
-200.8600296769086
1031
0.0
1002
}
1002
{
1000
HVAL
1000
210
1002
}
1002
{
1000
H
1070
     2
1002
}
1002
{
1000
WVAL
1000
297
1002
}
1002
{
1000
W
1070
     2
1002
}
1002
{
1000
C
1070
     1
1002
}
1001
GENIUS_GENODEF_13
1002
{
1000
HIER
1070
     0
1002
}
1002
{
1000
MANEDIT
1070
     0
1002
}
1002
{
1000
NOSEL
1070
     0
1002
}
1002
{
1000
BEHIND
1070
     0
1002
}
1002
{
1000
OTHER
1070
     0
1002
}
1002
{
1000
REACTOR
1002
}
1001
GENIUS_GENOBJ-N-REC_13
1002
{
1000
OWNER
1000
GEN
1002
}
1001
AcDbBlockRepETag
1070
     1
1071
       12
1005
71ED
  0
LWPOLYLINE
  5
71EE
330
6B
100
AcDbEntity
  8
90000_FRAME
100
AcDbPolyline
 90
        4
 70
     1
 43
0.0
 10
1457.531154595181
 20
-195.8600296769086
 10
1744.531154595182
 20
-195.8600296769086
 10
1744.531154595182
 20
4.139970323091404
 10
1457.531154595181
 20
4.139970323091404
1001
GENIUS_GENREC_14
1002
{
1000
PYDIR
1011
1452.531154595182
1021
9.139970323091404
1031
0.0
1002
}
1002
{
1000
PXDIR
1011
1749.531154595182
1021
-200.8600296769086
1031
0.0
1002
}
1002
{
1000
PORI
1011
1452.531154595182
1021
-200.8600296769086
1031
0.0
1002
}
1002
{
1000
PINS
1011
1452.531154595182
1021
-200.8600296769086
1031
0.0
1002
}
1002
{
1000
HVAL
1000
210
1002
}
1002
{
1000
H
1070
     2
1002
}
1002
{
1000
WVAL
1000
297
1002
}
1002
{
1000
W
1070
     2
1002
}
1002
{
1000
C
1070
     1
1002
}
1001
GENIUS_GENODEF_13
1002
{
1000
HIER
1070
     0
1002
}
1002
{
1000
MANEDIT
1070
     0
1002
}
1002
{
1000
NOSEL
1070
     0
1002
}
1002
{
1000
BEHIND
1070
     0
1002
}
1002
{
1000
OTHER
1070
     0
1002
}
1002
{
1000
REACTOR
1002
}
1001
GENIUS_GENOBJ-N-REC_13
1002
{
1000
OWNER
1000
GEN
1002
}
1001
AcDbBlockRepETag
1070
     1
1071
       16
1005
71EE
  0
TEXT
  5
78AB
330
6B
100
AcDbEntity
  8
90000_FRAME
100
AcDbText
 10
1655.191154595182
 20
-188.9600296769086
 30
0.0
 40
2.2
  1
Format / Size: DIN A4
 41
0.7267573696
  7
TEXTSTYLE_6
100
AcDbText
  0
TEXT
  5
78AC
330
6B
100
AcDbEntity
  8
90000_FRAME
100
AcDbText
 10
1697.691154595182
 20
-188.9600296769086
 30
0.0
 40
2.2
  1
Massstab / Scale: 1:1
 41
0.6689342404000001
  7
TEXTSTYLE_7
100
AcDbText
  0
TEXT
  5
78AD
330
6B
100
AcDbEntity
  8
90000_FRAME
100
AcDbText
 10
1678.922817845182
 20
-180.6100296769086
 30
0.0
 40
3.5
  1
6GK19000AB10_001
 41
0.7571430000000002
  7
TEXTSTYLE_8
 72
     1
 11
1697.031154595182
 21
-180.6100296769086
 31
0.0
100
AcDbText
  0
TEXT
  5
78AE
330
6B
100
AcDbEntity
  8
91000_TIP
100
AcDbText
 10
1605.062134245281
 20
-163.9444479684086
 30
0.0
 40
3.5
  1
Alle Bemassungswerte sind in Millimeter (mm) angegeben.
 41
0.6991341991
  7
TEXTSTYLE_9
100
AcDbText
  0
TEXT
  5
78AF
330
6B
100
AcDbEntity
  8
91000_TIP
100
AcDbText
 10
1605.062134245281
 20
-169.1944479684086
 30
0.0
 40
3.5
  1
All dimensions are in millimeters (mm).
 41
0.6825396825
  7
TEXTSTYLE_10
100
AcDbText
  0
LINE
  5
78B0
330
6B
100
AcDbEntity
  8
90000_FRAME
100
AcDbLine
 10
1572.824385495082
 20
-179.0685630904086
 30
0.0
 11
1582.824385290782
 21
-176.5685631414086
 31
0.0
  0
LINE
  5
78B1
330
6B
100
AcDbEntity
  8
90000_FRAME
100
AcDbLine
 10
1604.531154595182
 20
-190.8600296769086
 30
0.0
 11
1739.531154595182
 21
-190.8600296769086
 31
0.0
  0
LINE
  5
78B2
330
6B
100
AcDbEntity
  8
90000_FRAME
100
AcDbLine
 10
1654.531154595182
 20
-184.8600296769086
 30
0.0
 11
1739.531154595182
 21
-184.8600296769086
 31
0.0
  0
LWPOLYLINE
  5
78B3
330
6B
100
AcDbEntity
  8
90000_FRAME
100
AcDbPolyline
 90
        2
 70
     0
 43
0.10105375
 10
1627.928088033682
 20
-184.1108177589086
 10
1628.783676468682
 20
-184.1108177589086
  0
LWPOLYLINE
  5
78B4
330
6B
100
AcDbEntity
  8
90000_FRAME
100
AcDbPolyline
 90
        2
 70
     0
 43
0.10105375
 10
1641.118409739782
 20
-184.0632850681086
 10
1639.597363633082
 20
-184.0632850681086
  0
LWPOLYLINE
  5
78B5
330
6B
100
AcDbEntity
  8
90000_FRAME
100
AcDbPolyline
 90
        2
 70
     0
 43
0.10105375
 10
1631.493039846082
 20
-184.0632850681086
 10
1630.114591811982
 20
-184.0632850681086
  0
LWPOLYLINE
  5
78B6
330
6B
100
AcDbEntity
  8
90000_FRAME
100
AcDbPolyline
 90
        2
 70
     0
 43
0.10105375
 10
1618.754278702982
 20
-184.0632850681086
 10
1620.180259427982
 20
-184.0632850681086
  0
LWPOLYLINE
  5
78B7
330
6B
100
AcDbEntity
  8
90000_FRAME
100
AcDbPolyline
 90
        2
 70
     0
 43
0.10105375
 10
1621.273511317082
 20
-184.0632850681086
 10
1624.838463129582
 20
-184.0632850681086
  0
LWPOLYLINE
  5
78B8
330
6B
100
AcDbEntity
  8
90000_FRAME
100
AcDbPolyline
 90
        2
 70
     0
 43
0.10105375
 10
1625.646518873682
 20
-184.0632850681086
 10
1626.597172690382
 20
-184.0632850681086
  0
LWPOLYLINE
  5
78B9
330
6B
100
AcDbEntity
  8
90000_FRAME
100
AcDbPolyline
 90
        2
 70
     0
 43
0.10105375
 10
1632.586291735282
 20
-184.0632850681086
 10
1636.151243547782
 20
-184.0632850681086
  0
LWPOLYLINE
  5
78BA
330
6B
100
AcDbEntity
  8
90000_FRAME
100
AcDbPolyline
 90
        2
 70
     0
 43
0.10105375
 10
1636.935532946482
 20
-184.0632850681086
 10
1637.886186763182
 20
-184.0632850681086
  0
LWPOLYLINE
  5
78BB
330
6B
100
AcDbEntity
  8
90000_FRAME
100
AcDbPolyline
 90
        2
 70
     0
 43
0.10105375
 10
1636.151243547782
 20
-183.1601639423086
 10
1633.964739769482
 20
-183.1601639423086
  0
LWPOLYLINE
  5
78BC
330
6B
100
AcDbEntity
  8
90000_FRAME
100
AcDbPolyline
 90
        2
 70
     0
 43
0.10105375
 10
1624.838463129582
 20
-183.1601639423086
 10
1622.651959351282
 20
-183.1601639423086
  0
LWPOLYLINE
  5
78BD
330
6B
100
AcDbEntity
  8
90000_FRAME
100
AcDbPolyline
 90
        2
 70
     0
 43
0.10105375
 10
1635.818514711881
 20
-182.0431457077086
 10
1633.964739769482
 20
-182.0431457077086
  0
LWPOLYLINE
  5
78BE
330
6B
100
AcDbEntity
  8
90000_FRAME
100
AcDbPolyline
 90
        2
 70
     0
 43
0.10105375
 10
1624.505734293682
 20
-182.0431457077086
 10
1622.651959351282
 20
-182.0431457077086
  0
LINE
  5
78BF
330
6B
100
AcDbEntity
  8
90000_FRAME
100
AcDbLine
 10
1571.544875023082
 20
-181.5685630393086
 30
0.0
 11
1595.146864287181
 21
-181.5685630393086
 31
0.0
  0
LWPOLYLINE
  5
78C0
330
6B
100
AcDbEntity
  8
90000_FRAME
100
AcDbPolyline
 90
        2
 70
     0
 43
0.10105375
 10
1635.818514711881
 20
-181.2588563089086
 10
1633.964739769482
 20
-181.2588563089086
  0
LWPOLYLINE
  5
78C1
330
6B
100
AcDbEntity
  8
90000_FRAME
100
AcDbPolyline
 90
        2
 70
     0
 43
0.10105375
 10
1624.505734293682
 20
-181.2588563089086
 10
1622.651959351282
 20
-181.2588563089086
  0
LWPOLYLINE
  5
78C2
330
6B
100
AcDbEntity
  8
90000_FRAME
100
AcDbPolyline
 90
        2
 70
     0
 43
0.10105375
 10
1636.103710856882
 20
-180.1893707652086
 10
1633.964739769482
 20
-180.1893707652086
  0
LWPOLYLINE
  5
78C3
330
6B
100
AcDbEntity
  8
90000_FRAME
100
AcDbPolyline
 90
        2
 70
     0
 43
0.10105375
 10
1624.790930438682
 20
-180.1893707652086
 10
1622.651959351282
 20
-180.1893707652086
  0
LWPOLYLINE
  5
78C4
330
6B
100
AcDbEntity
  8
90000_FRAME
100
AcDbPolyline
 90
        2
 70
     0
 43
0.10105375
 10
1641.118409739782
 20
-179.3100159848085
 10
1640.167755923082
 20
-179.3100159848085
  0
LWPOLYLINE
  5
78C5
330
6B
100
AcDbEntity
  8
90000_FRAME
100
AcDbPolyline
 90
        2
 70
     0
 43
0.10105375
 10
1638.480345398582
 20
-179.3100159848085
 10
1636.935532946482
 20
-179.3100159848085
  0
LWPOLYLINE
  5
78C6
330
6B
100
AcDbEntity
  8
90000_FRAME
100
AcDbPolyline
 90
        2
 70
     0
 43
0.10105375
 10
1636.103710856882
 20
-179.3100159848085
 10
1632.586291735282
 20
-179.3100159848085
  0
LWPOLYLINE
  5
78C7
330
6B
100
AcDbEntity
  8
90000_FRAME
100
AcDbPolyline
 90
        2
 70
     0
 43
0.10105375
 10
1631.493039846082
 20
-179.3100159848085
 10
1629.781862976181
 20
-179.3100159848085
  0
LWPOLYLINE
  5
78C8
330
6B
100
AcDbEntity
  8
90000_FRAME
100
AcDbPolyline
 90
        2
 70
     0
 43
0.10105375
 10
1627.357695743682
 20
-179.3100159848085
 10
1625.646518873682
 20
-179.3100159848085
  0
LWPOLYLINE
  5
78C9
330
6B
100
AcDbEntity
  8
90000_FRAME
100
AcDbPolyline
 90
        2
 70
     0
 43
0.10105375
 10
1624.790930438682
 20
-179.3100159848085
 10
1621.273511317082
 20
-179.3100159848085
  0
LWPOLYLINE
  5
78CA
330
6B
100
AcDbEntity
  8
90000_FRAME
100
AcDbPolyline
 90
        2
 70
     0
 43
0.10105375
 10
1618.754278702982
 20
-179.3100159848085
 10
1620.180259427982
 20
-179.3100159848085
  0
LINE
  5
78CB
330
6B
100
AcDbEntity
  8
90000_FRAME
100
AcDbLine
 10
1604.531154595182
 20
-172.8600296769086
 30
0.0
 11
1739.531154595182
 21
-172.8600296769086
 31
0.0
  0
LINE
  5
78CC
330
6B
100
AcDbEntity
  8
90000_FRAME
100
AcDbLine
 10
1572.824385495082
 20
-184.0685629883086
 30
0.0
 11
1582.824385290782
 21
-186.5685629372086
 31
0.0
  0
LWPOLYLINE
  5
78CD
330
6B
100
AcDbEntity
  8
90000_FRAME
100
AcDbPolyline
 90
        2
 70
     0
 43
0.10105375
 10
1638.480345398582
 20
-179.3100159848085
 10
1640.167755923082
 20
-182.2570428164086
  0
LWPOLYLINE
  5
78CE
330
6B
100
AcDbEntity
  8
90000_FRAME
100
AcDbPolyline
 90
        2
 70
     0
 43
0.10105375
 10
1639.597363633082
 20
-184.0632850681086
 10
1637.886186763182
 20
-181.0211928548086
  0
LWPOLYLINE
  5
78CF
330
6B
100
AcDbEntity
  8
90000_FRAME
100
AcDbPolyline
 90
        2
 70
     0
 43
0.10105375
 10
1627.928088033682
 20
-184.1108177589086
 10
1626.597172690382
 20
-181.0211928548086
  0
LWPOLYLINE
  5
78D0
330
6B
100
AcDbEntity
  8
90000_FRAME
100
AcDbPolyline
 90
        2
 70
     0
 43
0.10105375
 10
1627.357695743682
 20
-179.3100159848085
 10
1628.593545705381
 20
-182.2095101256086
  0
LINE
  5
78D1
330
6B
100
AcDbEntity
  8
90000_FRAME
100
AcDbLine
 10
1572.824385495082
 20
-179.0685630904086
 30
0.0
 11
1572.824385495082
 21
-184.0685629883086
 31
0.0
  0
LINE
  5
78D2
330
6B
100
AcDbEntity
  8
90000_FRAME
100
AcDbLine
 10
1582.824385290782
 20
-176.5685631414086
 30
0.0
 11
1582.824385290782
 21
-186.5685629372086
 31
0.0
  0
LINE
  5
78D3
330
6B
100
AcDbEntity
  8
90000_FRAME
100
AcDbLine
 10
1589.324385158082
 20
-187.2900442457085
 30
0.0
 11
1589.324385158082
 21
-176.0066582457086
 31
0.0
  0
LINE
  5
78D4
330
6B
100
AcDbEntity
  8
90000_FRAME
100
AcDbLine
 10
1604.531154595182
 20
-190.8600296769086
 30
0.0
 11
1604.531154595182
 21
-172.8600296769086
 31
0.0
  0
LWPOLYLINE
  5
78D5
330
6B
100
AcDbEntity
  8
90000_FRAME
100
AcDbPolyline
 90
        2
 70
     0
 43
0.10105375
 10
1614.333738455482
 20
-183.9682196864086
 10
1614.333738455482
 20
-183.0175658698085
  0
LWPOLYLINE
  5
78D6
330
6B
100
AcDbEntity
  8
90000_FRAME
100
AcDbPolyline
 90
        2
 70
     0
 43
0.10105375
 10
1617.661026813782
 20
-180.3082024923085
 10
1617.661026813782
 20
-179.3575486756086
  0
LWPOLYLINE
  5
78D7
330
6B
100
AcDbEntity
  8
90000_FRAME
100
AcDbPolyline
 90
        2
 70
     0
 43
0.10105375
 10
1618.754278702982
 20
-179.3100159848085
 10
1618.754278702982
 20
-184.0632850681086
  0
LWPOLYLINE
  5
78D8
330
6B
100
AcDbEntity
  8
90000_FRAME
100
AcDbPolyline
 90
        2
 70
     0
 43
0.10105375
 10
1620.180259427982
 20
-179.3100159848085
 10
1620.180259427982
 20
-184.0632850681086
  0
LWPOLYLINE
  5
78D9
330
6B
100
AcDbEntity
  8
90000_FRAME
100
AcDbPolyline
 90
        2
 70
     0
 43
0.10105375
 10
1621.273511317082
 20
-179.3100159848085
 10
1621.273511317082
 20
-184.0632850681086
  0
LWPOLYLINE
  5
78DA
330
6B
100
AcDbEntity
  8
90000_FRAME
100
AcDbPolyline
 90
        2
 70
     0
 43
0.10105375
 10
1622.651959351282
 20
-180.1893707652086
 10
1622.651959351282
 20
-181.2588563089086
  0
LWPOLYLINE
  5
78DB
330
6B
100
AcDbEntity
  8
90000_FRAME
100
AcDbPolyline
 90
        2
 70
     0
 43
0.10105375
 10
1622.651959351282
 20
-182.0431457077086
 10
1622.651959351282
 20
-183.1601639423086
  0
LWPOLYLINE
  5
78DC
330
6B
100
AcDbEntity
  8
90000_FRAME
100
AcDbPolyline
 90
        2
 70
     0
 43
0.10105375
 10
1624.505734293682
 20
-181.2588563089086
 10
1624.505734293682
 20
-182.0431457077086
  0
LWPOLYLINE
  5
78DD
330
6B
100
AcDbEntity
  8
90000_FRAME
100
AcDbPolyline
 90
        2
 70
     0
 43
0.10105375
 10
1624.790930438682
 20
-179.3100159848085
 10
1624.790930438682
 20
-180.1893707652086
  0
LWPOLYLINE
  5
78DE
330
6B
100
AcDbEntity
  8
90000_FRAME
100
AcDbPolyline
 90
        2
 70
     0
 43
0.10105375
 10
1624.838463129582
 20
-183.1601639423086
 10
1624.838463129582
 20
-184.0632850681086
  0
LWPOLYLINE
  5
78DF
330
6B
100
AcDbEntity
  8
90000_FRAME
100
AcDbPolyline
 90
        2
 70
     0
 43
0.10105375
 10
1625.646518873682
 20
-184.0632850681086
 10
1625.646518873682
 20
-179.3100159848085
  0
LWPOLYLINE
  5
78E0
330
6B
100
AcDbEntity
  8
90000_FRAME
100
AcDbPolyline
 90
        2
 70
     0
 43
0.10105375
 10
1626.597172690382
 20
-184.0632850681086
 10
1626.597172690382
 20
-181.0211928548086
  0
LWPOLYLINE
  5
78E1
330
6B
100
AcDbEntity
  8
90000_FRAME
100
AcDbPolyline
 90
        2
 70
     0
 43
0.10105375
 10
1630.114591811982
 20
-180.9736601639086
 10
1630.114591811982
 20
-184.0632850681086
  0
LWPOLYLINE
  5
78E2
330
6B
100
AcDbEntity
  8
90000_FRAME
100
AcDbPolyline
 90
        2
 70
     0
 43
0.10105375
 10
1631.493039846082
 20
-179.3100159848085
 10
1631.493039846082
 20
-184.0632850681086
  0
LWPOLYLINE
  5
78E3
330
6B
100
AcDbEntity
  8
90000_FRAME
100
AcDbPolyline
 90
        2
 70
     0
 43
0.10105375
 10
1632.586291735282
 20
-179.3100159848085
 10
1632.586291735282
 20
-184.0632850681086
  0
LWPOLYLINE
  5
78E4
330
6B
100
AcDbEntity
  8
90000_FRAME
100
AcDbPolyline
 90
        2
 70
     0
 43
0.10105375
 10
1633.964739769482
 20
-180.1893707652086
 10
1633.964739769482
 20
-181.2588563089086
  0
LWPOLYLINE
  5
78E5
330
6B
100
AcDbEntity
  8
90000_FRAME
100
AcDbPolyline
 90
        2
 70
     0
 43
0.10105375
 10
1633.964739769482
 20
-182.0431457077086
 10
1633.964739769482
 20
-183.1601639423086
  0
LWPOLYLINE
  5
78E6
330
6B
100
AcDbEntity
  8
90000_FRAME
100
AcDbPolyline
 90
        2
 70
     0
 43
0.10105375
 10
1635.818514711881
 20
-181.2588563089086
 10
1635.818514711881
 20
-182.0431457077086
  0
LWPOLYLINE
  5
78E7
330
6B
100
AcDbEntity
  8
90000_FRAME
100
AcDbPolyline
 90
        2
 70
     0
 43
0.10105375
 10
1636.103710856882
 20
-179.3100159848085
 10
1636.103710856882
 20
-180.1893707652086
  0
LWPOLYLINE
  5
78E8
330
6B
100
AcDbEntity
  8
90000_FRAME
100
AcDbPolyline
 90
        2
 70
     0
 43
0.10105375
 10
1636.151243547782
 20
-183.1601639423086
 10
1636.151243547782
 20
-184.0632850681086
  0
LWPOLYLINE
  5
78E9
330
6B
100
AcDbEntity
  8
90000_FRAME
100
AcDbPolyline
 90
        2
 70
     0
 43
0.10105375
 10
1636.935532946482
 20
-184.0632850681086
 10
1636.935532946482
 20
-179.3100159848085
  0
LWPOLYLINE
  5
78EA
330
6B
100
AcDbEntity
  8
90000_FRAME
100
AcDbPolyline
 90
        2
 70
     0
 43
0.10105375
 10
1637.886186763182
 20
-184.0632850681086
 10
1637.886186763182
 20
-181.0211928548086
  0
LWPOLYLINE
  5
78EB
330
6B
100
AcDbEntity
  8
90000_FRAME
100
AcDbPolyline
 90
        2
 70
     0
 43
0.10105375
 10
1640.167755923082
 20
-179.3100159848085
 10
1640.167755923082
 20
-182.2570428164086
  0
LWPOLYLINE
  5
78EC
330
6B
100
AcDbEntity
  8
90000_FRAME
100
AcDbPolyline
 90
        2
 70
     0
 43
0.10105375
 10
1641.118409739782
 20
-179.3100159848085
 10
1641.118409739782
 20
-184.0632850681086
  0
LWPOLYLINE
  5
78ED
330
6B
100
AcDbEntity
  8
90000_FRAME
100
AcDbPolyline
 90
        2
 70
     0
 43
0.10105375
 10
1641.926465483882
 20
-183.9682196864086
 10
1641.926465483882
 20
-183.0175658698085
  0
LWPOLYLINE
  5
78EE
330
6B
100
AcDbEntity
  8
90000_FRAME
100
AcDbPolyline
 90
        2
 70
     0
 43
0.10105375
 10
1645.253753842182
 20
-180.3082024923085
 10
1645.253753842182
 20
-179.3575486756086
  0
LINE
  5
78EF
330
6B
100
AcDbEntity
  8
90000_FRAME
100
AcDbLine
 10
1654.531154595182
 20
-190.8600296769086
 30
0.0
 11
1654.531154595182
 21
-172.8600296769086
 31
0.0
  0
LINE
  5
78F0
330
6B
100
AcDbEntity
  8
90000_FRAME
100
AcDbLine
 10
1697.031154595182
 20
-190.8600296769086
 30
0.0
 11
1697.031154595182
 21
-184.8600296769086
 31
0.0
  0
LWPOLYLINE
  5
78F1
330
6B
100
AcDbEntity
  8
90000_FRAME
100
AcDbPolyline
 90
        2
 70
     0
 43
0.10105375
 10
1629.781862976181
 20
-179.3100159848085
 10
1628.593545705381
 20
-182.2095101256086
  0
LWPOLYLINE
  5
78F2
330
6B
100
AcDbEntity
  8
90000_FRAME
100
AcDbPolyline
 90
        2
 70
     0
 43
0.10105375
 10
1630.114591811982
 20
-180.9736601639086
 10
1628.783676468682
 20
-184.1108177589086
  0
LWPOLYLINE
  5
78F3
330
6B
100
AcDbEntity
  8
90000_FRAME
100
AcDbPolyline
 90
        2
 70
     0
 43
0.050526875
 10
1614.525567044782
 20
-179.8908215257086
 10
1614.799632869482
 20
-179.6167484481086
  0
LINE
  5
78F4
330
6B
100
AcDbEntity
  8
90000_FRAME
100
AcDbLine
 10
1739.531154595182
 20
-190.8600296769086
 30
0.0
 11
1739.531154595182
 21
-172.8600296769086
 31
0.0
  0
LWPOLYLINE
  5
78F5
330
6B
100
AcDbEntity
  8
90000_FRAME
100
AcDbPolyline
 90
        2
 70
     0
 43
0.1010537522
 10
1616.425176852182
 20
-182.5065894433086
 42
0.0089813114
 10
1615.854784562182
 20
-182.2570428164086
  0
LWPOLYLINE
  5
78F6
330
6B
100
AcDbEntity
  8
90000_FRAME
100
AcDbPolyline
 90
        2
 70
     0
 43
0.1010537522
 10
1617.661026813782
 20
-179.3575486756086
 42
0.0376822659
 10
1616.306345125082
 20
-179.1911842577086
  0
LWPOLYLINE
  5
78F7
330
6B
100
AcDbEntity
  8
90000_FRAME
100
AcDbPolyline
 90
        2
 70
     0
 43
0.1010537522
 10
1617.280765287082
 20
-181.4489870723085
 42
0.036238505
 10
1616.387949063882
 20
-181.0145502549086
  0
CIRCLE
  5
78F8
330
6B
100
AcDbEntity
  8
90000_FRAME
100
AcDbCircle
 10
1589.324385158082
 20
-181.5685630393086
 30
0.0
 40
4.9999998979
  0
LWPOLYLINE
  5
78F9
330
6B
100
AcDbEntity
  8
90000_FRAME
100
AcDbPolyline
 90
        2
 70
     0
 43
0.1010537522
 10
1614.333738455482
 20
-183.9682196864086
 42
0.1245022621
 10
1616.662840306282
 20
-184.0989345862086
  0
LWPOLYLINE
  5
78FA
330
6B
100
AcDbEntity
  8
90000_FRAME
100
AcDbPolyline
 90
        2
 70
     0
 43
0.1010537522
 10
1617.661026813782
 20
-180.3082024923085
 42
0.055426495
 10
1616.662840306282
 20
-180.0705390381086
  0
LWPOLYLINE
  5
78FB
330
6B
100
AcDbEntity
  8
90000_FRAME
100
AcDbPolyline
 90
        2
 70
     0
 43
0.1010537522
 10
1614.333738455482
 20
-183.0175658698085
 42
0.1460086937
 10
1616.187513397982
 20
-183.2076966331086
  0
LWPOLYLINE
  5
78FC
330
6B
100
AcDbEntity
  8
90000_FRAME
100
AcDbPolyline
 90
        2
 70
     0
 43
0.1010537522
 10
1615.902317252982
 20
-180.7954125733086
 42
0.0494757475
 10
1616.387949063882
 20
-181.0145502549086
  0
CIRCLE
  5
78FD
330
6B
100
AcDbEntity
  8
90000_FRAME
100
AcDbCircle
 10
1589.324385158082
 20
-181.5685630393086
 30
0.0
 40
2.499999948899997
  0
LWPOLYLINE
  5
78FE
330
6B
100
AcDbEntity
  8
90000_FRAME
100
AcDbPolyline
 90
        2
 70
     0
 43
0.1010537522
 10
1616.306345125082
 20
-179.1911842577086
 42
0.1503676272
 10
1614.951663436282
 20
-179.5120299208086
  0
LWPOLYLINE
  5
78FF
330
6B
100
AcDbEntity
  8
90000_FRAME
100
AcDbPolyline
 90
        2
 70
     0
 43
0.1010537522
 10
1616.662840306282
 20
-180.0705390381086
 42
0.0844238982
 10
1615.926083598382
 20
-180.1180717290086
  0
LWPOLYLINE
  5
7900
330
6B
100
AcDbEntity
  8
90000_FRAME
100
AcDbPolyline
 90
        2
 70
     0
 43
0.1010537522
 10
1614.666467291282
 20
-181.5915851448086
 42
0.067261881
 10
1615.141794199682
 20
-181.9243139806086
  0
LWPOLYLINE
  5
7901
330
6B
100
AcDbEntity
  8
90000_FRAME
100
AcDbPolyline
 90
        2
 70
     0
 43
0.1010537522
 10
1616.662840306282
 20
-184.0989345862086
 42
0.1292500263
 10
1617.613494122982
 20
-183.6117245052086
  0
LWPOLYLINE
  5
7902
330
6B
100
AcDbEntity
  8
90000_FRAME
100
AcDbPolyline
 90
        2
 70
     0
 43
0.1010537522
 10
1614.951663436282
 20
-179.5120299208086
 42
0.0888578868
 10
1614.533375756982
 20
-179.8804082748086
  0
LWPOLYLINE
  5
7903
330
6B
100
AcDbEntity
  8
90000_FRAME
100
AcDbPolyline
 90
        2
 70
     0
 43
0.1010537522
 10
1617.869617779182
 20
-182.0866761504086
 42
0.1473425526
 10
1617.280765287082
 20
-181.4489870723085
  0
LWPOLYLINE
  5
7904
330
6B
100
AcDbEntity
  8
90000_FRAME
100
AcDbPolyline
 90
        2
 70
     0
 43
0.1010537522
 10
1617.613494122982
 20
-183.6117245052086
 42
0.0770883289
 10
1617.867361219282
 20
-183.2530863504086
  0
LWPOLYLINE
  5
7905
330
6B
100
AcDbEntity
  8
90000_FRAME
100
AcDbPolyline
 90
        2
 70
     0
 43
0.1010537522
 10
1617.867361219282
 20
-183.2530863504086
 42
0.2171428251
 10
1617.869617779282
 20
-182.0866761504086
  0
LWPOLYLINE
  5
7906
330
6B
100
AcDbEntity
  8
90000_FRAME
100
AcDbPolyline
 90
        2
 70
     0
 43
0.1010537522
 10
1614.333738455482
 20
-180.3082024923085
 42
0.1387838277
 10
1614.333738455482
 20
-181.0211928548086
  0
LWPOLYLINE
  5
7907
330
6B
100
AcDbEntity
  8
90000_FRAME
100
AcDbPolyline
 90
        2
 70
     0
 43
0.1010537522
 10
1614.333738455482
 20
-181.0211928548086
 42
0.1357493355
 10
1614.666467291282
 20
-181.5915851448086
  0
LWPOLYLINE
  5
7908
330
6B
100
AcDbEntity
  8
90000_FRAME
100
AcDbPolyline
 90
        2
 70
     0
 43
0.1010537522
 10
1614.533375756982
 20
-179.8804082748086
 42
0.1065972275
 10
1614.333738455482
 20
-180.3082024923085
  0
LWPOLYLINE
  5
7909
330
6B
100
AcDbEntity
  8
90000_FRAME
100
AcDbPolyline
 90
        2
 70
     0
 43
0.1010537522
 10
1616.187513397982
 20
-183.2076966331086
 42
0.0786073022
 10
1616.520242233782
 20
-183.1078779823085
  0
LWPOLYLINE
  5
790A
330
6B
100
AcDbEntity
  8
90000_FRAME
100
AcDbPolyline
 90
        2
 70
     0
 43
0.1010537522
 10
1615.712186489681
 20
-180.6409313281086
 42
0.0710678119
 10
1615.902317252982
 20
-180.7954125733086
  0
LWPOLYLINE
  5
790B
330
6B
100
AcDbEntity
  8
90000_FRAME
100
AcDbPolyline
 90
        2
 70
     0
 43
0.1010537522
 10
1615.926083598382
 20
-180.1180717290086
 42
0.205257702
 10
1615.664653798782
 20
-180.3082024923085
  0
LWPOLYLINE
  5
790C
330
6B
100
AcDbEntity
  8
90000_FRAME
100
AcDbPolyline
 90
        2
 70
     0
 43
0.1010537522
 10
1616.520242233782
 20
-183.1078779823085
 42
0.6185899145000004
 10
1616.425176852182
 20
-182.5065894433086
  0
LWPOLYLINE
  5
790D
330
6B
100
AcDbEntity
  8
90000_FRAME
100
AcDbPolyline
 90
        2
 70
     0
 43
0.1010537522
 10
1615.664653798782
 20
-180.3082024923085
 42
0.3027756377
 10
1615.712186489681
 20
-180.6409313281086
  0
LWPOLYLINE
  5
790E
330
6B
100
AcDbEntity
  8
90000_FRAME
100
AcDbPolyline
 90
        2
 70
     0
 43
0.1010537522
 10
1644.017903880582
 20
-182.5065894433086
 42
0.0089813114
 10
1643.447511590582
 20
-182.2570428164086
  0
LWPOLYLINE
  5
790F
330
6B
100
AcDbEntity
  8
90000_FRAME
100
AcDbPolyline
 90
        2
 70
     0
 43
0.1010537522
 10
1645.253753842182
 20
-179.3575486756086
 42
0.0376822659
 10
1643.899072153482
 20
-179.1911842577086
  0
LWPOLYLINE
  5
7910
330
6B
100
AcDbEntity
  8
90000_FRAME
100
AcDbPolyline
 90
        2
 70
     0
 43
0.1010537522
 10
1644.873492315582
 20
-181.4489870723085
 42
0.036238505
 10
1643.980676092281
 20
-181.0145502549086
  0
LWPOLYLINE
  5
7911
330
6B
100
AcDbEntity
  8
90000_FRAME
100
AcDbPolyline
 90
        2
 70
     0
 43
0.1010537522
 10
1642.734521228082
 20
-181.9243139806086
 42
0.0185121722
 10
1643.447511590582
 20
-182.2570428164086
  0
LWPOLYLINE
  5
7912
330
6B
100
AcDbEntity
  8
90000_FRAME
100
AcDbPolyline
 90
        2
 70
     0
 43
0.1010537522
 10
1615.141794199682
 20
-181.9243139806086
 42
0.0185121722
 10
1615.854784562182
 20
-182.2570428164086
  0
LWPOLYLINE
  5
7913
330
6B
100
AcDbEntity
  8
90000_FRAME
100
AcDbPolyline
 90
        2
 70
     0
 43
0.1010537522
 10
1641.926465483882
 20
-183.9682196864086
 42
0.1245022621
 10
1644.255567334682
 20
-184.0989345862086
  0
LWPOLYLINE
  5
7914
330
6B
100
AcDbEntity
  8
90000_FRAME
100
AcDbPolyline
 90
        2
 70
     0
 43
0.1010537522
 10
1645.253753842182
 20
-180.3082024923085
 42
0.055426495
 10
1644.255567334682
 20
-180.0705390381086
  0
LWPOLYLINE
  5
7915
330
6B
100
AcDbEntity
  8
90000_FRAME
100
AcDbPolyline
 90
        2
 70
     0
 43
0.1010537522
 10
1641.926465483882
 20
-183.0175658698085
 42
0.1460086937
 10
1643.780240426382
 20
-183.2076966331086
  0
LWPOLYLINE
  5
7916
330
6B
100
AcDbEntity
  8
90000_FRAME
100
AcDbPolyline
 90
        2
 70
     0
 43
0.1010537522
 10
1643.495044281382
 20
-180.7954125733086
 42
0.0494757475
 10
1643.980676092281
 20
-181.0145502549086
  0
LWPOLYLINE
  5
7917
330
6B
100
AcDbEntity
  8
90000_FRAME
100
AcDbPolyline
 90
        2
 70
     0
 43
0.1010537522
 10
1643.899072153482
 20
-179.1911842577086
 42
0.1503676272
 10
1642.544390464782
 20
-179.5120299208086
  0
LWPOLYLINE
  5
7918
330
6B
100
AcDbEntity
  8
90000_FRAME
100
AcDbPolyline
 90
        2
 70
     0
 43
0.1010537522
 10
1644.255567334682
 20
-180.0705390381086
 42
0.0844238982
 10
1643.518810626782
 20
-180.1180717290086
  0
LWPOLYLINE
  5
7919
330
6B
100
AcDbEntity
  8
90000_FRAME
100
AcDbPolyline
 90
        2
 70
     0
 43
0.1010537522
 10
1642.259194319782
 20
-181.5915851448086
 42
0.067261881
 10
1642.734521228082
 20
-181.9243139806086
  0
LWPOLYLINE
  5
791A
330
6B
100
AcDbEntity
  8
90000_FRAME
100
AcDbPolyline
 90
        2
 70
     0
 43
0.1010537522
 10
1644.255567334682
 20
-184.0989345862086
 42
0.1292500263
 10
1645.206221151382
 20
-183.6117245052086
  0
LWPOLYLINE
  5
791B
330
6B
100
AcDbEntity
  8
90000_FRAME
100
AcDbPolyline
 90
        2
 70
     0
 43
0.1010537522
 10
1642.544390464782
 20
-179.5120299208086
 42
0.0888578868
 10
1642.126102785382
 20
-179.8804082748086
  0
LWPOLYLINE
  5
791C
330
6B
100
AcDbEntity
  8
90000_FRAME
100
AcDbPolyline
 90
        2
 70
     0
 43
0.1010537522
 10
1645.462344807682
 20
-182.0866761504086
 42
0.1473425526
 10
1644.873492315582
 20
-181.4489870723085
  0
LWPOLYLINE
  5
791D
330
6B
100
AcDbEntity
  8
90000_FRAME
100
AcDbPolyline
 90
        2
 70
     0
 43
0.1010537522
 10
1645.206221151382
 20
-183.6117245052086
 42
0.0770883289
 10
1645.460088247782
 20
-183.2530863504086
  0
LWPOLYLINE
  5
791E
330
6B
100
AcDbEntity
  8
90000_FRAME
100
AcDbPolyline
 90
        2
 70
     0
 43
0.1010537522
 10
1645.460088247782
 20
-183.2530863504086
 42
0.2171428251
 10
1645.462344807682
 20
-182.0866761504086
  0
LWPOLYLINE
  5
791F
330
6B
100
AcDbEntity
  8
90000_FRAME
100
AcDbPolyline
 90
        2
 70
     0
 43
0.1010537522
 10
1641.926465483882
 20
-180.3082024923085
 42
0.1387838277
 10
1641.926465483882
 20
-181.0211928548086
  0
LWPOLYLINE
  5
7920
330
6B
100
AcDbEntity
  8
90000_FRAME
100
AcDbPolyline
 90
        2
 70
     0
 43
0.1010537522
 10
1641.926465483882
 20
-181.0211928548086
 42
0.1357493355
 10
1642.259194319782
 20
-181.5915851448086
  0
LWPOLYLINE
  5
7921
330
6B
100
AcDbEntity
  8
90000_FRAME
100
AcDbPolyline
 90
        2
 70
     0
 43
0.1010537522
 10
1642.126102785382
 20
-179.8804082748086
 42
0.1065972275
 10
1641.926465483882
 20
-180.3082024923085
  0
LWPOLYLINE
  5
7922
330
6B
100
AcDbEntity
  8
90000_FRAME
100
AcDbPolyline
 90
        2
 70
     0
 43
0.1010537522
 10
1643.780240426382
 20
-183.2076966331086
 42
0.0786073022
 10
1644.112969262182
 20
-183.1078779823085
  0
LWPOLYLINE
  5
7923
330
6B
100
AcDbEntity
  8
90000_FRAME
100
AcDbPolyline
 90
        2
 70
     0
 43
0.1010537522
 10
1643.304913518082
 20
-180.6409313281086
 42
0.0710678119
 10
1643.495044281382
 20
-180.7954125733086
  0
LWPOLYLINE
  5
7924
330
6B
100
AcDbEntity
  8
90000_FRAME
100
AcDbPolyline
 90
        2
 70
     0
 43
0.1010537522
 10
1643.518810626782
 20
-180.1180717290086
 42
0.205257702
 10
1643.257380827282
 20
-180.3082024923085
  0
LWPOLYLINE
  5
7925
330
6B
100
AcDbEntity
  8
90000_FRAME
100
AcDbPolyline
 90
        2
 70
     0
 43
0.1010537522
 10
1644.112969262182
 20
-183.1078779823085
 42
0.6185899145000004
 10
1644.017903880582
 20
-182.5065894433086
  0
LWPOLYLINE
  5
7926
330
6B
100
AcDbEntity
  8
90000_FRAME
100
AcDbPolyline
 90
        2
 70
     0
 43
0.1010537522
 10
1643.257380827282
 20
-180.3082024923085
 42
0.3027756377
 10
1643.304913518082
 20
-180.6409313281086
  0
MTEXT
  5
7DF3
330
6B
100
AcDbEntity
  8
12300_RIGHT_GERMAN_ENGLISH
100
AcDbMText
 10
1531.561806973719
 20
-35.34191711610596
 30
0.0
 40
3.5
 41
0.0
 71
     1
 72
     1
  1
Rechts / Right
  7
SLDTEXTSTYLE0
 73
     1
 44
1.0
1001
ACAD
1000
MTEXTBEGIN
1070
    73
1070
     1
1070
    44
1040
1.0
1070
    74
1070
     0
1000
MTEXTEND
  0
MTEXT
  5
7DF4
330
6B
100
AcDbEntity
  8
10300_FRONT_GERMAN_ENGLISH
100
AcDbMText
 10
1584.446210425487
 20
-35.34191711610596
 30
0.0
 40
3.5
 41
0.0
 71
     1
 72
     1
  1
Vorne / Front
  7
SLDTEXTSTYLE0
 73
     1
 44
1.0
1001
ACAD
1000
MTEXTBEGIN
1070
    73
1070
     1
1070
    44
1040
1.0
1070
    74
1070
     0
1000
MTEXTEND
  0
MTEXT
  5
7DF5
330
6B
100
AcDbEntity
  8
11300_LEFT_GERMAN_ENGLISH
100
AcDbMText
 10
1635.24095002622
 20
-35.34191711610596
 30
0.0
 40
3.5
 41
0.0
 71
     1
 72
     1
  1
Links / Left
  7
SLDTEXTSTYLE0
 73
     1
 44
1.0
1001
ACAD
1000
MTEXTBEGIN
1070
    73
1070
     1
1070
    44
1040
1.0
1070
    74
1070
     0
1000
MTEXTEND
  0
MTEXT
  5
7DF6
330
6B
100
AcDbEntity
  8
13300_TOP_GERMAN_ENGLISH
100
AcDbMText
 10
1587.73577549172
 20
-108.6630927053446
 30
0.0
 40
3.5
 41
0.0
 71
     1
 72
     1
  1
Oben / Top
  7
SLDTEXTSTYLE1
 73
     1
 44
1.0
1001
ACAD
1000
MTEXTBEGIN
1070
    73
1070
     1
1070
    44
1040
1.0
1070
    74
1070
     0
1000
MTEXTEND
  0
LINE
  5
7FF3
330
6B
100
AcDbEntity
  8
10000_FRONT
100
AcDbLine
 10
1592.227426021518
 20
-50.85560416430599
 30
0.0
 11
1592.227426021518
 21
-67.85560415690595
 31
0.0
  0
LINE
  5
7FF4
330
6B
100
AcDbEntity
  8
10000_FRONT
100
AcDbLine
 10
1592.227426021518
 20
-50.85560416430599
 30
0.0
 11
1612.92742624802
 21
-50.85560416430599
 31
0.0
  0
LINE
  5
7FF5
330
6B
100
AcDbEntity
  8
10000_FRONT
100
AcDbLine
 10
1612.92742624802
 20
-50.85560416430599
 30
0.0
 11
1612.92742624802
 21
-67.85560415690595
 31
0.0
  0
LINE
  5
7FF6
330
6B
100
AcDbEntity
  8
10000_FRONT
100
AcDbLine
 10
1592.227426021518
 20
-67.85560415690595
 30
0.0
 11
1612.92742624802
 21
-67.85560415690595
 31
0.0
  0
LINE
  5
7FF7
330
6B
100
AcDbEntity
  8
10000_FRONT
100
AcDbLine
 10
1588.92742603942
 20
-52.38060390210597
 30
0.0
 11
1588.92742603942
 21
-67.33060365170598
 31
0.0
  0
LINE
  5
7FFA
330
6B
100
AcDbEntity
  8
10000_FRONT
100
AcDbLine
 10
1588.42742688882
 20
-52.35560394460597
 30
0.0
 11
1588.42742688882
 21
-67.355603609306
 31
0.0
  0
LINE
  5
7FFD
330
6B
100
AcDbEntity
  8
10000_FRONT
100
AcDbLine
 10
1588.92742603942
 20
-51.85560339690596
 30
0.0
 11
1588.92742603942
 21
-52.35560394460597
 31
0.0
  0
LINE
  5
7FFE
330
6B
100
AcDbEntity
  8
10000_FRONT
100
AcDbLine
 10
1588.92742603942
 20
-51.85560339690596
 30
0.0
 11
1592.227426021518
 21
-51.85560339690596
 31
0.0
  0
LINE
  5
7FFF
330
6B
100
AcDbEntity
  8
10000_FRONT
100
AcDbLine
 10
1588.42742688882
 20
-52.35560394460597
 30
0.0
 11
1592.227426021518
 21
-52.35560394460597
 31
0.0
  0
LINE
  5
8000
330
6B
100
AcDbEntity
  8
10000_FRONT
100
AcDbLine
 10
1588.92742603942
 20
-67.355603609306
 30
0.0
 11
1588.92742603942
 21
-67.85560415690595
 31
0.0
  0
LINE
  5
8001
330
6B
100
AcDbEntity
  8
10000_FRONT
100
AcDbLine
 10
1588.42742688882
 20
-67.355603609306
 30
0.0
 11
1592.227426021518
 21
-67.355603609306
 31
0.0
  0
LINE
  5
8002
330
6B
100
AcDbEntity
  8
10000_FRONT
100
AcDbLine
 10
1588.92742603942
 20
-67.85560415690595
 30
0.0
 11
1592.227426021518
 21
-67.85560415690595
 31
0.0
  0
LINE
  5
8005
330
6B
100
AcDbEntity
  8
10000_FRONT
100
AcDbLine
 10
1588.92742603942
 20
-67.355603609306
 30
0.0
 11
1588.92742603942
 21
-67.33060365170598
 31
0.0
  0
LINE
  5
8006
330
6B
100
AcDbEntity
  8
10000_FRONT
100
AcDbLine
 10
1588.92742603942
 20
-52.38060390210597
 30
0.0
 11
1588.92742603942
 21
-52.35560394460597
 31
0.0
  0
DIMENSION
  5
8007
330
6B
100
AcDbEntity
  8
10100_DIM_FRONT
100
AcDbDimension
  2
*D40
 10
1612.92742624802
 20
-92.48803630248849
 30
0.0
 11
1600.04731179742
 21
-92.48803630248849
 31
0.0
 70
   160
  1
<>
 71
     2
 42
24.5
  3
DIN_3.5
100
AcDbAlignedDimension
 13
1588.42742624802
 23
-67.33060377690596
 33
0.0
 14
1612.92742624802
 24
-67.85560377690598
 34
0.0
100
AcDbRotatedDimension
  0
DIMENSION
  5
8008
330
6B
100
AcDbEntity
  8
10100_DIM_FRONT
100
AcDbDimension
  2
*D41
 10
1612.92742624802
 20
-82.76698488180597
 30
0.0
 11
1602.12031208912
 21
-82.76698488180597
 31
0.0
 70
   160
  1
<>
 71
     2
 42
20.70000000000005
  3
DIN_3.5
100
AcDbAlignedDimension
 13
1592.22742624802
 23
-67.85560377690598
 33
0.0
 14
1612.92742624802
 24
-67.85560377690598
 34
0.0
100
AcDbRotatedDimension
  0
DIMENSION
  5
8009
330
6B
100
AcDbEntity
  8
10100_DIM_FRONT
100
AcDbDimension
  2
*D42
 10
1625.870675708542
 20
-67.85560377690598
 30
0.0
 11
1625.870675708542
 21
-59.03998820963749
 31
0.0
 70
   160
  1
<>
 71
     2
 42
17.00000000000001
  3
DIN_3.5
100
AcDbAlignedDimension
 13
1612.92742624802
 23
-50.85560377690597
 33
0.0
 14
1612.92742624802
 24
-67.85560377690598
 34
0.0
 50
90.0
100
AcDbRotatedDimension
  0
LINE
  5
808C
330
6B
100
AcDbEntity
  8
11000_LEFT
100
AcDbLine
 10
1645.48496023002
 20
-67.355603609306
 30
0.0
 11
1645.48496023002
 21
-67.85560415690595
 31
0.0
  0
LINE
  5
808D
330
6B
100
AcDbEntity
  8
11000_LEFT
100
AcDbLine
 10
1643.18495994612
 20
-67.85560415690595
 30
0.0
 11
1645.48496023002
 21
-67.85560415690595
 31
0.0
  0
LINE
  5
808E
330
6B
100
AcDbEntity
  8
11000_LEFT
100
AcDbLine
 10
1645.48496023002
 20
-51.85560339690596
 30
0.0
 11
1645.48496023002
 21
-52.35560394460597
 31
0.0
  0
LINE
  5
8092
330
6B
100
AcDbEntity
  8
11000_LEFT
100
AcDbLine
 10
1643.18495994612
 20
-51.85560339690596
 30
0.0
 11
1643.18495994612
 21
-67.85560415690595
 31
0.0
  0
LINE
  5
8093
330
6B
100
AcDbEntity
  8
11000_LEFT
100
AcDbLine
 10
1643.18495994612
 20
-51.85560339690596
 30
0.0
 11
1645.48496023002
 21
-51.85560339690596
 31
0.0
  0
LINE
  5
809B
330
6B
100
AcDbEntity
  8
11000_LEFT
100
AcDbLine
 10
1650.23496019372
 20
-50.85560416430599
 30
0.0
 11
1650.23496019372
 21
-51.85560339690596
 31
0.0
  0
LINE
  5
809C
330
6B
100
AcDbEntity
  8
11000_LEFT
100
AcDbLine
 10
1650.23496019372
 20
-50.85560416430599
 30
0.0
 11
1651.234960241219
 21
-50.85560416430599
 31
0.0
  0
LINE
  5
809D
330
6B
100
AcDbEntity
  8
11000_LEFT
100
AcDbLine
 10
1651.234960241219
 20
-50.85560416430599
 30
0.0
 11
1651.234960241219
 21
-67.85560415690595
 31
0.0
  0
LINE
  5
80A0
330
6B
100
AcDbEntity
  8
11000_LEFT
100
AcDbLine
 10
1645.48496023002
 20
-67.85560415690595
 30
0.0
 11
1651.234960241219
 21
-67.85560415690595
 31
0.0
  0
LINE
  5
80A1
330
6B
100
AcDbEntity
  8
11000_LEFT
100
AcDbLine
 10
1645.48496023002
 20
-51.85560339690596
 30
0.0
 11
1650.23496019372
 21
-51.85560339690596
 31
0.0
  0
LINE
  5
80A2
330
6B
100
AcDbEntity
  8
11000_LEFT
100
AcDbLine
 10
1650.23496019372
 20
-50.85560416430599
 30
0.0
 11
1643.18495994612
 21
-50.85560416430599
 31
0.0
  0
LINE
  5
80A3
330
6B
100
AcDbEntity
  8
11000_LEFT
100
AcDbLine
 10
1643.18495994612
 20
-51.85560339690596
 30
0.0
 11
1643.18495994612
 21
-50.85560416430599
 31
0.0
  0
LINE
  5
80C0
330
6B
100
AcDbEntity
  8
12000_RIGHT
100
AcDbLine
 10
1544.56814515432
 20
-50.85560416430599
 30
0.0
 11
1544.56814515432
 21
-67.85560415690595
 31
0.0
  0
LINE
  5
80C1
330
6B
100
AcDbEntity
  8
12000_RIGHT
100
AcDbLine
 10
1544.56814515432
 20
-50.85560416430599
 30
0.0
 11
1552.61814544932
 21
-50.85560416430599
 31
0.0
  0
LINE
  5
80C2
330
6B
100
AcDbEntity
  8
12000_RIGHT
100
AcDbLine
 10
1552.61814544932
 20
-50.85560416430599
 30
0.0
 11
1552.61814544932
 21
-67.85560415690595
 31
0.0
  0
LINE
  5
80C3
330
6B
100
AcDbEntity
  8
12000_RIGHT
100
AcDbLine
 10
1544.56814515432
 20
-67.85560415690595
 30
0.0
 11
1552.61814544932
 21
-67.85560415690595
 31
0.0
  0
LINE
  5
80C4
330
6B
100
AcDbEntity
  8
12000_RIGHT
100
AcDbLine
 10
1545.56814520172
 20
-51.85560339690596
 30
0.0
 11
1545.56814520172
 21
-66.85560399300597
 31
0.0
  0
LINE
  5
80C5
330
6B
100
AcDbEntity
  8
12000_RIGHT
100
AcDbLine
 10
1545.56814520172
 20
-66.85560399300597
 30
0.0
 11
1551.61814528542
 21
-66.85560399300597
 31
0.0
  0
LINE
  5
80C6
330
6B
100
AcDbEntity
  8
12000_RIGHT
100
AcDbLine
 10
1551.61814528542
 20
-66.85560399300597
 30
0.0
 11
1551.61814528542
 21
-51.85560339690596
 31
0.0
  0
LINE
  5
80C7
330
6B
100
AcDbEntity
  8
12000_RIGHT
100
AcDbLine
 10
1551.61814528542
 20
-51.85560339690596
 30
0.0
 11
1545.56814520172
 21
-51.85560339690596
 31
0.0
  0
LINE
  5
80C8
330
6B
100
AcDbEntity
  8
12000_RIGHT
100
AcDbLine
 10
1551.61814528542
 20
-58.35560376390597
 30
0.0
 11
1550.31814516542
 21
-58.35560376390597
 31
0.0
  0
LINE
  5
80C9
330
6B
100
AcDbEntity
  8
12000_RIGHT
100
AcDbLine
 10
1550.31814516542
 20
-61.355603790006
 30
0.0
 11
1550.31814516542
 21
-58.35560376390597
 31
0.0
  0
LINE
  5
80CA
330
6B
100
AcDbEntity
  8
12000_RIGHT
100
AcDbLine
 10
1551.61814528542
 20
-61.355603790006
 30
0.0
 11
1550.31814516542
 21
-61.355603790006
 31
0.0
  0
LINE
  5
80CB
330
6B
100
AcDbEntity
  8
12000_RIGHT
100
AcDbLine
 10
1550.61814512152
 20
-61.355603790006
 30
0.0
 11
1550.61814512152
 21
-58.35560376390597
 31
0.0
  0
LINE
  5
80FC
330
6B
100
AcDbEntity
  8
13000_TOP
100
AcDbLine
 10
1611.71610142502
 20
-119.5572285028446
 30
0.0
 11
1611.71610142502
 21
-126.6072287503446
 31
0.0
  0
LINE
  5
80FD
330
6B
100
AcDbEntity
  8
13000_TOP
100
AcDbLine
 10
1612.29345163022
 20
-126.6072287503446
 30
0.0
 11
1612.29345163022
 21
-119.5572285028446
 31
0.0
  0
LINE
  5
80FE
330
6B
100
AcDbEntity
  8
13000_TOP
100
AcDbLine
 10
1611.71610142502
 20
-119.5572285028446
 30
0.0
 11
1612.29345163022
 21
-119.5572285028446
 31
0.0
  0
LINE
  5
80FF
330
6B
100
AcDbEntity
  8
13000_TOP
100
AcDbLine
 10
1592.227426021518
 20
-127.6072287978446
 30
0.0
 11
1612.92742624802
 21
-127.6072287978446
 31
0.0
  0
LINE
  5
8100
330
6B
100
AcDbEntity
  8
13000_TOP
100
AcDbLine
 10
1612.92742624802
 20
-127.6072287978446
 30
0.0
 11
1612.92742624802
 21
-119.5572285028446
 31
0.0
  0
LINE
  5
8101
330
6B
100
AcDbEntity
  8
13000_TOP
100
AcDbLine
 10
1612.29345163022
 20
-126.6072287503446
 30
0.0
 11
1592.227426021518
 21
-126.6072287503446
 31
0.0
  0
LINE
  5
8102
330
6B
100
AcDbEntity
  8
13000_TOP
100
AcDbLine
 10
1592.227426021518
 20
-126.6072287503446
 30
0.0
 11
1592.227426021518
 21
-127.6072287978446
 31
0.0
  0
LINE
  5
8103
330
6B
100
AcDbEntity
  8
13000_TOP
100
AcDbLine
 10
1612.92742624802
 20
-119.5572285028446
 30
0.0
 11
1612.29345163022
 21
-119.5572285028446
 31
0.0
  0
LINE
  5
8104
330
6B
100
AcDbEntity
  8
13000_TOP
100
AcDbLine
 10
1588.92742603942
 20
-121.8572287866446
 30
0.0
 11
1592.227426021518
 21
-121.8572287866446
 31
0.0
  0
LINE
  5
8105
330
6B
100
AcDbEntity
  8
13000_TOP
100
AcDbLine
 10
1588.92742603942
 20
-119.5572285028446
 30
0.0
 11
1588.92742603942
 21
-121.8572287866446
 31
0.0
  0
LINE
  5
8106
330
6B
100
AcDbEntity
  8
13000_TOP
100
AcDbLine
 10
1592.227426021518
 20
-121.8572287866446
 30
0.0
 11
1592.227426021518
 21
-126.6072287503446
 31
0.0
  0
LINE
  5
8107
330
6B
100
AcDbEntity
  8
13000_TOP
100
AcDbLine
 10
1611.71610142502
 20
-119.5572285028446
 30
0.0
 11
1588.92742603942
 21
-119.5572285028446
 31
0.0
  0
LINE
  5
8108
330
6B
100
AcDbEntity
  8
13000_TOP
100
AcDbLine
 10
1588.42742688882
 20
-126.5072288038446
 30
0.0
 11
1588.92742603942
 21
-127.0072287693446
 31
0.0
  0
LINE
  5
8109
330
6B
100
AcDbEntity
  8
13000_TOP
100
AcDbLine
 10
1588.42742688882
 20
-123.2572287367446
 30
0.0
 11
1588.42742688882
 21
-126.5072288038446
 31
0.0
  0
LINE
  5
810A
330
6B
100
AcDbEntity
  8
13000_TOP
100
AcDbLine
 10
1588.92742603942
 20
-122.7572286548446
 30
0.0
 11
1588.42742688882
 21
-123.2572287367446
 31
0.0
  0
LINE
  5
810B
330
6B
100
AcDbEntity
  8
13000_TOP
100
AcDbLine
 10
1591.57742619442
 20
-122.7572286548446
 30
0.0
 11
1588.92742603942
 21
-122.7572286548446
 31
0.0
  0
LINE
  5
810C
330
6B
100
AcDbEntity
  8
13000_TOP
100
AcDbLine
 10
1591.57742619442
 20
-121.8572287866446
 30
0.0
 11
1591.57742619442
 21
-122.7572286548446
 31
0.0
  0
LINE
  5
810D
330
6B
100
AcDbEntity
  8
13000_TOP
100
AcDbLine
 10
1588.92742603942
 20
-127.0072287693446
 30
0.0
 11
1592.227426021518
 21
-127.0072287693446
 31
0.0
  0
DIMENSION
  5
810E
330
6B
100
AcDbEntity
  8
13100_DIM_TOP
100
AcDbDimension
  2
*D45
 10
1583.04025062822
 20
-127.0072287978446
 30
0.0
 11
1583.04025062822
 21
-138.5405621311776
 31
0.0
 70
   160
  1
<>
 71
     2
 42
4.25
  3
DIN_3.5
100
AcDbAlignedDimension
 13
1588.92742624802
 23
-122.7572287978446
 33
0.0
 14
1588.92742624802
 24
-127.0072287978446
 34
0.0
 50
90.0
100
AcDbRotatedDimension
  0
DIMENSION
  5
8210
330
6B
100
AcDbEntity
  8
11100 _DIM_LEFT
100
AcDbDimension
  2
*D46
 10
1651.234960241219
 20
-89.33587806957076
 30
0.0
 11
1662.301626907886
 21
-89.33587806957076
 31
0.0
 70
   160
 71
     5
 42
8.050000295098925
  3
DIN_3.5
100
AcDbAlignedDimension
 13
1643.18495994612
 23
-67.85560415690595
 33
0.0
 14
1651.234960241219
 24
-67.85560415690595
 34
0.0
100
AcDbRotatedDimension
  0
LINE
  5
8256
330
6B
100
AcDbEntity
  8
11100 _DIM_LEFT
100
AcDbLine
 10
1651.234960241219
 20
-89.33587806957076
 30
0.0
 11
1643.18495994612
 21
-89.33587806957076
 31
0.0
  0
DIMENSION
  5
826A
330
6B
100
AcDbEntity
  8
10100_DIM_FRONT
100
AcDbDimension
  2
*D47
 10
1576.670720934043
 20
-67.355603609306
 30
0.0
 11
1576.670720934043
 21
-59.85560377695573
 31
0.0
 70
   160
 71
     5
 42
14.99999966470003
  3
DIN_3.5
100
AcDbAlignedDimension
 13
1588.42742688882
 23
-52.35560394460597
 33
0.0
 14
1588.42742688882
 24
-67.355603609306
 34
0.0
 50
90.0
100
AcDbRotatedDimension
  0
LWPOLYLINE
  5
866B
330
6B
100
AcDbEntity
  8
10000_FRONT
100
AcDbPolyline
 90
        7
 70
   128
 43
0.0
 10
1593.374773988677
 20
-55.60410192766041
 10
1593.378483162077
 20
-55.35912009966039
 10
1593.408284448677
 20
-55.11624372666038
 10
1593.449656216977
 20
-55.00127015676039
 10
1593.526658551377
 20
-54.90702967056039
 10
1593.635346140377
 20
-54.85210759416038
 10
1593.756685046276
 20
-54.83757548536035
  0
ARC
  5
866C
330
6B
100
AcDbEntity
  8
10000_FRONT
100
AcDbCircle
 10
1593.770915151977
 20
-55.19734370056038
 30
0.0
 40
0.3600495307289454
100
AcDbArc
 50
27.93323310670241
 51
92.26507004640531
  0
LINE
  5
866D
330
6B
100
AcDbEntity
  8
10000_FRONT
100
AcDbLine
 10
1594.089016777077
 20
-55.02868125456039
 30
0.0
 11
1593.993463892477
 21
-55.07856106226039
 31
0.0
  0
ARC
  5
866E
330
6B
100
AcDbEntity
  8
10000_FRONT
100
AcDbCircle
 10
1593.769632534677
 20
-55.19226250956039
 30
0.0
 40
0.2510547666863797
100
AcDbArc
 50
26.92957609269996
 51
92.95619033429504
  0
LWPOLYLINE
  5
866F
330
6B
100
AcDbEntity
  8
10000_FRONT
100
AcDbPolyline
 90
        7
 70
   128
 43
0.0
 10
1593.756685046276
 20
-54.94154183146038
 10
1593.655853576877
 20
-54.95587611426039
 10
1593.571103332177
 20
-55.01115524116038
 10
1593.518374891477
 20
-55.0981273340604
 10
1593.490641865077
 20
-55.1963945032604
 10
1593.471934422277
 20
-55.39974589546038
 10
1593.468223507877
 20
-55.60410192766041
  0
LWPOLYLINE
  5
8670
330
6B
100
AcDbEntity
  8
10000_FRONT
100
AcDbPolyline
 90
        3
 70
   128
 43
0.0
 10
1593.468223507877
 20
-55.60410192766041
 10
1593.496595449877
 20
-55.55764685226039
 10
1593.524413411677
 20
-55.52507548536038
  0
ARC
  5
8671
330
6B
100
AcDbEntity
  8
10000_FRONT
100
AcDbCircle
 10
1593.803989540677
 20
-55.76247778456036
 30
0.0
 40
0.366773313632534
100
AcDbArc
 50
92.88470264840333
 51
139.6637216609985
  0
LINE
  5
8672
330
6B
100
AcDbEntity
  8
10000_FRONT
100
AcDbLine
 10
1593.785531200177
 20
-55.39616923536037
 30
0.0
 11
1593.824293219377
 21
-55.39406586996038
 31
0.0
  0
LWPOLYLINE
  5
8673
330
6B
100
AcDbEntity
  8
10000_FRONT
100
AcDbPolyline
 90
        3
 70
   128
 43
0.0
 10
1593.824293219377
 20
-55.39406586996038
 10
1593.960408094677
 20
-55.41673296596041
 10
1594.052959084777
 20
-55.47309231226039
  0
ARC
  5
8674
330
6B
100
AcDbEntity
  8
10000_FRONT
100
AcDbCircle
 10
1593.684642709477
 20
-55.8119841675604
 30
0.0
 40
0.5005043875266699
100
AcDbArc
 50
354.0671962574994
 51
42.61749238010311
  0
LWPOLYLINE
  5
8675
330
6B
100
AcDbEntity
  8
10000_FRONT
100
AcDbPolyline
 90
        6
 70
   128
 43
0.0
 10
1594.182466296277
 20
-55.86371731226039
 10
1594.174313541477
 20
-55.99727972806038
 10
1594.143849648476
 20
-56.12742881846038
 10
1594.077877207277
 20
-56.24317415416039
 10
1593.950155098677
 20
-56.33330518196036
 10
1593.795447065577
 20
-56.35981106226039
  0
LWPOLYLINE
  5
8676
330
6B
100
AcDbEntity
  8
10000_FRONT
100
AcDbPolyline
 90
        7
 70
   128
 43
0.0
 10
1593.795447065577
 20
-56.35981106226039
 10
1593.673530708077
 20
-56.3452570383604
 10
1593.563440477777
 20
-56.29164354816039
 10
1593.479533063577
 20
-56.20242162166039
 10
1593.426513314677
 20
-56.0916711409604
 10
1593.381498151877
 20
-55.85016519626039
 10
1593.374773988677
 20
-55.60410192766041
  0
ARC
  5
8677
330
6B
100
AcDbEntity
  8
10000_FRONT
100
AcDbCircle
 10
1593.909269063077
 20
-55.88815171646039
 30
0.0
 40
0.4205247395083784
100
AcDbArc
 50
136.8959783407023
 51
184.7003631743002
  0
ARC
  5
8678
330
6B
100
AcDbEntity
  8
10000_FRONT
100
AcDbCircle
 10
1593.814848660777
 20
-55.9377898937604
 30
0.0
 40
0.3250446358869822
100
AcDbArc
 50
177.3235312848001
 51
264.3463333082956
  0
LWPOLYLINE
  5
8679
330
6B
100
AcDbEntity
  8
10000_FRONT
100
AcDbPolyline
 90
        7
 70
   128
 43
0.0
 10
1593.782826873277
 20
-56.2612533699604
 10
1593.850902727677
 20
-56.2551590936604
 10
1593.915153856077
 20
-56.23226810496039
 10
1593.968526360077
 20
-56.1897577742604
 10
1594.009939905177
 20
-56.13550039626038
 10
1594.055341493877
 20
-56.00710624206037
 10
1594.067081680977
 20
-55.87092885076039
  0
ARC
  5
867A
330
6B
100
AcDbEntity
  8
10000_FRONT
100
AcDbCircle
 10
1593.680639871077
 20
-55.8144338983604
 30
0.0
 40
0.3905495513680495
100
AcDbArc
 50
351.6826974450999
 51
41.1914404877966
  0
LWPOLYLINE
  5
867B
330
6B
100
AcDbEntity
  8
10000_FRONT
100
AcDbPolyline
 90
        3
 70
   128
 43
0.0
 10
1593.974533603977
 20
-55.55722692766041
 10
1593.894558870077
 20
-55.51542270566038
 10
1593.823692257877
 20
-55.50734711996039
  0
LINE
  5
867C
330
6B
100
AcDbEntity
  8
10000_FRONT
100
AcDbLine
 10
1593.823692257877
 20
-55.50734711996039
 30
0.0
 11
1593.789437450177
 21
-55.50945048536036
 31
0.0
  0
LWPOLYLINE
  5
867D
330
6B
100
AcDbEntity
  8
10000_FRONT
100
AcDbPolyline
 90
        3
 70
   128
 43
0.0
 10
1593.789437450177
 20
-55.50945048536036
 10
1593.674920443177
 20
-55.54151055236038
 10
1593.602237930977
 20
-55.60079663916041
  0
ARC
  5
867E
330
6B
100
AcDbEntity
  8
10000_FRONT
100
AcDbCircle
 10
1594.843857273277
 20
-55.26729432986041
 30
0.0
 40
0.4295228168473947
100
AcDbArc
 50
86.71582580769474
 51
128.6668730562009
  0
ARC
  5
867F
330
6B
100
AcDbEntity
  8
10000_FRONT
100
AcDbCircle
 10
1594.902868682777
 20
-55.18774488806037
 30
0.0
 40
0.3509583989601958
100
AcDbArc
 50
9.927507753999867
 51
95.62579588850548
  0
LINE
  5
8680
330
6B
100
AcDbEntity
  8
10000_FRONT
100
AcDbLine
 10
1595.248572065577
 20
-55.1272389468604
 30
0.0
 11
1595.138295623277
 21
-55.15217885076039
 31
0.0
  0
ARC
  5
8681
330
6B
100
AcDbEntity
  8
10000_FRONT
100
AcDbCircle
 10
1594.900171340677
 20
-55.18214481476038
 30
0.0
 40
0.2400023603054326
100
AcDbArc
 50
7.172495219298954
 51
97.59171555519863
  0
LWPOLYLINE
  5
8682
330
6B
100
AcDbEntity
  8
10000_FRONT
100
AcDbPolyline
 90
        7
 70
   128
 43
0.0
 10
1594.868463892477
 20
-54.94424615836038
 10
1594.764680544177
 20
-54.9527988591604
 10
1594.666264720077
 20
-54.98582443026039
 10
1594.592726283877
 20
-55.05848962306039
 10
1594.550580860877
 20
-55.15357391016038
 10
1594.515988033977
 20
-55.35878401526038
 10
1594.509088892477
 20
-55.5671427930604
  0
ARC
  5
8683
330
6B
100
AcDbEntity
  8
10000_FRONT
100
AcDbCircle
 10
1595.339197398577
 20
-55.71067394626039
 30
0.0
 40
0.8424258565528138
100
AcDbArc
 50
170.1901803717003
 51
210.4619912474995
  0
ARC
  5
8684
330
6B
100
AcDbEntity
  8
10000_FRONT
100
AcDbCircle
 10
1594.866144319177
 20
-55.9540455571604
 30
0.0
 40
0.3127355534518309
100
AcDbArc
 50
215.9748378290994
 51
271.5812286158024
  0
LWPOLYLINE
  5
8685
330
6B
100
AcDbEntity
  8
10000_FRONT
100
AcDbPolyline
 90
        3
 70
   128
 43
0.0
 10
1594.874773988677
 20
-56.26666202376039
 10
1595.040912976877
 20
-56.23733120096041
 10
1595.163235527077
 20
-56.18553221606038
  0
LINE
  5
8686
330
6B
100
AcDbEntity
  8
10000_FRONT
100
AcDbLine
 10
1595.163235527077
 20
-56.18553221606038
 30
0.0
 11
1595.163235527077
 21
-55.62483510076039
 31
0.0
  0
LINE
  5
8687
330
6B
100
AcDbEntity
  8
10000_FRONT
100
AcDbLine
 10
1595.163235527077
 20
-55.62483510076039
 30
0.0
 11
1594.899713892477
 21
-55.62483510076039
 31
0.0
  0
LINE
  5
8688
330
6B
100
AcDbEntity
  8
10000_FRONT
100
AcDbLine
 10
1594.899713892477
 20
-55.62483510076039
 30
0.0
 11
1594.899713892477
 21
-55.50945048536036
 31
0.0
  0
LINE
  5
8689
330
6B
100
AcDbEntity
  8
10000_FRONT
100
AcDbLine
 10
1594.899713892477
 20
-55.50945048536036
 30
0.0
 11
1595.278620142477
 21
-55.50945048536036
 31
0.0
  0
LINE
  5
868A
330
6B
100
AcDbEntity
  8
10000_FRONT
100
AcDbLine
 10
1595.278620142477
 20
-55.50945048536036
 30
0.0
 11
1595.278620142477
 21
-56.24592885076039
 31
0.0
  0
LINE
  5
868B
330
6B
100
AcDbEntity
  8
10000_FRONT
100
AcDbLine
 10
1595.278620142477
 20
-56.24592885076039
 30
0.0
 11
1595.250975911677
 21
-56.26035192766041
 31
0.0
  0
ARC
  5
868C
330
6B
100
AcDbEntity
  8
10000_FRONT
100
AcDbCircle
 10
1594.827376246077
 20
-55.51209947436039
 30
0.0
 40
0.8598362695901895
100
AcDbArc
 50
273.1599828187042
 51
299.5150093474042
  0
ARC
  5
868D
330
6B
100
AcDbEntity
  8
10000_FRONT
100
AcDbCircle
 10
1594.860752553977
 20
-55.96052201536038
 30
0.0
 40
0.4103459792623771
100
AcDbArc
 50
215.7481517746007
 51
271.9581657541944
  0
ARC
  5
868E
330
6B
100
AcDbEntity
  8
10000_FRONT
100
AcDbCircle
 10
1595.402254110077
 20
-55.69964220666038
 30
0.0
 40
1.00768354496374
100
AcDbArc
 50
172.4443491719998
 51
209.7882775310003
  0
ARC
  5
868F
330
6B
100
AcDbEntity
  8
10000_FRONT
100
AcDbCircle
 10
1595.234408865077
 20
-55.45146737226038
 30
0.0
 40
0.8391007490176656
100
AcDbArc
 50
141.7448934244013
 51
187.9238251286993
  0
LINE
  5
8690
330
6B
100
AcDbEntity
  8
10000_FRONT
100
AcDbLine
 10
1595.663235527077
 20
-54.85560433146038
 30
0.0
 11
1595.778620142477
 21
-54.85560433146038
 31
0.0
  0
LINE
  5
8691
330
6B
100
AcDbEntity
  8
10000_FRONT
100
AcDbLine
 10
1595.778620142477
 20
-54.85560433146038
 30
0.0
 11
1595.778620142477
 21
-55.48991923536036
 31
0.0
  0
LINE
  5
8692
330
6B
100
AcDbEntity
  8
10000_FRONT
100
AcDbLine
 10
1595.778620142477
 20
-55.48991923536036
 30
0.0
 11
1596.287634565577
 21
-54.82735913916041
 31
0.0
  0
LINE
  5
8693
330
6B
100
AcDbEntity
  8
10000_FRONT
100
AcDbLine
 10
1596.287634565577
 20
-54.82735913916041
 30
0.0
 11
1596.370567257877
 21
-54.8895586583604
 31
0.0
  0
LINE
  5
8694
330
6B
100
AcDbEntity
  8
10000_FRONT
100
AcDbLine
 10
1596.370567257877
 20
-54.8895586583604
 30
0.0
 11
1595.872069661677
 21
-55.54190240836039
 31
0.0
  0
ARC
  5
8695
330
6B
100
AcDbEntity
  8
10000_FRONT
100
AcDbCircle
 10
1625.482333472277
 20
-35.93013653016037
 30
0.0
 40
35.51603981008847
100
AcDbArc
 50
213.5177032884013
 51
214.3220979286021
  0
LWPOLYLINE
  5
8696
330
6B
100
AcDbEntity
  8
10000_FRONT
100
AcDbPolyline
 90
        3
 70
   128
 43
0.0
 10
1596.150314853977
 20
-55.95566442766041
 10
1596.289055884177
 20
-56.16128576856038
 10
1596.397610527077
 20
-56.32315240836039
  0
LINE
  5
8697
330
6B
100
AcDbEntity
  8
10000_FRONT
100
AcDbLine
 10
1596.397610527077
 20
-56.32315240836039
 30
0.0
 11
1596.310471103977
 21
-56.3835490430604
 31
0.0
  0
LINE
  5
8698
330
6B
100
AcDbEntity
  8
10000_FRONT
100
AcDbLine
 10
1596.310471103977
 20
-56.3835490430604
 30
0.0
 11
1595.778620142477
 21
-55.59418606226039
 31
0.0
  0
LINE
  5
8699
330
6B
100
AcDbEntity
  8
10000_FRONT
100
AcDbLine
 10
1595.778620142477
 20
-55.59418606226039
 30
0.0
 11
1595.778620142477
 21
-56.35560433146038
 31
0.0
  0
LINE
  5
869A
330
6B
100
AcDbEntity
  8
10000_FRONT
100
AcDbLine
 10
1595.778620142477
 20
-56.35560433146038
 30
0.0
 11
1595.663235527077
 21
-56.35560433146038
 31
0.0
  0
LINE
  5
869B
330
6B
100
AcDbEntity
  8
10000_FRONT
100
AcDbLine
 10
1595.663235527077
 20
-56.35560433146038
 30
0.0
 11
1595.663235527077
 21
-54.85560433146038
 31
0.0
  0
LINE
  5
869C
330
6B
100
AcDbEntity
  8
10000_FRONT
100
AcDbLine
 10
1597.26246746056
 20
-54.87483510076039
 30
0.0
 11
1597.26246746056
 21
-56.35560433146038
 31
0.0
  0
LINE
  5
869D
330
6B
100
AcDbEntity
  8
10000_FRONT
100
AcDbLine
 10
1597.26246746056
 20
-56.35560433146038
 30
0.0
 11
1597.14708284526
 21
-56.35560433146038
 31
0.0
  0
LINE
  5
869E
330
6B
100
AcDbEntity
  8
10000_FRONT
100
AcDbLine
 10
1597.14708284526
 20
-56.35560433146038
 30
0.0
 11
1597.14708284526
 21
-55.00283990836038
 31
0.0
  0
ARC
  5
869F
330
6B
100
AcDbEntity
  8
10000_FRONT
100
AcDbCircle
 10
1596.54660236386
 20
-54.59593448636038
 30
0.0
 40
0.7253611727785417
100
AcDbArc
 50
296.9324945348974
 51
325.8771352348014
  0
LINE
  5
86A0
330
6B
100
AcDbEntity
  8
10000_FRONT
100
AcDbLine
 10
1596.87514774906
 20
-55.24262356226039
 30
0.0
 11
1596.86883765296
 21
-55.13685433146038
 31
0.0
  0
LINE
  5
86A1
330
6B
100
AcDbEntity
  8
10000_FRONT
100
AcDbLine
 10
1596.86883765296
 20
-55.13685433146038
 30
0.0
 11
1596.85651794136
 21
-55.14106106226039
 31
0.0
  0
ARC
  5
86A2
330
6B
100
AcDbEntity
  8
10000_FRONT
100
AcDbCircle
 10
1595.42887599236
 20
-53.46775579376039
 30
0.0
 40
2.199570880037065
100
AcDbArc
 50
310.4703726631014
 51
319.6676893894002
  0
LINE
  5
86A3
330
6B
100
AcDbEntity
  8
10000_FRONT
100
AcDbLine
 10
1597.10561649906
 20
-54.8913615430604
 30
0.0
 11
1597.120340056761
 21
-54.87483510076039
 31
0.0
  0
LINE
  5
86A4
330
6B
100
AcDbEntity
  8
10000_FRONT
100
AcDbLine
 10
1597.120340056761
 20
-54.87483510076039
 30
0.0
 11
1597.20477515296
 21
-54.87483510076039
 31
0.0
  0
LINE
  5
86A5
330
6B
100
AcDbEntity
  8
10000_FRONT
100
AcDbLine
 10
1597.20477515296
 20
-54.87483510076039
 30
0.0
 11
1597.26246746056
 21
-54.87483510076039
 31
0.0
  0
LWPOLYLINE
  5
86A6
330
6B
100
AcDbEntity
  8
10000_FRONT
100
AcDbPolyline
 90
        7
 70
   128
 43
0.0
 10
1597.731051135395
 20
-55.34238317766041
 10
1597.739204717795
 20
-55.2078431425604
 10
1597.769577320995
 20
-55.07663981076039
 10
1597.834459110595
 20
-54.9590969439604
 10
1597.913494188195
 20
-54.88907141336039
 10
1598.010893825195
 20
-54.8483387218604
 10
1598.115967000795
 20
-54.83637356226039
  0
LWPOLYLINE
  5
86A7
330
6B
100
AcDbEntity
  8
10000_FRONT
100
AcDbPolyline
 90
        7
 70
   128
 43
0.0
 10
1598.115967000795
 20
-54.83637356226039
 10
1598.238640115695
 20
-54.8509671572604
 10
1598.349558759895
 20
-54.90469729986038
 10
1598.433665435195
 20
-54.99474433806039
 10
1598.486507289195
 20
-55.10637901966038
 10
1598.531945371195
 20
-55.34933981966038
 10
1598.538743443095
 20
-55.59689038916039
  0
LWPOLYLINE
  5
86A8
330
6B
100
AcDbEntity
  8
10000_FRONT
100
AcDbPolyline
 90
        8
 70
   128
 43
0.0
 10
1598.538743443095
 20
-55.59689038916039
 10
1598.536403131295
 20
-55.76085041106039
 10
1598.528085620595
 20
-55.92460096866038
 10
1598.495818999895
 20
-56.0850865105604
 10
1598.445256394495
 20
-56.19692687556038
 10
1598.364360129695
 20
-56.28897783786037
 10
1598.254408322395
 20
-56.34189773506038
 10
1598.132493443095
 20
-56.35560433146038
  0
ARC
  5
86A9
330
6B
100
AcDbEntity
  8
10000_FRONT
100
AcDbCircle
 10
1598.132476757895
 20
-55.98336678396039
 30
0.0
 40
0.3722375479358584
100
AcDbArc
 50
207.4890166339022
 51
270.0025682284994
  0
LINE
  5
86AA
330
6B
100
AcDbEntity
  8
10000_FRONT
100
AcDbLine
 10
1597.802265077695
 20
-56.15518365836038
 30
0.0
 11
1597.895714596895
 21
-56.10530385076039
 31
0.0
  0
ARC
  5
86AB
330
6B
100
AcDbEntity
  8
10000_FRONT
100
AcDbCircle
 10
1598.123245335095
 20
-55.98121756006039
 30
0.0
 40
0.2591672130647105
100
AcDbArc
 50
208.6063092765026
 51
272.0449734674994
  0
LWPOLYLINE
  5
86AC
330
6B
100
AcDbEntity
  8
10000_FRONT
100
AcDbPolyline
 90
        7
 70
   128
 43
0.0
 10
1598.132493443095
 20
-56.2402197160604
 10
1598.230768145195
 20
-56.2280305606604
 10
1598.316560427995
 20
-56.17985983816041
 10
1598.372127805295
 20
-56.09826335936038
 10
1598.401018776695
 20
-56.00342038886039
 10
1598.420032271195
 20
-55.80595204136038
 10
1598.423358827695
 20
-55.60740721606038
  0
LWPOLYLINE
  5
86AD
330
6B
100
AcDbEntity
  8
10000_FRONT
100
AcDbPolyline
 90
        3
 70
   128
 43
0.0
 10
1598.423358827695
 20
-55.60740721606038
 10
1598.395802494095
 20
-55.65356401776039
 10
1598.368971808495
 20
-55.68613317766041
  0
ARC
  5
86AE
330
6B
100
AcDbEntity
  8
10000_FRONT
100
AcDbCircle
 10
1598.086077916295
 20
-55.44626047346039
 30
0.0
 40
0.3709014268167633
100
AcDbArc
 50
269.4184205102059
 51
319.7045668757044
  0
LWPOLYLINE
  5
86AF
330
6B
100
AcDbEntity
  8
10000_FRONT
100
AcDbPolyline
 90
        3
 70
   128
 43
0.0
 10
1598.082313154595
 20
-55.8171427930604
 10
1597.946501320695
 20
-55.79416172746039
 10
1597.854548731495
 20
-55.73721490836039
  0
ARC
  5
86B0
330
6B
100
AcDbEntity
  8
10000_FRONT
100
AcDbCircle
 10
1598.250269721495
 20
-55.3967091778604
 30
0.0
 40
0.5220529230137715
100
AcDbArc
 50
174.0268587059998
 51
220.7109816899987
  0
ARC
  5
86B1
330
6B
100
AcDbEntity
  8
10000_FRONT
100
AcDbCircle
 10
1598.227241172095
 20
-55.3960527306604
 30
0.0
 40
0.3846108857537857
100
AcDbArc
 50
171.9334205097994
 51
221.4548310850044
  0
LWPOLYLINE
  5
86B2
330
6B
100
AcDbEntity
  8
10000_FRONT
100
AcDbPolyline
 90
        3
 70
   128
 43
0.0
 10
1597.938983827695
 20
-55.6506764468604
 10
1598.018069212895
 20
-55.69292927616036
 10
1598.088322769995
 20
-55.70175817766041
  0
LWPOLYLINE
  5
86B3
330
6B
100
AcDbEntity
  8
10000_FRONT
100
AcDbPolyline
 90
        3
 70
   128
 43
0.0
 10
1598.088322769995
 20
-55.70175817766041
 10
1598.218023571595
 20
-55.67302286986039
 10
1598.301063154595
 20
-55.60981106226039
  0
ARC
  5
86B4
330
6B
100
AcDbEntity
  8
10000_FRONT
100
AcDbCircle
 10
1597.891934269095
 20
-55.29922006866035
 30
0.0
 40
0.5136664387445152
100
AcDbArc
 50
322.7959781486979
 51
4.339608194000811
  0
ARC
  5
86B5
330
6B
100
AcDbEntity
  8
10000_FRONT
100
AcDbCircle
 10
1598.130895369895
 20
-55.22694157836039
 30
0.0
 40
0.2752677851373886
100
AcDbArc
 50
353.0285939451004
 51
91.41873810800115
  0
LWPOLYLINE
  5
86B6
330
6B
100
AcDbEntity
  8
10000_FRONT
100
AcDbPolyline
 90
        7
 70
   128
 43
0.0
 10
1598.124079981495
 20
-54.95175817766041
 10
1598.056744571995
 20
-54.95824440836038
 10
1597.993502971895
 20
-54.98188344216039
 10
1597.941428521995
 20
-55.02499222376036
 10
1597.901523394695
 20
-55.07957928126039
 10
1597.857766226495
 20
-55.20719542916039
 10
1597.846435750795
 20
-55.3420826968604
  0
ARC
  5
86B7
330
6B
100
AcDbEntity
  8
10000_FRONT
100
AcDbCircle
 10
1599.050803284195
 20
-55.17697097166039
 30
0.0
 40
0.341072092002866
100
AcDbArc
 50
86.97680223310428
 51
133.4160097183971
  0
LWPOLYLINE
  5
86B8
330
6B
100
AcDbEntity
  8
10000_FRONT
100
AcDbPolyline
 90
        3
 70
   128
 43
0.0
 10
1599.068791519995
 20
-54.83637356226039
 10
1599.219987481895
 20
-54.86307895056039
 10
1599.320894885395
 20
-54.92922211996038
  0
ARC
  5
86B9
330
6B
100
AcDbEntity
  8
10000_FRONT
100
AcDbCircle
 10
1598.607262023495
 20
-55.42810284356038
 30
0.0
 40
0.8707202983473127
100
AcDbArc
 50
348.9434580950003
 51
34.95631822130237
  0
LINE
  5
86BA
330
6B
100
AcDbEntity
  8
10000_FRONT
100
AcDbLine
 10
1599.461820366094
 20
-55.59508750456039
 30
0.0
 11
1599.461820366094
 21
-55.6182245237604
 31
0.0
  0
ARC
  5
86BB
330
6B
100
AcDbEntity
  8
10000_FRONT
100
AcDbCircle
 10
1598.531527988395
 20
-55.76220748026038
 30
0.0
 40
0.9413686843554067
100
AcDbArc
 50
326.4851915655009
 51
8.797960233600036
  0
ARC
  5
86BC
330
6B
100
AcDbEntity
  8
10000_FRONT
100
AcDbCircle
 10
1599.086566251695
 20
-56.04568190126038
 30
0.0
 40
0.329632780215884
100
AcDbArc
 50
266.9089503430988
 51
314.2031400961049
  0
LWPOLYLINE
  5
86BD
330
6B
100
AcDbEntity
  8
10000_FRONT
100
AcDbPolyline
 90
        3
 70
   128
 43
0.0
 10
1599.068791519995
 20
-56.37483510076039
 10
1598.918580950595
 20
-56.34828580956039
 10
1598.818791519995
 20
-56.28198654306039
  0
ARC
  5
86BE
330
6B
100
AcDbEntity
  8
10000_FRONT
100
AcDbCircle
 10
1599.506112229795
 20
-55.78357862756039
 30
0.0
 40
0.8490113122382505
100
AcDbArc
 50
168.7692507455997
 51
215.9475974551982
  0
LINE
  5
86BF
330
6B
100
AcDbEntity
  8
10000_FRONT
100
AcDbLine
 10
1598.673358827695
 20
-55.6182245237604
 30
0.0
 11
1598.673358827695
 21
-55.59508750456039
 31
0.0
  0
ARC
  5
86C0
330
6B
100
AcDbEntity
  8
10000_FRONT
100
AcDbCircle
 10
1599.621642820395
 20
-55.45048618196037
 30
0.0
 40
0.9592455751413659
100
AcDbArc
 50
147.0838944047025
 51
188.6700936971003
  0
ARC
  5
86C1
330
6B
100
AcDbEntity
  8
10000_FRONT
100
AcDbCircle
 10
1599.710305253895
 20
-55.7457849640604
 30
0.0
 40
0.9303482343261924
100
AcDbArc
 50
172.1193267938999
 51
209.3053779860972
  0
LWPOLYLINE
  5
86C2
330
6B
100
AcDbEntity
  8
10000_FRONT
100
AcDbPolyline
 90
        3
 70
   128
 43
0.0
 10
1598.899019885395
 20
-56.2011572160604
 10
1598.987763045695
 20
-56.25020161236038
 10
1599.067589596895
 20
-56.25945048536038
  0
LWPOLYLINE
  5
86C3
330
6B
100
AcDbEntity
  8
10000_FRONT
100
AcDbPolyline
 90
        3
 70
   128
 43
0.0
 10
1599.067589596895
 20
-56.25945048536038
 10
1599.167170284495
 20
-56.2433556568604
 10
1599.234055943095
 20
-56.2011572160604
  0
ARC
  5
86C4
330
6B
100
AcDbEntity
  8
10000_FRONT
100
AcDbCircle
 10
1598.538400961794
 20
-55.7647475776604
 30
0.0
 40
0.8212120466531246
100
AcDbArc
 50
327.8984579118999
 51
10.27791299840051
  0
LINE
  5
86C5
330
6B
100
AcDbEntity
  8
10000_FRONT
100
AcDbLine
 10
1599.346435750795
 20
-55.6182245237604
 30
0.0
 11
1599.346435750795
 21
-55.59508750456039
 31
0.0
  0
ARC
  5
86C6
330
6B
100
AcDbEntity
  8
10000_FRONT
100
AcDbCircle
 10
1598.421440162995
 20
-55.46523314696038
 30
0.0
 40
0.934065839026074
100
AcDbArc
 50
352.0088256511998
 51
29.01642868870162
  0
LWPOLYLINE
  5
86C7
330
6B
100
AcDbEntity
  8
10000_FRONT
100
AcDbPolyline
 90
        3
 70
   128
 43
0.0
 10
1599.238262673795
 20
-55.01215481226039
 10
1599.148602881395
 20
-54.96149458116038
 10
1599.067589596895
 20
-54.95175817766041
  0
LWPOLYLINE
  5
86C8
330
6B
100
AcDbEntity
  8
10000_FRONT
100
AcDbPolyline
 90
        3
 70
   128
 43
0.0
 10
1599.067589596895
 20
-54.95175817766041
 10
1598.965194026195
 20
-54.96811336916039
 10
1598.896916519995
 20
-55.01215481226039
  0
ARC
  5
86C9
330
6B
100
AcDbEntity
  8
10000_FRONT
100
AcDbCircle
 10
1599.602528575595
 20
-55.44459615526038
 30
0.0
 40
0.8275831608712913
100
AcDbArc
 50
148.4975372934969
 51
190.4772083665983
  0
LINE
  5
86CA
330
6B
100
AcDbEntity
  8
10000_FRONT
100
AcDbLine
 10
1598.788743443095
 20
-55.59508750456039
 30
0.0
 11
1598.788743443095
 21
-55.6182245237604
 31
0.0
  0
ARC
  5
86CB
330
6B
100
AcDbEntity
  8
10000_FRONT
100
AcDbCircle
 10
1599.973880207294
 20
-55.17697097166039
 30
0.0
 40
0.3410720920026996
100
AcDbArc
 50
86.97680223310428
 51
133.4160097183971
  0
LWPOLYLINE
  5
86CC
330
6B
100
AcDbEntity
  8
10000_FRONT
100
AcDbPolyline
 90
        3
 70
   128
 43
0.0
 10
1599.991868443095
 20
-54.83637356226039
 10
1600.143064404995
 20
-54.86307895056039
 10
1600.243971808494
 20
-54.92922211996038
  0
ARC
  5
86CD
330
6B
100
AcDbEntity
  8
10000_FRONT
100
AcDbCircle
 10
1599.530338946595
 20
-55.42810284356038
 30
0.0
 40
0.8707202983472399
100
AcDbArc
 50
348.9434580950003
 51
34.95631822130237
  0
LINE
  5
86CE
330
6B
100
AcDbEntity
  8
10000_FRONT
100
AcDbLine
 10
1600.384897289195
 20
-55.59508750456039
 30
0.0
 11
1600.384897289195
 21
-55.6182245237604
 31
0.0
  0
ARC
  5
86CF
330
6B
100
AcDbEntity
  8
10000_FRONT
100
AcDbCircle
 10
1599.454604911495
 20
-55.76220748026038
 30
0.0
 40
0.9413686843553971
100
AcDbArc
 50
326.4851915655009
 51
8.797960233600036
  0
ARC
  5
86D0
330
6B
100
AcDbEntity
  8
10000_FRONT
100
AcDbCircle
 10
1600.009643174795
 20
-56.04568190126038
 30
0.0
 40
0.3296327802160237
100
AcDbArc
 50
266.9089503430988
 51
314.2031400961049
  0
LWPOLYLINE
  5
86D1
330
6B
100
AcDbEntity
  8
10000_FRONT
100
AcDbPolyline
 90
        3
 70
   128
 43
0.0
 10
1599.991868443095
 20
-56.37483510076039
 10
1599.841657873695
 20
-56.34828580956039
 10
1599.741868443095
 20
-56.28198654306039
  0
ARC
  5
86D2
330
6B
100
AcDbEntity
  8
10000_FRONT
100
AcDbCircle
 10
1600.429189152795
 20
-55.78357862756039
 30
0.0
 40
0.8490113122382819
100
AcDbArc
 50
168.7692507455997
 51
215.9475974551982
  0
LINE
  5
86D3
330
6B
100
AcDbEntity
  8
10000_FRONT
100
AcDbLine
 10
1599.596435750795
 20
-55.6182245237604
 30
0.0
 11
1599.596435750795
 21
-55.59508750456039
 31
0.0
  0
ARC
  5
86D4
330
6B
100
AcDbEntity
  8
10000_FRONT
100
AcDbCircle
 10
1600.544719743495
 20
-55.45048618196037
 30
0.0
 40
0.9592455751411975
100
AcDbArc
 50
147.0838944047025
 51
188.6700936971003
  0
ARC
  5
86D5
330
6B
100
AcDbEntity
  8
10000_FRONT
100
AcDbCircle
 10
1600.633382176995
 20
-55.7457849640604
 30
0.0
 40
0.9303482343258655
100
AcDbArc
 50
172.1193267938013
 51
209.3053779860972
  0
LWPOLYLINE
  5
86D6
330
6B
100
AcDbEntity
  8
10000_FRONT
100
AcDbPolyline
 90
        3
 70
   128
 43
0.0
 10
1599.822096808495
 20
-56.2011572160604
 10
1599.910839968695
 20
-56.25020161236038
 10
1599.990666519995
 20
-56.25945048536038
  0
LWPOLYLINE
  5
86D7
330
6B
100
AcDbEntity
  8
10000_FRONT
100
AcDbPolyline
 90
        3
 70
   128
 43
0.0
 10
1599.990666519995
 20
-56.25945048536038
 10
1600.090247207495
 20
-56.2433556568604
 10
1600.157132866095
 20
-56.2011572160604
  0
ARC
  5
86D8
330
6B
100
AcDbEntity
  8
10000_FRONT
100
AcDbCircle
 10
1599.461477884795
 20
-55.7647475776604
 30
0.0
 40
0.8212120466530967
100
AcDbArc
 50
327.8984579118999
 51
10.27791299840051
  0
LINE
  5
86D9
330
6B
100
AcDbEntity
  8
10000_FRONT
100
AcDbLine
 10
1600.269512673795
 20
-55.6182245237604
 30
0.0
 11
1600.269512673795
 21
-55.59508750456039
 31
0.0
  0
ARC
  5
86DA
330
6B
100
AcDbEntity
  8
10000_FRONT
100
AcDbCircle
 10
1599.344517085995
 20
-55.46523314696038
 30
0.0
 40
0.9340658390262131
100
AcDbArc
 50
352.0088256511998
 51
29.01642868870162
  0
LWPOLYLINE
  5
86DB
330
6B
100
AcDbEntity
  8
10000_FRONT
100
AcDbPolyline
 90
        3
 70
   128
 43
0.0
 10
1600.161339596895
 20
-55.01215481226039
 10
1600.071679804495
 20
-54.96149458116038
 10
1599.990666519995
 20
-54.95175817766041
  0
LWPOLYLINE
  5
86DC
330
6B
100
AcDbEntity
  8
10000_FRONT
100
AcDbPolyline
 90
        3
 70
   128
 43
0.0
 10
1599.990666519995
 20
-54.95175817766041
 10
1599.888270949195
 20
-54.96811336916039
 10
1599.819993443095
 20
-55.01215481226039
  0
ARC
  5
86DD
330
6B
100
AcDbEntity
  8
10000_FRONT
100
AcDbCircle
 10
1600.525605498695
 20
-55.44459615526038
 30
0.0
 40
0.8275831608711914
100
AcDbArc
 50
148.4975372934969
 51
190.4772083665983
  0
LINE
  5
86DE
330
6B
100
AcDbEntity
  8
10000_FRONT
100
AcDbLine
 10
1599.711820366095
 20
-55.59508750456039
 30
0.0
 11
1599.711820366095
 21
-55.6182245237604
 31
0.0
  0
LINE
  5
86DF
330
6B
100
AcDbEntity
  8
10000_FRONT
100
AcDbLine
 10
1600.498779500795
 20
-55.7209889468604
 30
0.0
 11
1601.204909308495
 21
-55.7209889468604
 31
0.0
  0
LINE
  5
86E0
330
6B
100
AcDbEntity
  8
10000_FRONT
100
AcDbLine
 10
1601.204909308495
 20
-55.7209889468604
 30
0.0
 11
1601.204909308495
 21
-55.83637356226039
 31
0.0
  0
LINE
  5
86E1
330
6B
100
AcDbEntity
  8
10000_FRONT
100
AcDbLine
 10
1601.204909308495
 20
-55.83637356226039
 30
0.0
 11
1600.498779500795
 21
-55.83637356226039
 31
0.0
  0
LINE
  5
86E2
330
6B
100
AcDbEntity
  8
10000_FRONT
100
AcDbLine
 10
1600.498779500795
 20
-55.83637356226039
 30
0.0
 11
1600.498779500795
 21
-55.7209889468604
 31
0.0
  0
LINE
  5
86E3
330
6B
100
AcDbEntity
  8
10000_FRONT
100
AcDbLine
 10
1601.442589596895
 20
-55.59508750456039
 30
0.0
 11
1601.442589596895
 21
-55.6182245237604
 31
0.0
  0
ARC
  5
86E4
330
6B
100
AcDbEntity
  8
10000_FRONT
100
AcDbCircle
 10
1602.364151407795
 20
-55.7457849640604
 30
0.0
 40
0.9303482343262091
100
AcDbArc
 50
172.1193267938999
 51
209.3053779860972
  0
LWPOLYLINE
  5
86E5
330
6B
100
AcDbEntity
  8
10000_FRONT
100
AcDbPolyline
 90
        3
 70
   128
 43
0.0
 10
1601.552866039195
 20
-56.2011572160604
 10
1601.641609199495
 20
-56.25020161236038
 10
1601.721435750795
 20
-56.25945048536038
  0
LWPOLYLINE
  5
86E6
330
6B
100
AcDbEntity
  8
10000_FRONT
100
AcDbPolyline
 90
        3
 70
   128
 43
0.0
 10
1601.721435750795
 20
-56.25945048536038
 10
1601.821016438295
 20
-56.2433556568604
 10
1601.887902096895
 20
-56.2011572160604
  0
ARC
  5
86E7
330
6B
100
AcDbEntity
  8
10000_FRONT
100
AcDbCircle
 10
1601.192247115595
 20
-55.7647475776604
 30
0.0
 40
0.8212120466531056
100
AcDbArc
 50
327.8984579118999
 51
10.27791299840051
  0
LINE
  5
86E8
330
6B
100
AcDbEntity
  8
10000_FRONT
100
AcDbLine
 10
1602.000281904595
 20
-55.6182245237604
 30
0.0
 11
1602.000281904595
 21
-55.59508750456039
 31
0.0
  0
ARC
  5
86E9
330
6B
100
AcDbEntity
  8
10000_FRONT
100
AcDbCircle
 10
1601.075286316795
 20
-55.46523314696038
 30
0.0
 40
0.9340658390262031
100
AcDbArc
 50
352.0088256511998
 51
29.01642868870162
  0
LWPOLYLINE
  5
86EA
330
6B
100
AcDbEntity
  8
10000_FRONT
100
AcDbPolyline
 90
        3
 70
   128
 43
0.0
 10
1601.892108827695
 20
-55.01215481226039
 10
1601.802449035195
 20
-54.96149458116038
 10
1601.721435750795
 20
-54.95175817766041
  0
LWPOLYLINE
  5
86EB
330
6B
100
AcDbEntity
  8
10000_FRONT
100
AcDbPolyline
 90
        3
 70
   128
 43
0.0
 10
1601.721435750795
 20
-54.95175817766041
 10
1601.619040179995
 20
-54.96811336916039
 10
1601.550762673795
 20
-55.01215481226039
  0
ARC
  5
86EC
330
6B
100
AcDbEntity
  8
10000_FRONT
100
AcDbCircle
 10
1602.256374729495
 20
-55.44459615526038
 30
0.0
 40
0.8275831608712886
100
AcDbArc
 50
148.4975372934969
 51
190.4772083665983
  0
ARC
  5
86ED
330
6B
100
AcDbEntity
  8
10000_FRONT
100
AcDbCircle
 10
1602.275488974295
 20
-55.45048618196037
 30
0.0
 40
0.9592455751413098
100
AcDbArc
 50
147.0838944047025
 51
188.6700936971003
  0
ARC
  5
86EE
330
6B
100
AcDbEntity
  8
10000_FRONT
100
AcDbCircle
 10
1601.704649438095
 20
-55.17697097166039
 30
0.0
 40
0.3410720920026996
100
AcDbArc
 50
86.97680223310428
 51
133.4160097183971
  0
LWPOLYLINE
  5
86EF
330
6B
100
AcDbEntity
  8
10000_FRONT
100
AcDbPolyline
 90
        3
 70
   128
 43
0.0
 10
1601.722637673795
 20
-54.83637356226039
 10
1601.873833635695
 20
-54.86307895056039
 10
1601.974741039195
 20
-54.92922211996038
  0
ARC
  5
86F0
330
6B
100
AcDbEntity
  8
10000_FRONT
100
AcDbCircle
 10
1601.261108177395
 20
-55.42810284356038
 30
0.0
 40
0.8707202983473182
100
AcDbArc
 50
348.9434580950003
 51
34.95631822119833
  0
LINE
  5
86F1
330
6B
100
AcDbEntity
  8
10000_FRONT
100
AcDbLine
 10
1602.115666519995
 20
-55.59508750456039
 30
0.0
 11
1602.115666519995
 21
-55.6182245237604
 31
0.0
  0
ARC
  5
86F2
330
6B
100
AcDbEntity
  8
10000_FRONT
100
AcDbCircle
 10
1601.185374142195
 20
-55.76220748026038
 30
0.0
 40
0.9413686843554799
100
AcDbArc
 50
326.4851915655009
 51
8.797960233600036
  0
ARC
  5
86F3
330
6B
100
AcDbEntity
  8
10000_FRONT
100
AcDbCircle
 10
1601.740412405495
 20
-56.04568190126038
 30
0.0
 40
0.3296327802160237
100
AcDbArc
 50
266.9089503430988
 51
314.2031400961049
  0
LWPOLYLINE
  5
86F4
330
6B
100
AcDbEntity
  8
10000_FRONT
100
AcDbPolyline
 90
        3
 70
   128
 43
0.0
 10
1601.722637673795
 20
-56.37483510076039
 10
1601.572427104495
 20
-56.34828580956039
 10
1601.472637673795
 20
-56.28198654306039
  0
ARC
  5
86F5
330
6B
100
AcDbEntity
  8
10000_FRONT
100
AcDbCircle
 10
1602.159958383595
 20
-55.78357862756039
 30
0.0
 40
0.8490113122382679
100
AcDbArc
 50
168.7692507455997
 51
215.9475974551982
  0
LINE
  5
86F6
330
6B
100
AcDbEntity
  8
10000_FRONT
100
AcDbLine
 10
1601.327204981495
 20
-55.6182245237604
 30
0.0
 11
1601.327204981495
 21
-55.59508750456039
 31
0.0
  0
ARC
  5
86F7
330
6B
100
AcDbEntity
  8
10000_FRONT
100
AcDbCircle
 10
1734.184336312495
 20
-12.9486305559604
 30
0.0
 40
137.9478725663807
100
AcDbArc
 50
197.7435921083006
 51
198.1217715791016
  0
ARC
  5
86F8
330
6B
100
AcDbEntity
  8
10000_FRONT
100
AcDbCircle
 10
1794.088870725595
 20
-119.6991534628603
 30
0.0
 40
201.9388713304282
100
AcDbArc
 50
161.3103009813018
 51
161.5695758435997
  0
LINE
  5
86F9
330
6B
100
AcDbEntity
  8
10000_FRONT
100
AcDbLine
 10
1602.507793923795
 20
-55.85560433146039
 30
0.0
 11
1603.079007866094
 21
-55.85560433146039
 31
0.0
  0
LINE
  5
86FA
330
6B
100
AcDbEntity
  8
10000_FRONT
100
AcDbLine
 10
1603.348839596895
 20
-56.34148173536035
 30
0.0
 11
1603.247277096895
 21
-56.37483510076039
 31
0.0
  0
LWPOLYLINE
  5
86FB
330
6B
100
AcDbEntity
  8
10000_FRONT
100
AcDbPolyline
 90
        3
 70
   128
 43
0.0
 10
1603.247277096895
 20
-56.37483510076039
 10
1603.225630975895
 20
-56.3085156696604
 10
1603.207613635395
 20
-56.2567461583604
  0
LWPOLYLINE
  5
86FC
330
6B
100
AcDbEntity
  8
10000_FRONT
100
AcDbPolyline
 90
        3
 70
   128
 43
0.0
 10
1603.207613635395
 20
-56.2567461583604
 10
1603.154055140494
 20
-56.09712285746041
 10
1603.114164116094
 20
-55.9709889468604
  0
LINE
  5
86FD
330
6B
100
AcDbEntity
  8
10000_FRONT
100
AcDbLine
 10
1603.114164116094
 20
-55.9709889468604
 30
0.0
 11
1602.472337193095
 21
-55.9709889468604
 31
0.0
  0
LINE
  5
86FE
330
6B
100
AcDbEntity
  8
10000_FRONT
100
AcDbLine
 10
1602.472337193095
 20
-55.9709889468604
 30
0.0
 11
1602.335317962295
 21
-56.37483510076039
 31
0.0
  0
LINE
  5
86FF
330
6B
100
AcDbEntity
  8
10000_FRONT
100
AcDbLine
 10
1602.335317962295
 20
-56.37483510076039
 30
0.0
 11
1602.235558346895
 21
-56.34148173536035
 31
0.0
  0
LINE
  5
8700
330
6B
100
AcDbEntity
  8
10000_FRONT
100
AcDbLine
 10
1602.235558346895
 20
-56.34148173536035
 30
0.0
 11
1602.731952577695
 21
-54.85560433146038
 31
0.0
  0
LINE
  5
8701
330
6B
100
AcDbEntity
  8
10000_FRONT
100
AcDbLine
 10
1602.731952577695
 20
-54.85560433146038
 30
0.0
 11
1602.865065558495
 21
-54.85560433146038
 31
0.0
  0
LINE
  5
8702
330
6B
100
AcDbEntity
  8
10000_FRONT
100
AcDbLine
 10
1602.865065558495
 20
-54.85560433146038
 30
0.0
 11
1603.348839596895
 21
-56.34148173536035
 31
0.0
  0
ARC
  5
8703
330
6B
100
AcDbEntity
  8
10000_FRONT
100
AcDbCircle
 10
1603.956157290295
 20
-55.2870009168604
 30
0.0
 40
0.4339083914887658
100
AcDbArc
 50
3.163398968200096
 51
96.16795767370323
  0
ARC
  5
8704
330
6B
100
AcDbEntity
  8
10000_FRONT
100
AcDbCircle
 10
1604.037464144795
 20
-55.2786944493604
 30
0.0
 40
0.352287620127839
100
AcDbArc
 50
307.594773301403
 51
2.544219646899648
  0
ARC
  5
8705
330
6B
100
AcDbEntity
  8
10000_FRONT
100
AcDbCircle
 10
1604.086286645195
 20
-55.86242301406038
 30
0.0
 40
0.3469393941844695
100
AcDbArc
 50
353.3200991869009
 51
61.39594423969548
  0
ARC
  5
8706
330
6B
100
AcDbEntity
  8
10000_FRONT
100
AcDbCircle
 10
1603.973935350395
 20
-55.9041239525604
 30
0.0
 40
0.4569374735407206
100
AcDbArc
 50
261.136134537897
 51
0.1685431398000344
  0
LINE
  5
8707
330
6B
100
AcDbEntity
  8
10000_FRONT
100
AcDbLine
 10
1603.903527096895
 20
-56.35560433146038
 30
0.0
 11
1603.577204981495
 21
-56.35560433146038
 31
0.0
  0
LINE
  5
8708
330
6B
100
AcDbEntity
  8
10000_FRONT
100
AcDbLine
 10
1603.577204981495
 20
-56.35560433146038
 30
0.0
 11
1603.577204981495
 21
-54.85560433146038
 31
0.0
  0
LINE
  5
8709
330
6B
100
AcDbEntity
  8
10000_FRONT
100
AcDbLine
 10
1603.577204981495
 20
-54.85560433146038
 30
0.0
 11
1603.909536712295
 21
-54.85560433146038
 31
0.0
  0
LINE
  5
870A
330
6B
100
AcDbEntity
  8
10000_FRONT
100
AcDbLine
 10
1603.918851616095
 20
-54.9709889468604
 30
0.0
 11
1603.692589596895
 21
-54.9709889468604
 31
0.0
  0
LINE
  5
870B
330
6B
100
AcDbEntity
  8
10000_FRONT
100
AcDbLine
 10
1603.692589596895
 20
-54.9709889468604
 30
0.0
 11
1603.692589596895
 21
-55.50945048536036
 31
0.0
  0
LINE
  5
870C
330
6B
100
AcDbEntity
  8
10000_FRONT
100
AcDbLine
 10
1603.692589596895
 20
-55.50945048536036
 30
0.0
 11
1604.056171327695
 21
-55.50945048536036
 31
0.0
  0
ARC
  5
870D
330
6B
100
AcDbEntity
  8
10000_FRONT
100
AcDbCircle
 10
1604.067828436595
 20
-55.2838081748604
 30
0.0
 40
0.2259432239564862
100
AcDbArc
 50
267.0426207231999
 51
4.887310378500151
  0
ARC
  5
870E
330
6B
100
AcDbEntity
  8
10000_FRONT
100
AcDbCircle
 10
1603.962883076995
 20
-55.30002271096039
 30
0.0
 40
0.3319668469424759
100
AcDbArc
 50
6.132616914099384
 51
97.62206630849885
  0
LWPOLYLINE
  5
870F
330
6B
100
AcDbEntity
  8
10000_FRONT
100
AcDbPolyline
 90
        6
 70
   128
 43
0.0
 10
1603.912842000795
 20
-56.2402197160604
 10
1604.028555241995
 20
-56.2337874525604
 10
1604.141292023395
 20
-56.20816761076039
 10
1604.240102800595
 20
-56.14877464046038
 10
1604.314940137995
 20
-56.03596655696039
 10
1604.334416519995
 20
-55.90127740836038
  0
ARC
  5
8710
330
6B
100
AcDbEntity
  8
10000_FRONT
100
AcDbCircle
 10
1604.086052732295
 20
-55.87300988866036
 30
0.0
 40
0.2499672452482396
100
AcDbArc
 50
353.5068229558007
 51
96.86562933730261
  0
LINE
  5
8711
330
6B
100
AcDbEntity
  8
10000_FRONT
100
AcDbLine
 10
1604.056171327695
 20
-55.62483510076039
 30
0.0
 11
1603.692589596895
 21
-55.62483510076039
 31
0.0
  0
LINE
  5
8712
330
6B
100
AcDbEntity
  8
10000_FRONT
100
AcDbLine
 10
1603.692589596895
 20
-55.62483510076039
 30
0.0
 11
1603.692589596895
 21
-56.2402197160604
 31
0.0
  0
LINE
  5
8713
330
6B
100
AcDbEntity
  8
10000_FRONT
100
AcDbLine
 10
1603.692589596895
 20
-56.2402197160604
 30
0.0
 11
1603.912842000795
 21
-56.2402197160604
 31
0.0
  0
ARC
  5
8728
330
6B
100
AcDbEntity
  8
10000_FRONT
100
AcDbCircle
 10
1606.012341745795
 20
-55.17697097166039
 30
0.0
 40
0.3410720920028247
100
AcDbArc
 50
86.97680223310428
 51
133.4160097183971
  0
LWPOLYLINE
  5
8729
330
6B
100
AcDbEntity
  8
10000_FRONT
100
AcDbPolyline
 90
        3
 70
   128
 43
0.0
 10
1606.030329981495
 20
-54.83637356226039
 10
1606.181525943395
 20
-54.86307895056039
 10
1606.282433346895
 20
-54.92922211996038
  0
ARC
  5
872A
330
6B
100
AcDbEntity
  8
10000_FRONT
100
AcDbCircle
 10
1605.568800485095
 20
-55.42810284356038
 30
0.0
 40
0.870720298347212
100
AcDbArc
 50
348.9434580950003
 51
34.95631822130237
  0
LINE
  5
872B
330
6B
100
AcDbEntity
  8
10000_FRONT
100
AcDbLine
 10
1606.423358827695
 20
-55.59508750456039
 30
0.0
 11
1606.423358827695
 21
-55.6182245237604
 31
0.0
  0
ARC
  5
872C
330
6B
100
AcDbEntity
  8
10000_FRONT
100
AcDbCircle
 10
1605.493066449895
 20
-55.76220748026038
 30
0.0
 40
0.9413686843552827
100
AcDbArc
 50
326.4851915655009
 51
8.797960233600036
  0
ARC
  5
872D
330
6B
100
AcDbEntity
  8
10000_FRONT
100
AcDbCircle
 10
1606.048104713194
 20
-56.04568190126038
 30
0.0
 40
0.3296327802159945
100
AcDbArc
 50
266.9089503430988
 51
314.2031400961049
  0
LWPOLYLINE
  5
872E
330
6B
100
AcDbEntity
  8
10000_FRONT
100
AcDbPolyline
 90
        3
 70
   128
 43
0.0
 10
1606.030329981495
 20
-56.37483510076039
 10
1605.880119412195
 20
-56.34828580956039
 10
1605.780329981495
 20
-56.28198654306039
  0
ARC
  5
872F
330
6B
100
AcDbEntity
  8
10000_FRONT
100
AcDbCircle
 10
1606.467650691295
 20
-55.78357862756039
 30
0.0
 40
0.8490113122382393
100
AcDbArc
 50
168.7692507455997
 51
215.9475974551982
  0
LINE
  5
8730
330
6B
100
AcDbEntity
  8
10000_FRONT
100
AcDbLine
 10
1605.634897289195
 20
-55.6182245237604
 30
0.0
 11
1605.634897289195
 21
-55.59508750456039
 31
0.0
  0
ARC
  5
8731
330
6B
100
AcDbEntity
  8
10000_FRONT
100
AcDbCircle
 10
1606.583181281995
 20
-55.45048618196037
 30
0.0
 40
0.9592455751410376
100
AcDbArc
 50
147.0838944047025
 51
188.6700936971003
  0
ARC
  5
8732
330
6B
100
AcDbEntity
  8
10000_FRONT
100
AcDbCircle
 10
1606.671843715395
 20
-55.7457849640604
 30
0.0
 40
0.9303482343260199
100
AcDbArc
 50
172.1193267938013
 51
209.3053779860972
  0
LWPOLYLINE
  5
8733
330
6B
100
AcDbEntity
  8
10000_FRONT
100
AcDbPolyline
 90
        3
 70
   128
 43
0.0
 10
1605.860558346895
 20
-56.2011572160604
 10
1605.949301507195
 20
-56.25020161236038
 10
1606.029128058495
 20
-56.25945048536038
  0
LWPOLYLINE
  5
8734
330
6B
100
AcDbEntity
  8
10000_FRONT
100
AcDbPolyline
 90
        3
 70
   128
 43
0.0
 10
1606.029128058495
 20
-56.25945048536038
 10
1606.128708745995
 20
-56.2433556568604
 10
1606.195594404595
 20
-56.2011572160604
  0
ARC
  5
8735
330
6B
100
AcDbEntity
  8
10000_FRONT
100
AcDbCircle
 10
1605.499939423295
 20
-55.7647475776604
 30
0.0
 40
0.8212120466529936
100
AcDbArc
 50
327.8984579118999
 51
10.27791299840051
  0
LINE
  5
8736
330
6B
100
AcDbEntity
  8
10000_FRONT
100
AcDbLine
 10
1606.307974212295
 20
-55.6182245237604
 30
0.0
 11
1606.307974212295
 21
-55.59508750456039
 31
0.0
  0
ARC
  5
8737
330
6B
100
AcDbEntity
  8
10000_FRONT
100
AcDbCircle
 10
1605.382978624495
 20
-55.46523314696038
 30
0.0
 40
0.9340658390261358
100
AcDbArc
 50
352.0088256511998
 51
29.01642868870162
  0
LWPOLYLINE
  5
8738
330
6B
100
AcDbEntity
  8
10000_FRONT
100
AcDbPolyline
 90
        3
 70
   128
 43
0.0
 10
1606.199801135395
 20
-55.01215481226039
 10
1606.110141342895
 20
-54.96149458116038
 10
1606.029128058495
 20
-54.95175817766041
  0
LWPOLYLINE
  5
8739
330
6B
100
AcDbEntity
  8
10000_FRONT
100
AcDbPolyline
 90
        3
 70
   128
 43
0.0
 10
1606.029128058495
 20
-54.95175817766041
 10
1605.926732487695
 20
-54.96811336916039
 10
1605.858454981495
 20
-55.01215481226039
  0
ARC
  5
873A
330
6B
100
AcDbEntity
  8
10000_FRONT
100
AcDbCircle
 10
1606.564067037094
 20
-55.44459615526038
 30
0.0
 40
0.8275831608713641
100
AcDbArc
 50
148.4975372934969
 51
190.4772083665983
  0
LINE
  5
873B
330
6B
100
AcDbEntity
  8
10000_FRONT
100
AcDbLine
 10
1605.750281904595
 20
-55.59508750456039
 30
0.0
 11
1605.750281904595
 21
-55.6182245237604
 31
0.0
  0
LINE
  5
873C
330
6B
100
AcDbEntity
  8
10000_FRONT
100
AcDbLine
 10
1593.451697065577
 20
-63.7825875045604
 30
0.0
 11
1593.451697065577
 21
-63.38234711996038
 31
0.0
  0
LWPOLYLINE
  5
873D
330
6B
100
AcDbEntity
  8
10000_FRONT
100
AcDbPolyline
 90
        7
 70
   128
 43
0.0
 10
1593.451697065577
 20
-63.38234711996038
 10
1593.462024575777
 20
-63.22691371186039
 10
1593.501321991477
 20
-63.07643608836039
 10
1593.587581929077
 20
-62.94794100036039
 10
1593.689347470577
 20
-62.88066463146039
 10
1593.806567378677
 20
-62.8460823793604
 10
1593.928560046277
 20
-62.83637356226039
  0
ARC
  5
873E
330
6B
100
AcDbEntity
  8
10000_FRONT
100
AcDbCircle
 10
1593.968111670777
 20
-63.1787389155604
 30
0.0
 40
0.3446423743064025
100
AcDbArc
 50
10.87482608870003
 51
96.58986032529918
  0
LINE
  5
873F
330
6B
100
AcDbEntity
  8
10000_FRONT
100
AcDbLine
 10
1594.306564853977
 20
-63.11371731226039
 30
0.0
 11
1594.204701873277
 21
-63.13865721606038
 31
0.0
  0
ARC
  5
8740
330
6B
100
AcDbEntity
  8
10000_FRONT
100
AcDbCircle
 10
1593.964104960977
 20
-63.19668903596038
 30
0.0
 40
0.2474965985629834
100
AcDbArc
 50
13.56069091969987
 51
98.25724669170357
  0
LWPOLYLINE
  5
8741
330
6B
100
AcDbEntity
  8
10000_FRONT
100
AcDbPolyline
 90
        6
 70
   128
 43
0.0
 10
1593.928560046277
 20
-62.95175817766041
 10
1593.805927101677
 20
-62.96169979206037
 10
1593.691945959377
 20
-63.00542641366035
 10
1593.615093822577
 20
-63.10014460006041
 10
1593.575827167777
 20
-63.23932066826039
 10
1593.567081680977
 20
-63.3841500045604
  0
LINE
  5
8742
330
6B
100
AcDbEntity
  8
10000_FRONT
100
AcDbLine
 10
1593.567081680977
 20
-63.3841500045604
 30
0.0
 11
1593.567081680977
 21
-63.7792822160604
 31
0.0
  0
LWPOLYLINE
  5
8743
330
6B
100
AcDbEntity
  8
10000_FRONT
100
AcDbPolyline
 90
        7
 70
   128
 43
0.0
 10
1593.567081680977
 20
-63.7792822160604
 10
1593.577254401677
 20
-63.95390900266041
 10
1593.626008665677
 20
-64.12116412906041
 10
1593.676116938177
 20
-64.19254248566038
 10
1593.749020653277
 20
-64.24010535136038
 10
1593.834796367477
 20
-64.2560656671604
 10
1593.922249950177
 20
-64.25945048536036
  0
ARC
  5
8744
330
6B
100
AcDbEntity
  8
10000_FRONT
100
AcDbCircle
 10
1593.956290777777
 20
-63.9976483276604
 30
0.0
 40
0.2640059615156864
100
AcDbArc
 50
262.5916788396968
 51
341.6038073580004
  0
LINE
  5
8745
330
6B
100
AcDbEntity
  8
10000_FRONT
100
AcDbLine
 10
1594.206805238677
 20
-64.0809649083604
 30
0.0
 11
1594.304461488677
 21
-64.1161211583604
 31
0.0
  0
ARC
  5
8746
330
6B
100
AcDbEntity
  8
10000_FRONT
100
AcDbCircle
 10
1593.950332842177
 20
-64.00463596946038
 30
0.0
 40
0.3712627716276584
100
AcDbArc
 50
265.6619147963017
 51
342.5251897257993
  0
LWPOLYLINE
  5
8747
330
6B
100
AcDbEntity
  8
10000_FRONT
100
AcDbPolyline
 90
        7
 70
   128
 43
0.0
 10
1593.922249950177
 20
-64.37483510076039
 10
1593.799857404577
 20
-64.36895780786038
 10
1593.682877343977
 20
-64.33395100726038
 10
1593.584859133977
 20
-64.26146878946038
 10
1593.518213825577
 20
-64.15904146386039
 10
1593.464413204477
 20
-63.97465032086039
 10
1593.451697065577
 20
-63.7825875045604
  0
LINE
  5
8748
330
6B
100
AcDbEntity
  8
10000_FRONT
100
AcDbLine
 10
1595.137093700177
 20
-63.7209889468604
 30
0.0
 11
1595.137093700177
 21
-63.83637356226039
 31
0.0
  0
LINE
  5
8749
330
6B
100
AcDbEntity
  8
10000_FRONT
100
AcDbLine
 10
1595.137093700177
 20
-63.83637356226039
 30
0.0
 11
1594.430963892477
 21
-63.83637356226039
 31
0.0
  0
LINE
  5
874A
330
6B
100
AcDbEntity
  8
10000_FRONT
100
AcDbLine
 10
1594.430963892477
 20
-63.83637356226039
 30
0.0
 11
1594.430963892477
 21
-63.7209889468604
 31
0.0
  0
LINE
  5
874B
330
6B
100
AcDbEntity
  8
10000_FRONT
100
AcDbLine
 10
1594.430963892477
 20
-63.7209889468604
 30
0.0
 11
1595.137093700177
 21
-63.7209889468604
 31
0.0
  0
ARC
  5
874C
330
6B
100
AcDbEntity
  8
10000_FRONT
100
AcDbCircle
 10
1595.737938348177
 20
-63.26081007476037
 30
0.0
 40
0.4062229252448713
100
AcDbArc
 50
1.590552673699536
 51
94.05550925139747
  0
ARC
  5
874D
330
6B
100
AcDbEntity
  8
10000_FRONT
100
AcDbCircle
 10
1595.798253493677
 20
-63.25161435696038
 30
0.0
 40
0.3457575190912354
100
AcDbArc
 50
311.7795605964014
 51
0.3446371016003593
  0
ARC
  5
874E
330
6B
100
AcDbEntity
  8
10000_FRONT
100
AcDbCircle
 10
1595.733235818177
 20
-63.19119146156039
 30
0.0
 40
0.434212741917925
100
AcDbArc
 50
267.066209234601
 51
312.8651814873979
  0
LINE
  5
874F
330
6B
100
AcDbEntity
  8
10000_FRONT
100
AcDbLine
 10
1595.711011969377
 20
-63.62483510076039
 30
0.0
 11
1595.470927834777
 21
-63.62483510076039
 31
0.0
  0
LINE
  5
8750
330
6B
100
AcDbEntity
  8
10000_FRONT
100
AcDbLine
 10
1595.470927834777
 20
-63.62483510076039
 30
0.0
 11
1595.470927834777
 21
-64.35560433146038
 31
0.0
  0
LINE
  5
8751
330
6B
100
AcDbEntity
  8
10000_FRONT
100
AcDbLine
 10
1595.470927834777
 20
-64.35560433146038
 30
0.0
 11
1595.355543219377
 21
-64.35560433146038
 31
0.0
  0
LINE
  5
8752
330
6B
100
AcDbEntity
  8
10000_FRONT
100
AcDbLine
 10
1595.355543219377
 20
-64.35560433146038
 30
0.0
 11
1595.355543219377
 21
-62.85560433146038
 31
0.0
  0
LINE
  5
8753
330
6B
100
AcDbEntity
  8
10000_FRONT
100
AcDbLine
 10
1595.355543219377
 20
-62.85560433146038
 30
0.0
 11
1595.709209084777
 21
-62.85560433146038
 31
0.0
  0
LINE
  5
8754
330
6B
100
AcDbEntity
  8
10000_FRONT
100
AcDbLine
 10
1595.710110527077
 20
-62.9709889468604
 30
0.0
 11
1595.470927834777
 21
-62.9709889468604
 31
0.0
  0
LINE
  5
8755
330
6B
100
AcDbEntity
  8
10000_FRONT
100
AcDbLine
 10
1595.470927834777
 20
-62.9709889468604
 30
0.0
 11
1595.470927834777
 21
-63.50945048536035
 31
0.0
  0
LINE
  5
8756
330
6B
100
AcDbEntity
  8
10000_FRONT
100
AcDbLine
 10
1595.470927834777
 20
-63.50945048536035
 30
0.0
 11
1595.710110527077
 21
-63.50945048536035
 31
0.0
  0
ARC
  5
8757
330
6B
100
AcDbEntity
  8
10000_FRONT
100
AcDbCircle
 10
1595.749372860977
 20
-63.2324693073604
 30
0.0
 40
0.2797500738056653
100
AcDbArc
 50
261.932022090103
 51
356.5643262525002
  0
ARC
  5
8758
330
6B
100
AcDbEntity
  8
10000_FRONT
100
AcDbCircle
 10
1595.734476777977
 20
-63.26451961026039
 30
0.0
 40
0.2945402596040131
100
AcDbArc
 50
2.9747599632007
 51
94.74529576160007
  0
LINE
  5
8759
330
6B
100
AcDbEntity
  8
10000_FRONT
100
AcDbLine
 10
1596.470927834777
 20
-62.85560433146038
 30
0.0
 11
1596.470927834777
 21
-64.24021971606039
 31
0.0
  0
LINE
  5
875A
330
6B
100
AcDbEntity
  8
10000_FRONT
100
AcDbLine
 10
1596.470927834777
 20
-64.24021971606039
 30
0.0
 11
1597.064978315577
 21
-64.24021971606039
 31
0.0
  0
LINE
  5
875B
330
6B
100
AcDbEntity
  8
10000_FRONT
100
AcDbLine
 10
1597.064978315577
 20
-64.24021971606039
 30
0.0
 11
1597.064978315577
 21
-64.35560433146038
 31
0.0
  0
LINE
  5
875C
330
6B
100
AcDbEntity
  8
10000_FRONT
100
AcDbLine
 10
1597.064978315577
 20
-64.35560433146038
 30
0.0
 11
1596.355543219377
 21
-64.35560433146038
 31
0.0
  0
LINE
  5
875D
330
6B
100
AcDbEntity
  8
10000_FRONT
100
AcDbLine
 10
1596.355543219377
 20
-64.35560433146038
 30
0.0
 11
1596.355543219377
 21
-62.85560433146038
 31
0.0
  0
LINE
  5
875E
330
6B
100
AcDbEntity
  8
10000_FRONT
100
AcDbLine
 10
1596.355543219377
 20
-62.85560433146038
 30
0.0
 11
1596.470927834777
 21
-62.85560433146038
 31
0.0
  0
LINE
  5
875F
330
6B
100
AcDbEntity
  8
10000_FRONT
100
AcDbLine
 10
1598.047850911677
 20
-62.85560433146038
 30
0.0
 11
1598.163235527077
 21
-62.85560433146038
 31
0.0
  0
LINE
  5
8760
330
6B
100
AcDbEntity
  8
10000_FRONT
100
AcDbLine
 10
1598.163235527077
 20
-62.85560433146038
 30
0.0
 11
1598.163235527077
 21
-63.90518365836038
 31
0.0
  0
ARC
  5
8761
330
6B
100
AcDbEntity
  8
10000_FRONT
100
AcDbCircle
 10
1597.733398766277
 20
-63.9253014742604
 30
0.0
 40
0.4303072941962549
100
AcDbArc
 50
269.7398084286062
 51
2.679680967899344
  0
ARC
  5
8762
330
6B
100
AcDbEntity
  8
10000_FRONT
100
AcDbCircle
 10
1597.728372748577
 20
-63.92465342126037
 30
0.0
 40
0.4309618587145873
100
AcDbArc
 50
177.4106407913006
 51
270.4084100383958
  0
LINE
  5
8763
330
6B
100
AcDbEntity
  8
10000_FRONT
100
AcDbLine
 10
1597.297850911677
 20
-63.90518365836038
 30
0.0
 11
1597.297850911677
 21
-62.85560433146038
 31
0.0
  0
LINE
  5
8764
330
6B
100
AcDbEntity
  8
10000_FRONT
100
AcDbLine
 10
1597.297850911677
 20
-62.85560433146038
 30
0.0
 11
1597.413235527077
 21
-62.85560433146038
 31
0.0
  0
LINE
  5
8765
330
6B
100
AcDbEntity
  8
10000_FRONT
100
AcDbLine
 10
1597.413235527077
 20
-62.85560433146038
 30
0.0
 11
1597.413235527077
 21
-63.89767163916039
 31
0.0
  0
ARC
  5
8766
330
6B
100
AcDbEntity
  8
10000_FRONT
100
AcDbCircle
 10
1597.730344131377
 20
-63.9221682432604
 30
0.0
 40
0.3180533768770475
100
AcDbArc
 50
175.5826803771002
 51
270.1982556129938
  0
ARC
  5
8767
330
6B
100
AcDbEntity
  8
10000_FRONT
100
AcDbCircle
 10
1597.728793578477
 20
-63.92036718526039
 30
0.0
 40
0.3198635173174438
100
AcDbArc
 50
270.4748826044978
 51
4.068774689599424
  0
LINE
  5
8768
330
6B
100
AcDbEntity
  8
10000_FRONT
100
AcDbLine
 10
1598.047850911677
 20
-63.89767163916039
 30
0.0
 11
1598.047850911677
 21
-62.85560433146038
 31
0.0
  0
ARC
  5
8769
330
6B
100
AcDbEntity
  8
10000_FRONT
100
AcDbCircle
 10
1598.959241888577
 20
-63.26729432986041
 30
0.0
 40
0.4295228168472542
100
AcDbArc
 50
86.71582580769474
 51
128.6668730562009
  0
ARC
  5
876A
330
6B
100
AcDbEntity
  8
10000_FRONT
100
AcDbCircle
 10
1599.018253298177
 20
-63.18774488806038
 30
0.0
 40
0.3509583989602137
100
AcDbArc
 50
9.927507753999867
 51
95.62579588850548
  0
LINE
  5
876B
330
6B
100
AcDbEntity
  8
10000_FRONT
100
AcDbLine
 10
1599.363956680977
 20
-63.1272389468604
 30
0.0
 11
1599.253680238677
 21
-63.15217885076039
 31
0.0
  0
ARC
  5
876C
330
6B
100
AcDbEntity
  8
10000_FRONT
100
AcDbCircle
 10
1599.015555956077
 20
-63.18214481476037
 30
0.0
 40
0.2400023603054785
100
AcDbArc
 50
7.172495219298954
 51
97.59171555519863
  0
LWPOLYLINE
  5
876D
330
6B
100
AcDbEntity
  8
10000_FRONT
100
AcDbPolyline
 90
        7
 70
   128
 43
0.0
 10
1598.983848507877
 20
-62.94424615836039
 10
1598.880065159577
 20
-62.95279885916039
 10
1598.781649335477
 20
-62.98582443026039
 10
1598.708110899277
 20
-63.0584896230604
 10
1598.665965476277
 20
-63.15357391016039
 10
1598.631372649377
 20
-63.35878401526038
 10
1598.624473507877
 20
-63.56714279306039
  0
ARC
  5
876E
330
6B
100
AcDbEntity
  8
10000_FRONT
100
AcDbCircle
 10
1599.454582013877
 20
-63.71067394626039
 30
0.0
 40
0.842425856552923
100
AcDbArc
 50
170.1901803717003
 51
210.4619912474995
  0
ARC
  5
876F
330
6B
100
AcDbEntity
  8
10000_FRONT
100
AcDbCircle
 10
1598.981528934577
 20
-63.9540455571604
 30
0.0
 40
0.3127355534516836
100
AcDbArc
 50
215.9748378290994
 51
271.5812286158024
  0
LWPOLYLINE
  5
8770
330
6B
100
AcDbEntity
  8
10000_FRONT
100
AcDbPolyline
 90
        3
 70
   128
 43
0.0
 10
1598.990158603977
 20
-64.26666202376039
 10
1599.156297592277
 20
-64.23733120096041
 10
1599.278620142477
 20
-64.18553221606039
  0
LINE
  5
8771
330
6B
100
AcDbEntity
  8
10000_FRONT
100
AcDbLine
 10
1599.278620142477
 20
-64.18553221606039
 30
0.0
 11
1599.278620142477
 21
-63.62483510076039
 31
0.0
  0
LINE
  5
8772
330
6B
100
AcDbEntity
  8
10000_FRONT
100
AcDbLine
 10
1599.278620142477
 20
-63.62483510076039
 30
0.0
 11
1599.015098507877
 21
-63.62483510076039
 31
0.0
  0
LINE
  5
8773
330
6B
100
AcDbEntity
  8
10000_FRONT
100
AcDbLine
 10
1599.015098507877
 20
-63.62483510076039
 30
0.0
 11
1599.015098507877
 21
-63.50945048536035
 31
0.0
  0
LINE
  5
8774
330
6B
100
AcDbEntity
  8
10000_FRONT
100
AcDbLine
 10
1599.015098507877
 20
-63.50945048536035
 30
0.0
 11
1599.394004757877
 21
-63.50945048536035
 31
0.0
  0
LINE
  5
8775
330
6B
100
AcDbEntity
  8
10000_FRONT
100
AcDbLine
 10
1599.394004757877
 20
-63.50945048536035
 30
0.0
 11
1599.394004757877
 21
-64.24592885076039
 31
0.0
  0
LINE
  5
8776
330
6B
100
AcDbEntity
  8
10000_FRONT
100
AcDbLine
 10
1599.394004757877
 20
-64.24592885076039
 30
0.0
 11
1599.366360527077
 21
-64.26035192766041
 31
0.0
  0
ARC
  5
8777
330
6B
100
AcDbEntity
  8
10000_FRONT
100
AcDbCircle
 10
1598.942760861477
 20
-63.51209947436039
 30
0.0
 40
0.8598362695890985
100
AcDbArc
 50
273.1599828185999
 51
299.5150093474042
  0
ARC
  5
8778
330
6B
100
AcDbEntity
  8
10000_FRONT
100
AcDbCircle
 10
1598.976137169377
 20
-63.96052201536038
 30
0.0
 40
0.4103459792624268
100
AcDbArc
 50
215.7481517746007
 51
271.9581657541944
  0
ARC
  5
8779
330
6B
100
AcDbEntity
  8
10000_FRONT
100
AcDbCircle
 10
1599.517638725477
 20
-63.69964220666038
 30
0.0
 40
1.007683544963509
100
AcDbArc
 50
172.4443491719998
 51
209.7882775310003
  0
ARC
  5
877A
330
6B
100
AcDbEntity
  8
10000_FRONT
100
AcDbCircle
 10
1599.349793480477
 20
-63.45146737226038
 30
0.0
 40
0.8391007490176978
100
AcDbArc
 50
141.7448934244013
 51
187.9238251286993
  0
LWPOLYLINE
  5
877B
330
6B
100
AcDbEntity
  8
10000_FRONT
100
AcDbPolyline
 90
        3
 70
   128
 43
0.0
 10
1594.081736853377
 20
-53.91077674526036
 10
1593.712705268377
 20
-53.88804468846039
 10
1593.427426508477
 20
-53.83319053836038
  0
LINE
  5
877C
330
6B
100
AcDbEntity
  8
10000_FRONT
100
AcDbLine
 10
1593.427426508477
 20
-53.83319053836038
 30
0.0
 11
1593.427426508477
 21
-53.4094836418604
 31
0.0
  0
LWPOLYLINE
  5
877D
330
6B
100
AcDbEntity
  8
10000_FRONT
100
AcDbPolyline
 90
        3
 70
   128
 43
0.0
 10
1593.427426508477
 20
-53.4094836418604
 10
1593.766785951077
 20
-53.4975243958604
 10
1594.040788577477
 20
-53.52456984876038
  0
LWPOLYLINE
  5
877E
330
6B
100
AcDbEntity
  8
10000_FRONT
100
AcDbPolyline
 90
        7
 70
   128
 43
0.0
 10
1594.040788577477
 20
-53.52456984876038
 10
1594.152873556477
 20
-53.51861930296037
 10
1594.262480271277
 20
-53.49509582386038
 10
1594.313386000877
 20
-53.47158748866036
 10
1594.356475538177
 20
-53.43596338536038
 10
1594.384315082477
 20
-53.38758332126039
 10
1594.392943749877
 20
-53.33232846946039
  0
LWPOLYLINE
  5
877F
330
6B
100
AcDbEntity
  8
10000_FRONT
100
AcDbPolyline
 90
        3
 70
   128
 43
0.0
 10
1594.392943749877
 20
-53.33232846946039
 10
1594.376599180277
 20
-53.26083658476036
 10
1594.340788577477
 20
-53.21551812456037
  0
ARC
  5
8780
330
6B
100
AcDbEntity
  8
10000_FRONT
100
AcDbCircle
 10
1593.660667474377
 20
-54.18592486216038
 30
0.0
 40
1.185012215652364
100
AcDbArc
 50
54.97485037840153
 51
70.36353803640178
  0
ARC
  5
8781
330
6B
100
AcDbEntity
  8
10000_FRONT
100
AcDbCircle
 10
1594.762296836077
 20
-51.09181424526038
 30
0.0
 40
2.099361473878547
100
AcDbArc
 50
235.067691796199
 51
250.4240233115952
  0
ARC
  5
8782
330
6B
100
AcDbEntity
  8
10000_FRONT
100
AcDbCircle
 10
1593.895213048877
 20
-52.41110261036038
 30
0.0
 40
0.5231734886217211
100
AcDbArc
 50
178.3591149322009
 51
230.1801126430031
  0
ARC
  5
8783
330
6B
100
AcDbEntity
  8
10000_FRONT
100
AcDbCircle
 10
1593.929577468477
 20
-52.37174883466039
 30
0.0
 40
0.5578560507030889
100
AcDbArc
 50
123.9609317366975
 51
182.5040504247008
  0
ARC
  5
8784
330
6B
100
AcDbEntity
  8
10000_FRONT
100
AcDbCircle
 10
1594.162851376277
 20
-52.81254458696039
 30
0.0
 40
1.055093397948428
100
AcDbArc
 50
86.84281866309907
 51
121.0947186525945
  0
LWPOLYLINE
  5
8785
330
6B
100
AcDbEntity
  8
10000_FRONT
100
AcDbPolyline
 90
        3
 70
   128
 43
0.0
 10
1594.220960991276
 20
-51.7590526073604
 10
1594.551867689777
 20
-51.7823045690604
 10
1594.806736853377
 20
-51.83706984876039
  0
LINE
  5
8786
330
6B
100
AcDbEntity
  8
10000_FRONT
100
AcDbLine
 10
1594.806736853377
 20
-51.83706984876039
 30
0.0
 11
1594.806736853377
 21
-52.23836295216038
 31
0.0
  0
LWPOLYLINE
  5
8787
330
6B
100
AcDbEntity
  8
10000_FRONT
100
AcDbPolyline
 90
        3
 70
   128
 43
0.0
 10
1594.806736853377
 20
-52.23836295216038
 10
1594.500343253377
 20
-52.14385626186039
 10
1594.249840301677
 20
-52.11767329696036
  0
LWPOLYLINE
  5
8788
330
6B
100
AcDbEntity
  8
10000_FRONT
100
AcDbPolyline
 90
        7
 70
   128
 43
0.0
 10
1594.249840301677
 20
-52.11767329696036
 10
1594.144830229077
 20
-52.12348797666039
 10
1594.042483951577
 20
-52.14708623136036
 10
1593.995289636177
 20
-52.1703145616604
 10
1593.955904719677
 20
-52.20500756476038
 10
1593.931409595177
 20
-52.25144741286037
 10
1593.923978232677
 20
-52.3034491590604
  0
ARC
  5
8789
330
6B
100
AcDbEntity
  8
10000_FRONT
100
AcDbCircle
 10
1594.060951713777
 20
-52.3036485642604
 30
0.0
 40
0.1369736262393408
100
AcDbArc
 50
179.9165891872999
 51
240.8522408433031
  0
LWPOLYLINE
  5
878A
330
6B
100
AcDbEntity
  8
10000_FRONT
100
AcDbPolyline
 90
        3
 70
   128
 43
0.0
 10
1593.994236853377
 20
-52.42327674526038
 10
1594.171627632177
 20
-52.51036752796038
 10
1594.314064439577
 20
-52.57241467636038
  0
ARC
  5
878B
330
6B
100
AcDbEntity
  8
10000_FRONT
100
AcDbCircle
 10
1593.730862524977
 20
-54.19577241276036
 30
0.0
 40
1.724939075333175
100
AcDbArc
 50
50.41583461359543
 51
70.23884152270487
  0
ARC
  5
878C
330
6B
100
AcDbEntity
  8
10000_FRONT
100
AcDbCircle
 10
1594.469978512377
 20
-53.2175946606604
 30
0.0
 40
0.5029674237138676
100
AcDbArc
 50
356.9944722173997
 51
44.289548413897
  0
ARC
  5
878D
330
6B
100
AcDbEntity
  8
10000_FRONT
100
AcDbCircle
 10
1594.391540347177
 20
-53.2708467147604
 30
0.0
 40
0.581335538169093
100
AcDbArc
 50
299.946381938396
 51
2.650238624999623
  0
ARC
  5
878E
330
6B
100
AcDbEntity
  8
10000_FRONT
100
AcDbCircle
 10
1594.138210783177
 20
-52.7699255447604
 30
0.0
 40
1.142248119511565
100
AcDbArc
 50
267.1660819859945
 51
298.4139837287959
  0
LINE
  5
878F
330
6B
100
AcDbEntity
  8
10000_FRONT
100
AcDbLine
 10
1595.275702370577
 20
-53.85560433146038
 30
0.0
 11
1595.275702370577
 21
-51.78663881426039
 31
0.0
  0
LINE
  5
8790
330
6B
100
AcDbEntity
  8
10000_FRONT
100
AcDbLine
 10
1595.275702370577
 20
-51.78663881426039
 30
0.0
 11
1595.882598922277
 21
-51.78663881426039
 31
0.0
  0
LINE
  5
8791
330
6B
100
AcDbEntity
  8
10000_FRONT
100
AcDbLine
 10
1595.882598922277
 20
-51.78663881426039
 30
0.0
 11
1595.882598922277
 21
-53.85560433146038
 31
0.0
  0
LINE
  5
8792
330
6B
100
AcDbEntity
  8
10000_FRONT
100
AcDbLine
 10
1595.882598922277
 20
-53.85560433146038
 30
0.0
 11
1595.275702370577
 21
-53.85560433146038
 31
0.0
  0
LINE
  5
8793
330
6B
100
AcDbEntity
  8
10000_FRONT
100
AcDbLine
 10
1596.379150646477
 20
-53.85560433146038
 30
0.0
 11
1596.379150646477
 21
-51.78663881426039
 31
0.0
  0
LINE
  5
8794
330
6B
100
AcDbEntity
  8
10000_FRONT
100
AcDbLine
 10
1596.379150646477
 20
-51.78663881426039
 30
0.0
 11
1597.868805818877
 21
-51.78663881426039
 31
0.0
  0
LINE
  5
8795
330
6B
100
AcDbEntity
  8
10000_FRONT
100
AcDbLine
 10
1597.868805818877
 20
-51.78663881426039
 30
0.0
 11
1597.868805818877
 21
-52.1728457107604
 31
0.0
  0
LINE
  5
8796
330
6B
100
AcDbEntity
  8
10000_FRONT
100
AcDbLine
 10
1597.868805818877
 20
-52.1728457107604
 30
0.0
 11
1596.958460991277
 21
-52.1728457107604
 31
0.0
  0
LINE
  5
8797
330
6B
100
AcDbEntity
  8
10000_FRONT
100
AcDbLine
 10
1596.958460991277
 20
-52.1728457107604
 30
0.0
 11
1596.958460991277
 21
-52.64181122806038
 31
0.0
  0
LINE
  5
8798
330
6B
100
AcDbEntity
  8
10000_FRONT
100
AcDbLine
 10
1596.958460991277
 20
-52.64181122806038
 30
0.0
 11
1597.761478232677
 21
-52.64181122806038
 31
0.0
  0
LINE
  5
8799
330
6B
100
AcDbEntity
  8
10000_FRONT
100
AcDbLine
 10
1597.761478232677
 20
-52.64181122806038
 30
0.0
 11
1597.761478232677
 21
-52.97284571076038
 31
0.0
  0
LINE
  5
879A
330
6B
100
AcDbEntity
  8
10000_FRONT
100
AcDbLine
 10
1597.761478232677
 20
-52.97284571076038
 30
0.0
 11
1596.958460991277
 21
-52.97284571076038
 31
0.0
  0
LINE
  5
879B
330
6B
100
AcDbEntity
  8
10000_FRONT
100
AcDbLine
 10
1596.958460991277
 20
-52.97284571076038
 30
0.0
 11
1596.958460991277
 21
-53.46939743496038
 31
0.0
  0
LINE
  5
879C
330
6B
100
AcDbEntity
  8
10000_FRONT
100
AcDbLine
 10
1596.958460991277
 20
-53.46939743496038
 30
0.0
 11
1597.896392025777
 21
-53.46939743496038
 31
0.0
  0
LINE
  5
879D
330
6B
100
AcDbEntity
  8
10000_FRONT
100
AcDbLine
 10
1597.896392025777
 20
-53.46939743496038
 30
0.0
 11
1597.896392025777
 21
-53.85560433146038
 31
0.0
  0
LINE
  5
879E
330
6B
100
AcDbEntity
  8
10000_FRONT
100
AcDbLine
 10
1597.896392025777
 20
-53.85560433146038
 30
0.0
 11
1596.379150646477
 21
-53.85560433146038
 31
0.0
  0
LINE
  5
879F
330
6B
100
AcDbEntity
  8
10000_FRONT
100
AcDbLine
 10
1598.255012715377
 20
-53.85560433146038
 30
0.0
 11
1598.255012715377
 21
-51.78663881426039
 31
0.0
  0
LINE
  5
87A0
330
6B
100
AcDbEntity
  8
10000_FRONT
100
AcDbLine
 10
1598.255012715377
 20
-51.78663881426039
 30
0.0
 11
1599.003719611977
 21
-51.78663881426039
 31
0.0
  0
LINE
  5
87A1
330
6B
100
AcDbEntity
  8
10000_FRONT
100
AcDbLine
 10
1599.003719611977
 20
-51.78663881426039
 30
0.0
 11
1599.517943749877
 21
-53.07974226256039
 31
0.0
  0
LINE
  5
87A2
330
6B
100
AcDbEntity
  8
10000_FRONT
100
AcDbLine
 10
1599.517943749877
 20
-53.07974226256039
 30
0.0
 11
1600.051133405077
 21
-51.78663881426039
 31
0.0
  0
LINE
  5
87A3
330
6B
100
AcDbEntity
  8
10000_FRONT
100
AcDbLine
 10
1600.051133405077
 20
-51.78663881426039
 30
0.0
 11
1600.765357542977
 21
-51.78663881426039
 31
0.0
  0
LINE
  5
87A4
330
6B
100
AcDbEntity
  8
10000_FRONT
100
AcDbLine
 10
1600.765357542977
 20
-51.78663881426039
 30
0.0
 11
1600.765357542977
 21
-53.85560433146038
 31
0.0
  0
LINE
  5
87A5
330
6B
100
AcDbEntity
  8
10000_FRONT
100
AcDbLine
 10
1600.765357542977
 20
-53.85560433146038
 30
0.0
 11
1600.213633405077
 21
-53.85560433146038
 31
0.0
  0
LINE
  5
87A6
330
6B
100
AcDbEntity
  8
10000_FRONT
100
AcDbLine
 10
1600.213633405077
 20
-53.85560433146038
 30
0.0
 11
1600.213633405077
 21
-52.44741467636039
 31
0.0
  0
LINE
  5
87A7
330
6B
100
AcDbEntity
  8
10000_FRONT
100
AcDbLine
 10
1600.213633405077
 20
-52.44741467636039
 30
0.0
 11
1599.613202370577
 21
-53.88319053836039
 31
0.0
  0
LINE
  5
87A8
330
6B
100
AcDbEntity
  8
10000_FRONT
100
AcDbLine
 10
1599.613202370577
 20
-53.88319053836039
 30
0.0
 11
1599.253288577477
 21
-53.88319053836039
 31
0.0
  0
LINE
  5
87A9
330
6B
100
AcDbEntity
  8
10000_FRONT
100
AcDbLine
 10
1599.253288577477
 20
-53.88319053836039
 30
0.0
 11
1598.668805818877
 21
-52.44741467636039
 31
0.0
  0
LINE
  5
87AA
330
6B
100
AcDbEntity
  8
10000_FRONT
100
AcDbLine
 10
1598.668805818877
 20
-52.44741467636039
 30
0.0
 11
1598.668805818877
 21
-53.85560433146038
 31
0.0
  0
LINE
  5
87AB
330
6B
100
AcDbEntity
  8
10000_FRONT
100
AcDbLine
 10
1598.668805818877
 20
-53.85560433146038
 30
0.0
 11
1598.255012715377
 21
-53.85560433146038
 31
0.0
  0
LINE
  5
87AC
330
6B
100
AcDbEntity
  8
10000_FRONT
100
AcDbLine
 10
1601.261909267177
 20
-53.85560433146038
 30
0.0
 11
1601.261909267177
 21
-51.78663881426039
 31
0.0
  0
LINE
  5
87AD
330
6B
100
AcDbEntity
  8
10000_FRONT
100
AcDbLine
 10
1601.261909267177
 20
-51.78663881426039
 30
0.0
 11
1602.751564439577
 21
-51.78663881426039
 31
0.0
  0
LINE
  5
87AE
330
6B
100
AcDbEntity
  8
10000_FRONT
100
AcDbLine
 10
1602.751564439577
 20
-51.78663881426039
 30
0.0
 11
1602.751564439577
 21
-52.1728457107604
 31
0.0
  0
LINE
  5
87AF
330
6B
100
AcDbEntity
  8
10000_FRONT
100
AcDbLine
 10
1602.751564439577
 20
-52.1728457107604
 30
0.0
 11
1601.841219611977
 21
-52.1728457107604
 31
0.0
  0
LINE
  5
87B0
330
6B
100
AcDbEntity
  8
10000_FRONT
100
AcDbLine
 10
1601.841219611977
 20
-52.1728457107604
 30
0.0
 11
1601.841219611977
 21
-52.64181122806038
 31
0.0
  0
LINE
  5
87B1
330
6B
100
AcDbEntity
  8
10000_FRONT
100
AcDbLine
 10
1601.841219611977
 20
-52.64181122806038
 30
0.0
 11
1602.642943749877
 21
-52.64181122806038
 31
0.0
  0
LINE
  5
87B2
330
6B
100
AcDbEntity
  8
10000_FRONT
100
AcDbLine
 10
1602.642943749877
 20
-52.64181122806038
 30
0.0
 11
1602.642943749877
 21
-52.97284571076038
 31
0.0
  0
LINE
  5
87B3
330
6B
100
AcDbEntity
  8
10000_FRONT
100
AcDbLine
 10
1602.642943749877
 20
-52.97284571076038
 30
0.0
 11
1601.841219611977
 21
-52.97284571076038
 31
0.0
  0
LINE
  5
87B4
330
6B
100
AcDbEntity
  8
10000_FRONT
100
AcDbLine
 10
1601.841219611977
 20
-52.97284571076038
 30
0.0
 11
1601.841219611977
 21
-53.46939743496038
 31
0.0
  0
LINE
  5
87B5
330
6B
100
AcDbEntity
  8
10000_FRONT
100
AcDbLine
 10
1601.841219611977
 20
-53.46939743496038
 30
0.0
 11
1602.779150646477
 21
-53.46939743496038
 31
0.0
  0
LINE
  5
87B6
330
6B
100
AcDbEntity
  8
10000_FRONT
100
AcDbLine
 10
1602.779150646477
 20
-53.46939743496038
 30
0.0
 11
1602.779150646477
 21
-53.85560433146038
 31
0.0
  0
LINE
  5
87B7
330
6B
100
AcDbEntity
  8
10000_FRONT
100
AcDbLine
 10
1602.779150646477
 20
-53.85560433146038
 30
0.0
 11
1601.261909267177
 21
-53.85560433146038
 31
0.0
  0
LINE
  5
87B8
330
6B
100
AcDbEntity
  8
10000_FRONT
100
AcDbLine
 10
1603.137771336077
 20
-53.85560433146038
 30
0.0
 11
1603.137771336077
 21
-51.78663881426039
 31
0.0
  0
LINE
  5
87B9
330
6B
100
AcDbEntity
  8
10000_FRONT
100
AcDbLine
 10
1603.137771336077
 20
-51.78663881426039
 30
0.0
 11
1603.810185129177
 21
-51.78663881426039
 31
0.0
  0
LINE
  5
87BA
330
6B
100
AcDbEntity
  8
10000_FRONT
100
AcDbLine
 10
1603.810185129177
 20
-51.78663881426039
 30
0.0
 11
1604.517081680977
 21
-53.1262939866604
 31
0.0
  0
LINE
  5
87BB
330
6B
100
AcDbEntity
  8
10000_FRONT
100
AcDbLine
 10
1604.517081680977
 20
-53.1262939866604
 30
0.0
 11
1604.517081680977
 21
-51.78663881426039
 31
0.0
  0
LINE
  5
87BC
330
6B
100
AcDbEntity
  8
10000_FRONT
100
AcDbLine
 10
1604.517081680977
 20
-51.78663881426039
 30
0.0
 11
1604.930874784377
 21
-51.78663881426039
 31
0.0
  0
LINE
  5
87BD
330
6B
100
AcDbEntity
  8
10000_FRONT
100
AcDbLine
 10
1604.930874784377
 20
-51.78663881426039
 30
0.0
 11
1604.930874784377
 21
-53.85560433146038
 31
0.0
  0
LINE
  5
87BE
330
6B
100
AcDbEntity
  8
10000_FRONT
100
AcDbLine
 10
1604.930874784377
 20
-53.85560433146038
 30
0.0
 11
1604.283029956777
 21
-53.85560433146038
 31
0.0
  0
LINE
  5
87BF
330
6B
100
AcDbEntity
  8
10000_FRONT
100
AcDbLine
 10
1604.283029956777
 20
-53.85560433146038
 30
0.0
 11
1603.551564439577
 21
-52.4952595038604
 31
0.0
  0
LINE
  5
87C0
330
6B
100
AcDbEntity
  8
10000_FRONT
100
AcDbLine
 10
1603.551564439577
 20
-52.4952595038604
 30
0.0
 11
1603.551564439577
 21
-53.85560433146038
 31
0.0
  0
LINE
  5
87C1
330
6B
100
AcDbEntity
  8
10000_FRONT
100
AcDbLine
 10
1603.551564439577
 20
-53.85560433146038
 30
0.0
 11
1603.137771336077
 21
-53.85560433146038
 31
0.0
  0
LWPOLYLINE
  5
87C2
330
6B
100
AcDbEntity
  8
10000_FRONT
100
AcDbPolyline
 90
        3
 70
   128
 43
0.0
 10
1605.970098922277
 20
-53.91077674526036
 10
1605.601836348977
 20
-53.88774035836039
 10
1605.317081680977
 20
-53.83319053836038
  0
LINE
  5
87C3
330
6B
100
AcDbEntity
  8
10000_FRONT
100
AcDbLine
 10
1605.317081680977
 20
-53.83319053836038
 30
0.0
 11
1605.317081680977
 21
-53.4094836418604
 31
0.0
  0
LWPOLYLINE
  5
87C4
330
6B
100
AcDbEntity
  8
10000_FRONT
100
AcDbPolyline
 90
        3
 70
   128
 43
0.0
 10
1605.317081680977
 20
-53.4094836418604
 10
1605.656677964077
 20
-53.49756678096039
 10
1605.930874784377
 20
-53.52456984876038
  0
LWPOLYLINE
  5
87C5
330
6B
100
AcDbEntity
  8
10000_FRONT
100
AcDbPolyline
 90
        7
 70
   128
 43
0.0
 10
1605.930874784377
 20
-53.52456984876038
 10
1606.042853260977
 20
-53.51857808066039
 10
1606.152364726177
 20
-53.49507520396038
 10
1606.203163699577
 20
-53.47149269606038
 10
1606.246196723377
 20
-53.43588638476038
 10
1606.273986435577
 20
-53.3875353594604
 10
1606.282598922277
 20
-53.33232846946039
  0
LWPOLYLINE
  5
87C6
330
6B
100
AcDbEntity
  8
10000_FRONT
100
AcDbPolyline
 90
        3
 70
   128
 43
0.0
 10
1606.282598922277
 20
-53.33232846946039
 10
1606.265990905677
 20
-53.26118471946038
 10
1606.230874784377
 20
-53.21551812456037
  0
ARC
  5
87C7
330
6B
100
AcDbEntity
  8
10000_FRONT
100
AcDbCircle
 10
1605.533891689477
 20
-54.22100490256041
 30
0.0
 40
1.223433322827355
100
AcDbArc
 50
55.27108293129952
 51
70.2098941394995
  0
LWPOLYLINE
  5
87C8
330
6B
100
AcDbEntity
  8
10000_FRONT
100
AcDbPolyline
 90
        3
 70
   128
 43
0.0
 10
1605.948116163677
 20
-53.06982846946038
 10
1605.660743480777
 20
-52.94085677356038
 10
1605.449409267177
 20
-52.81293191766041
  0
ARC
  5
87C9
330
6B
100
AcDbEntity
  8
10000_FRONT
100
AcDbCircle
 10
1605.788636492677
 20
-52.40979456966037
 30
0.0
 40
0.5268726904046313
100
AcDbArc
 50
178.6536008774007
 51
229.9204582618025
  0
ARC
  5
87CA
330
6B
100
AcDbEntity
  8
10000_FRONT
100
AcDbCircle
 10
1605.821938984677
 20
-52.37400722326039
 30
0.0
 40
0.560518682448712
100
AcDbArc
 50
123.9517902680028
 51
182.3933874569006
  0
ARC
  5
87CB
330
6B
100
AcDbEntity
  8
10000_FRONT
100
AcDbCircle
 10
1606.051605010777
 20
-52.80457283456037
 30
0.0
 40
1.047136028151512
100
AcDbArc
 50
86.81663915870464
 51
121.2171605540954
  0
LWPOLYLINE
  5
87CC
330
6B
100
AcDbEntity
  8
10000_FRONT
100
AcDbPolyline
 90
        3
 70
   128
 43
0.0
 10
1606.109754094777
 20
-51.7590526073604
 10
1606.441154987677
 20
-51.78223192456036
 10
1606.696392025777
 20
-51.83706984876039
  0
LINE
  5
87CD
330
6B
100
AcDbEntity
  8
10000_FRONT
100
AcDbLine
 10
1606.696392025777
 20
-51.83706984876039
 30
0.0
 11
1606.696392025777
 21
-52.23836295216038
 31
0.0
  0
LWPOLYLINE
  5
87CE
330
6B
100
AcDbEntity
  8
10000_FRONT
100
AcDbPolyline
 90
        3
 70
   128
 43
0.0
 10
1606.696392025777
 20
-52.23836295216038
 10
1606.389767989477
 20
-52.1438059859604
 10
1606.139064439577
 20
-52.11767329696036
  0
LWPOLYLINE
  5
87CF
330
6B
100
AcDbEntity
  8
10000_FRONT
100
AcDbPolyline
 90
        7
 70
   128
 43
0.0
 10
1606.139064439577
 20
-52.11767329696036
 10
1606.033926335877
 20
-52.12352753096038
 10
1605.931478944377
 20
-52.14729982866039
 10
1605.884415777877
 20
-52.17085674026039
 10
1605.845409783677
 20
-52.20615613166039
 10
1605.820954892377
 20
-52.25265283016039
 10
1605.813633405077
 20
-52.30474226256038
  0
ARC
  5
87D0
330
6B
100
AcDbEntity
  8
10000_FRONT
100
AcDbCircle
 10
1605.949262546277
 20
-52.30444051326038
 30
0.0
 40
0.1356294768761604
100
AcDbArc
 50
180.1274721010994
 51
241.185285278105
  0
LWPOLYLINE
  5
87D1
330
6B
100
AcDbEntity
  8
10000_FRONT
100
AcDbPolyline
 90
        3
 70
   128
 43
0.0
 10
1605.883892025777
 20
-52.42327674526038
 10
1606.061683884977
 20
-52.5105405071604
 10
1606.204581680977
 20
-52.57241467636038
  0
ARC
  5
87D2
330
6B
100
AcDbEntity
  8
10000_FRONT
100
AcDbCircle
 10
1605.637089875977
 20
-54.1666107914604
 30
0.0
 40
1.692190356352299
100
AcDbArc
 50
50.20786242020465
 51
70.40561059669733
  0
ARC
  5
87D3
330
6B
100
AcDbEntity
  8
10000_FRONT
100
AcDbCircle
 10
1606.359186077677
 20
-53.21714928806038
 30
0.0
 40
0.5032862397401999
100
AcDbArc
 50
357.2895326730001
 51
44.18340667740021
  0
ARC
  5
87D4
330
6B
100
AcDbEntity
  8
10000_FRONT
100
AcDbCircle
 10
1606.278012020977
 20
-53.26895301476039
 30
0.0
 40
0.5845683963712586
100
AcDbArc
 50
300.124097363
 51
2.745815684700316
  0
ARC
  5
87D5
330
6B
100
AcDbEntity
  8
10000_FRONT
100
AcDbCircle
 10
1606.026105310477
 20
-52.76269535956039
 30
0.0
 40
1.14944664243887
100
AcDbArc
 50
267.2071772452024
 51
298.3196813368999
  0
LINE
  5
8A72
330
6B
100
AcDbEntity
  8
11000_LEFT
100
AcDbLine
 10
1648.93496019022
 20
-54.15560368090595
 30
0.0
 11
1648.93496019022
 21
-54.75560359300592
 31
0.0
  0
LINE
  5
8A73
330
6B
100
AcDbEntity
  8
11000_LEFT
100
AcDbLine
 10
1648.93496019022
 20
-54.75560359300592
 30
0.0
 11
1649.534960218719
 21
-54.75560359300592
 31
0.0
  0
LINE
  5
8A74
330
6B
100
AcDbEntity
  8
11000_LEFT
100
AcDbLine
 10
1649.534960218719
 20
-54.15560368090595
 30
0.0
 11
1649.534960218719
 21
-54.75560359300592
 31
0.0
  0
LINE
  5
8A75
330
6B
100
AcDbEntity
  8
11000_LEFT
100
AcDbLine
 10
1649.534960218719
 20
-54.15560368090595
 30
0.0
 11
1648.93496019022
 21
-54.15560368090595
 31
0.0
  0
LINE
  5
8A76
330
6B
100
AcDbEntity
  8
11000_LEFT
100
AcDbLine
 10
1648.93496019022
 20
-55.35560397070597
 30
0.0
 11
1648.93496019022
 21
-55.95560388280599
 31
0.0
  0
LINE
  5
8A77
330
6B
100
AcDbEntity
  8
11000_LEFT
100
AcDbLine
 10
1648.93496019022
 20
-55.95560388280599
 30
0.0
 11
1649.534960218719
 21
-55.95560388280599
 31
0.0
  0
LINE
  5
8A78
330
6B
100
AcDbEntity
  8
11000_LEFT
100
AcDbLine
 10
1649.534960218719
 20
-55.35560397070597
 30
0.0
 11
1649.534960218719
 21
-55.95560388280599
 31
0.0
  0
LINE
  5
8A79
330
6B
100
AcDbEntity
  8
11000_LEFT
100
AcDbLine
 10
1649.534960218719
 20
-55.35560397070597
 30
0.0
 11
1648.93496019022
 21
-55.35560397070597
 31
0.0
  0
LINE
  5
8A7A
330
6B
100
AcDbEntity
  8
11000_LEFT
100
AcDbLine
 10
1648.93496019022
 20
-56.55560379490597
 30
0.0
 11
1648.93496019022
 21
-57.15560370700593
 31
0.0
  0
LINE
  5
8A7B
330
6B
100
AcDbEntity
  8
11000_LEFT
100
AcDbLine
 10
1648.93496019022
 20
-57.15560370700593
 30
0.0
 11
1649.534960218719
 21
-57.15560370700593
 31
0.0
  0
LINE
  5
8A7C
330
6B
100
AcDbEntity
  8
11000_LEFT
100
AcDbLine
 10
1649.534960218719
 20
-56.55560379490597
 30
0.0
 11
1649.534960218719
 21
-57.15560370700593
 31
0.0
  0
LINE
  5
8A7D
330
6B
100
AcDbEntity
  8
11000_LEFT
100
AcDbLine
 10
1649.534960218719
 20
-56.55560379490597
 30
0.0
 11
1648.93496019022
 21
-56.55560379490597
 31
0.0
  0
LINE
  5
8A7E
330
6B
100
AcDbEntity
  8
11000_LEFT
100
AcDbLine
 10
1648.93496019022
 20
-57.75560385190591
 30
0.0
 11
1648.93496019022
 21
-58.35560376400589
 31
0.0
  0
LINE
  5
8A7F
330
6B
100
AcDbEntity
  8
11000_LEFT
100
AcDbLine
 10
1648.93496019022
 20
-58.35560376400589
 30
0.0
 11
1649.534960218719
 21
-58.35560376400589
 31
0.0
  0
LINE
  5
8A80
330
6B
100
AcDbEntity
  8
11000_LEFT
100
AcDbLine
 10
1649.534960218719
 20
-57.75560385190591
 30
0.0
 11
1649.534960218719
 21
-58.35560376400589
 31
0.0
  0
LINE
  5
8A81
330
6B
100
AcDbEntity
  8
11000_LEFT
100
AcDbLine
 10
1649.534960218719
 20
-57.75560385190591
 30
0.0
 11
1648.93496019022
 21
-57.75560385190591
 31
0.0
  0
LINE
  5
8A82
330
6B
100
AcDbEntity
  8
11000_LEFT
100
AcDbLine
 10
1648.93496019022
 20
-58.95560379250596
 30
0.0
 11
1648.93496019022
 21
-59.55560376280597
 31
0.0
  0
LINE
  5
8A83
330
6B
100
AcDbEntity
  8
11000_LEFT
100
AcDbLine
 10
1648.93496019022
 20
-59.55560376280597
 30
0.0
 11
1649.534960218719
 21
-59.55560376280597
 31
0.0
  0
LINE
  5
8A84
330
6B
100
AcDbEntity
  8
11000_LEFT
100
AcDbLine
 10
1649.534960218719
 20
-58.95560379250596
 30
0.0
 11
1649.534960218719
 21
-59.55560376280597
 31
0.0
  0
LINE
  5
8A85
330
6B
100
AcDbEntity
  8
11000_LEFT
100
AcDbLine
 10
1649.534960218719
 20
-58.95560379250596
 30
0.0
 11
1648.93496019022
 21
-58.95560379250596
 31
0.0
  0
LINE
  5
8A86
330
6B
100
AcDbEntity
  8
11000_LEFT
100
AcDbLine
 10
1648.93496019022
 20
-60.15560379120593
 30
0.0
 11
1648.93496019022
 21
-60.7556037615059
 31
0.0
  0
LINE
  5
8A87
330
6B
100
AcDbEntity
  8
11000_LEFT
100
AcDbLine
 10
1648.93496019022
 20
-60.7556037615059
 30
0.0
 11
1649.534960218719
 21
-60.7556037615059
 31
0.0
  0
LINE
  5
8A88
330
6B
100
AcDbEntity
  8
11000_LEFT
100
AcDbLine
 10
1649.534960218719
 20
-60.15560379120593
 30
0.0
 11
1649.534960218719
 21
-60.7556037615059
 31
0.0
  0
LINE
  5
8A89
330
6B
100
AcDbEntity
  8
11000_LEFT
100
AcDbLine
 10
1649.534960218719
 20
-60.15560379120593
 30
0.0
 11
1648.93496019022
 21
-60.15560379120593
 31
0.0
  0
LINE
  5
8A8A
330
6B
100
AcDbEntity
  8
11000_LEFT
100
AcDbLine
 10
1648.93496019022
 20
-61.35560379000597
 30
0.0
 11
1648.93496019022
 21
-61.955603702106
 31
0.0
  0
LINE
  5
8A8B
330
6B
100
AcDbEntity
  8
11000_LEFT
100
AcDbLine
 10
1648.93496019022
 20
-61.955603702106
 30
0.0
 11
1649.534960218719
 21
-61.955603702106
 31
0.0
  0
LINE
  5
8A8C
330
6B
100
AcDbEntity
  8
11000_LEFT
100
AcDbLine
 10
1649.534960218719
 20
-61.35560379000597
 30
0.0
 11
1649.534960218719
 21
-61.955603702106
 31
0.0
  0
LINE
  5
8A8D
330
6B
100
AcDbEntity
  8
11000_LEFT
100
AcDbLine
 10
1649.534960218719
 20
-61.35560379000597
 30
0.0
 11
1648.93496019022
 21
-61.35560379000597
 31
0.0
  0
LINE
  5
8A8E
330
6B
100
AcDbEntity
  8
11000_LEFT
100
AcDbLine
 10
1648.93496019022
 20
-62.55560384700597
 30
0.0
 11
1648.93496019022
 21
-63.15560375910593
 31
0.0
  0
LINE
  5
8A8F
330
6B
100
AcDbEntity
  8
11000_LEFT
100
AcDbLine
 10
1648.93496019022
 20
-63.15560375910593
 30
0.0
 11
1649.534960218719
 21
-63.15560375910593
 31
0.0
  0
LINE
  5
8A90
330
6B
100
AcDbEntity
  8
11000_LEFT
100
AcDbLine
 10
1649.534960218719
 20
-62.55560384700597
 30
0.0
 11
1649.534960218719
 21
-63.15560375910593
 31
0.0
  0
LINE
  5
8A91
330
6B
100
AcDbEntity
  8
11000_LEFT
100
AcDbLine
 10
1649.534960218719
 20
-62.55560384700597
 30
0.0
 11
1648.93496019022
 21
-62.55560384700597
 31
0.0
  0
LINE
  5
8A92
330
6B
100
AcDbEntity
  8
11000_LEFT
100
AcDbLine
 10
1648.93496019022
 20
-63.7556036712059
 30
0.0
 11
1648.93496019022
 21
-64.3556035833059
 31
0.0
  0
LINE
  5
8A93
330
6B
100
AcDbEntity
  8
11000_LEFT
100
AcDbLine
 10
1648.93496019022
 20
-64.3556035833059
 30
0.0
 11
1649.534960218719
 21
-64.3556035833059
 31
0.0
  0
LINE
  5
8A94
330
6B
100
AcDbEntity
  8
11000_LEFT
100
AcDbLine
 10
1649.534960218719
 20
-63.7556036712059
 30
0.0
 11
1649.534960218719
 21
-64.3556035833059
 31
0.0
  0
LINE
  5
8A95
330
6B
100
AcDbEntity
  8
11000_LEFT
100
AcDbLine
 10
1649.534960218719
 20
-63.7556036712059
 30
0.0
 11
1648.93496019022
 21
-63.7556036712059
 31
0.0
  0
LINE
  5
8A96
330
6B
100
AcDbEntity
  8
11000_LEFT
100
AcDbLine
 10
1648.93496019022
 20
-64.95560396100595
 30
0.0
 11
1648.93496019022
 21
-65.55560387310598
 31
0.0
  0
LINE
  5
8A97
330
6B
100
AcDbEntity
  8
11000_LEFT
100
AcDbLine
 10
1648.93496019022
 20
-65.55560387310598
 30
0.0
 11
1649.534960218719
 21
-65.55560387310598
 31
0.0
  0
LINE
  5
8A98
330
6B
100
AcDbEntity
  8
11000_LEFT
100
AcDbLine
 10
1649.534960218719
 20
-64.95560396100595
 30
0.0
 11
1649.534960218719
 21
-65.55560387310598
 31
0.0
  0
LINE
  5
8A99
330
6B
100
AcDbEntity
  8
11000_LEFT
100
AcDbLine
 10
1649.534960218719
 20
-64.95560396100595
 30
0.0
 11
1648.93496019022
 21
-64.95560396100595
 31
0.0
  0
LINE
  5
8A9A
330
6B
100
AcDbEntity
  8
11000_LEFT
100
AcDbLine
 10
1648.93496019022
 20
-66.15560378520595
 30
0.0
 11
1648.93496019022
 21
-66.75560369730591
 31
0.0
  0
LINE
  5
8A9B
330
6B
100
AcDbEntity
  8
11000_LEFT
100
AcDbLine
 10
1648.93496019022
 20
-66.75560369730591
 30
0.0
 11
1649.534960218719
 21
-66.75560369730591
 31
0.0
  0
LINE
  5
8A9C
330
6B
100
AcDbEntity
  8
11000_LEFT
100
AcDbLine
 10
1649.534960218719
 20
-66.15560378520595
 30
0.0
 11
1649.534960218719
 21
-66.75560369730591
 31
0.0
  0
LINE
  5
8A9D
330
6B
100
AcDbEntity
  8
11000_LEFT
100
AcDbLine
 10
1649.534960218719
 20
-66.15560378520595
 30
0.0
 11
1648.93496019022
 21
-66.15560378520595
 31
0.0
  0
LINE
  5
8A9E
330
6B
100
AcDbEntity
  8
11000_LEFT
100
AcDbLine
 10
1649.534960218719
 20
-52.95560385670595
 30
0.0
 11
1648.93496019022
 21
-52.95560385670595
 31
0.0
  0
LINE
  5
8A9F
330
6B
100
AcDbEntity
  8
11000_LEFT
100
AcDbLine
 10
1648.93496019022
 20
-52.95560385670595
 30
0.0
 11
1648.93496019022
 21
-53.55560376880596
 31
0.0
  0
LINE
  5
8AA0
330
6B
100
AcDbEntity
  8
11000_LEFT
100
AcDbLine
 10
1648.93496019022
 20
-53.55560376880596
 30
0.0
 11
1649.534960218719
 21
-53.55560376880596
 31
0.0
  0
LINE
  5
8AA1
330
6B
100
AcDbEntity
  8
11000_LEFT
100
AcDbLine
 10
1649.534960218719
 20
-52.95560385670595
 30
0.0
 11
1649.534960218719
 21
-53.55560376880596
 31
0.0
  0
LINE
  5
8AA2
330
6B
100
AcDbEntity
  8
11000_LEFT
100
AcDbLine
 10
1646.88496018012
 20
-52.35560394460597
 30
0.0
 11
1650.13496024722
 21
-52.35560394460597
 31
0.0
  0
LINE
  5
8AA3
330
6B
100
AcDbEntity
  8
11000_LEFT
100
AcDbLine
 10
1650.13496024722
 20
-52.35560394460597
 30
0.0
 11
1650.13496024722
 21
-67.35560360940596
 31
0.0
  0
LINE
  5
8AA4
330
6B
100
AcDbEntity
  8
11000_LEFT
100
AcDbLine
 10
1650.13496024722
 20
-67.35560360940596
 30
0.0
 11
1646.88496018012
 21
-67.35560360940596
 31
0.0
  0
LINE
  5
8AA5
330
6B
100
AcDbEntity
  8
11000_LEFT
100
AcDbLine
 10
1646.88496018012
 20
-61.15560378050595
 30
0.0
 11
1646.88496018012
 21
-67.35560360940596
 31
0.0
  0
LINE
  5
8AA6
330
6B
100
AcDbEntity
  8
11000_LEFT
100
AcDbLine
 10
1646.88496018012
 20
-58.95560379250596
 30
0.0
 11
1646.88496018012
 21
-60.7556037615059
 31
0.0
  0
LINE
  5
8AA7
330
6B
100
AcDbEntity
  8
11000_LEFT
100
AcDbLine
 10
1646.88496018012
 20
-52.35560394460597
 30
0.0
 11
1646.88496018012
 21
-58.55560377350595
 31
0.0
  0
LINE
  5
8AA8
330
6B
100
AcDbEntity
  8
11000_LEFT
100
AcDbLine
 10
1648.08496023712
 20
-52.95560385670595
 30
0.0
 11
1647.48496032502
 21
-52.95560385670595
 31
0.0
  0
LINE
  5
8AA9
330
6B
100
AcDbEntity
  8
11000_LEFT
100
AcDbLine
 10
1647.48496032502
 20
-52.95560385670595
 30
0.0
 11
1647.48496032502
 21
-53.55560376880596
 31
0.0
  0
LINE
  5
8AAA
330
6B
100
AcDbEntity
  8
11000_LEFT
100
AcDbLine
 10
1647.48496032502
 20
-53.55560376880596
 30
0.0
 11
1648.08496023712
 21
-53.55560376880596
 31
0.0
  0
LINE
  5
8AAB
330
6B
100
AcDbEntity
  8
11000_LEFT
100
AcDbLine
 10
1648.08496023712
 20
-52.95560385670595
 30
0.0
 11
1648.08496023712
 21
-53.55560376880596
 31
0.0
  0
LINE
  5
8AAC
330
6B
100
AcDbEntity
  8
11000_LEFT
100
AcDbLine
 10
1647.48496032502
 20
-66.15560378520595
 30
0.0
 11
1647.48496032502
 21
-66.75560369730591
 31
0.0
  0
LINE
  5
8AAD
330
6B
100
AcDbEntity
  8
11000_LEFT
100
AcDbLine
 10
1647.48496032502
 20
-66.75560369730591
 30
0.0
 11
1648.08496023712
 21
-66.75560369730591
 31
0.0
  0
LINE
  5
8AAE
330
6B
100
AcDbEntity
  8
11000_LEFT
100
AcDbLine
 10
1648.08496023712
 20
-66.15560378520595
 30
0.0
 11
1648.08496023712
 21
-66.75560369730591
 31
0.0
  0
LINE
  5
8AAF
330
6B
100
AcDbEntity
  8
11000_LEFT
100
AcDbLine
 10
1648.08496023712
 20
-66.15560378520595
 30
0.0
 11
1647.48496032502
 21
-66.15560378520595
 31
0.0
  0
LINE
  5
8AB0
330
6B
100
AcDbEntity
  8
11000_LEFT
100
AcDbLine
 10
1647.48496032502
 20
-64.95560396100595
 30
0.0
 11
1647.48496032502
 21
-65.55560387310598
 31
0.0
  0
LINE
  5
8AB1
330
6B
100
AcDbEntity
  8
11000_LEFT
100
AcDbLine
 10
1647.48496032502
 20
-65.55560387310598
 30
0.0
 11
1648.08496023712
 21
-65.55560387310598
 31
0.0
  0
LINE
  5
8AB2
330
6B
100
AcDbEntity
  8
11000_LEFT
100
AcDbLine
 10
1648.08496023712
 20
-64.95560396100595
 30
0.0
 11
1648.08496023712
 21
-65.55560387310598
 31
0.0
  0
LINE
  5
8AB3
330
6B
100
AcDbEntity
  8
11000_LEFT
100
AcDbLine
 10
1648.08496023712
 20
-64.95560396100595
 30
0.0
 11
1647.48496032502
 21
-64.95560396100595
 31
0.0
  0
LINE
  5
8AB4
330
6B
100
AcDbEntity
  8
11000_LEFT
100
AcDbLine
 10
1647.48496032502
 20
-63.7556036712059
 30
0.0
 11
1647.48496032502
 21
-64.3556035833059
 31
0.0
  0
LINE
  5
8AB5
330
6B
100
AcDbEntity
  8
11000_LEFT
100
AcDbLine
 10
1647.48496032502
 20
-64.3556035833059
 30
0.0
 11
1648.08496023712
 21
-64.3556035833059
 31
0.0
  0
LINE
  5
8AB6
330
6B
100
AcDbEntity
  8
11000_LEFT
100
AcDbLine
 10
1648.08496023712
 20
-63.7556036712059
 30
0.0
 11
1648.08496023712
 21
-64.3556035833059
 31
0.0
  0
LINE
  5
8AB7
330
6B
100
AcDbEntity
  8
11000_LEFT
100
AcDbLine
 10
1648.08496023712
 20
-63.7556036712059
 30
0.0
 11
1647.48496032502
 21
-63.7556036712059
 31
0.0
  0
LINE
  5
8AB8
330
6B
100
AcDbEntity
  8
11000_LEFT
100
AcDbLine
 10
1647.48496032502
 20
-62.55560384700597
 30
0.0
 11
1647.48496032502
 21
-63.15560375910593
 31
0.0
  0
LINE
  5
8AB9
330
6B
100
AcDbEntity
  8
11000_LEFT
100
AcDbLine
 10
1647.48496032502
 20
-63.15560375910593
 30
0.0
 11
1648.08496023712
 21
-63.15560375910593
 31
0.0
  0
LINE
  5
8ABA
330
6B
100
AcDbEntity
  8
11000_LEFT
100
AcDbLine
 10
1648.08496023712
 20
-62.55560384700597
 30
0.0
 11
1648.08496023712
 21
-63.15560375910593
 31
0.0
  0
LINE
  5
8ABB
330
6B
100
AcDbEntity
  8
11000_LEFT
100
AcDbLine
 10
1648.08496023712
 20
-62.55560384700597
 30
0.0
 11
1647.48496032502
 21
-62.55560384700597
 31
0.0
  0
LINE
  5
8ABC
330
6B
100
AcDbEntity
  8
11000_LEFT
100
AcDbLine
 10
1647.48496032502
 20
-61.35560379000597
 30
0.0
 11
1647.48496032502
 21
-61.955603702106
 31
0.0
  0
LINE
  5
8ABD
330
6B
100
AcDbEntity
  8
11000_LEFT
100
AcDbLine
 10
1647.48496032502
 20
-61.955603702106
 30
0.0
 11
1648.08496023712
 21
-61.955603702106
 31
0.0
  0
LINE
  5
8ABE
330
6B
100
AcDbEntity
  8
11000_LEFT
100
AcDbLine
 10
1648.08496023712
 20
-61.35560379000597
 30
0.0
 11
1648.08496023712
 21
-61.955603702106
 31
0.0
  0
LINE
  5
8ABF
330
6B
100
AcDbEntity
  8
11000_LEFT
100
AcDbLine
 10
1648.08496023712
 20
-61.35560379000597
 30
0.0
 11
1647.48496032502
 21
-61.35560379000597
 31
0.0
  0
LINE
  5
8AC0
330
6B
100
AcDbEntity
  8
11000_LEFT
100
AcDbLine
 10
1647.48496032502
 20
-60.15560379120593
 30
0.0
 11
1647.48496032502
 21
-60.7556037615059
 31
0.0
  0
LINE
  5
8AC1
330
6B
100
AcDbEntity
  8
11000_LEFT
100
AcDbLine
 10
1647.48496032502
 20
-60.7556037615059
 30
0.0
 11
1648.08496023712
 21
-60.7556037615059
 31
0.0
  0
LINE
  5
8AC2
330
6B
100
AcDbEntity
  8
11000_LEFT
100
AcDbLine
 10
1648.08496023712
 20
-60.15560379120593
 30
0.0
 11
1648.08496023712
 21
-60.7556037615059
 31
0.0
  0
LINE
  5
8AC3
330
6B
100
AcDbEntity
  8
11000_LEFT
100
AcDbLine
 10
1648.08496023712
 20
-60.15560379120593
 30
0.0
 11
1647.48496032502
 21
-60.15560379120593
 31
0.0
  0
LINE
  5
8AC4
330
6B
100
AcDbEntity
  8
11000_LEFT
100
AcDbLine
 10
1647.48496032502
 20
-58.95560379250596
 30
0.0
 11
1647.48496032502
 21
-59.55560376280597
 31
0.0
  0
LINE
  5
8AC5
330
6B
100
AcDbEntity
  8
11000_LEFT
100
AcDbLine
 10
1647.48496032502
 20
-59.55560376280597
 30
0.0
 11
1648.08496023712
 21
-59.55560376280597
 31
0.0
  0
LINE
  5
8AC6
330
6B
100
AcDbEntity
  8
11000_LEFT
100
AcDbLine
 10
1648.08496023712
 20
-58.95560379250596
 30
0.0
 11
1648.08496023712
 21
-59.55560376280597
 31
0.0
  0
LINE
  5
8AC7
330
6B
100
AcDbEntity
  8
11000_LEFT
100
AcDbLine
 10
1648.08496023712
 20
-58.95560379250596
 30
0.0
 11
1647.48496032502
 21
-58.95560379250596
 31
0.0
  0
LINE
  5
8AC8
330
6B
100
AcDbEntity
  8
11000_LEFT
100
AcDbLine
 10
1647.48496032502
 20
-57.75560385190591
 30
0.0
 11
1647.48496032502
 21
-58.35560376400589
 31
0.0
  0
LINE
  5
8AC9
330
6B
100
AcDbEntity
  8
11000_LEFT
100
AcDbLine
 10
1647.48496032502
 20
-58.35560376400589
 30
0.0
 11
1648.08496023712
 21
-58.35560376400589
 31
0.0
  0
LINE
  5
8ACA
330
6B
100
AcDbEntity
  8
11000_LEFT
100
AcDbLine
 10
1648.08496023712
 20
-57.75560385190591
 30
0.0
 11
1648.08496023712
 21
-58.35560376400589
 31
0.0
  0
LINE
  5
8ACB
330
6B
100
AcDbEntity
  8
11000_LEFT
100
AcDbLine
 10
1648.08496023712
 20
-57.75560385190591
 30
0.0
 11
1647.48496032502
 21
-57.75560385190591
 31
0.0
  0
LINE
  5
8ACC
330
6B
100
AcDbEntity
  8
11000_LEFT
100
AcDbLine
 10
1647.48496032502
 20
-56.55560379490597
 30
0.0
 11
1647.48496032502
 21
-57.15560370700593
 31
0.0
  0
LINE
  5
8ACD
330
6B
100
AcDbEntity
  8
11000_LEFT
100
AcDbLine
 10
1647.48496032502
 20
-57.15560370700593
 30
0.0
 11
1648.08496023712
 21
-57.15560370700593
 31
0.0
  0
LINE
  5
8ACE
330
6B
100
AcDbEntity
  8
11000_LEFT
100
AcDbLine
 10
1648.08496023712
 20
-56.55560379490597
 30
0.0
 11
1648.08496023712
 21
-57.15560370700593
 31
0.0
  0
LINE
  5
8ACF
330
6B
100
AcDbEntity
  8
11000_LEFT
100
AcDbLine
 10
1648.08496023712
 20
-56.55560379490597
 30
0.0
 11
1647.48496032502
 21
-56.55560379490597
 31
0.0
  0
LINE
  5
8AD0
330
6B
100
AcDbEntity
  8
11000_LEFT
100
AcDbLine
 10
1647.48496032502
 20
-55.35560397070597
 30
0.0
 11
1647.48496032502
 21
-55.95560388280599
 31
0.0
  0
LINE
  5
8AD1
330
6B
100
AcDbEntity
  8
11000_LEFT
100
AcDbLine
 10
1647.48496032502
 20
-55.95560388280599
 30
0.0
 11
1648.08496023712
 21
-55.95560388280599
 31
0.0
  0
LINE
  5
8AD2
330
6B
100
AcDbEntity
  8
11000_LEFT
100
AcDbLine
 10
1648.08496023712
 20
-55.35560397070597
 30
0.0
 11
1648.08496023712
 21
-55.95560388280599
 31
0.0
  0
LINE
  5
8AD3
330
6B
100
AcDbEntity
  8
11000_LEFT
100
AcDbLine
 10
1648.08496023712
 20
-55.35560397070597
 30
0.0
 11
1647.48496032502
 21
-55.35560397070597
 31
0.0
  0
LINE
  5
8AD4
330
6B
100
AcDbEntity
  8
11000_LEFT
100
AcDbLine
 10
1647.48496032502
 20
-54.15560368090595
 30
0.0
 11
1647.48496032502
 21
-54.75560359300592
 31
0.0
  0
LINE
  5
8AD5
330
6B
100
AcDbEntity
  8
11000_LEFT
100
AcDbLine
 10
1647.48496032502
 20
-54.75560359300592
 30
0.0
 11
1648.08496023712
 21
-54.75560359300592
 31
0.0
  0
LINE
  5
8AD6
330
6B
100
AcDbEntity
  8
11000_LEFT
100
AcDbLine
 10
1648.08496023712
 20
-54.15560368090595
 30
0.0
 11
1648.08496023712
 21
-54.75560359300592
 31
0.0
  0
LINE
  5
8AD7
330
6B
100
AcDbEntity
  8
11000_LEFT
100
AcDbLine
 10
1648.08496023712
 20
-54.15560368090595
 30
0.0
 11
1647.48496032502
 21
-54.15560368090595
 31
0.0
  0
LINE
  5
8AD8
330
6B
100
AcDbEntity
  8
11000_LEFT
100
AcDbLine
 10
1645.83252050172
 20
-60.7556037615059
 30
0.0
 11
1645.83252050172
 21
-61.15560378050595
 31
0.0
  0
LINE
  5
8AD9
330
6B
100
AcDbEntity
  8
11000_LEFT
100
AcDbLine
 10
1645.83252050172
 20
-58.55560377350595
 30
0.0
 11
1646.88496018012
 21
-58.55560377350595
 31
0.0
  0
LINE
  5
8ADA
330
6B
100
AcDbEntity
  8
11000_LEFT
100
AcDbLine
 10
1646.88496018012
 20
-61.15560378050595
 30
0.0
 11
1645.83252050172
 21
-61.15560378050595
 31
0.0
  0
LINE
  5
8ADB
330
6B
100
AcDbEntity
  8
11000_LEFT
100
AcDbLine
 10
1645.83252050172
 20
-58.55560377350595
 30
0.0
 11
1645.83252050172
 21
-58.95560379250596
 31
0.0
  0
LINE
  5
8ADC
330
6B
100
AcDbEntity
  8
11000_LEFT
100
AcDbLine
 10
1645.83252050172
 20
-58.95560379250596
 30
0.0
 11
1646.88496018012
 21
-58.95560379250596
 31
0.0
  0
LINE
  5
8ADD
330
6B
100
AcDbEntity
  8
11000_LEFT
100
AcDbLine
 10
1646.88496018012
 20
-60.7556037615059
 30
0.0
 11
1645.83252050172
 21
-60.7556037615059
 31
0.0
  0
LINE
  5
8ADE
330
6B
100
AcDbEntity
  8
11000_LEFT
100
AcDbLine
 10
1646.38496009822
 20
-61.15560378050595
 30
0.0
 11
1646.38496009822
 21
-67.35560360940596
 31
0.0
  0
LINE
  5
8ADF
330
6B
100
AcDbEntity
  8
11000_LEFT
100
AcDbLine
 10
1646.88496018012
 20
-67.35560360940596
 30
0.0
 11
1646.38496009822
 21
-67.35560360940596
 31
0.0
  0
LINE
  5
8AE0
330
6B
100
AcDbEntity
  8
11000_LEFT
100
AcDbLine
 10
1646.38496009822
 20
-58.95560379250596
 30
0.0
 11
1646.38496009822
 21
-60.7556037615059
 31
0.0
  0
LINE
  5
8AE1
330
6B
100
AcDbEntity
  8
11000_LEFT
100
AcDbLine
 10
1646.38496009822
 20
-52.35560394460597
 30
0.0
 11
1646.38496009822
 21
-58.55560377350595
 31
0.0
  0
LINE
  5
8AE2
330
6B
100
AcDbEntity
  8
11000_LEFT
100
AcDbLine
 10
1646.38496009822
 20
-52.35560394460597
 30
0.0
 11
1646.88496018012
 21
-52.35560394460597
 31
0.0
  0
LINE
  5
8AE3
330
6B
100
AcDbEntity
  8
11000_LEFT
100
AcDbLine
 10
1650.63496021272
 20
-52.35560394460597
 30
0.0
 11
1650.63496021272
 21
-67.35560360940596
 31
0.0
  0
LINE
  5
8AE4
330
6B
100
AcDbEntity
  8
11000_LEFT
100
AcDbLine
 10
1650.13496024722
 20
-52.35560394460597
 30
0.0
 11
1650.63496021272
 21
-52.35560394460597
 31
0.0
  0
LINE
  5
8AE5
330
6B
100
AcDbEntity
  8
11000_LEFT
100
AcDbLine
 10
1650.63496021272
 20
-67.35560360940596
 30
0.0
 11
1650.13496024722
 21
-67.35560360940596
 31
0.0
  0
LINE
  5
8AE6
330
6B
100
AcDbEntity
  8
11000_LEFT
100
AcDbLine
 10
1645.28496010412
 20
-52.35560394460597
 30
0.0
 11
1644.18496011012
 21
-52.35560394460597
 31
0.0
  0
LINE
  5
8AE7
330
6B
100
AcDbEntity
  8
11000_LEFT
100
AcDbLine
 10
1644.18496011012
 20
-67.35560360940596
 30
0.0
 11
1644.18496011012
 21
-52.35560394460597
 31
0.0
  0
LINE
  5
8AE8
330
6B
100
AcDbEntity
  8
11000_LEFT
100
AcDbLine
 10
1645.28496010412
 20
-67.35560360940596
 30
0.0
 11
1644.18496011012
 21
-67.35560360940596
 31
0.0
  0
LINE
  5
8AE9
330
6B
100
AcDbEntity
  8
11000_LEFT
100
AcDbLine
 10
1645.28496010412
 20
-67.35560360940596
 30
0.0
 11
1645.48496023002
 21
-67.35560360940596
 31
0.0
  0
LINE
  5
8AEA
330
6B
100
AcDbEntity
  8
11000_LEFT
100
AcDbLine
 10
1645.48496023002
 20
-52.35560394460597
 30
0.0
 11
1645.28496010412
 21
-52.35560394460597
 31
0.0
  0
LINE
  5
8AEB
330
6B
100
AcDbEntity
  8
11000_LEFT
100
AcDbLine
 10
1645.18496027402
 20
-67.35560360940596
 30
0.0
 11
1645.18496027402
 21
-52.35560394460597
 31
0.0
  0
LINE
  5
8AEC
330
6B
100
AcDbEntity
  8
11000_LEFT
100
AcDbLine
 10
1645.47496015392
 20
-52.35560394460597
 30
0.0
 11
1645.47496015392
 21
-53.28060377030598
 31
0.0
  0
LINE
  5
8AED
330
6B
100
AcDbEntity
  8
11000_LEFT
100
AcDbLine
 10
1645.18496027402
 20
-53.28060377030598
 30
0.0
 11
1645.47496015392
 21
-53.28060377030598
 31
0.0
  0
LINE
  5
8AEE
330
6B
100
AcDbEntity
  8
11000_LEFT
100
AcDbLine
 10
1645.47496015392
 20
-66.43060378370595
 30
0.0
 11
1645.18496027402
 21
-66.43060378370595
 31
0.0
  0
LINE
  5
8AEF
330
6B
100
AcDbEntity
  8
11000_LEFT
100
AcDbLine
 10
1645.47496015392
 20
-66.43060378370595
 30
0.0
 11
1645.47496015392
 21
-67.35560360940596
 31
0.0
  0
LINE
  5
8AF0
330
6B
100
AcDbEntity
  8
11000_LEFT
100
AcDbLine
 10
1645.18496027402
 20
-54.25560397670597
 30
0.0
 11
1645.48496023002
 21
-54.25560397670597
 31
0.0
  0
LINE
  5
8AF1
330
6B
100
AcDbEntity
  8
11000_LEFT
100
AcDbLine
 10
1645.18496027402
 20
-54.65560376280595
 30
0.0
 11
1645.48496023002
 21
-54.65560376280595
 31
0.0
  0
LINE
  5
8AF2
330
6B
100
AcDbEntity
  8
11000_LEFT
100
AcDbLine
 10
1645.48496023002
 20
-54.65560376280595
 30
0.0
 11
1645.48496023002
 21
-54.25560397670597
 31
0.0
  0
LINE
  5
8AF3
330
6B
100
AcDbEntity
  8
11000_LEFT
100
AcDbLine
 10
1645.18496027402
 20
-55.45560380080594
 30
0.0
 11
1645.48496023002
 21
-55.45560380080594
 31
0.0
  0
LINE
  5
8AF4
330
6B
100
AcDbEntity
  8
11000_LEFT
100
AcDbLine
 10
1645.48496023002
 20
-55.85560358700593
 30
0.0
 11
1645.48496023002
 21
-55.45560380080594
 31
0.0
  0
LINE
  5
8AF5
330
6B
100
AcDbEntity
  8
11000_LEFT
100
AcDbLine
 10
1645.18496027402
 20
-55.85560358700593
 30
0.0
 11
1645.48496023002
 21
-55.85560358700593
 31
0.0
  0
LINE
  5
8AF6
330
6B
100
AcDbEntity
  8
11000_LEFT
100
AcDbLine
 10
1645.18496027402
 20
-57.0556038768059
 30
0.0
 11
1645.48496023002
 21
-57.0556038768059
 31
0.0
  0
LINE
  5
8AF7
330
6B
100
AcDbEntity
  8
11000_LEFT
100
AcDbLine
 10
1645.48496023002
 20
-57.0556038768059
 30
0.0
 11
1645.48496023002
 21
-56.65560385780596
 31
0.0
  0
LINE
  5
8AF8
330
6B
100
AcDbEntity
  8
11000_LEFT
100
AcDbLine
 10
1645.18496027402
 20
-56.65560385780596
 30
0.0
 11
1645.48496023002
 21
-56.65560385780596
 31
0.0
  0
LINE
  5
8AF9
330
6B
100
AcDbEntity
  8
11000_LEFT
100
AcDbLine
 10
1645.18496027402
 20
-58.25560381740594
 30
0.0
 11
1645.48496023002
 21
-58.25560381740594
 31
0.0
  0
LINE
  5
8AFA
330
6B
100
AcDbEntity
  8
11000_LEFT
100
AcDbLine
 10
1645.48496023002
 20
-58.25560381740594
 30
0.0
 11
1645.48496023002
 21
-57.85560368200597
 31
0.0
  0
LINE
  5
8AFB
330
6B
100
AcDbEntity
  8
11000_LEFT
100
AcDbLine
 10
1645.18496027402
 20
-57.85560368200597
 30
0.0
 11
1645.48496023002
 21
-57.85560368200597
 31
0.0
  0
LINE
  5
8AFC
330
6B
100
AcDbEntity
  8
11000_LEFT
100
AcDbLine
 10
1645.18496027402
 20
-59.45560378710594
 30
0.0
 11
1645.48496023002
 21
-59.45560378710594
 31
0.0
  0
LINE
  5
8AFD
330
6B
100
AcDbEntity
  8
11000_LEFT
100
AcDbLine
 10
1645.18496027402
 20
-59.0556037972059
 30
0.0
 11
1645.48496023002
 21
-59.0556037972059
 31
0.0
  0
LINE
  5
8AFE
330
6B
100
AcDbEntity
  8
11000_LEFT
100
AcDbLine
 10
1645.48496023002
 20
-59.45560378710594
 30
0.0
 11
1645.48496023002
 21
-59.0556037972059
 31
0.0
  0
LINE
  5
8AFF
330
6B
100
AcDbEntity
  8
11000_LEFT
100
AcDbLine
 10
1645.18496027402
 20
-60.6556037568059
 30
0.0
 11
1645.48496023002
 21
-60.6556037568059
 31
0.0
  0
LINE
  5
8B00
330
6B
100
AcDbEntity
  8
11000_LEFT
100
AcDbLine
 10
1645.18496027402
 20
-60.25560376690592
 30
0.0
 11
1645.48496023002
 21
-60.25560376690592
 31
0.0
  0
LINE
  5
8B01
330
6B
100
AcDbEntity
  8
11000_LEFT
100
AcDbLine
 10
1645.48496023002
 20
-60.6556037568059
 30
0.0
 11
1645.48496023002
 21
-60.25560376690592
 31
0.0
  0
LINE
  5
8B02
330
6B
100
AcDbEntity
  8
11000_LEFT
100
AcDbLine
 10
1645.18496027402
 20
-61.85560387200593
 30
0.0
 11
1645.48496023002
 21
-61.85560387200593
 31
0.0
  0
LINE
  5
8B03
330
6B
100
AcDbEntity
  8
11000_LEFT
100
AcDbLine
 10
1645.18496027402
 20
-61.45560373660597
 30
0.0
 11
1645.48496023002
 21
-61.45560373660597
 31
0.0
  0
LINE
  5
8B04
330
6B
100
AcDbEntity
  8
11000_LEFT
100
AcDbLine
 10
1645.48496023002
 20
-61.85560387200593
 30
0.0
 11
1645.48496023002
 21
-61.45560373660597
 31
0.0
  0
LINE
  5
8B05
330
6B
100
AcDbEntity
  8
11000_LEFT
100
AcDbLine
 10
1645.18496027402
 20
-62.65560367720588
 30
0.0
 11
1645.48496023002
 21
-62.65560367720588
 31
0.0
  0
LINE
  5
8B06
330
6B
100
AcDbEntity
  8
11000_LEFT
100
AcDbLine
 10
1645.18496027402
 20
-63.05560369620596
 30
0.0
 11
1645.48496023002
 21
-63.05560369620596
 31
0.0
  0
LINE
  5
8B07
330
6B
100
AcDbEntity
  8
11000_LEFT
100
AcDbLine
 10
1645.48496023002
 20
-63.05560369620596
 30
0.0
 11
1645.48496023002
 21
-62.65560367720588
 31
0.0
  0
LINE
  5
8B08
330
6B
100
AcDbEntity
  8
11000_LEFT
100
AcDbLine
 10
1645.18496027402
 20
-64.25560375320596
 30
0.0
 11
1645.48496023002
 21
-64.25560375320596
 31
0.0
  0
LINE
  5
8B09
330
6B
100
AcDbEntity
  8
11000_LEFT
100
AcDbLine
 10
1645.18496027402
 20
-63.85560396700597
 30
0.0
 11
1645.48496023002
 21
-63.85560396700597
 31
0.0
  0
LINE
  5
8B0A
330
6B
100
AcDbEntity
  8
11000_LEFT
100
AcDbLine
 10
1645.48496023002
 20
-64.25560375320596
 30
0.0
 11
1645.48496023002
 21
-63.85560396700597
 31
0.0
  0
LINE
  5
8B0B
330
6B
100
AcDbEntity
  8
11000_LEFT
100
AcDbLine
 10
1645.18496027402
 20
-65.0556037912059
 30
0.0
 11
1645.48496023002
 21
-65.0556037912059
 31
0.0
  0
LINE
  5
8B0C
330
6B
100
AcDbEntity
  8
11000_LEFT
100
AcDbLine
 10
1645.18496027402
 20
-65.45560357730592
 30
0.0
 11
1645.48496023002
 21
-65.45560357730592
 31
0.0
  0
LINE
  5
8B0D
330
6B
100
AcDbEntity
  8
11000_LEFT
100
AcDbLine
 10
1645.48496023002
 20
-65.45560357730592
 30
0.0
 11
1645.48496023002
 21
-65.0556037912059
 31
0.0
  0
LINE
  5
8B0E
330
6B
100
AcDbEntity
  8
11000_LEFT
100
AcDbLine
 10
1645.48496023002
 20
-52.35560394460597
 30
0.0
 11
1646.38496009822
 21
-52.35560394460597
 31
0.0
  0
LINE
  5
8B0F
330
6B
100
AcDbEntity
  8
11000_LEFT
100
AcDbLine
 10
1646.38496009822
 20
-67.35560360940596
 30
0.0
 11
1645.48496023002
 21
-67.35560360940596
 31
0.0
  0
LINE
  5
8BCD
330
6B
100
AcDbEntity
  8
10000_FRONT
100
AcDbLine
 10
1605.237130354355
 20
-54.87483510076039
 30
0.0
 11
1605.237130354355
 21
-56.35560433146038
 31
0.0
  0
LINE
  5
8BCE
330
6B
100
AcDbEntity
  8
10000_FRONT
100
AcDbLine
 10
1605.237130354355
 20
-56.35560433146038
 30
0.0
 11
1605.121745739055
 21
-56.35560433146038
 31
0.0
  0
LINE
  5
8BCF
330
6B
100
AcDbEntity
  8
10000_FRONT
100
AcDbLine
 10
1605.121745739055
 20
-56.35560433146038
 30
0.0
 11
1605.121745739055
 21
-55.00283990836038
 31
0.0
  0
ARC
  5
8BD0
330
6B
100
AcDbEntity
  8
10000_FRONT
100
AcDbCircle
 10
1604.521265257655
 20
-54.59593448636038
 30
0.0
 40
0.7253611727785417
100
AcDbArc
 50
296.9324945348973
 51
325.8771352348014
  0
LINE
  5
8BD1
330
6B
100
AcDbEntity
  8
10000_FRONT
100
AcDbLine
 10
1604.849810642855
 20
-55.24262356226039
 30
0.0
 11
1604.843500546755
 21
-55.13685433146038
 31
0.0
  0
LINE
  5
8BD2
330
6B
100
AcDbEntity
  8
10000_FRONT
100
AcDbLine
 10
1604.843500546755
 20
-55.13685433146038
 30
0.0
 11
1604.831180835155
 21
-55.14106106226039
 31
0.0
  0
ARC
  5
8BD3
330
6B
100
AcDbEntity
  8
10000_FRONT
100
AcDbCircle
 10
1603.403538886155
 20
-53.46775579376039
 30
0.0
 40
2.199570880037065
100
AcDbArc
 50
310.4703726631014
 51
319.6676893894002
  0
LINE
  5
8BD4
330
6B
100
AcDbEntity
  8
10000_FRONT
100
AcDbLine
 10
1605.080279392855
 20
-54.8913615430604
 30
0.0
 11
1605.095002950555
 21
-54.87483510076039
 31
0.0
  0
LINE
  5
8BD5
330
6B
100
AcDbEntity
  8
10000_FRONT
100
AcDbLine
 10
1605.095002950555
 20
-54.87483510076039
 30
0.0
 11
1605.179438046755
 21
-54.87483510076039
 31
0.0
  0
LINE
  5
8BD6
330
6B
100
AcDbEntity
  8
10000_FRONT
100
AcDbLine
 10
1605.179438046755
 20
-54.87483510076039
 30
0.0
 11
1605.237130354355
 21
-54.87483510076039
 31
0.0
  0
ENDSEC
  0
SECTION
  2
OBJECTS
  0
DICTIONARY
  5
C
330
0
100
AcDbDictionary
281
     1
  3
ACAD_2007HEADERVARS_RT
350
8C41
  3
ACAD_CIP_PREVIOUS_PRODUCT_INFO
350
EAD
  3
ACAD_COLOR
350
62
  3
ACAD_DETAILVIEWSTYLE
350
796F
  3
ACAD_GROUP
350
D
  3
ACAD_LAYOUT
350
61
  3
ACAD_MATERIAL
350
10
  3
ACAD_MLEADERSTYLE
350
65
  3
ACAD_MLINESTYLE
350
5E
  3
ACAD_PLOTSETTINGS
350
60
  3
ACAD_PLOTSTYLENAME
350
E
  3
ACAD_SCALELIST
350
42
  3
ACAD_SECTIONVIEWSTYLE
350
796D
  3
ACAD_TABLESTYLE
350
63
  3
ACAD_VISUALSTYLE
350
29
  3
ACDB_RECOMPOSE_DATA
350
8C3F
  3
AcDbVariableDictionary
350
FEA
  3
DWGPROPS
350
8C40
  0
DICTIONARY
  5
EC7
330
2
100
AcDbDictionary
280
     1
281
     1
  3
ACAD_LAYERSTATES
360
EC8
  0
DICTIONARY
  5
FCB
330
54
100
AcDbDictionary
280
     1
281
     1
  3
ADSK_XREC_LAYER_RECONCILED
360
FCC
  0
DICTIONARY
  5
FD5
330
7A
100
AcDbDictionary
280
     1
281
     1
  3
ADSK_XREC_LAYER_RECONCILED
360
FD6
  0
DICTIONARY
  5
FD7
330
7B
100
AcDbDictionary
280
     1
281
     1
  3
ADSK_XREC_LAYER_RECONCILED
360
FD8
  0
DICTIONARY
  5
FD9
330
7C
100
AcDbDictionary
280
     1
281
     1
  3
ADSK_XREC_LAYER_RECONCILED
360
FDA
  0
DICTIONARY
  5
FDB
330
7D
100
AcDbDictionary
280
     1
281
     1
  3
ADSK_XREC_LAYER_RECONCILED
360
FDC
  0
DICTIONARY
  5
FDD
330
7E
100
AcDbDictionary
280
     1
281
     1
  3
ADSK_XREC_LAYER_RECONCILED
360
FDE
  0
DICTIONARY
  5
FDF
330
7F
100
AcDbDictionary
280
     1
281
     1
  3
ADSK_XREC_LAYER_RECONCILED
360
FE0
  0
DICTIONARY
  5
FE1
330
80
100
AcDbDictionary
280
     1
281
     1
  3
ADSK_XREC_LAYER_RECONCILED
360
FE2
  0
DICTIONARY
  5
FE3
330
81
100
AcDbDictionary
280
     1
281
     1
  3
ADSK_XREC_LAYER_RECONCILED
360
FE4
  0
DICTIONARY
  5
FE5
330
82
100
AcDbDictionary
280
     1
281
     1
  3
ADSK_XREC_LAYER_RECONCILED
360
FE6
  0
DICTIONARY
  5
FE7
330
83
100
AcDbDictionary
280
     1
281
     1
  3
ADSK_XREC_LAYER_RECONCILED
360
FE8
  0
DICTIONARY
  5
EBB
330
EBA
100
AcDbDictionary
280
     1
281
     1
  3
ADSK_XREC_LAYER_RECONCILED
360
FE9
  0
DICTIONARY
  5
6F98
330
6F97
100
AcDbDictionary
280
     1
281
     1
  0
DICTIONARY
  5
6F9A
330
6F99
100
AcDbDictionary
280
     1
281
     1
  0
DICTIONARY
  5
6F67
330
6F66
100
AcDbDictionary
280
     1
281
     1
  0
DICTIONARY
  5
6F74
330
6F73
100
AcDbDictionary
280
     1
281
     1
  0
DICTIONARY
  5
6FA9
330
6F9C
100
AcDbDictionary
280
     1
281
     1
  3
ACAD_SORTENTS
360
6FAA
  0
DICTIONARY
  5
8C41
102
{ACAD_REACTORS
330
C
102
}
330
C
100
AcDbDictionary
281
     1
  3
DIMJOGANG
350
8C42
  0
XRECORD
  5
EAD
102
{ACAD_REACTORS
330
C
102
}
330
C
100
AcDbXrecord
280
     1
300
ACDLT
300
2015
300
ACDLT_F_S
  0
DICTIONARY
  5
62
102
{ACAD_REACTORS
330
C
102
}
330
C
100
AcDbDictionary
281
     1
  0
DICTIONARY
  5
796F
102
{ACAD_REACTORS
330
C
102
}
330
C
100
AcDbDictionary
281
     1
  3
Imperial24
350
7970
  3
Metric50
350
7AD2
  0
DICTIONARY
  5
D
102
{ACAD_REACTORS
330
C
102
}
330
C
100
AcDbDictionary
281
     1
  0
DICTIONARY
  5
61
102
{ACAD_REACTORS
330
C
102
}
330
C
100
AcDbDictionary
281
     1
  3
Layout1
350
6A
  3
Model
350
6E
  0
DICTIONARY
  5
10
102
{ACAD_REACTORS
330
C
102
}
330
C
100
AcDbDictionary
281
     1
  3
ByBlock
350
19
  3
ByLayer
350
11
  3
Global
350
21
  0
DICTIONARY
  5
65
102
{ACAD_REACTORS
330
C
102
}
330
C
100
AcDbDictionary
281
     1
  3
Standard
350
66
  0
DICTIONARY
  5
5E
102
{ACAD_REACTORS
330
C
102
}
330
C
100
AcDbDictionary
281
     1
  3
Standard
350
5F
  0
DICTIONARY
  5
60
102
{ACAD_REACTORS
330
C
102
}
330
C
100
AcDbDictionary
281
     1
  0
ACDBDICTIONARYWDFLT
  5
E
102
{ACAD_REACTORS
330
C
102
}
330
C
100
AcDbDictionary
281
     1
  3
Normal
350
F
100
AcDbDictionaryWithDefault
340
F
  0
DICTIONARY
  5
42
102
{ACAD_REACTORS
330
C
102
}
330
C
100
AcDbDictionary
281
     1
  3
A0
350
43
  3
A1
350
44
  3
A2
350
45
  3
A3
350
46
  3
A4
350
47
  3
A5
350
48
  3
A6
350
49
  3
A7
350
4A
  3
A8
350
4B
  3
A9
350
4C
  3
B0
350
4D
  3
B1
350
4E
  3
B2
350
4F
  3
B3
350
50
  3
B4
350
51
  3
B5
350
52
  3
B6
350
53
  0
DICTIONARY
  5
796D
102
{ACAD_REACTORS
330
C
102
}
330
C
100
AcDbDictionary
281
     1
  3
Imperial24
350
796E
  3
Metric50
350
7AD1
  0
DICTIONARY
  5
63
102
{ACAD_REACTORS
330
C
102
}
330
C
100
AcDbDictionary
281
     1
  3
Standard
350
64
  0
DICTIONARY
  5
29
102
{ACAD_REACTORS
330
C
102
}
330
C
100
AcDbDictionary
281
     1
  3
2dWireframe
350
2F
  3
3dWireframe
350
EC6
  3
Basic
350
2E
  3
Brighten
350
35
  3
ColorChange
350
39
  3
Conceptual
350
32
  3
Dim
350
34
  3
EdgeColorOff
350
41
  3
Facepattern
350
38
  3
Flat
350
2A
  3
FlatWithEdges
350
2B
  3
Gouraud
350
2C
  3
GouraudWithEdges
350
2D
  3
Hidden
350
31
  3
JitterOff
350
3F
  3
Linepattern
350
37
  3
OverhangOff
350
40
  3
Realistic
350
33
  3
Shaded
350
3E
  3
Shaded with edges
350
3D
  3
Shades of Gray
350
3A
  3
Sketchy
350
3B
  3
Thicken
350
36
  3
Wireframe
350
30
  3
X-Ray
350
3C
  0
XRECORD
  5
8C3F
102
{ACAD_REACTORS
330
C
102
}
330
C
100
AcDbXrecord
280
     1
 90
        1
330
64
  0
DICTIONARY
  5
FEA
102
{ACAD_REACTORS
330
C
102
}
330
C
100
AcDbDictionary
281
     1
  3
CANNOSCALE
350
FED
  3
CMLEADERSTYLE
350
FEC
  3
CTABLESTYLE
350
FEB
  3
CVIEWDETAILSTYLE
350
799D
  3
CVIEWSECTIONSTYLE
350
799E
  3
DIMASSOC
350
FF0
  3
INDEXCTL
350
FEF
  3
LAYEREVAL
350
781E
  3
LAYERNOTIFY
350
781F
  3
LIGHTINGUNITS
350
781D
  3
LOFTANG1
350
8B85
  3
LOFTANG2
350
8B86
  3
MSLTSCALE
350
781C
  3
SORTENTS
350
FEE
  3
XCLIPFRAME
350
8B87
  0
XRECORD
  5
8C40
102
{ACAD_REACTORS
330
C
102
}
330
C
100
AcDbXrecord
280
     1
  1
DWGPROPS COOKIE
  2

  3

  4

  6

  7

  8
botond.z.fiktusz
  9

300
=
301
=
302
=
303
=
304
=
305
=
306
=
307
=
308
=
309
=
 40
0.2250797800925926
 41
2456156.628207766
 42
2458033.664632385
  1

 90
        0
  0
DICTIONARY
  5
EC8
102
{ACAD_REACTORS
330
EC7
102
}
330
EC7
100
AcDbDictionary
281
     1
  0
XRECORD
  5
FCC
102
{ACAD_REACTORS
330
FCB
102
}
330
FCB
100
AcDbXrecord
280
     1
290
     1
  0
XRECORD
  5
FD6
102
{ACAD_REACTORS
330
FD5
102
}
330
FD5
100
AcDbXrecord
280
     1
290
     1
  0
XRECORD
  5
FD8
102
{ACAD_REACTORS
330
FD7
102
}
330
FD7
100
AcDbXrecord
280
     1
290
     1
  0
XRECORD
  5
FDA
102
{ACAD_REACTORS
330
FD9
102
}
330
FD9
100
AcDbXrecord
280
     1
290
     1
  0
XRECORD
  5
FDC
102
{ACAD_REACTORS
330
FDB
102
}
330
FDB
100
AcDbXrecord
280
     1
290
     1
  0
XRECORD
  5
FDE
102
{ACAD_REACTORS
330
FDD
102
}
330
FDD
100
AcDbXrecord
280
     1
290
     1
  0
XRECORD
  5
FE0
102
{ACAD_REACTORS
330
FDF
102
}
330
FDF
100
AcDbXrecord
280
     1
290
     1
  0
XRECORD
  5
FE2
102
{ACAD_REACTORS
330
FE1
102
}
330
FE1
100
AcDbXrecord
280
     1
290
     1
  0
XRECORD
  5
FE4
102
{ACAD_REACTORS
330
FE3
102
}
330
FE3
100
AcDbXrecord
280
     1
290
     1
  0
XRECORD
  5
FE6
102
{ACAD_REACTORS
330
FE5
102
}
330
FE5
100
AcDbXrecord
280
     1
290
     1
  0
XRECORD
  5
FE8
102
{ACAD_REACTORS
330
FE7
102
}
330
FE7
100
AcDbXrecord
280
     1
290
     1
  0
XRECORD
  5
FE9
102
{ACAD_REACTORS
330
EBB
102
}
330
EBB
100
AcDbXrecord
280
     1
290
     1
  0
SORTENTSTABLE
  5
6FAA
102
{ACAD_REACTORS
330
6FA9
102
}
330
6FA9
100
AcDbSortentsTable
330
6F9C
  0
XRECORD
  5
8C42
102
{ACAD_REACTORS
330
8C41
102
}
330
8C41
100
AcDbXrecord
280
     1
 40
1.570796326794896
  0
ACDBDETAILVIEWSTYLE
  5
7970
102
{ACAD_XDICTIONARY
360
8C7C
102
}
102
{ACAD_REACTORS
330
796F
102
}
330
796F
100
AcDbModelDocViewStyle
 70
     0
  3
Imperial24
290
     0
100
AcDbDetailViewStyle
 70
     0
 71
     0
 90
        3
 71
     1
340
55
 40
0.24
340
0
 40
0.24
300

 40
0.36
280
     3
 71
     2
340
5C
 90
       25
 71
     3
340
55
 40
0.24
 90
        1
 40
0.75
 90
        1
300
%<\AcVar ViewType \f "%tc1">% %<\AcVar ViewDetailId>%\PSCALE %<\AcVar ViewScale \f "%sn">%
 71
     4
340
5C
 90
       25
340
5C
 90
       25
280
     0
  0
ACDBDETAILVIEWSTYLE
  5
7AD2
102
{ACAD_XDICTIONARY
360
8C80
102
}
102
{ACAD_REACTORS
330
796F
102
}
330
796F
100
AcDbModelDocViewStyle
 70
     0
  3
Metric50
290
     0
100
AcDbDetailViewStyle
 70
     0
 71
     0
 90
        3
 71
     1
340
55
 40
5.0
340
0
 40
5.0
300

 40
0.0
280
     1
 71
     2
340
5C
 90
       25
 71
     3
340
55
 40
5.0
 90
        0
 40
15.0
 90
        1
300
%<\AcVar ViewDetailId>% (%<\AcVar ViewScale \f "%sn">%)
 71
     4
340
5C
 90
       25
340
5C
 90
       25
280
     0
  0
LAYOUT
  5
6A
102
{ACAD_XDICTIONARY
360
8C74
102
}
102
{ACAD_REACTORS
330
61
102
}
330
61
100
AcDbPlotSettings
  1

  2
Kein
  4

  6

 40
0.0
 41
0.0
 42
0.0
 43
0.0
 44
0.0
 45
0.0
 46
0.0
 47
0.0
 48
0.0
 49
0.0
140
0.0
141
0.0
142
1.0
143
1.0
 70
   688
 72
     0
 73
     0
 74
     5
  7

 75
    16
147
1.0
148
0.0
149
0.0
100
AcDbLayout
  1
Layout1
 70
     1
 71
     1
 10
0.0
 20
0.0
 11
12.0
 21
9.0
 12
0.0
 22
0.0
 32
0.0
 14
1.000000000000000E+20
 24
1.000000000000000E+20
 34
1.000000000000000E+20
 15
-1.000000000000000E+20
 25
-1.000000000000000E+20
 35
-1.000000000000000E+20
146
0.0
 13
0.0
 23
0.0
 33
0.0
 16
1.0
 26
0.0
 36
0.0
 17
0.0
 27
1.0
 37
0.0
 76
     0
330
67
  0
LAYOUT
  5
6E
102
{ACAD_XDICTIONARY
360
8C76
102
}
102
{ACAD_REACTORS
330
61
102
}
330
61
100
AcDbPlotSettings
  1

  2
Kein
  4

  6

 40
0.0
 41
0.0
 42
0.0
 43
0.0
 44
0.0
 45
0.0
 46
0.0
 47
0.0
 48
0.0
 49
0.0
140
0.0
141
0.0
142
1.0
143
1.0
 70
  1712
 72
     0
 73
     0
 74
     0
  7

 75
     0
147
1.0
148
0.0
149
0.0
100
AcDbLayout
  1
Model
 70
     1
 71
     0
 10
0.0
 20
0.0
 11
12.0
 21
9.0
 12
0.0
 22
0.0
 32
0.0
 14
0.0
 24
0.0
 34
0.0
 15
0.0
 25
0.0
 35
0.0
146
0.0
 13
0.0
 23
0.0
 33
0.0
 16
1.0
 26
0.0
 36
0.0
 17
0.0
 27
1.0
 37
0.0
 76
     0
330
6B
331
8E
  0
MATERIAL
  5
19
102
{ACAD_XDICTIONARY
360
1A
102
}
102
{ACAD_REACTORS
330
10
102
}
330
10
100
AcDbMaterial
  1
ByBlock
 72
     0
 43
0.0208333333333333
 43
0.0
 43
0.0
 43
0.0
 43
0.0
 43
0.0208333333333333
 43
0.0
 43
0.0
 43
0.0
 43
0.0
 43
1.0
 43
0.0
 43
0.0
 43
0.0
 43
0.0
 43
1.0
 77
     0
 47
0.0208333333333333
 47
0.0
 47
0.0
 47
0.0
 47
0.0
 47
0.0208333333333333
 47
0.0
 47
0.0
 47
0.0
 47
0.0
 47
1.0
 47
0.0
 47
0.0
 47
0.0
 47
0.0
 47
1.0
171
     0
 49
0.0208333333333333
 49
0.0
 49
0.0
 49
0.0
 49
0.0
 49
0.0208333333333333
 49
0.0
 49
0.0
 49
0.0
 49
0.0
 49
1.0
 49
0.0
 49
0.0
 49
0.0
 49
0.0
 49
1.0
175
     0
142
0.0208333333333333
142
0.0
142
0.0
142
0.0
142
0.0
142
0.0208333333333333
142
0.0
142
0.0
142
0.0
142
0.0
142
1.0
142
0.0
142
0.0
142
0.0
142
0.0
142
1.0
179
     0
144
0.0208333333333333
144
0.0
144
0.0
144
0.0
144
0.0
144
0.0208333333333333
144
0.0
144
0.0
144
0.0
144
0.0
144
1.0
144
0.0
144
0.0
144
0.0
144
0.0
144
1.0
147
0.0208333333333333
147
0.0
147
0.0
147
0.0
147
0.0
147
0.0208333333333333
147
0.0
147
0.0
147
0.0
147
0.0
147
1.0
147
0.0
147
0.0
147
0.0
147
0.0
147
1.0
  0
MATERIAL
  5
11
102
{ACAD_XDICTIONARY
360
12
102
}
102
{ACAD_REACTORS
330
10
102
}
330
10
100
AcDbMaterial
  1
ByLayer
 72
     0
 43
0.0208333333333333
 43
0.0
 43
0.0
 43
0.0
 43
0.0
 43
0.0208333333333333
 43
0.0
 43
0.0
 43
0.0
 43
0.0
 43
1.0
 43
0.0
 43
0.0
 43
0.0
 43
0.0
 43
1.0
 77
     0
 47
0.0208333333333333
 47
0.0
 47
0.0
 47
0.0
 47
0.0
 47
0.0208333333333333
 47
0.0
 47
0.0
 47
0.0
 47
0.0
 47
1.0
 47
0.0
 47
0.0
 47
0.0
 47
0.0
 47
1.0
171
     0
 49
0.0208333333333333
 49
0.0
 49
0.0
 49
0.0
 49
0.0
 49
0.0208333333333333
 49
0.0
 49
0.0
 49
0.0
 49
0.0
 49
1.0
 49
0.0
 49
0.0
 49
0.0
 49
0.0
 49
1.0
175
     0
142
0.0208333333333333
142
0.0
142
0.0
142
0.0
142
0.0
142
0.0208333333333333
142
0.0
142
0.0
142
0.0
142
0.0
142
1.0
142
0.0
142
0.0
142
0.0
142
0.0
142
1.0
179
     0
144
0.0208333333333333
144
0.0
144
0.0
144
0.0
144
0.0
144
0.0208333333333333
144
0.0
144
0.0
144
0.0
144
0.0
144
1.0
144
0.0
144
0.0
144
0.0
144
0.0
144
1.0
147
0.0208333333333333
147
0.0
147
0.0
147
0.0
147
0.0
147
0.0208333333333333
147
0.0
147
0.0
147
0.0
147
0.0
147
1.0
147
0.0
147
0.0
147
0.0
147
0.0
147
1.0
  0
MATERIAL
  5
21
102
{ACAD_XDICTIONARY
360
22
102
}
102
{ACAD_REACTORS
330
10
102
}
330
10
100
AcDbMaterial
  1
Global
 72
     0
 43
0.0208333333333333
 43
0.0
 43
0.0
 43
0.0
 43
0.0
 43
0.0208333333333333
 43
0.0
 43
0.0
 43
0.0
 43
0.0
 43
1.0
 43
0.0
 43
0.0
 43
0.0
 43
0.0
 43
1.0
 77
     0
 47
0.0208333333333333
 47
0.0
 47
0.0
 47
0.0
 47
0.0
 47
0.0208333333333333
 47
0.0
 47
0.0
 47
0.0
 47
0.0
 47
1.0
 47
0.0
 47
0.0
 47
0.0
 47
0.0
 47
1.0
171
     0
 49
0.0208333333333333
 49
0.0
 49
0.0
 49
0.0
 49
0.0
 49
0.0208333333333333
 49
0.0
 49
0.0
 49
0.0
 49
0.0
 49
1.0
 49
0.0
 49
0.0
 49
0.0
 49
0.0
 49
1.0
175
     0
142
0.0208333333333333
142
0.0
142
0.0
142
0.0
142
0.0
142
0.0208333333333333
142
0.0
142
0.0
142
0.0
142
0.0
142
1.0
142
0.0
142
0.0
142
0.0
142
0.0
142
1.0
179
     0
144
0.0208333333333333
144
0.0
144
0.0
144
0.0
144
0.0
144
0.0208333333333333
144
0.0
144
0.0
144
0.0
144
0.0
144
1.0
144
0.0
144
0.0
144
0.0
144
0.0
144
1.0
147
0.0208333333333333
147
0.0
147
0.0
147
0.0
147
0.0
147
0.0208333333333333
147
0.0
147
0.0
147
0.0
147
0.0
147
1.0
147
0.0
147
0.0
147
0.0
147
0.0
147
1.0
  0
MLEADERSTYLE
  5
66
102
{ACAD_REACTORS
330
65
102
}
330
65
100
AcDbMLeaderStyle
170
     2
171
     1
172
     0
 90
        2
 40
0.0
 41
0.0
173
     1
 91
-1056964608
340
5A
 92
       -2
290
     1
 42
0.09
291
     1
 43
0.36
  3
Standard
 44
0.18
300

342
55
174
     1
178
     6
175
     1
176
     0
 93
-1056964608
 45
0.18
292
     0
297
     0
 46
0.18
 94
-1056964608
 47
1.0
 49
1.0
140
1.0
293
     1
141
0.0
294
     1
177
     0
142
1.0
295
     0
296
     0
143
0.125
1001
ACAD_MLEADERVER
1070
     2
  0
MLINESTYLE
  5
5F
102
{ACAD_REACTORS
330
5E
102
}
330
5E
100
AcDbMlineStyle
  2
STANDARD
 70
     0
  3

 62
   256
 51
90.0
 52
90.0
 71
     2
 49
0.5
 62
   256
  6
BYLAYER
 49
-0.5
 62
   256
  6
BYLAYER
  0
ACDBPLACEHOLDER
  5
F
102
{ACAD_REACTORS
330
E
102
}
330
E
  0
SCALE
  5
43
102
{ACAD_REACTORS
330
42
102
}
330
42
100
AcDbScale
 70
     0
300
1:1
140
1.0
141
1.0
290
     1
  0
SCALE
  5
44
102
{ACAD_REACTORS
330
42
102
}
330
42
100
AcDbScale
 70
     0
300
1/128" = 1'-0"
140
0.0078125
141
12.0
290
     0
  0
SCALE
  5
45
102
{ACAD_REACTORS
330
42
102
}
330
42
100
AcDbScale
 70
     0
300
1/64" = 1'-0"
140
0.015625
141
12.0
290
     0
  0
SCALE
  5
46
102
{ACAD_REACTORS
330
42
102
}
330
42
100
AcDbScale
 70
     0
300
1/32" = 1'-0"
140
0.03125
141
12.0
290
     0
  0
SCALE
  5
47
102
{ACAD_REACTORS
330
42
102
}
330
42
100
AcDbScale
 70
     0
300
1/16" = 1'-0"
140
0.0625
141
12.0
290
     0
  0
SCALE
  5
48
102
{ACAD_REACTORS
330
42
102
}
330
42
100
AcDbScale
 70
     0
300
3/32" = 1'-0"
140
0.09375
141
12.0
290
     0
  0
SCALE
  5
49
102
{ACAD_REACTORS
330
42
102
}
330
42
100
AcDbScale
 70
     0
300
1/8" = 1'-0"
140
0.125
141
12.0
290
     0
  0
SCALE
  5
4A
102
{ACAD_REACTORS
330
42
102
}
330
42
100
AcDbScale
 70
     0
300
3/16" = 1'-0"
140
0.1875
141
12.0
290
     0
  0
SCALE
  5
4B
102
{ACAD_REACTORS
330
42
102
}
330
42
100
AcDbScale
 70
     0
300
1/4" = 1'-0"
140
0.25
141
12.0
290
     0
  0
SCALE
  5
4C
102
{ACAD_REACTORS
330
42
102
}
330
42
100
AcDbScale
 70
     0
300
3/8" = 1'-0"
140
0.375
141
12.0
290
     0
  0
SCALE
  5
4D
102
{ACAD_REACTORS
330
42
102
}
330
42
100
AcDbScale
 70
     0
300
1/2" = 1'-0"
140
0.5
141
12.0
290
     0
  0
SCALE
  5
4E
102
{ACAD_REACTORS
330
42
102
}
330
42
100
AcDbScale
 70
     0
300
3/4" = 1'-0"
140
0.75
141
12.0
290
     0
  0
SCALE
  5
4F
102
{ACAD_REACTORS
330
42
102
}
330
42
100
AcDbScale
 70
     0
300
1" = 1'-0"
140
1.0
141
12.0
290
     0
  0
SCALE
  5
50
102
{ACAD_REACTORS
330
42
102
}
330
42
100
AcDbScale
 70
     0
300
1-1/2" = 1'-0"
140
1.5
141
12.0
290
     0
  0
SCALE
  5
51
102
{ACAD_REACTORS
330
42
102
}
330
42
100
AcDbScale
 70
     0
300
3" = 1'-0"
140
3.0
141
12.0
290
     0
  0
SCALE
  5
52
102
{ACAD_REACTORS
330
42
102
}
330
42
100
AcDbScale
 70
     0
300
6" = 1'-0"
140
6.0
141
12.0
290
     0
  0
SCALE
  5
53
102
{ACAD_REACTORS
330
42
102
}
330
42
100
AcDbScale
 70
     0
300
1'-0" = 1'-0"
140
12.0
141
12.0
290
     0
  0
ACDBSECTIONVIEWSTYLE
  5
796E
102
{ACAD_XDICTIONARY
360
8C7A
102
}
102
{ACAD_REACTORS
330
796D
102
}
330
796D
100
AcDbModelDocViewStyle
 70
     0
  3
Imperial24
290
     0
100
AcDbSectionViewStyle
 70
     0
 71
     0
 90
       78
 71
     1
340
55
 40
0.24
340
0
340
0
 40
0.24
300
I, O, Q, S, X, Z
 40
0.48
 90
        3
 40
0.18
 90
        1
 71
     2
340
5C
 90
       25
340
5C
 90
       50
 40
0.24
 40
0.0
 40
0.24
 71
     3
340
55
 40
0.24
 90
        1
 40
0.75
 90
        1
300
%<\AcVar ViewType \f "%tc1">% %<\AcVar ViewSectionStartId>%-%<\AcVar ViewSectionEndId>%\PSCALE %<\AcVar ViewScale \f "%sn">%
 71
     4
300
ANSI31
 40
1.0
 90
        0
290
     0
290
     0
 90
        6
 40
0.0
 40
1.570796326794896
 40
0.2617993877991494
 40
1.308996938995747
 40
-0.2617993877991494
 40
1.832595714594044
  0
ACDBSECTIONVIEWSTYLE
  5
7AD1
102
{ACAD_XDICTIONARY
360
8C7E
102
}
102
{ACAD_REACTORS
330
796D
102
}
330
796D
100
AcDbModelDocViewStyle
 70
     0
  3
Metric50
290
     0
100
AcDbSectionViewStyle
 70
     0
 71
     0
 90
      102
 71
     1
340
55
 40
5.0
340
0
340
0
 40
5.0
300
I, O, Q, S, X, Z
 40
10.0
 90
        0
 40
2.5
 90
        0
 71
     2
340
5C
 90
       25
340
5C
 90
       50
 40
5.0
 40
2.5
 40
5.0
 71
     3
340
55
 40
5.0
 90
        0
 40
15.0
 90
        1
300
%<\AcVar ViewSectionStartId>%-%<\AcVar ViewSectionEndId>% (%<\AcVar ViewScale \f "%sn">%)
 71
     4
300
ANSI31
 40
1.0
 90
        0
290
     0
290
     0
 90
        6
 40
0.0
 40
1.570796326794896
 40
0.2617993877991494
 40
1.308996938995747
 40
-0.2617993877991494
 40
1.832595714594044
  0
TABLESTYLE
  5
64
102
{ACAD_XDICTIONARY
360
6834
102
}
102
{ACAD_REACTORS
330
63
102
}
330
63
100
AcDbTableStyle
  3
Standard
 70
     0
 71
     0
 40
0.06
 41
0.06
280
     0
281
     0
  7
STANDARD
140
0.18
170
     2
 62
     0
 63
     7
283
     0
274
    -2
284
     1
 64
     0
275
    -2
285
     1
 65
     0
276
    -2
286
     1
 66
     0
277
    -2
287
     1
 67
     0
278
    -2
288
     1
 68
     0
279
    -2
289
     1
 69
     0
  7
STANDARD
140
0.25
170
     5
 62
     0
 63
     7
283
     0
274
    -2
284
     1
 64
     0
275
    -2
285
     1
 65
     0
276
    -2
286
     1
 66
     0
277
    -2
287
     1
 67
     0
278
    -2
288
     1
 68
     0
279
    -2
289
     1
 69
     0
  7
STANDARD
140
0.18
170
     5
 62
     0
 63
     7
283
     0
274
    -2
284
     1
 64
     0
275
    -2
285
     1
 65
     0
276
    -2
286
     1
 66
     0
277
    -2
287
     1
 67
     0
278
    -2
288
     1
 68
     0
279
    -2
289
     1
 69
     0
  0
VISUALSTYLE
  5
2F
102
{ACAD_XDICTIONARY
360
8C4D
102
}
102
{ACAD_REACTORS
330
29
102
}
330
29
100
AcDbVisualStyle
  2

 70
     4
 71
     0
 72
     2
 73
     0
 90
        0
 40
-0.6
 41
-30.0
 62
     5
 63
     7
 74
     1
 91
        4
 64
     7
 65
   257
 75
     1
175
     1
 42
1.0
 92
        0
 66
   257
 43
1.0
 76
     1
 77
     6
 78
     2
 67
     7
 79
     5
170
     0
171
     0
290
     0
174
     0
 93
        1
 44
0.0
173
     0
291
     0
 45
0.0
1001
ACAD
1000
AcDbSavedByObjectVersion
1070
     0
  0
VISUALSTYLE
  5
EC6
102
{ACAD_XDICTIONARY
360
8C78
102
}
102
{ACAD_REACTORS
330
29
102
}
330
29
100
AcDbVisualStyle
  2

 70
     5
 71
     0
 72
     2
 73
     0
 90
        0
 40
-0.6
 41
-30.0
 62
     5
 63
     7
 74
     1
 91
        4
 64
     7
 65
   257
 75
     1
175
     1
 42
1.0
 92
        0
 66
   257
 43
1.0
 76
     1
 77
     6
 78
     2
 67
     7
 79
     5
170
     0
171
     0
290
     0
174
     0
 93
        1
 44
0.0
173
     0
291
     0
 45
0.0
1001
ACAD
1000
AcDbSavedByObjectVersion
1070
     0
  0
VISUALSTYLE
  5
2E
102
{ACAD_XDICTIONARY
360
8C4B
102
}
102
{ACAD_REACTORS
330
29
102
}
330
29
100
AcDbVisualStyle
  2

 70
     7
 71
     1
 72
     0
 73
     1
 90
        0
 40
-0.6
 41
-30.0
 62
     5
 63
     7
 74
     0
 91
        4
 64
     7
 65
   257
 75
     1
175
     1
 42
1.0
 92
        8
 66
     7
 43
1.0
 76
     1
 77
     6
 78
     2
 67
     7
 79
     5
170
     0
171
     0
290
     0
174
     0
 93
        1
 44
0.0
173
     0
291
     1
 45
0.0
1001
ACAD
1000
AcDbSavedByObjectVersion
1070
     0
  0
VISUALSTYLE
  5
35
102
{ACAD_XDICTIONARY
360
8C59
102
}
102
{ACAD_REACTORS
330
29
102
}
330
29
100
AcDbVisualStyle
  2

 70
    12
 71
     2
 72
     2
 73
     0
 90
        0
 40
-0.6
 41
-30.0
 62
     5
 63
     7
 74
     1
 91
        4
 64
     7
 65
   257
 75
     1
175
     1
 42
1.0
 92
        8
 66
     7
 43
1.0
 76
     1
 77
     6
 78
     2
 67
     7
 79
     5
170
     0
171
     0
290
     0
174
     0
 93
        1
 44
50.0
173
     0
291
     1
 45
0.0
1001
ACAD
1000
AcDbSavedByObjectVersion
1070
     0
  0
VISUALSTYLE
  5
39
102
{ACAD_XDICTIONARY
360
8C61
102
}
102
{ACAD_REACTORS
330
29
102
}
330
29
100
AcDbVisualStyle
  2

 70
    16
 71
     2
 72
     2
 73
     3
 90
        0
 40
-0.6
 41
-30.0
 62
     5
 63
     8
 74
     1
 91
        4
 64
     7
 65
   257
 75
     1
175
     1
 42
1.0
 92
        8
 66
     8
 43
1.0
 76
     1
 77
     6
 78
     2
 67
     7
 79
     5
170
     0
171
     0
290
     0
174
     0
 93
        1
 44
0.0
173
     0
291
     1
 45
0.0
1001
ACAD
1000
AcDbSavedByObjectVersion
1070
     0
  0
VISUALSTYLE
  5
32
102
{ACAD_XDICTIONARY
360
8C53
102
}
102
{ACAD_REACTORS
330
29
102
}
330
29
100
AcDbVisualStyle
  2

 70
     9
 71
     3
 72
     2
 73
     0
 90
        0
 40
-0.6
 41
-30.0
 62
     5
 63
     7
 74
     2
 91
        2
 64
     7
 65
   257
 75
     1
175
     1
 42
179.0
 92
        8
 66
     7
 43
1.0
 76
     1
 77
     6
 78
     2
 67
     7
 79
     3
170
     0
171
     0
290
     0
174
     0
 93
        1
 44
0.0
173
     0
291
     0
 45
0.0
1001
ACAD
1000
AcDbSavedByObjectVersion
1070
     0
  0
VISUALSTYLE
  5
34
102
{ACAD_XDICTIONARY
360
8C57
102
}
102
{ACAD_REACTORS
330
29
102
}
330
29
100
AcDbVisualStyle
  2

 70
    11
 71
     2
 72
     2
 73
     0
 90
        0
 40
-0.6
 41
-30.0
 62
     5
 63
     7
 74
     1
 91
        4
 64
     7
 65
   257
 75
     1
175
     1
 42
1.0
 92
        8
 66
     7
 43
1.0
 76
     1
 77
     6
 78
     2
 67
     7
 79
     5
170
     0
171
     0
290
     0
174
     0
 93
        1
 44
-50.0
173
     0
291
     1
 45
0.0
1001
ACAD
1000
AcDbSavedByObjectVersion
1070
     0
  0
VISUALSTYLE
  5
41
102
{ACAD_XDICTIONARY
360
8C71
102
}
102
{ACAD_REACTORS
330
29
102
}
330
29
100
AcDbVisualStyle
  2

 70
    22
 71
     2
 72
     2
 73
     0
 90
        0
 40
-0.6
 41
-30.0
 62
     5
 63
     7
 74
     1
 91
        4
 64
     7
 65
   257
 75
     1
175
     1
 42
1.0
 92
        8
 66
     7
 43
1.0
 76
     1
 77
     6
 78
     2
 67
     7
 79
     5
170
     0
171
     0
290
     0
174
     0
 93
        1
 44
0.0
173
     0
291
     1
 45
0.0
1001
ACAD
1000
AcDbSavedByObjectVersion
1070
     0
  0
VISUALSTYLE
  5
38
102
{ACAD_XDICTIONARY
360
8C5F
102
}
102
{ACAD_REACTORS
330
29
102
}
330
29
100
AcDbVisualStyle
  2

 70
    15
 71
     2
 72
     2
 73
     0
 90
        0
 40
-0.6
 41
-30.0
 62
     5
 63
     7
 74
     1
 91
        4
 64
     7
 65
   257
 75
     1
175
     1
 42
1.0
 92
        8
 66
     7
 43
1.0
 76
     1
 77
     6
 78
     2
 67
     7
 79
     5
170
     0
171
     0
290
     0
174
     0
 93
        1
 44
0.0
173
     0
291
     1
 45
0.0
1001
ACAD
1000
AcDbSavedByObjectVersion
1070
     0
  0
VISUALSTYLE
  5
2A
102
{ACAD_XDICTIONARY
360
8C43
102
}
102
{ACAD_REACTORS
330
29
102
}
330
29
100
AcDbVisualStyle
  2

 70
     0
 71
     2
 72
     1
 73
     1
 90
        2
 40
-0.6
 41
30.0
 62
     5
 63
     7
 74
     0
 91
        0
 64
     7
 65
   257
 75
     1
175
     1
 42
1.0
 92
        8
 66
     7
 43
1.0
 76
     1
 77
     6
 78
     2
 67
     7
 79
     5
170
     0
171
     0
290
     0
174
     0
 93
       13
 44
0.0
173
     0
291
     1
 45
0.0
1001
ACAD
1000
AcDbSavedByObjectVersion
1070
     0
  0
VISUALSTYLE
  5
2B
102
{ACAD_XDICTIONARY
360
8C45
102
}
102
{ACAD_REACTORS
330
29
102
}
330
29
100
AcDbVisualStyle
  2

 70
     1
 71
     2
 72
     1
 73
     1
 90
        2
 40
-0.6
 41
30.0
 62
     5
 63
     7
 74
     1
 91
        0
 64
     7
 65
   257
 75
     1
175
     1
 42
1.0
 92
        0
 66
   257
 43
1.0
 76
     1
 77
     6
 78
     2
 67
     7
 79
     5
170
     0
171
     0
290
     0
174
     0
 93
       13
 44
0.0
173
     0
291
     1
 45
0.0
1001
ACAD
1000
AcDbSavedByObjectVersion
1070
     0
  0
VISUALSTYLE
  5
2C
102
{ACAD_XDICTIONARY
360
8C47
102
}
102
{ACAD_REACTORS
330
29
102
}
330
29
100
AcDbVisualStyle
  2

 70
     2
 71
     2
 72
     2
 73
     1
 90
        2
 40
-0.6
 41
30.0
 62
     5
 63
     7
 74
     0
 91
        0
 64
     7
 65
   257
 75
     1
175
     1
 42
1.0
 92
        0
 66
     7
 43
1.0
 76
     1
 77
     6
 78
     2
 67
     7
 79
     5
170
     0
171
     0
290
     0
174
     0
 93
       13
 44
0.0
173
     0
291
     1
 45
0.0
1001
ACAD
1000
AcDbSavedByObjectVersion
1070
     0
  0
VISUALSTYLE
  5
2D
102
{ACAD_XDICTIONARY
360
8C49
102
}
102
{ACAD_REACTORS
330
29
102
}
330
29
100
AcDbVisualStyle
  2

 70
     3
 71
     2
 72
     2
 73
     1
 90
        2
 40
-0.6
 41
30.0
 62
     5
 63
     7
 74
     1
 91
        0
 64
     7
 65
   257
 75
     1
175
     1
 42
1.0
 92
        0
 66
   257
 43
1.0
 76
     1
 77
     6
 78
     2
 67
     7
 79
     5
170
     0
171
     0
290
     0
174
     0
 93
       13
 44
0.0
173
     0
291
     1
 45
0.0
1001
ACAD
1000
AcDbSavedByObjectVersion
1070
     0
  0
VISUALSTYLE
  5
31
102
{ACAD_XDICTIONARY
360
8C51
102
}
102
{ACAD_REACTORS
330
29
102
}
330
29
100
AcDbVisualStyle
  2

 70
     6
 71
     1
 72
     2
 73
     2
 90
        0
 40
-0.6
 41
-30.0
 62
     5
 63
     7
 74
     2
 91
        2
 64
     7
 65
   257
 75
     2
175
     1
 42
40.0
 92
        0
 66
   257
 43
1.0
 76
     1
 77
     6
 78
     2
 67
     7
 79
     3
170
     0
171
     0
290
     0
174
     0
 93
        1
 44
0.0
173
     0
291
     0
 45
0.0
1001
ACAD
1000
AcDbSavedByObjectVersion
1070
     0
  0
VISUALSTYLE
  5
3F
102
{ACAD_XDICTIONARY
360
8C6D
102
}
102
{ACAD_REACTORS
330
29
102
}
330
29
100
AcDbVisualStyle
  2

 70
    20
 71
     2
 72
     2
 73
     0
 90
        0
 40
-0.6
 41
-30.0
 62
     5
 63
     7
 74
     1
 91
        4
 64
     7
 65
   257
 75
     1
175
     1
 42
1.0
 92
       10
 66
     7
 43
1.0
 76
     1
 77
     6
 78
     2
 67
     7
 79
     5
170
     0
171
     0
290
     0
174
     0
 93
        1
 44
0.0
173
     0
291
     1
 45
0.0
1001
ACAD
1000
AcDbSavedByObjectVersion
1070
     0
  0
VISUALSTYLE
  5
37
102
{ACAD_XDICTIONARY
360
8C5D
102
}
102
{ACAD_REACTORS
330
29
102
}
330
29
100
AcDbVisualStyle
  2

 70
    14
 71
     2
 72
     2
 73
     0
 90
        0
 40
-0.6
 41
-30.0
 62
     5
 63
     7
 74
     1
 91
        4
 64
     7
 65
   257
 75
     7
175
     7
 42
1.0
 92
        8
 66
     7
 43
1.0
 76
     1
 77
     6
 78
     2
 67
     7
 79
     5
170
     0
171
     0
290
     0
174
     0
 93
        1
 44
0.0
173
     0
291
     1
 45
0.0
1001
ACAD
1000
AcDbSavedByObjectVersion
1070
     0
  0
VISUALSTYLE
  5
40
102
{ACAD_XDICTIONARY
360
8C6F
102
}
102
{ACAD_REACTORS
330
29
102
}
330
29
100
AcDbVisualStyle
  2

 70
    21
 71
     2
 72
     2
 73
     0
 90
        0
 40
-0.6
 41
-30.0
 62
     5
 63
     7
 74
     1
 91
        4
 64
     7
 65
   257
 75
     1
175
     1
 42
1.0
 92
        9
 66
     7
 43
1.0
 76
     1
 77
     6
 78
     2
 67
     7
 79
     5
170
     0
171
     0
290
     0
174
     0
 93
        1
 44
0.0
173
     0
291
     1
 45
0.0
1001
ACAD
1000
AcDbSavedByObjectVersion
1070
     0
  0
VISUALSTYLE
  5
33
102
{ACAD_XDICTIONARY
360
8C55
102
}
102
{ACAD_REACTORS
330
29
102
}
330
29
100
AcDbVisualStyle
  2

 70
     8
 71
     2
 72
     3
 73
     0
 90
        2
 40
-0.6
 41
30.0
 62
     5
 63
     7
 74
     0
 91
        0
 64
     7
 65
   257
 75
     1
175
     1
 42
1.0
 92
        8
 66
   257
 43
1.0
 76
     1
 77
     6
 78
     2
 67
     7
 79
     3
170
     0
171
     0
290
     0
174
     0
 93
       13
 44
0.0
173
     0
291
     0
 45
0.0
1001
ACAD
1000
AcDbSavedByObjectVersion
1070
     0
  0
VISUALSTYLE
  5
3E
102
{ACAD_XDICTIONARY
360
8C6B
102
}
102
{ACAD_REACTORS
330
29
102
}
330
29
100
AcDbVisualStyle
  2

 70
    27
 71
     2
 72
     2
 73
     1
 90
        2
 40
-0.6
 41
30.0
 62
     5
 63
     7
 74
     0
 91
        4
 64
     7
 65
   257
 75
     1
175
     1
 42
1.0
 92
        8
 66
   257
 43
1.0
 76
     1
 77
     6
 78
     2
 67
     8
 79
     3
170
     0
171
     0
290
     0
174
     0
 93
        5
 44
0.0
173
     0
291
     0
 45
0.0
1001
ACAD
1000
AcDbSavedByObjectVersion
1070
     0
  0
VISUALSTYLE
  5
3D
102
{ACAD_XDICTIONARY
360
8C69
102
}
102
{ACAD_REACTORS
330
29
102
}
330
29
100
AcDbVisualStyle
  2

 70
    26
 71
     2
 72
     2
 73
     1
 90
        2
 40
-0.6
 41
30.0
 62
     5
 63
     7
 74
     1
 91
       10
 64
     7
 65
   257
 75
     2
175
     1
 42
1.0
 92
        8
 66
   257
 43
1.0
 76
     1
 77
     6
 78
     2
 67
     7
 79
     3
170
     0
171
     0
290
     0
174
     0
 93
        5
 44
0.0
173
     0
291
     0
 45
0.0
1001
ACAD
1000
AcDbSavedByObjectVersion
1070
     0
  0
VISUALSTYLE
  5
3A
102
{ACAD_XDICTIONARY
360
8C63
102
}
102
{ACAD_REACTORS
330
29
102
}
330
29
100
AcDbVisualStyle
  2

 70
    23
 71
     2
 72
     2
 73
     3
 90
        0
 40
-0.6
 41
-30.0
 62
     5
 63
     7
 74
     2
 91
        2
 64
     7
 65
     7
 75
     1
175
     1
 42
40.0
 92
        8
 66
     7
 43
1.0
 76
     1
 77
     6
 78
     2
 67
     7
 79
     3
170
     0
171
     0
290
     0
174
     0
 93
        1
 44
0.0
173
     0
291
     0
 45
0.0
1001
ACAD
1000
AcDbSavedByObjectVersion
1070
     0
  0
VISUALSTYLE
  5
3B
102
{ACAD_XDICTIONARY
360
8C65
102
}
102
{ACAD_REACTORS
330
29
102
}
330
29
100
AcDbVisualStyle
  2

 70
    24
 71
     1
 72
     2
 73
     2
 90
        0
 40
-0.6
 41
-30.0
 62
     5
 63
     7
 74
     2
 91
        2
 64
     7
 65
     7
 75
     1
175
     1
 42
40.0
 92
       11
 66
     7
 43
1.0
 76
     1
 77
     6
 78
     2
 67
     7
 79
     6
170
     0
171
     0
290
     0
174
     0
 93
        1
 44
0.0
173
     0
291
     0
 45
0.0
1001
ACAD
1000
AcDbSavedByObjectVersion
1070
     0
  0
VISUALSTYLE
  5
36
102
{ACAD_XDICTIONARY
360
8C5B
102
}
102
{ACAD_REACTORS
330
29
102
}
330
29
100
AcDbVisualStyle
  2

 70
    13
 71
     2
 72
     2
 73
     0
 90
        0
 40
-0.6
 41
-30.0
 62
     5
 63
     7
 74
     1
 91
        4
 64
     7
 65
   257
 75
     1
175
     1
 42
1.0
 92
       12
 66
     7
 43
1.0
 76
     1
 77
     6
 78
     2
 67
     7
 79
     5
170
     0
171
     0
290
     0
174
     0
 93
        1
 44
0.0
173
     0
291
     1
 45
0.0
1001
ACAD
1000
AcDbSavedByObjectVersion
1070
     0
  0
VISUALSTYLE
  5
30
102
{ACAD_XDICTIONARY
360
8C4F
102
}
102
{ACAD_REACTORS
330
29
102
}
330
29
100
AcDbVisualStyle
  2

 70
     5
 71
     0
 72
     2
 73
     0
 90
        0
 40
-0.6
 41
-30.0
 62
     5
 63
     7
 74
     1
 91
        4
 64
     7
 65
   257
 75
     1
175
     1
 42
1.0
 92
        0
 66
   257
 43
1.0
 76
     1
 77
     6
 78
     2
 67
     7
 79
     3
170
     0
171
     0
290
     0
174
     0
 93
        1
 44
0.0
173
     0
291
     0
 45
0.0
1001
ACAD
1000
AcDbSavedByObjectVersion
1070
     0
  0
VISUALSTYLE
  5
3C
102
{ACAD_XDICTIONARY
360
8C67
102
}
102
{ACAD_REACTORS
330
29
102
}
330
29
100
AcDbVisualStyle
  2

 70
    25
 71
     2
 72
     2
 73
     1
 90
        1
 40
0.5
 41
-30.0
 62
     5
 63
     7
 74
     1
 91
        0
 64
     7
 65
   257
 75
     1
175
     1
 42
1.0
 92
        8
 66
     7
 43
1.0
 76
     1
 77
     6
 78
     2
 67
     7
 79
     3
170
     0
171
     0
290
     0
174
     0
 93
       13
 44
0.0
173
     0
291
     0
 45
0.0
1001
ACAD
1000
AcDbSavedByObjectVersion
1070
     0
  0
DICTIONARYVAR
  5
FED
102
{ACAD_REACTORS
330
FEA
102
}
330
FEA
100
DictionaryVariables
280
     0
  1
1:1
  0
DICTIONARYVAR
  5
FEC
102
{ACAD_REACTORS
330
FEA
102
}
330
FEA
100
DictionaryVariables
280
     0
  1
STANDARD
  0
DICTIONARYVAR
  5
FEB
102
{ACAD_REACTORS
330
FEA
102
}
330
FEA
100
DictionaryVariables
280
     0
  1
STANDARD
  0
DICTIONARYVAR
  5
799D
102
{ACAD_REACTORS
330
FEA
102
}
330
FEA
100
DictionaryVariables
280
     0
  1
Imperial24
  0
DICTIONARYVAR
  5
799E
102
{ACAD_REACTORS
330
FEA
102
}
330
FEA
100
DictionaryVariables
280
     0
  1
Imperial24
  0
DICTIONARYVAR
  5
FF0
102
{ACAD_REACTORS
330
FEA
102
}
330
FEA
100
DictionaryVariables
280
     0
  1
1
  0
DICTIONARYVAR
  5
FEF
102
{ACAD_REACTORS
330
FEA
102
}
330
FEA
100
DictionaryVariables
280
     0
  1
0
  0
DICTIONARYVAR
  5
781E
102
{ACAD_REACTORS
330
FEA
102
}
330
FEA
100
DictionaryVariables
280
     0
  1
1
  0
DICTIONARYVAR
  5
781F
102
{ACAD_REACTORS
330
FEA
102
}
330
FEA
100
DictionaryVariables
280
     0
  1
15
  0
DICTIONARYVAR
  5
781D
102
{ACAD_REACTORS
330
FEA
102
}
330
FEA
100
DictionaryVariables
280
     0
  1
0
  0
DICTIONARYVAR
  5
8B85
102
{ACAD_REACTORS
330
FEA
102
}
330
FEA
100
DictionaryVariables
280
     0
  1
1.570796
  0
DICTIONARYVAR
  5
8B86
102
{ACAD_REACTORS
330
FEA
102
}
330
FEA
100
DictionaryVariables
280
     0
  1
1.570796
  0
DICTIONARYVAR
  5
781C
102
{ACAD_REACTORS
330
FEA
102
}
330
FEA
100
DictionaryVariables
280
     0
  1
0
  0
DICTIONARYVAR
  5
FEE
102
{ACAD_REACTORS
330
FEA
102
}
330
FEA
100
DictionaryVariables
280
     0
  1
127
  0
DICTIONARYVAR
  5
8B87
102
{ACAD_REACTORS
330
FEA
102
}
330
FEA
100
DictionaryVariables
280
     0
  1
2
  0
DICTIONARY
  5
8C7C
330
7970
100
AcDbDictionary
280
     1
281
     1
  3
ACAD_XREC_ROUNDTRIP
360
8C7D
  0
DICTIONARY
  5
8C80
330
7AD2
100
AcDbDictionary
280
     1
281
     1
  3
ACAD_XREC_ROUNDTRIP
360
8C81
  0
DICTIONARY
  5
8C74
330
6A
100
AcDbDictionary
280
     1
281
     1
  3
ACAD_XREC_ROUNDTRIP
360
8C75
  0
DICTIONARY
  5
8C76
330
6E
100
AcDbDictionary
280
     1
281
     1
  3
ACAD_XREC_ROUNDTRIP
360
8C77
  0
DICTIONARY
  5
1A
330
19
100
AcDbDictionary
280
     1
281
     1
  3
ACAD_XREC_ROUNDTRIP
360
6839
  3
BUMPTILE
360
1C
  3
DIFFUSETILE
360
1B
  3
OPACITYTILE
360
1F
  3
REFLECTIONTILE
360
1E
  3
REFRACTIONTILE
360
20
  3
SPECULARTILE
360
1D
  0
DICTIONARY
  5
12
330
11
100
AcDbDictionary
280
     1
281
     1
  3
ACAD_XREC_ROUNDTRIP
360
6838
  3
BUMPTILE
360
14
  3
DIFFUSETILE
360
13
  3
OPACITYTILE
360
17
  3
REFLECTIONTILE
360
16
  3
REFRACTIONTILE
360
18
  3
SPECULARTILE
360
15
  0
DICTIONARY
  5
22
330
21
100
AcDbDictionary
280
     1
281
     1
  3
ACAD_XREC_ROUNDTRIP
360
683A
  3
BUMPTILE
360
24
  3
DIFFUSETILE
360
23
  3
OPACITYTILE
360
27
  3
REFLECTIONTILE
360
26
  3
REFRACTIONTILE
360
28
  3
SPECULARTILE
360
25
  0
DICTIONARY
  5
8C7A
330
796E
100
AcDbDictionary
280
     1
281
     1
  3
ACAD_XREC_ROUNDTRIP
360
8C7B
  0
DICTIONARY
  5
8C7E
330
7AD1
100
AcDbDictionary
280
     1
281
     1
  3
ACAD_XREC_ROUNDTRIP
360
8C7F
  0
DICTIONARY
  5
6834
330
64
100
AcDbDictionary
280
     1
281
     1
  3
ACAD_ROUNDTRIP_2008_TABLESTYLE_CELLSTYLEMAP
360
8C3E
  3
ACAD_XREC_ROUNDTRIP
360
8C73
  0
DICTIONARY
  5
8C4D
330
2F
100
AcDbDictionary
280
     1
281
     1
  3
ACAD_XREC_ROUNDTRIP
360
8C4E
  0
DICTIONARY
  5
8C78
330
EC6
100
AcDbDictionary
280
     1
281
     1
  3
ACAD_XREC_ROUNDTRIP
360
8C79
  0
DICTIONARY
  5
8C4B
330
2E
100
AcDbDictionary
280
     1
281
     1
  3
ACAD_XREC_ROUNDTRIP
360
8C4C
  0
DICTIONARY
  5
8C59
330
35
100
AcDbDictionary
280
     1
281
     1
  3
ACAD_XREC_ROUNDTRIP
360
8C5A
  0
DICTIONARY
  5
8C61
330
39
100
AcDbDictionary
280
     1
281
     1
  3
ACAD_XREC_ROUNDTRIP
360
8C62
  0
DICTIONARY
  5
8C53
330
32
100
AcDbDictionary
280
     1
281
     1
  3
ACAD_XREC_ROUNDTRIP
360
8C54
  0
DICTIONARY
  5
8C57
330
34
100
AcDbDictionary
280
     1
281
     1
  3
ACAD_XREC_ROUNDTRIP
360
8C58
  0
DICTIONARY
  5
8C71
330
41
100
AcDbDictionary
280
     1
281
     1
  3
ACAD_XREC_ROUNDTRIP
360
8C72
  0
DICTIONARY
  5
8C5F
330
38
100
AcDbDictionary
280
     1
281
     1
  3
ACAD_XREC_ROUNDTRIP
360
8C60
  0
DICTIONARY
  5
8C43
330
2A
100
AcDbDictionary
280
     1
281
     1
  3
ACAD_XREC_ROUNDTRIP
360
8C44
  0
DICTIONARY
  5
8C45
330
2B
100
AcDbDictionary
280
     1
281
     1
  3
ACAD_XREC_ROUNDTRIP
360
8C46
  0
DICTIONARY
  5
8C47
330
2C
100
AcDbDictionary
280
     1
281
     1
  3
ACAD_XREC_ROUNDTRIP
360
8C48
  0
DICTIONARY
  5
8C49
330
2D
100
AcDbDictionary
280
     1
281
     1
  3
ACAD_XREC_ROUNDTRIP
360
8C4A
  0
DICTIONARY
  5
8C51
330
31
100
AcDbDictionary
280
     1
281
     1
  3
ACAD_XREC_ROUNDTRIP
360
8C52
  0
DICTIONARY
  5
8C6D
330
3F
100
AcDbDictionary
280
     1
281
     1
  3
ACAD_XREC_ROUNDTRIP
360
8C6E
  0
DICTIONARY
  5
8C5D
330
37
100
AcDbDictionary
280
     1
281
     1
  3
ACAD_XREC_ROUNDTRIP
360
8C5E
  0
DICTIONARY
  5
8C6F
330
40
100
AcDbDictionary
280
     1
281
     1
  3
ACAD_XREC_ROUNDTRIP
360
8C70
  0
DICTIONARY
  5
8C55
330
33
100
AcDbDictionary
280
     1
281
     1
  3
ACAD_XREC_ROUNDTRIP
360
8C56
  0
DICTIONARY
  5
8C6B
330
3E
100
AcDbDictionary
280
     1
281
     1
  3
ACAD_XREC_ROUNDTRIP
360
8C6C
  0
DICTIONARY
  5
8C69
330
3D
100
AcDbDictionary
280
     1
281
     1
  3
ACAD_XREC_ROUNDTRIP
360
8C6A
  0
DICTIONARY
  5
8C63
330
3A
100
AcDbDictionary
280
     1
281
     1
  3
ACAD_XREC_ROUNDTRIP
360
8C64
  0
DICTIONARY
  5
8C65
330
3B
100
AcDbDictionary
280
     1
281
     1
  3
ACAD_XREC_ROUNDTRIP
360
8C66
  0
DICTIONARY
  5
8C5B
330
36
100
AcDbDictionary
280
     1
281
     1
  3
ACAD_XREC_ROUNDTRIP
360
8C5C
  0
DICTIONARY
  5
8C4F
330
30
100
AcDbDictionary
280
     1
281
     1
  3
ACAD_XREC_ROUNDTRIP
360
8C50
  0
DICTIONARY
  5
8C67
330
3C
100
AcDbDictionary
280
     1
281
     1
  3
ACAD_XREC_ROUNDTRIP
360
8C68
  0
XRECORD
  5
8C7D
102
{ACAD_REACTORS
330
8C7C
102
}
330
8C7C
100
AcDbXrecord
280
     1
102
DISPLAYNAME
  1
Imperial24
102
FLAGS
 90
        0
  0
XRECORD
  5
8C81
102
{ACAD_REACTORS
330
8C80
102
}
330
8C80
100
AcDbXrecord
280
     1
102
DISPLAYNAME
  1
Metric50
102
FLAGS
 90
        0
  0
XRECORD
  5
8C75
102
{ACAD_REACTORS
330
8C74
102
}
330
8C74
100
AcDbXrecord
280
     1
102
SHADEPLOT
 70
     0
102
SHADEPLOTRESLEVEL
 70
     2
102
SHADEPLOTCUSTOMDPI
 70
   300
  0
XRECORD
  5
8C77
102
{ACAD_REACTORS
330
8C76
102
}
330
8C76
100
AcDbXrecord
280
     1
102
SHADEPLOT
 70
     0
102
SHADEPLOTRESLEVEL
 70
     2
102
SHADEPLOTCUSTOMDPI
 70
   300
  0
XRECORD
  5
6839
102
{ACAD_REACTORS
330
1A
102
}
330
1A
100
AcDbXrecord
280
     1
102
MATERIAL
148
0.0
149
0.0
149
0.0
 93
        0
 94
      127
282
     0
 72
     0
 77
     0
171
     0
175
     0
179
     0
273
     0
  0
XRECORD
  5
1C
102
{ACAD_REACTORS
330
1A
102
}
330
1A
100
AcDbXrecord
280
     1
270
     1
271
     1
  0
XRECORD
  5
1B
102
{ACAD_REACTORS
330
1A
102
}
330
1A
100
AcDbXrecord
280
     1
270
     1
271
     1
  0
XRECORD
  5
1F
102
{ACAD_REACTORS
330
1A
102
}
330
1A
100
AcDbXrecord
280
     1
270
     1
271
     1
  0
XRECORD
  5
1E
102
{ACAD_REACTORS
330
1A
102
}
330
1A
100
AcDbXrecord
280
     1
270
     1
271
     1
  0
XRECORD
  5
20
102
{ACAD_REACTORS
330
1A
102
}
330
1A
100
AcDbXrecord
280
     1
270
     1
271
     1
  0
XRECORD
  5
1D
102
{ACAD_REACTORS
330
1A
102
}
330
1A
100
AcDbXrecord
280
     1
270
     1
271
     1
  0
XRECORD
  5
6838
102
{ACAD_REACTORS
330
12
102
}
330
12
100
AcDbXrecord
280
     1
102
MATERIAL
148
0.0
149
0.0
149
0.0
 93
        0
 94
      127
282
     0
 72
     0
 77
     0
171
     0
175
     0
179
     0
273
     0
  0
XRECORD
  5
14
102
{ACAD_REACTORS
330
12
102
}
330
12
100
AcDbXrecord
280
     1
270
     1
271
     1
  0
XRECORD
  5
13
102
{ACAD_REACTORS
330
12
102
}
330
12
100
AcDbXrecord
280
     1
270
     1
271
     1
  0
XRECORD
  5
17
102
{ACAD_REACTORS
330
12
102
}
330
12
100
AcDbXrecord
280
     1
270
     1
271
     1
  0
XRECORD
  5
16
102
{ACAD_REACTORS
330
12
102
}
330
12
100
AcDbXrecord
280
     1
270
     1
271
     1
  0
XRECORD
  5
18
102
{ACAD_REACTORS
330
12
102
}
330
12
100
AcDbXrecord
280
     1
270
     1
271
     1
  0
XRECORD
  5
15
102
{ACAD_REACTORS
330
12
102
}
330
12
100
AcDbXrecord
280
     1
270
     1
271
     1
  0
XRECORD
  5
683A
102
{ACAD_REACTORS
330
22
102
}
330
22
100
AcDbXrecord
280
     1
102
MATERIAL
148
0.0
149
0.0
149
0.0
 93
        0
 94
      127
282
     0
 72
     0
 77
     0
171
     0
175
     0
179
     0
273
     0
  0
XRECORD
  5
24
102
{ACAD_REACTORS
330
22
102
}
330
22
100
AcDbXrecord
280
     1
270
     1
271
     1
  0
XRECORD
  5
23
102
{ACAD_REACTORS
330
22
102
}
330
22
100
AcDbXrecord
280
     1
270
     1
271
     1
  0
XRECORD
  5
27
102
{ACAD_REACTORS
330
22
102
}
330
22
100
AcDbXrecord
280
     1
270
     1
271
     1
  0
XRECORD
  5
26
102
{ACAD_REACTORS
330
22
102
}
330
22
100
AcDbXrecord
280
     1
270
     1
271
     1
  0
XRECORD
  5
28
102
{ACAD_REACTORS
330
22
102
}
330
22
100
AcDbXrecord
280
     1
270
     1
271
     1
  0
XRECORD
  5
25
102
{ACAD_REACTORS
330
22
102
}
330
22
100
AcDbXrecord
280
     1
270
     1
271
     1
  0
XRECORD
  5
8C7B
102
{ACAD_REACTORS
330
8C7A
102
}
330
8C7A
100
AcDbXrecord
280
     1
102
DISPLAYNAME
  1
Imperial24
102
FLAGS
 90
        0
  0
XRECORD
  5
8C7F
102
{ACAD_REACTORS
330
8C7E
102
}
330
8C7E
100
AcDbXrecord
280
     1
102
DISPLAYNAME
  1
Metric50
102
FLAGS
 90
        0
  0
CELLSTYLEMAP
  5
8C3E
102
{ACAD_REACTORS
330
6834
102
}
330
6834
100
AcDbCellStyleMap
 90
        3
300
CELLSTYLE
  1
TABLEFORMAT_BEGIN
 90
        5
170
     1
 91
        0
 92
    32768
 62
   257
 93
        1
300
CONTENTFORMAT
  1
CONTENTFORMAT_BEGIN
 90
        0
 91
        0
 92
      512
 93
        0
300

 40
0.0
140
1.0
 94
        5
 62
     0
340
55
144
0.25
309
CONTENTFORMAT_END
171
     1
301
MARGIN
  1
CELLMARGIN_BEGIN
 40
0.06
 40
0.06
 40
0.06
 40
0.06
 40
0.18
 40
0.18
309
CELLMARGIN_END
 94
        6
 95
        1
302
GRIDFORMAT
  1
GRIDFORMAT_BEGIN
 90
        0
 91
        1
 62
     0
 92
       -2
340
0
 93
        0
 40
0.045
309
GRIDFORMAT_END
 95
        2
302
GRIDFORMAT
  1
GRIDFORMAT_BEGIN
 90
        0
 91
        1
 62
     0
 92
       -2
340
0
 93
        0
 40
0.045
309
GRIDFORMAT_END
 95
        4
302
GRIDFORMAT
  1
GRIDFORMAT_BEGIN
 90
        0
 91
        1
 62
     0
 92
       -2
340
0
 93
        0
 40
0.045
309
GRIDFORMAT_END
 95
        8
302
GRIDFORMAT
  1
GRIDFORMAT_BEGIN
 90
        0
 91
        1
 62
     0
 92
       -2
340
0
 93
        0
 40
0.045
309
GRIDFORMAT_END
 95
       16
302
GRIDFORMAT
  1
GRIDFORMAT_BEGIN
 90
        0
 91
        1
 62
     0
 92
       -2
340
0
 93
        0
 40
0.045
309
GRIDFORMAT_END
 95
       32
302
GRIDFORMAT
  1
GRIDFORMAT_BEGIN
 90
        0
 91
        1
 62
     0
 92
       -2
340
0
 93
        0
 40
0.045
309
GRIDFORMAT_END
309
TABLEFORMAT_END
  1
CELLSTYLE_BEGIN
 90
        1
 91
        1
300
_TITLE
309
CELLSTYLE_END
300
CELLSTYLE
  1
TABLEFORMAT_BEGIN
 90
        5
170
     1
 91
        0
 92
        0
 62
   257
 93
        1
300
CONTENTFORMAT
  1
CONTENTFORMAT_BEGIN
 90
        0
 91
        0
 92
      512
 93
        0
300

 40
0.0
140
1.0
 94
        5
 62
     0
340
55
144
0.18
309
CONTENTFORMAT_END
171
     1
301
MARGIN
  1
CELLMARGIN_BEGIN
 40
0.06
 40
0.06
 40
0.06
 40
0.06
 40
0.18
 40
0.18
309
CELLMARGIN_END
 94
        6
 95
        1
302
GRIDFORMAT
  1
GRIDFORMAT_BEGIN
 90
        0
 91
        1
 62
     0
 92
       -2
340
0
 93
        0
 40
0.045
309
GRIDFORMAT_END
 95
        2
302
GRIDFORMAT
  1
GRIDFORMAT_BEGIN
 90
        0
 91
        1
 62
     0
 92
       -2
340
0
 93
        0
 40
0.045
309
GRIDFORMAT_END
 95
        4
302
GRIDFORMAT
  1
GRIDFORMAT_BEGIN
 90
        0
 91
        1
 62
     0
 92
       -2
340
0
 93
        0
 40
0.045
309
GRIDFORMAT_END
 95
        8
302
GRIDFORMAT
  1
GRIDFORMAT_BEGIN
 90
        0
 91
        1
 62
     0
 92
       -2
340
0
 93
        0
 40
0.045
309
GRIDFORMAT_END
 95
       16
302
GRIDFORMAT
  1
GRIDFORMAT_BEGIN
 90
        0
 91
        1
 62
     0
 92
       -2
340
0
 93
        0
 40
0.045
309
GRIDFORMAT_END
 95
       32
302
GRIDFORMAT
  1
GRIDFORMAT_BEGIN
 90
        0
 91
        1
 62
     0
 92
       -2
340
0
 93
        0
 40
0.045
309
GRIDFORMAT_END
309
TABLEFORMAT_END
  1
CELLSTYLE_BEGIN
 90
        2
 91
        1
300
_HEADER
309
CELLSTYLE_END
300
CELLSTYLE
  1
TABLEFORMAT_BEGIN
 90
        5
170
     1
 91
        0
 92
        0
 62
   257
 93
        1
300
CONTENTFORMAT
  1
CONTENTFORMAT_BEGIN
 90
        0
 91
        0
 92
      512
 93
        0
300

 40
0.0
140
1.0
 94
        2
 62
     0
340
55
144
0.18
309
CONTENTFORMAT_END
171
     1
301
MARGIN
  1
CELLMARGIN_BEGIN
 40
0.06
 40
0.06
 40
0.06
 40
0.06
 40
0.18
 40
0.18
309
CELLMARGIN_END
 94
        6
 95
        1
302
GRIDFORMAT
  1
GRIDFORMAT_BEGIN
 90
        0
 91
        1
 62
     0
 92
       -2
340
0
 93
        0
 40
0.045
309
GRIDFORMAT_END
 95
        2
302
GRIDFORMAT
  1
GRIDFORMAT_BEGIN
 90
        0
 91
        1
 62
     0
 92
       -2
340
0
 93
        0
 40
0.045
309
GRIDFORMAT_END
 95
        4
302
GRIDFORMAT
  1
GRIDFORMAT_BEGIN
 90
        0
 91
        1
 62
     0
 92
       -2
340
0
 93
        0
 40
0.045
309
GRIDFORMAT_END
 95
        8
302
GRIDFORMAT
  1
GRIDFORMAT_BEGIN
 90
        0
 91
        1
 62
     0
 92
       -2
340
0
 93
        0
 40
0.045
309
GRIDFORMAT_END
 95
       16
302
GRIDFORMAT
  1
GRIDFORMAT_BEGIN
 90
        0
 91
        1
 62
     0
 92
       -2
340
0
 93
        0
 40
0.045
309
GRIDFORMAT_END
 95
       32
302
GRIDFORMAT
  1
GRIDFORMAT_BEGIN
 90
        0
 91
        1
 62
     0
 92
       -2
340
0
 93
        0
 40
0.045
309
GRIDFORMAT_END
309
TABLEFORMAT_END
  1
CELLSTYLE_BEGIN
 90
        3
 91
        2
300
_DATA
309
CELLSTYLE_END
  0
XRECORD
  5
8C73
102
{ACAD_REACTORS
330
6834
102
}
330
6834
100
AcDbXrecord
280
     1
102
ACAD_ROUNDTRIP_PRE2007_TABLESTYLE
 90
      512
 91
        0
  1

 92
      512
 93
        0
  2

 94
      512
 95
        0
  3

  0
XRECORD
  5
8C4E
102
{ACAD_REACTORS
330
8C4D
102
}
330
8C4D
100
AcDbXrecord
280
     1
102
RTVSPost2010Prop28
280
     1
102
RTVSPost2010PropOp28
 70
     1
102
RTVSPost2010Prop29
280
     1
102
RTVSPost2010PropOp29
 70
     1
102
RTVSPost2010Prop30
280
     0
102
RTVSPost2010PropOp30
 70
     1
102
RTVSPost2010Prop31
280
     0
102
RTVSPost2010PropOp31
 70
     1
102
RTVSPost2010Prop32
280
     0
102
RTVSPost2010PropOp32
 70
     1
102
RTVSPost2010Prop33
280
     0
102
RTVSPost2010PropOp33
 70
     1
102
RTVSPost2010Prop34
280
     0
102
RTVSPost2010PropOp34
 70
     1
102
RTVSPost2010Prop35
280
     0
102
RTVSPost2010PropOp35
 70
     1
102
RTVSPost2010Prop36
280
     0
102
RTVSPost2010PropOp36
 70
     1
102
RTVSPost2010Prop37
 90
       50
102
RTVSPost2010PropOp37
 70
     1
102
RTVSPost2010Prop38
140
0.0
102
RTVSPost2010PropOp38
 70
     1
102
RTVSPost2010Prop39
140
1.0
102
RTVSPost2010PropOp39
 70
     1
102
RTVSPost2010Prop40
 90
        0
102
RTVSPost2010PropOp40
 70
     1
102
RTVSPost2010Prop41ColorIndex
 90
       18
102
RTVSPost2010Prop41ColorRGB
 90
        0
102
RTVSPost2010PropOp41
 70
     1
102
RTVSPost2010Prop42
 90
       50
102
RTVSPost2010PropOp42
 70
     1
102
RTVSPost2010Prop43
 90
        3
102
RTVSPost2010PropOp43
 70
     1
102
RTVSPost2010Prop44ColorIndex
 90
        5
102
RTVSPost2010Prop44ColorRGB
 90
      255
102
RTVSPost2010PropOp44
 70
     1
102
RTVSPost2010Prop45
280
     0
102
RTVSPost2010PropOp45
 70
     1
102
RTVSPost2010Prop46
 90
       50
102
RTVSPost2010PropOp46
 70
     1
102
RTVSPost2010Prop47
 90
       50
102
RTVSPost2010PropOp47
 70
     1
102
RTVSPost2010Prop48
 90
       50
102
RTVSPost2010PropOp48
 70
     1
102
RTVSPost2010Prop49
280
     0
102
RTVSPost2010PropOp49
 70
     1
102
RTVSPost2010Prop50
 90
       50
102
RTVSPost2010PropOp50
 70
     1
102
RTVSPost2010Prop51ColorIndex
 90
      256
102
RTVSPost2010Prop51ColorRGB
 90
-16777216
102
RTVSPost2010PropOp51
 70
     0
102
RTVSPost2010Prop52
140
1.0
102
RTVSPost2010PropOp52
 70
     0
102
RTVSPost2010Prop53
 90
        2
102
RTVSPost2010PropOp53
 70
     1
102
RTVSPost2010Prop54
  1
strokes_ogs.tif
102
RTVSPost2010PropOp54
 70
     1
102
RTVSPost2010Prop55
280
     0
102
RTVSPost2010PropOp55
 70
     1
102
RTVSPost2010Prop56
140
1.0
102
RTVSPost2010PropOp56
 70
     1
102
RTVSPost2010Prop57
140
1.0
102
RTVSPost2010PropOp57
 70
     1
102
RTVSPropertyOp0
 70
     1
102
RTVSPropertyOp1
 70
     1
102
RTVSPropertyOp2
 70
     1
102
RTVSPropertyOp3
 70
     1
102
RTVSPropertyOp4
 70
     1
102
RTVSPropertyOp5
 70
     1
102
RTVSPropertyOp6
 70
     1
102
RTVSPropertyOp7
 70
     1
102
RTVSPropertyOp8
 70
     1
102
RTVSPropertyOp9
 70
     1
102
RTVSPropertyOp10
 70
     1
102
RTVSPropertyOp11
 70
     1
102
RTVSPropertyOp12
 70
     1
102
RTVSPropertyOp13
 70
     1
102
RTVSPropertyOp14
 70
     1
102
RTVSPropertyOp15
 70
     1
102
RTVSPropertyOp16
 70
     1
102
RTVSPropertyOp17
 70
     1
102
RTVSPropertyOp18
 70
     1
102
RTVSPropertyOp19
 70
     1
102
RTVSPropertyOp20
 70
     1
102
RTVSPropertyOp21
 70
     1
102
RTVSPropertyOp22
 70
     1
102
RTVSPropertyOp23
 70
     1
102
RTVSPropertyOp24
 70
     1
102
RTVSPropertyOp25
 70
     1
102
RTVSPropertyOp26
 70
     1
102
RTVSPropertyOp27
 70
     1
102
RTVSPropertyOp28
 70
     1
102
RTVSPropertyOp29
 70
     1
102
RTVSPropertyOp30
 70
     1
102
RTVSPropertyOp31
 70
     1
102
RTVSPropertyOp32
 70
     1
102
RTVSPropertyOp33
 70
     1
102
RTVSPropertyOp34
 70
     1
102
RTVSPropertyOp35
 70
     1
102
RTVSPropertyOp36
 70
     1
102
RTVSPropertyOp37
 70
     1
102
RTVSPropertyOp38
 70
     1
102
RTVSPropertyOp39
 70
     1
102
RTVSPropertyOp40
 70
     1
102
RTVSPropertyOp41
 70
     1
102
RTVSPropertyOp42
 70
     1
102
RTVSPropertyOp43
 70
     1
102
RTVSPropertyOp44
 70
     1
102
RTVSPropertyOp45
 70
     1
102
RTVSPropertyOp46
 70
     1
102
RTVSPropertyOp47
 70
     1
102
RTVSPropertyOp48
 70
     1
102
RTVSPropertyOp49
 70
     1
102
RTVSPropertyOp50
 70
     1
102
RTVSPropertyOp51
 70
     0
102
RTVSPropertyOp52
 70
     0
102
RTVSPropertyOp53
 70
     1
102
RTVSPropertyOp54
 70
     1
102
RTVSPropertyOp55
 70
     1
102
RTVSPropertyOp56
 70
     1
102
RTVSPropertyOp57
 70
     1
102
RTVSPropertyOp58
 70
     1
102
RTVSPropertyOp59
 70
     1
102
RTVSPropertyOp60
 70
     1
102
RTVSPropertyOp61
 70
     1
102
RTVSPropertyOp62
 70
     1
  0
XRECORD
  5
8C79
102
{ACAD_REACTORS
330
8C78
102
}
330
8C78
100
AcDbXrecord
280
     1
102
RTVSPost2010Prop28
280
     0
102
RTVSPost2010PropOp28
 70
     1
102
RTVSPost2010Prop29
280
     1
102
RTVSPost2010PropOp29
 70
     1
102
RTVSPost2010Prop30
280
     1
102
RTVSPost2010PropOp30
 70
     1
102
RTVSPost2010Prop31
280
     0
102
RTVSPost2010PropOp31
 70
     1
102
RTVSPost2010Prop32
280
     0
102
RTVSPost2010PropOp32
 70
     1
102
RTVSPost2010Prop33
280
     0
102
RTVSPost2010PropOp33
 70
     1
102
RTVSPost2010Prop34
280
     0
102
RTVSPost2010PropOp34
 70
     1
102
RTVSPost2010Prop35
280
     0
102
RTVSPost2010PropOp35
 70
     1
102
RTVSPost2010Prop36
280
     0
102
RTVSPost2010PropOp36
 70
     1
102
RTVSPost2010Prop37
 90
       50
102
RTVSPost2010PropOp37
 70
     1
102
RTVSPost2010Prop38
140
0.0
102
RTVSPost2010PropOp38
 70
     1
102
RTVSPost2010Prop39
140
1.0
102
RTVSPost2010PropOp39
 70
     1
102
RTVSPost2010Prop40
 90
        0
102
RTVSPost2010PropOp40
 70
     1
102
RTVSPost2010Prop41ColorIndex
 90
       18
102
RTVSPost2010Prop41ColorRGB
 90
        0
102
RTVSPost2010PropOp41
 70
     1
102
RTVSPost2010Prop42
 90
       50
102
RTVSPost2010PropOp42
 70
     1
102
RTVSPost2010Prop43
 90
        3
102
RTVSPost2010PropOp43
 70
     1
102
RTVSPost2010Prop44ColorIndex
 90
        5
102
RTVSPost2010Prop44ColorRGB
 90
      255
102
RTVSPost2010PropOp44
 70
     1
102
RTVSPost2010Prop45
280
     0
102
RTVSPost2010PropOp45
 70
     1
102
RTVSPost2010Prop46
 90
       50
102
RTVSPost2010PropOp46
 70
     1
102
RTVSPost2010Prop47
 90
       50
102
RTVSPost2010PropOp47
 70
     1
102
RTVSPost2010Prop48
 90
       50
102
RTVSPost2010PropOp48
 70
     1
102
RTVSPost2010Prop49
280
     0
102
RTVSPost2010PropOp49
 70
     1
102
RTVSPost2010Prop50
 90
       50
102
RTVSPost2010PropOp50
 70
     1
102
RTVSPost2010Prop51ColorIndex
 90
      256
102
RTVSPost2010Prop51ColorRGB
 90
-16777216
102
RTVSPost2010PropOp51
 70
     0
102
RTVSPost2010Prop52
140
1.0
102
RTVSPost2010PropOp52
 70
     0
102
RTVSPost2010Prop53
 90
        2
102
RTVSPost2010PropOp53
 70
     1
102
RTVSPost2010Prop54
  1
strokes_ogs.tif
102
RTVSPost2010PropOp54
 70
     1
102
RTVSPost2010Prop55
280
     0
102
RTVSPost2010PropOp55
 70
     1
102
RTVSPost2010Prop56
140
1.0
102
RTVSPost2010PropOp56
 70
     1
102
RTVSPost2010Prop57
140
1.0
102
RTVSPost2010PropOp57
 70
     1
102
RTVSPropertyOp0
 70
     1
102
RTVSPropertyOp1
 70
     1
102
RTVSPropertyOp2
 70
     1
102
RTVSPropertyOp3
 70
     1
102
RTVSPropertyOp4
 70
     1
102
RTVSPropertyOp5
 70
     1
102
RTVSPropertyOp6
 70
     1
102
RTVSPropertyOp7
 70
     1
102
RTVSPropertyOp8
 70
     1
102
RTVSPropertyOp9
 70
     1
102
RTVSPropertyOp10
 70
     1
102
RTVSPropertyOp11
 70
     1
102
RTVSPropertyOp12
 70
     1
102
RTVSPropertyOp13
 70
     1
102
RTVSPropertyOp14
 70
     1
102
RTVSPropertyOp15
 70
     1
102
RTVSPropertyOp16
 70
     1
102
RTVSPropertyOp17
 70
     1
102
RTVSPropertyOp18
 70
     1
102
RTVSPropertyOp19
 70
     1
102
RTVSPropertyOp20
 70
     1
102
RTVSPropertyOp21
 70
     1
102
RTVSPropertyOp22
 70
     1
102
RTVSPropertyOp23
 70
     1
102
RTVSPropertyOp24
 70
     1
102
RTVSPropertyOp25
 70
     1
102
RTVSPropertyOp26
 70
     1
102
RTVSPropertyOp27
 70
     1
102
RTVSPropertyOp28
 70
     1
102
RTVSPropertyOp29
 70
     1
102
RTVSPropertyOp30
 70
     1
102
RTVSPropertyOp31
 70
     1
102
RTVSPropertyOp32
 70
     1
102
RTVSPropertyOp33
 70
     1
102
RTVSPropertyOp34
 70
     1
102
RTVSPropertyOp35
 70
     1
102
RTVSPropertyOp36
 70
     1
102
RTVSPropertyOp37
 70
     1
102
RTVSPropertyOp38
 70
     1
102
RTVSPropertyOp39
 70
     1
102
RTVSPropertyOp40
 70
     1
102
RTVSPropertyOp41
 70
     1
102
RTVSPropertyOp42
 70
     1
102
RTVSPropertyOp43
 70
     1
102
RTVSPropertyOp44
 70
     1
102
RTVSPropertyOp45
 70
     1
102
RTVSPropertyOp46
 70
     1
102
RTVSPropertyOp47
 70
     1
102
RTVSPropertyOp48
 70
     1
102
RTVSPropertyOp49
 70
     1
102
RTVSPropertyOp50
 70
     1
102
RTVSPropertyOp51
 70
     0
102
RTVSPropertyOp52
 70
     0
102
RTVSPropertyOp53
 70
     1
102
RTVSPropertyOp54
 70
     1
102
RTVSPropertyOp55
 70
     1
102
RTVSPropertyOp56
 70
     1
102
RTVSPropertyOp57
 70
     1
102
RTVSPropertyOp58
 70
     1
102
RTVSPropertyOp59
 70
     1
102
RTVSPropertyOp60
 70
     1
102
RTVSPropertyOp61
 70
     1
102
RTVSPropertyOp62
 70
     1
  0
XRECORD
  5
8C4C
102
{ACAD_REACTORS
330
8C4B
102
}
330
8C4B
100
AcDbXrecord
280
     1
102
RTVSPost2010Prop28
280
     0
102
RTVSPost2010PropOp28
 70
     1
102
RTVSPost2010Prop29
280
     1
102
RTVSPost2010PropOp29
 70
     1
102
RTVSPost2010Prop30
280
     1
102
RTVSPost2010PropOp30
 70
     1
102
RTVSPost2010Prop31
280
     0
102
RTVSPost2010PropOp31
 70
     1
102
RTVSPost2010Prop32
280
     0
102
RTVSPost2010PropOp32
 70
     1
102
RTVSPost2010Prop33
280
     0
102
RTVSPost2010PropOp33
 70
     1
102
RTVSPost2010Prop34
280
     0
102
RTVSPost2010PropOp34
 70
     1
102
RTVSPost2010Prop35
280
     0
102
RTVSPost2010PropOp35
 70
     1
102
RTVSPost2010Prop36
280
     0
102
RTVSPost2010PropOp36
 70
     1
102
RTVSPost2010Prop37
 90
       50
102
RTVSPost2010PropOp37
 70
     1
102
RTVSPost2010Prop38
140
0.0
102
RTVSPost2010PropOp38
 70
     1
102
RTVSPost2010Prop39
140
1.0
102
RTVSPost2010PropOp39
 70
     1
102
RTVSPost2010Prop40
 90
        0
102
RTVSPost2010PropOp40
 70
     1
102
RTVSPost2010Prop41ColorIndex
 90
       18
102
RTVSPost2010Prop41ColorRGB
 90
        0
102
RTVSPost2010PropOp41
 70
     1
102
RTVSPost2010Prop42
 90
       50
102
RTVSPost2010PropOp42
 70
     1
102
RTVSPost2010Prop43
 90
        3
102
RTVSPost2010PropOp43
 70
     1
102
RTVSPost2010Prop44ColorIndex
 90
        5
102
RTVSPost2010Prop44ColorRGB
 90
      255
102
RTVSPost2010PropOp44
 70
     1
102
RTVSPost2010Prop45
280
     0
102
RTVSPost2010PropOp45
 70
     1
102
RTVSPost2010Prop46
 90
       50
102
RTVSPost2010PropOp46
 70
     1
102
RTVSPost2010Prop47
 90
       50
102
RTVSPost2010PropOp47
 70
     1
102
RTVSPost2010Prop48
 90
       50
102
RTVSPost2010PropOp48
 70
     1
102
RTVSPost2010Prop49
280
     0
102
RTVSPost2010PropOp49
 70
     1
102
RTVSPost2010Prop50
 90
       50
102
RTVSPost2010PropOp50
 70
     1
102
RTVSPost2010Prop51ColorIndex
 90
      256
102
RTVSPost2010Prop51ColorRGB
 90
-16777216
102
RTVSPost2010PropOp51
 70
     0
102
RTVSPost2010Prop52
140
1.0
102
RTVSPost2010PropOp52
 70
     0
102
RTVSPost2010Prop53
 90
        2
102
RTVSPost2010PropOp53
 70
     1
102
RTVSPost2010Prop54
  1
strokes_ogs.tif
102
RTVSPost2010PropOp54
 70
     1
102
RTVSPost2010Prop55
280
     0
102
RTVSPost2010PropOp55
 70
     1
102
RTVSPost2010Prop56
140
1.0
102
RTVSPost2010PropOp56
 70
     1
102
RTVSPost2010Prop57
140
1.0
102
RTVSPost2010PropOp57
 70
     1
102
RTVSPropertyOp0
 70
     1
102
RTVSPropertyOp1
 70
     1
102
RTVSPropertyOp2
 70
     1
102
RTVSPropertyOp3
 70
     1
102
RTVSPropertyOp4
 70
     1
102
RTVSPropertyOp5
 70
     1
102
RTVSPropertyOp6
 70
     1
102
RTVSPropertyOp7
 70
     1
102
RTVSPropertyOp8
 70
     1
102
RTVSPropertyOp9
 70
     1
102
RTVSPropertyOp10
 70
     1
102
RTVSPropertyOp11
 70
     1
102
RTVSPropertyOp12
 70
     1
102
RTVSPropertyOp13
 70
     1
102
RTVSPropertyOp14
 70
     1
102
RTVSPropertyOp15
 70
     1
102
RTVSPropertyOp16
 70
     1
102
RTVSPropertyOp17
 70
     1
102
RTVSPropertyOp18
 70
     1
102
RTVSPropertyOp19
 70
     1
102
RTVSPropertyOp20
 70
     1
102
RTVSPropertyOp21
 70
     1
102
RTVSPropertyOp22
 70
     1
102
RTVSPropertyOp23
 70
     1
102
RTVSPropertyOp24
 70
     1
102
RTVSPropertyOp25
 70
     1
102
RTVSPropertyOp26
 70
     1
102
RTVSPropertyOp27
 70
     1
102
RTVSPropertyOp28
 70
     1
102
RTVSPropertyOp29
 70
     1
102
RTVSPropertyOp30
 70
     1
102
RTVSPropertyOp31
 70
     1
102
RTVSPropertyOp32
 70
     1
102
RTVSPropertyOp33
 70
     1
102
RTVSPropertyOp34
 70
     1
102
RTVSPropertyOp35
 70
     1
102
RTVSPropertyOp36
 70
     1
102
RTVSPropertyOp37
 70
     1
102
RTVSPropertyOp38
 70
     1
102
RTVSPropertyOp39
 70
     1
102
RTVSPropertyOp40
 70
     1
102
RTVSPropertyOp41
 70
     1
102
RTVSPropertyOp42
 70
     1
102
RTVSPropertyOp43
 70
     1
102
RTVSPropertyOp44
 70
     1
102
RTVSPropertyOp45
 70
     1
102
RTVSPropertyOp46
 70
     1
102
RTVSPropertyOp47
 70
     1
102
RTVSPropertyOp48
 70
     1
102
RTVSPropertyOp49
 70
     1
102
RTVSPropertyOp50
 70
     1
102
RTVSPropertyOp51
 70
     0
102
RTVSPropertyOp52
 70
     0
102
RTVSPropertyOp53
 70
     1
102
RTVSPropertyOp54
 70
     1
102
RTVSPropertyOp55
 70
     1
102
RTVSPropertyOp56
 70
     1
102
RTVSPropertyOp57
 70
     1
102
RTVSPropertyOp58
 70
     1
102
RTVSPropertyOp59
 70
     1
102
RTVSPropertyOp60
 70
     1
102
RTVSPropertyOp61
 70
     1
102
RTVSPropertyOp62
 70
     1
  0
XRECORD
  5
8C5A
102
{ACAD_REACTORS
330
8C59
102
}
330
8C59
100
AcDbXrecord
280
     1
102
RTVSPost2010Prop28
280
     0
102
RTVSPost2010PropOp28
 70
     1
102
RTVSPost2010Prop29
280
     1
102
RTVSPost2010PropOp29
 70
     1
102
RTVSPost2010Prop30
280
     1
102
RTVSPost2010PropOp30
 70
     1
102
RTVSPost2010Prop31
280
     0
102
RTVSPost2010PropOp31
 70
     1
102
RTVSPost2010Prop32
280
     0
102
RTVSPost2010PropOp32
 70
     1
102
RTVSPost2010Prop33
280
     0
102
RTVSPost2010PropOp33
 70
     1
102
RTVSPost2010Prop34
280
     0
102
RTVSPost2010PropOp34
 70
     1
102
RTVSPost2010Prop35
280
     0
102
RTVSPost2010PropOp35
 70
     1
102
RTVSPost2010Prop36
280
     0
102
RTVSPost2010PropOp36
 70
     1
102
RTVSPost2010Prop37
 90
       50
102
RTVSPost2010PropOp37
 70
     1
102
RTVSPost2010Prop38
140
0.0
102
RTVSPost2010PropOp38
 70
     1
102
RTVSPost2010Prop39
140
1.0
102
RTVSPost2010PropOp39
 70
     1
102
RTVSPost2010Prop40
 90
        0
102
RTVSPost2010PropOp40
 70
     1
102
RTVSPost2010Prop41ColorIndex
 90
       18
102
RTVSPost2010Prop41ColorRGB
 90
        0
102
RTVSPost2010PropOp41
 70
     1
102
RTVSPost2010Prop42
 90
       50
102
RTVSPost2010PropOp42
 70
     1
102
RTVSPost2010Prop43
 90
        3
102
RTVSPost2010PropOp43
 70
     1
102
RTVSPost2010Prop44ColorIndex
 90
        5
102
RTVSPost2010Prop44ColorRGB
 90
      255
102
RTVSPost2010PropOp44
 70
     1
102
RTVSPost2010Prop45
280
     0
102
RTVSPost2010PropOp45
 70
     1
102
RTVSPost2010Prop46
 90
       50
102
RTVSPost2010PropOp46
 70
     1
102
RTVSPost2010Prop47
 90
       50
102
RTVSPost2010PropOp47
 70
     1
102
RTVSPost2010Prop48
 90
       50
102
RTVSPost2010PropOp48
 70
     1
102
RTVSPost2010Prop49
280
     0
102
RTVSPost2010PropOp49
 70
     1
102
RTVSPost2010Prop50
 90
       50
102
RTVSPost2010PropOp50
 70
     1
102
RTVSPost2010Prop51ColorIndex
 90
      256
102
RTVSPost2010Prop51ColorRGB
 90
-16777216
102
RTVSPost2010PropOp51
 70
     0
102
RTVSPost2010Prop52
140
1.0
102
RTVSPost2010PropOp52
 70
     0
102
RTVSPost2010Prop53
 90
        2
102
RTVSPost2010PropOp53
 70
     1
102
RTVSPost2010Prop54
  1
strokes_ogs.tif
102
RTVSPost2010PropOp54
 70
     1
102
RTVSPost2010Prop55
280
     0
102
RTVSPost2010PropOp55
 70
     1
102
RTVSPost2010Prop56
140
1.0
102
RTVSPost2010PropOp56
 70
     1
102
RTVSPost2010Prop57
140
1.0
102
RTVSPost2010PropOp57
 70
     1
102
RTVSPropertyOp0
 70
     1
102
RTVSPropertyOp1
 70
     1
102
RTVSPropertyOp2
 70
     1
102
RTVSPropertyOp3
 70
     1
102
RTVSPropertyOp4
 70
     1
102
RTVSPropertyOp5
 70
     1
102
RTVSPropertyOp6
 70
     1
102
RTVSPropertyOp7
 70
     1
102
RTVSPropertyOp8
 70
     1
102
RTVSPropertyOp9
 70
     1
102
RTVSPropertyOp10
 70
     1
102
RTVSPropertyOp11
 70
     1
102
RTVSPropertyOp12
 70
     1
102
RTVSPropertyOp13
 70
     1
102
RTVSPropertyOp14
 70
     1
102
RTVSPropertyOp15
 70
     1
102
RTVSPropertyOp16
 70
     1
102
RTVSPropertyOp17
 70
     1
102
RTVSPropertyOp18
 70
     1
102
RTVSPropertyOp19
 70
     1
102
RTVSPropertyOp20
 70
     1
102
RTVSPropertyOp21
 70
     1
102
RTVSPropertyOp22
 70
     1
102
RTVSPropertyOp23
 70
     1
102
RTVSPropertyOp24
 70
     1
102
RTVSPropertyOp25
 70
     1
102
RTVSPropertyOp26
 70
     1
102
RTVSPropertyOp27
 70
     1
102
RTVSPropertyOp28
 70
     1
102
RTVSPropertyOp29
 70
     1
102
RTVSPropertyOp30
 70
     1
102
RTVSPropertyOp31
 70
     1
102
RTVSPropertyOp32
 70
     1
102
RTVSPropertyOp33
 70
     1
102
RTVSPropertyOp34
 70
     1
102
RTVSPropertyOp35
 70
     1
102
RTVSPropertyOp36
 70
     1
102
RTVSPropertyOp37
 70
     1
102
RTVSPropertyOp38
 70
     1
102
RTVSPropertyOp39
 70
     1
102
RTVSPropertyOp40
 70
     1
102
RTVSPropertyOp41
 70
     1
102
RTVSPropertyOp42
 70
     1
102
RTVSPropertyOp43
 70
     1
102
RTVSPropertyOp44
 70
     1
102
RTVSPropertyOp45
 70
     1
102
RTVSPropertyOp46
 70
     1
102
RTVSPropertyOp47
 70
     1
102
RTVSPropertyOp48
 70
     1
102
RTVSPropertyOp49
 70
     1
102
RTVSPropertyOp50
 70
     1
102
RTVSPropertyOp51
 70
     0
102
RTVSPropertyOp52
 70
     0
102
RTVSPropertyOp53
 70
     1
102
RTVSPropertyOp54
 70
     1
102
RTVSPropertyOp55
 70
     1
102
RTVSPropertyOp56
 70
     1
102
RTVSPropertyOp57
 70
     1
102
RTVSPropertyOp58
 70
     1
102
RTVSPropertyOp59
 70
     1
102
RTVSPropertyOp60
 70
     1
102
RTVSPropertyOp61
 70
     1
102
RTVSPropertyOp62
 70
     1
  0
XRECORD
  5
8C62
102
{ACAD_REACTORS
330
8C61
102
}
330
8C61
100
AcDbXrecord
280
     1
102
RTVSPost2010Prop28
280
     0
102
RTVSPost2010PropOp28
 70
     1
102
RTVSPost2010Prop29
280
     1
102
RTVSPost2010PropOp29
 70
     1
102
RTVSPost2010Prop30
280
     1
102
RTVSPost2010PropOp30
 70
     1
102
RTVSPost2010Prop31
280
     0
102
RTVSPost2010PropOp31
 70
     1
102
RTVSPost2010Prop32
280
     0
102
RTVSPost2010PropOp32
 70
     1
102
RTVSPost2010Prop33
280
     0
102
RTVSPost2010PropOp33
 70
     1
102
RTVSPost2010Prop34
280
     0
102
RTVSPost2010PropOp34
 70
     1
102
RTVSPost2010Prop35
280
     0
102
RTVSPost2010PropOp35
 70
     1
102
RTVSPost2010Prop36
280
     0
102
RTVSPost2010PropOp36
 70
     1
102
RTVSPost2010Prop37
 90
       50
102
RTVSPost2010PropOp37
 70
     1
102
RTVSPost2010Prop38
140
0.0
102
RTVSPost2010PropOp38
 70
     1
102
RTVSPost2010Prop39
140
1.0
102
RTVSPost2010PropOp39
 70
     1
102
RTVSPost2010Prop40
 90
        0
102
RTVSPost2010PropOp40
 70
     1
102
RTVSPost2010Prop41ColorIndex
 90
       18
102
RTVSPost2010Prop41ColorRGB
 90
        0
102
RTVSPost2010PropOp41
 70
     1
102
RTVSPost2010Prop42
 90
       50
102
RTVSPost2010PropOp42
 70
     1
102
RTVSPost2010Prop43
 90
        3
102
RTVSPost2010PropOp43
 70
     1
102
RTVSPost2010Prop44ColorIndex
 90
        5
102
RTVSPost2010Prop44ColorRGB
 90
      255
102
RTVSPost2010PropOp44
 70
     1
102
RTVSPost2010Prop45
280
     0
102
RTVSPost2010PropOp45
 70
     1
102
RTVSPost2010Prop46
 90
       50
102
RTVSPost2010PropOp46
 70
     1
102
RTVSPost2010Prop47
 90
       50
102
RTVSPost2010PropOp47
 70
     1
102
RTVSPost2010Prop48
 90
       50
102
RTVSPost2010PropOp48
 70
     1
102
RTVSPost2010Prop49
280
     0
102
RTVSPost2010PropOp49
 70
     1
102
RTVSPost2010Prop50
 90
       50
102
RTVSPost2010PropOp50
 70
     1
102
RTVSPost2010Prop51ColorIndex
 90
      256
102
RTVSPost2010Prop51ColorRGB
 90
-16777216
102
RTVSPost2010PropOp51
 70
     0
102
RTVSPost2010Prop52
140
1.0
102
RTVSPost2010PropOp52
 70
     0
102
RTVSPost2010Prop53
 90
        2
102
RTVSPost2010PropOp53
 70
     1
102
RTVSPost2010Prop54
  1
strokes_ogs.tif
102
RTVSPost2010PropOp54
 70
     1
102
RTVSPost2010Prop55
280
     0
102
RTVSPost2010PropOp55
 70
     1
102
RTVSPost2010Prop56
140
1.0
102
RTVSPost2010PropOp56
 70
     1
102
RTVSPost2010Prop57
140
1.0
102
RTVSPost2010PropOp57
 70
     1
102
RTVSPropertyOp0
 70
     1
102
RTVSPropertyOp1
 70
     1
102
RTVSPropertyOp2
 70
     1
102
RTVSPropertyOp3
 70
     1
102
RTVSPropertyOp4
 70
     1
102
RTVSPropertyOp5
 70
     1
102
RTVSPropertyOp6
 70
     1
102
RTVSPropertyOp7
 70
     1
102
RTVSPropertyOp8
 70
     1
102
RTVSPropertyOp9
 70
     1
102
RTVSPropertyOp10
 70
     1
102
RTVSPropertyOp11
 70
     1
102
RTVSPropertyOp12
 70
     1
102
RTVSPropertyOp13
 70
     1
102
RTVSPropertyOp14
 70
     1
102
RTVSPropertyOp15
 70
     1
102
RTVSPropertyOp16
 70
     1
102
RTVSPropertyOp17
 70
     1
102
RTVSPropertyOp18
 70
     1
102
RTVSPropertyOp19
 70
     1
102
RTVSPropertyOp20
 70
     1
102
RTVSPropertyOp21
 70
     1
102
RTVSPropertyOp22
 70
     1
102
RTVSPropertyOp23
 70
     1
102
RTVSPropertyOp24
 70
     1
102
RTVSPropertyOp25
 70
     1
102
RTVSPropertyOp26
 70
     1
102
RTVSPropertyOp27
 70
     1
102
RTVSPropertyOp28
 70
     1
102
RTVSPropertyOp29
 70
     1
102
RTVSPropertyOp30
 70
     1
102
RTVSPropertyOp31
 70
     1
102
RTVSPropertyOp32
 70
     1
102
RTVSPropertyOp33
 70
     1
102
RTVSPropertyOp34
 70
     1
102
RTVSPropertyOp35
 70
     1
102
RTVSPropertyOp36
 70
     1
102
RTVSPropertyOp37
 70
     1
102
RTVSPropertyOp38
 70
     1
102
RTVSPropertyOp39
 70
     1
102
RTVSPropertyOp40
 70
     1
102
RTVSPropertyOp41
 70
     1
102
RTVSPropertyOp42
 70
     1
102
RTVSPropertyOp43
 70
     1
102
RTVSPropertyOp44
 70
     1
102
RTVSPropertyOp45
 70
     1
102
RTVSPropertyOp46
 70
     1
102
RTVSPropertyOp47
 70
     1
102
RTVSPropertyOp48
 70
     1
102
RTVSPropertyOp49
 70
     1
102
RTVSPropertyOp50
 70
     1
102
RTVSPropertyOp51
 70
     0
102
RTVSPropertyOp52
 70
     0
102
RTVSPropertyOp53
 70
     1
102
RTVSPropertyOp54
 70
     1
102
RTVSPropertyOp55
 70
     1
102
RTVSPropertyOp56
 70
     1
102
RTVSPropertyOp57
 70
     1
102
RTVSPropertyOp58
 70
     1
102
RTVSPropertyOp59
 70
     1
102
RTVSPropertyOp60
 70
     1
102
RTVSPropertyOp61
 70
     1
102
RTVSPropertyOp62
 70
     1
  0
XRECORD
  5
8C54
102
{ACAD_REACTORS
330
8C53
102
}
330
8C53
100
AcDbXrecord
280
     1
102
RTVSPost2010Prop28
280
     0
102
RTVSPost2010PropOp28
 70
     1
102
RTVSPost2010Prop29
280
     1
102
RTVSPost2010PropOp29
 70
     1
102
RTVSPost2010Prop30
280
     1
102
RTVSPost2010PropOp30
 70
     1
102
RTVSPost2010Prop31
280
     0
102
RTVSPost2010PropOp31
 70
     1
102
RTVSPost2010Prop32
280
     0
102
RTVSPost2010PropOp32
 70
     1
102
RTVSPost2010Prop33
280
     0
102
RTVSPost2010PropOp33
 70
     1
102
RTVSPost2010Prop34
280
     0
102
RTVSPost2010PropOp34
 70
     1
102
RTVSPost2010Prop35
280
     0
102
RTVSPost2010PropOp35
 70
     1
102
RTVSPost2010Prop36
280
     0
102
RTVSPost2010PropOp36
 70
     1
102
RTVSPost2010Prop37
 90
       50
102
RTVSPost2010PropOp37
 70
     1
102
RTVSPost2010Prop38
140
0.0
102
RTVSPost2010PropOp38
 70
     1
102
RTVSPost2010Prop39
140
1.0
102
RTVSPost2010PropOp39
 70
     1
102
RTVSPost2010Prop40
 90
        0
102
RTVSPost2010PropOp40
 70
     1
102
RTVSPost2010Prop41ColorIndex
 90
       18
102
RTVSPost2010Prop41ColorRGB
 90
        0
102
RTVSPost2010PropOp41
 70
     1
102
RTVSPost2010Prop42
 90
       50
102
RTVSPost2010PropOp42
 70
     1
102
RTVSPost2010Prop43
 90
        3
102
RTVSPost2010PropOp43
 70
     1
102
RTVSPost2010Prop44ColorIndex
 90
        5
102
RTVSPost2010Prop44ColorRGB
 90
      255
102
RTVSPost2010PropOp44
 70
     1
102
RTVSPost2010Prop45
280
     0
102
RTVSPost2010PropOp45
 70
     1
102
RTVSPost2010Prop46
 90
       50
102
RTVSPost2010PropOp46
 70
     1
102
RTVSPost2010Prop47
 90
       50
102
RTVSPost2010PropOp47
 70
     1
102
RTVSPost2010Prop48
 90
       50
102
RTVSPost2010PropOp48
 70
     1
102
RTVSPost2010Prop49
280
     0
102
RTVSPost2010PropOp49
 70
     1
102
RTVSPost2010Prop50
 90
       50
102
RTVSPost2010PropOp50
 70
     1
102
RTVSPost2010Prop51ColorIndex
 90
      256
102
RTVSPost2010Prop51ColorRGB
 90
-16777216
102
RTVSPost2010PropOp51
 70
     0
102
RTVSPost2010Prop52
140
1.0
102
RTVSPost2010PropOp52
 70
     0
102
RTVSPost2010Prop53
 90
        2
102
RTVSPost2010PropOp53
 70
     1
102
RTVSPost2010Prop54
  1
strokes_ogs.tif
102
RTVSPost2010PropOp54
 70
     1
102
RTVSPost2010Prop55
280
     0
102
RTVSPost2010PropOp55
 70
     1
102
RTVSPost2010Prop56
140
1.0
102
RTVSPost2010PropOp56
 70
     1
102
RTVSPost2010Prop57
140
1.0
102
RTVSPost2010PropOp57
 70
     1
102
RTVSPropertyOp0
 70
     1
102
RTVSPropertyOp1
 70
     1
102
RTVSPropertyOp2
 70
     1
102
RTVSPropertyOp3
 70
     1
102
RTVSPropertyOp4
 70
     1
102
RTVSPropertyOp5
 70
     1
102
RTVSPropertyOp6
 70
     1
102
RTVSPropertyOp7
 70
     1
102
RTVSPropertyOp8
 70
     1
102
RTVSPropertyOp9
 70
     1
102
RTVSPropertyOp10
 70
     1
102
RTVSPropertyOp11
 70
     1
102
RTVSPropertyOp12
 70
     1
102
RTVSPropertyOp13
 70
     1
102
RTVSPropertyOp14
 70
     1
102
RTVSPropertyOp15
 70
     1
102
RTVSPropertyOp16
 70
     1
102
RTVSPropertyOp17
 70
     1
102
RTVSPropertyOp18
 70
     1
102
RTVSPropertyOp19
 70
     1
102
RTVSPropertyOp20
 70
     1
102
RTVSPropertyOp21
 70
     1
102
RTVSPropertyOp22
 70
     1
102
RTVSPropertyOp23
 70
     1
102
RTVSPropertyOp24
 70
     1
102
RTVSPropertyOp25
 70
     1
102
RTVSPropertyOp26
 70
     1
102
RTVSPropertyOp27
 70
     1
102
RTVSPropertyOp28
 70
     1
102
RTVSPropertyOp29
 70
     1
102
RTVSPropertyOp30
 70
     1
102
RTVSPropertyOp31
 70
     1
102
RTVSPropertyOp32
 70
     1
102
RTVSPropertyOp33
 70
     1
102
RTVSPropertyOp34
 70
     1
102
RTVSPropertyOp35
 70
     1
102
RTVSPropertyOp36
 70
     1
102
RTVSPropertyOp37
 70
     1
102
RTVSPropertyOp38
 70
     1
102
RTVSPropertyOp39
 70
     1
102
RTVSPropertyOp40
 70
     1
102
RTVSPropertyOp41
 70
     1
102
RTVSPropertyOp42
 70
     1
102
RTVSPropertyOp43
 70
     1
102
RTVSPropertyOp44
 70
     1
102
RTVSPropertyOp45
 70
     1
102
RTVSPropertyOp46
 70
     1
102
RTVSPropertyOp47
 70
     1
102
RTVSPropertyOp48
 70
     1
102
RTVSPropertyOp49
 70
     1
102
RTVSPropertyOp50
 70
     1
102
RTVSPropertyOp51
 70
     0
102
RTVSPropertyOp52
 70
     0
102
RTVSPropertyOp53
 70
     1
102
RTVSPropertyOp54
 70
     1
102
RTVSPropertyOp55
 70
     1
102
RTVSPropertyOp56
 70
     1
102
RTVSPropertyOp57
 70
     1
102
RTVSPropertyOp58
 70
     1
102
RTVSPropertyOp59
 70
     1
102
RTVSPropertyOp60
 70
     1
102
RTVSPropertyOp61
 70
     1
102
RTVSPropertyOp62
 70
     1
  0
XRECORD
  5
8C58
102
{ACAD_REACTORS
330
8C57
102
}
330
8C57
100
AcDbXrecord
280
     1
102
RTVSPost2010Prop28
280
     0
102
RTVSPost2010PropOp28
 70
     1
102
RTVSPost2010Prop29
280
     1
102
RTVSPost2010PropOp29
 70
     1
102
RTVSPost2010Prop30
280
     1
102
RTVSPost2010PropOp30
 70
     1
102
RTVSPost2010Prop31
280
     0
102
RTVSPost2010PropOp31
 70
     1
102
RTVSPost2010Prop32
280
     0
102
RTVSPost2010PropOp32
 70
     1
102
RTVSPost2010Prop33
280
     0
102
RTVSPost2010PropOp33
 70
     1
102
RTVSPost2010Prop34
280
     0
102
RTVSPost2010PropOp34
 70
     1
102
RTVSPost2010Prop35
280
     0
102
RTVSPost2010PropOp35
 70
     1
102
RTVSPost2010Prop36
280
     0
102
RTVSPost2010PropOp36
 70
     1
102
RTVSPost2010Prop37
 90
       50
102
RTVSPost2010PropOp37
 70
     1
102
RTVSPost2010Prop38
140
0.0
102
RTVSPost2010PropOp38
 70
     1
102
RTVSPost2010Prop39
140
1.0
102
RTVSPost2010PropOp39
 70
     1
102
RTVSPost2010Prop40
 90
        0
102
RTVSPost2010PropOp40
 70
     1
102
RTVSPost2010Prop41ColorIndex
 90
       18
102
RTVSPost2010Prop41ColorRGB
 90
        0
102
RTVSPost2010PropOp41
 70
     1
102
RTVSPost2010Prop42
 90
       50
102
RTVSPost2010PropOp42
 70
     1
102
RTVSPost2010Prop43
 90
        3
102
RTVSPost2010PropOp43
 70
     1
102
RTVSPost2010Prop44ColorIndex
 90
        5
102
RTVSPost2010Prop44ColorRGB
 90
      255
102
RTVSPost2010PropOp44
 70
     1
102
RTVSPost2010Prop45
280
     0
102
RTVSPost2010PropOp45
 70
     1
102
RTVSPost2010Prop46
 90
       50
102
RTVSPost2010PropOp46
 70
     1
102
RTVSPost2010Prop47
 90
       50
102
RTVSPost2010PropOp47
 70
     1
102
RTVSPost2010Prop48
 90
       50
102
RTVSPost2010PropOp48
 70
     1
102
RTVSPost2010Prop49
280
     0
102
RTVSPost2010PropOp49
 70
     1
102
RTVSPost2010Prop50
 90
       50
102
RTVSPost2010PropOp50
 70
     1
102
RTVSPost2010Prop51ColorIndex
 90
      256
102
RTVSPost2010Prop51ColorRGB
 90
-16777216
102
RTVSPost2010PropOp51
 70
     0
102
RTVSPost2010Prop52
140
1.0
102
RTVSPost2010PropOp52
 70
     0
102
RTVSPost2010Prop53
 90
        2
102
RTVSPost2010PropOp53
 70
     1
102
RTVSPost2010Prop54
  1
strokes_ogs.tif
102
RTVSPost2010PropOp54
 70
     1
102
RTVSPost2010Prop55
280
     0
102
RTVSPost2010PropOp55
 70
     1
102
RTVSPost2010Prop56
140
1.0
102
RTVSPost2010PropOp56
 70
     1
102
RTVSPost2010Prop57
140
1.0
102
RTVSPost2010PropOp57
 70
     1
102
RTVSPropertyOp0
 70
     1
102
RTVSPropertyOp1
 70
     1
102
RTVSPropertyOp2
 70
     1
102
RTVSPropertyOp3
 70
     1
102
RTVSPropertyOp4
 70
     1
102
RTVSPropertyOp5
 70
     1
102
RTVSPropertyOp6
 70
     1
102
RTVSPropertyOp7
 70
     1
102
RTVSPropertyOp8
 70
     1
102
RTVSPropertyOp9
 70
     1
102
RTVSPropertyOp10
 70
     1
102
RTVSPropertyOp11
 70
     1
102
RTVSPropertyOp12
 70
     1
102
RTVSPropertyOp13
 70
     1
102
RTVSPropertyOp14
 70
     1
102
RTVSPropertyOp15
 70
     1
102
RTVSPropertyOp16
 70
     1
102
RTVSPropertyOp17
 70
     1
102
RTVSPropertyOp18
 70
     1
102
RTVSPropertyOp19
 70
     1
102
RTVSPropertyOp20
 70
     1
102
RTVSPropertyOp21
 70
     1
102
RTVSPropertyOp22
 70
     1
102
RTVSPropertyOp23
 70
     1
102
RTVSPropertyOp24
 70
     1
102
RTVSPropertyOp25
 70
     1
102
RTVSPropertyOp26
 70
     1
102
RTVSPropertyOp27
 70
     1
102
RTVSPropertyOp28
 70
     1
102
RTVSPropertyOp29
 70
     1
102
RTVSPropertyOp30
 70
     1
102
RTVSPropertyOp31
 70
     1
102
RTVSPropertyOp32
 70
     1
102
RTVSPropertyOp33
 70
     1
102
RTVSPropertyOp34
 70
     1
102
RTVSPropertyOp35
 70
     1
102
RTVSPropertyOp36
 70
     1
102
RTVSPropertyOp37
 70
     1
102
RTVSPropertyOp38
 70
     1
102
RTVSPropertyOp39
 70
     1
102
RTVSPropertyOp40
 70
     1
102
RTVSPropertyOp41
 70
     1
102
RTVSPropertyOp42
 70
     1
102
RTVSPropertyOp43
 70
     1
102
RTVSPropertyOp44
 70
     1
102
RTVSPropertyOp45
 70
     1
102
RTVSPropertyOp46
 70
     1
102
RTVSPropertyOp47
 70
     1
102
RTVSPropertyOp48
 70
     1
102
RTVSPropertyOp49
 70
     1
102
RTVSPropertyOp50
 70
     1
102
RTVSPropertyOp51
 70
     0
102
RTVSPropertyOp52
 70
     0
102
RTVSPropertyOp53
 70
     1
102
RTVSPropertyOp54
 70
     1
102
RTVSPropertyOp55
 70
     1
102
RTVSPropertyOp56
 70
     1
102
RTVSPropertyOp57
 70
     1
102
RTVSPropertyOp58
 70
     1
102
RTVSPropertyOp59
 70
     1
102
RTVSPropertyOp60
 70
     1
102
RTVSPropertyOp61
 70
     1
102
RTVSPropertyOp62
 70
     1
  0
XRECORD
  5
8C72
102
{ACAD_REACTORS
330
8C71
102
}
330
8C71
100
AcDbXrecord
280
     1
102
RTVSPost2010Prop28
280
     0
102
RTVSPost2010PropOp28
 70
     1
102
RTVSPost2010Prop29
280
     1
102
RTVSPost2010PropOp29
 70
     1
102
RTVSPost2010Prop30
280
     1
102
RTVSPost2010PropOp30
 70
     1
102
RTVSPost2010Prop31
280
     0
102
RTVSPost2010PropOp31
 70
     1
102
RTVSPost2010Prop32
280
     0
102
RTVSPost2010PropOp32
 70
     1
102
RTVSPost2010Prop33
280
     0
102
RTVSPost2010PropOp33
 70
     1
102
RTVSPost2010Prop34
280
     0
102
RTVSPost2010PropOp34
 70
     1
102
RTVSPost2010Prop35
280
     0
102
RTVSPost2010PropOp35
 70
     1
102
RTVSPost2010Prop36
280
     0
102
RTVSPost2010PropOp36
 70
     1
102
RTVSPost2010Prop37
 90
       50
102
RTVSPost2010PropOp37
 70
     1
102
RTVSPost2010Prop38
140
0.0
102
RTVSPost2010PropOp38
 70
     1
102
RTVSPost2010Prop39
140
1.0
102
RTVSPost2010PropOp39
 70
     1
102
RTVSPost2010Prop40
 90
        0
102
RTVSPost2010PropOp40
 70
     1
102
RTVSPost2010Prop41ColorIndex
 90
       18
102
RTVSPost2010Prop41ColorRGB
 90
        0
102
RTVSPost2010PropOp41
 70
     1
102
RTVSPost2010Prop42
 90
       50
102
RTVSPost2010PropOp42
 70
     1
102
RTVSPost2010Prop43
 90
        3
102
RTVSPost2010PropOp43
 70
     1
102
RTVSPost2010Prop44ColorIndex
 90
        5
102
RTVSPost2010Prop44ColorRGB
 90
      255
102
RTVSPost2010PropOp44
 70
     1
102
RTVSPost2010Prop45
280
     0
102
RTVSPost2010PropOp45
 70
     1
102
RTVSPost2010Prop46
 90
       50
102
RTVSPost2010PropOp46
 70
     1
102
RTVSPost2010Prop47
 90
       50
102
RTVSPost2010PropOp47
 70
     1
102
RTVSPost2010Prop48
 90
       50
102
RTVSPost2010PropOp48
 70
     1
102
RTVSPost2010Prop49
280
     0
102
RTVSPost2010PropOp49
 70
     1
102
RTVSPost2010Prop50
 90
       50
102
RTVSPost2010PropOp50
 70
     1
102
RTVSPost2010Prop51ColorIndex
 90
      256
102
RTVSPost2010Prop51ColorRGB
 90
-16777216
102
RTVSPost2010PropOp51
 70
     0
102
RTVSPost2010Prop52
140
1.0
102
RTVSPost2010PropOp52
 70
     0
102
RTVSPost2010Prop53
 90
        2
102
RTVSPost2010PropOp53
 70
     1
102
RTVSPost2010Prop54
  1
strokes_ogs.tif
102
RTVSPost2010PropOp54
 70
     1
102
RTVSPost2010Prop55
280
     0
102
RTVSPost2010PropOp55
 70
     1
102
RTVSPost2010Prop56
140
1.0
102
RTVSPost2010PropOp56
 70
     1
102
RTVSPost2010Prop57
140
1.0
102
RTVSPost2010PropOp57
 70
     1
102
RTVSPropertyOp0
 70
     0
102
RTVSPropertyOp1
 70
     0
102
RTVSPropertyOp2
 70
     0
102
RTVSPropertyOp3
 70
     0
102
RTVSPropertyOp4
 70
     0
102
RTVSPropertyOp5
 70
     0
102
RTVSPropertyOp6
 70
     0
102
RTVSPropertyOp7
 70
     0
102
RTVSPropertyOp8
 70
     0
102
RTVSPropertyOp9
 70
     0
102
RTVSPropertyOp10
 70
     0
102
RTVSPropertyOp11
 70
     0
102
RTVSPropertyOp12
 70
     0
102
RTVSPropertyOp13
 70
     0
102
RTVSPropertyOp14
 70
     2
102
RTVSPropertyOp15
 70
     0
102
RTVSPropertyOp16
 70
     0
102
RTVSPropertyOp17
 70
     0
102
RTVSPropertyOp18
 70
     0
102
RTVSPropertyOp19
 70
     0
102
RTVSPropertyOp20
 70
     0
102
RTVSPropertyOp21
 70
     0
102
RTVSPropertyOp22
 70
     0
102
RTVSPropertyOp23
 70
     0
102
RTVSPropertyOp24
 70
     0
102
RTVSPropertyOp25
 70
     0
102
RTVSPropertyOp26
 70
     0
102
RTVSPropertyOp27
 70
     0
102
RTVSPropertyOp28
 70
     1
102
RTVSPropertyOp29
 70
     1
102
RTVSPropertyOp30
 70
     1
102
RTVSPropertyOp31
 70
     1
102
RTVSPropertyOp32
 70
     1
102
RTVSPropertyOp33
 70
     1
102
RTVSPropertyOp34
 70
     1
102
RTVSPropertyOp35
 70
     1
102
RTVSPropertyOp36
 70
     1
102
RTVSPropertyOp37
 70
     1
102
RTVSPropertyOp38
 70
     1
102
RTVSPropertyOp39
 70
     1
102
RTVSPropertyOp40
 70
     1
102
RTVSPropertyOp41
 70
     1
102
RTVSPropertyOp42
 70
     1
102
RTVSPropertyOp43
 70
     1
102
RTVSPropertyOp44
 70
     1
102
RTVSPropertyOp45
 70
     1
102
RTVSPropertyOp46
 70
     1
102
RTVSPropertyOp47
 70
     1
102
RTVSPropertyOp48
 70
     1
102
RTVSPropertyOp49
 70
     1
102
RTVSPropertyOp50
 70
     1
102
RTVSPropertyOp51
 70
     0
102
RTVSPropertyOp52
 70
     0
102
RTVSPropertyOp53
 70
     1
102
RTVSPropertyOp54
 70
     1
102
RTVSPropertyOp55
 70
     1
102
RTVSPropertyOp56
 70
     1
102
RTVSPropertyOp57
 70
     1
102
RTVSPropertyOp58
 70
     1
102
RTVSPropertyOp59
 70
     1
102
RTVSPropertyOp60
 70
     1
102
RTVSPropertyOp61
 70
     1
102
RTVSPropertyOp62
 70
     1
  0
XRECORD
  5
8C60
102
{ACAD_REACTORS
330
8C5F
102
}
330
8C5F
100
AcDbXrecord
280
     1
102
RTVSPost2010Prop28
280
     0
102
RTVSPost2010PropOp28
 70
     1
102
RTVSPost2010Prop29
280
     1
102
RTVSPost2010PropOp29
 70
     1
102
RTVSPost2010Prop30
280
     1
102
RTVSPost2010PropOp30
 70
     1
102
RTVSPost2010Prop31
280
     0
102
RTVSPost2010PropOp31
 70
     1
102
RTVSPost2010Prop32
280
     0
102
RTVSPost2010PropOp32
 70
     1
102
RTVSPost2010Prop33
280
     0
102
RTVSPost2010PropOp33
 70
     1
102
RTVSPost2010Prop34
280
     0
102
RTVSPost2010PropOp34
 70
     1
102
RTVSPost2010Prop35
280
     0
102
RTVSPost2010PropOp35
 70
     1
102
RTVSPost2010Prop36
280
     0
102
RTVSPost2010PropOp36
 70
     1
102
RTVSPost2010Prop37
 90
       50
102
RTVSPost2010PropOp37
 70
     1
102
RTVSPost2010Prop38
140
0.0
102
RTVSPost2010PropOp38
 70
     1
102
RTVSPost2010Prop39
140
1.0
102
RTVSPost2010PropOp39
 70
     1
102
RTVSPost2010Prop40
 90
        0
102
RTVSPost2010PropOp40
 70
     1
102
RTVSPost2010Prop41ColorIndex
 90
       18
102
RTVSPost2010Prop41ColorRGB
 90
        0
102
RTVSPost2010PropOp41
 70
     1
102
RTVSPost2010Prop42
 90
       50
102
RTVSPost2010PropOp42
 70
     1
102
RTVSPost2010Prop43
 90
        3
102
RTVSPost2010PropOp43
 70
     1
102
RTVSPost2010Prop44ColorIndex
 90
        5
102
RTVSPost2010Prop44ColorRGB
 90
      255
102
RTVSPost2010PropOp44
 70
     1
102
RTVSPost2010Prop45
280
     0
102
RTVSPost2010PropOp45
 70
     1
102
RTVSPost2010Prop46
 90
       50
102
RTVSPost2010PropOp46
 70
     1
102
RTVSPost2010Prop47
 90
       50
102
RTVSPost2010PropOp47
 70
     1
102
RTVSPost2010Prop48
 90
       50
102
RTVSPost2010PropOp48
 70
     1
102
RTVSPost2010Prop49
280
     0
102
RTVSPost2010PropOp49
 70
     1
102
RTVSPost2010Prop50
 90
       50
102
RTVSPost2010PropOp50
 70
     1
102
RTVSPost2010Prop51ColorIndex
 90
      256
102
RTVSPost2010Prop51ColorRGB
 90
-16777216
102
RTVSPost2010PropOp51
 70
     0
102
RTVSPost2010Prop52
140
1.0
102
RTVSPost2010PropOp52
 70
     0
102
RTVSPost2010Prop53
 90
        2
102
RTVSPost2010PropOp53
 70
     1
102
RTVSPost2010Prop54
  1
strokes_ogs.tif
102
RTVSPost2010PropOp54
 70
     1
102
RTVSPost2010Prop55
280
     0
102
RTVSPost2010PropOp55
 70
     1
102
RTVSPost2010Prop56
140
1.0
102
RTVSPost2010PropOp56
 70
     1
102
RTVSPost2010Prop57
140
1.0
102
RTVSPost2010PropOp57
 70
     1
102
RTVSPropertyOp0
 70
     1
102
RTVSPropertyOp1
 70
     1
102
RTVSPropertyOp2
 70
     1
102
RTVSPropertyOp3
 70
     1
102
RTVSPropertyOp4
 70
     1
102
RTVSPropertyOp5
 70
     1
102
RTVSPropertyOp6
 70
     1
102
RTVSPropertyOp7
 70
     1
102
RTVSPropertyOp8
 70
     1
102
RTVSPropertyOp9
 70
     1
102
RTVSPropertyOp10
 70
     1
102
RTVSPropertyOp11
 70
     1
102
RTVSPropertyOp12
 70
     1
102
RTVSPropertyOp13
 70
     1
102
RTVSPropertyOp14
 70
     1
102
RTVSPropertyOp15
 70
     1
102
RTVSPropertyOp16
 70
     1
102
RTVSPropertyOp17
 70
     1
102
RTVSPropertyOp18
 70
     1
102
RTVSPropertyOp19
 70
     1
102
RTVSPropertyOp20
 70
     1
102
RTVSPropertyOp21
 70
     1
102
RTVSPropertyOp22
 70
     1
102
RTVSPropertyOp23
 70
     1
102
RTVSPropertyOp24
 70
     1
102
RTVSPropertyOp25
 70
     1
102
RTVSPropertyOp26
 70
     1
102
RTVSPropertyOp27
 70
     1
102
RTVSPropertyOp28
 70
     1
102
RTVSPropertyOp29
 70
     1
102
RTVSPropertyOp30
 70
     1
102
RTVSPropertyOp31
 70
     1
102
RTVSPropertyOp32
 70
     1
102
RTVSPropertyOp33
 70
     1
102
RTVSPropertyOp34
 70
     1
102
RTVSPropertyOp35
 70
     1
102
RTVSPropertyOp36
 70
     1
102
RTVSPropertyOp37
 70
     1
102
RTVSPropertyOp38
 70
     1
102
RTVSPropertyOp39
 70
     1
102
RTVSPropertyOp40
 70
     1
102
RTVSPropertyOp41
 70
     1
102
RTVSPropertyOp42
 70
     1
102
RTVSPropertyOp43
 70
     1
102
RTVSPropertyOp44
 70
     1
102
RTVSPropertyOp45
 70
     1
102
RTVSPropertyOp46
 70
     1
102
RTVSPropertyOp47
 70
     1
102
RTVSPropertyOp48
 70
     1
102
RTVSPropertyOp49
 70
     1
102
RTVSPropertyOp50
 70
     1
102
RTVSPropertyOp51
 70
     0
102
RTVSPropertyOp52
 70
     0
102
RTVSPropertyOp53
 70
     1
102
RTVSPropertyOp54
 70
     1
102
RTVSPropertyOp55
 70
     1
102
RTVSPropertyOp56
 70
     1
102
RTVSPropertyOp57
 70
     1
102
RTVSPropertyOp58
 70
     1
102
RTVSPropertyOp59
 70
     1
102
RTVSPropertyOp60
 70
     1
102
RTVSPropertyOp61
 70
     1
102
RTVSPropertyOp62
 70
     1
  0
XRECORD
  5
8C44
102
{ACAD_REACTORS
330
8C43
102
}
330
8C43
100
AcDbXrecord
280
     1
102
RTVSPost2010Prop28
280
     0
102
RTVSPost2010PropOp28
 70
     1
102
RTVSPost2010Prop29
280
     1
102
RTVSPost2010PropOp29
 70
     1
102
RTVSPost2010Prop30
280
     1
102
RTVSPost2010PropOp30
 70
     1
102
RTVSPost2010Prop31
280
     0
102
RTVSPost2010PropOp31
 70
     1
102
RTVSPost2010Prop32
280
     0
102
RTVSPost2010PropOp32
 70
     1
102
RTVSPost2010Prop33
280
     0
102
RTVSPost2010PropOp33
 70
     1
102
RTVSPost2010Prop34
280
     0
102
RTVSPost2010PropOp34
 70
     1
102
RTVSPost2010Prop35
280
     0
102
RTVSPost2010PropOp35
 70
     1
102
RTVSPost2010Prop36
280
     0
102
RTVSPost2010PropOp36
 70
     1
102
RTVSPost2010Prop37
 90
       50
102
RTVSPost2010PropOp37
 70
     1
102
RTVSPost2010Prop38
140
0.0
102
RTVSPost2010PropOp38
 70
     1
102
RTVSPost2010Prop39
140
1.0
102
RTVSPost2010PropOp39
 70
     1
102
RTVSPost2010Prop40
 90
        0
102
RTVSPost2010PropOp40
 70
     1
102
RTVSPost2010Prop41ColorIndex
 90
       18
102
RTVSPost2010Prop41ColorRGB
 90
        0
102
RTVSPost2010PropOp41
 70
     1
102
RTVSPost2010Prop42
 90
       50
102
RTVSPost2010PropOp42
 70
     1
102
RTVSPost2010Prop43
 90
        3
102
RTVSPost2010PropOp43
 70
     1
102
RTVSPost2010Prop44ColorIndex
 90
        5
102
RTVSPost2010Prop44ColorRGB
 90
      255
102
RTVSPost2010PropOp44
 70
     1
102
RTVSPost2010Prop45
280
     0
102
RTVSPost2010PropOp45
 70
     1
102
RTVSPost2010Prop46
 90
       50
102
RTVSPost2010PropOp46
 70
     1
102
RTVSPost2010Prop47
 90
       50
102
RTVSPost2010PropOp47
 70
     1
102
RTVSPost2010Prop48
 90
       50
102
RTVSPost2010PropOp48
 70
     1
102
RTVSPost2010Prop49
280
     0
102
RTVSPost2010PropOp49
 70
     1
102
RTVSPost2010Prop50
 90
       50
102
RTVSPost2010PropOp50
 70
     1
102
RTVSPost2010Prop51ColorIndex
 90
      256
102
RTVSPost2010Prop51ColorRGB
 90
-16777216
102
RTVSPost2010PropOp51
 70
     0
102
RTVSPost2010Prop52
140
1.0
102
RTVSPost2010PropOp52
 70
     0
102
RTVSPost2010Prop53
 90
        2
102
RTVSPost2010PropOp53
 70
     1
102
RTVSPost2010Prop54
  1
strokes_ogs.tif
102
RTVSPost2010PropOp54
 70
     1
102
RTVSPost2010Prop55
280
     0
102
RTVSPost2010PropOp55
 70
     1
102
RTVSPost2010Prop56
140
1.0
102
RTVSPost2010PropOp56
 70
     1
102
RTVSPost2010Prop57
140
1.0
102
RTVSPost2010PropOp57
 70
     1
102
RTVSPropertyOp0
 70
     1
102
RTVSPropertyOp1
 70
     1
102
RTVSPropertyOp2
 70
     1
102
RTVSPropertyOp3
 70
     1
102
RTVSPropertyOp4
 70
     1
102
RTVSPropertyOp5
 70
     1
102
RTVSPropertyOp6
 70
     1
102
RTVSPropertyOp7
 70
     1
102
RTVSPropertyOp8
 70
     1
102
RTVSPropertyOp9
 70
     1
102
RTVSPropertyOp10
 70
     1
102
RTVSPropertyOp11
 70
     1
102
RTVSPropertyOp12
 70
     1
102
RTVSPropertyOp13
 70
     1
102
RTVSPropertyOp14
 70
     1
102
RTVSPropertyOp15
 70
     1
102
RTVSPropertyOp16
 70
     1
102
RTVSPropertyOp17
 70
     1
102
RTVSPropertyOp18
 70
     1
102
RTVSPropertyOp19
 70
     1
102
RTVSPropertyOp20
 70
     1
102
RTVSPropertyOp21
 70
     1
102
RTVSPropertyOp22
 70
     1
102
RTVSPropertyOp23
 70
     1
102
RTVSPropertyOp24
 70
     1
102
RTVSPropertyOp25
 70
     1
102
RTVSPropertyOp26
 70
     1
102
RTVSPropertyOp27
 70
     1
102
RTVSPropertyOp28
 70
     1
102
RTVSPropertyOp29
 70
     1
102
RTVSPropertyOp30
 70
     1
102
RTVSPropertyOp31
 70
     1
102
RTVSPropertyOp32
 70
     1
102
RTVSPropertyOp33
 70
     1
102
RTVSPropertyOp34
 70
     1
102
RTVSPropertyOp35
 70
     1
102
RTVSPropertyOp36
 70
     1
102
RTVSPropertyOp37
 70
     1
102
RTVSPropertyOp38
 70
     1
102
RTVSPropertyOp39
 70
     1
102
RTVSPropertyOp40
 70
     1
102
RTVSPropertyOp41
 70
     1
102
RTVSPropertyOp42
 70
     1
102
RTVSPropertyOp43
 70
     1
102
RTVSPropertyOp44
 70
     1
102
RTVSPropertyOp45
 70
     1
102
RTVSPropertyOp46
 70
     1
102
RTVSPropertyOp47
 70
     1
102
RTVSPropertyOp48
 70
     1
102
RTVSPropertyOp49
 70
     1
102
RTVSPropertyOp50
 70
     1
102
RTVSPropertyOp51
 70
     0
102
RTVSPropertyOp52
 70
     0
102
RTVSPropertyOp53
 70
     1
102
RTVSPropertyOp54
 70
     1
102
RTVSPropertyOp55
 70
     1
102
RTVSPropertyOp56
 70
     1
102
RTVSPropertyOp57
 70
     1
102
RTVSPropertyOp58
 70
     1
102
RTVSPropertyOp59
 70
     1
102
RTVSPropertyOp60
 70
     1
102
RTVSPropertyOp61
 70
     1
102
RTVSPropertyOp62
 70
     1
  0
XRECORD
  5
8C46
102
{ACAD_REACTORS
330
8C45
102
}
330
8C45
100
AcDbXrecord
280
     1
102
RTVSPost2010Prop28
280
     0
102
RTVSPost2010PropOp28
 70
     1
102
RTVSPost2010Prop29
280
     1
102
RTVSPost2010PropOp29
 70
     1
102
RTVSPost2010Prop30
280
     1
102
RTVSPost2010PropOp30
 70
     1
102
RTVSPost2010Prop31
280
     0
102
RTVSPost2010PropOp31
 70
     1
102
RTVSPost2010Prop32
280
     0
102
RTVSPost2010PropOp32
 70
     1
102
RTVSPost2010Prop33
280
     0
102
RTVSPost2010PropOp33
 70
     1
102
RTVSPost2010Prop34
280
     0
102
RTVSPost2010PropOp34
 70
     1
102
RTVSPost2010Prop35
280
     0
102
RTVSPost2010PropOp35
 70
     1
102
RTVSPost2010Prop36
280
     0
102
RTVSPost2010PropOp36
 70
     1
102
RTVSPost2010Prop37
 90
       50
102
RTVSPost2010PropOp37
 70
     1
102
RTVSPost2010Prop38
140
0.0
102
RTVSPost2010PropOp38
 70
     1
102
RTVSPost2010Prop39
140
1.0
102
RTVSPost2010PropOp39
 70
     1
102
RTVSPost2010Prop40
 90
        0
102
RTVSPost2010PropOp40
 70
     1
102
RTVSPost2010Prop41ColorIndex
 90
       18
102
RTVSPost2010Prop41ColorRGB
 90
        0
102
RTVSPost2010PropOp41
 70
     1
102
RTVSPost2010Prop42
 90
       50
102
RTVSPost2010PropOp42
 70
     1
102
RTVSPost2010Prop43
 90
        3
102
RTVSPost2010PropOp43
 70
     1
102
RTVSPost2010Prop44ColorIndex
 90
        5
102
RTVSPost2010Prop44ColorRGB
 90
      255
102
RTVSPost2010PropOp44
 70
     1
102
RTVSPost2010Prop45
280
     0
102
RTVSPost2010PropOp45
 70
     1
102
RTVSPost2010Prop46
 90
       50
102
RTVSPost2010PropOp46
 70
     1
102
RTVSPost2010Prop47
 90
       50
102
RTVSPost2010PropOp47
 70
     1
102
RTVSPost2010Prop48
 90
       50
102
RTVSPost2010PropOp48
 70
     1
102
RTVSPost2010Prop49
280
     0
102
RTVSPost2010PropOp49
 70
     1
102
RTVSPost2010Prop50
 90
       50
102
RTVSPost2010PropOp50
 70
     1
102
RTVSPost2010Prop51ColorIndex
 90
      256
102
RTVSPost2010Prop51ColorRGB
 90
-16777216
102
RTVSPost2010PropOp51
 70
     0
102
RTVSPost2010Prop52
140
1.0
102
RTVSPost2010PropOp52
 70
     0
102
RTVSPost2010Prop53
 90
        2
102
RTVSPost2010PropOp53
 70
     1
102
RTVSPost2010Prop54
  1
strokes_ogs.tif
102
RTVSPost2010PropOp54
 70
     1
102
RTVSPost2010Prop55
280
     0
102
RTVSPost2010PropOp55
 70
     1
102
RTVSPost2010Prop56
140
1.0
102
RTVSPost2010PropOp56
 70
     1
102
RTVSPost2010Prop57
140
1.0
102
RTVSPost2010PropOp57
 70
     1
102
RTVSPropertyOp0
 70
     1
102
RTVSPropertyOp1
 70
     1
102
RTVSPropertyOp2
 70
     1
102
RTVSPropertyOp3
 70
     1
102
RTVSPropertyOp4
 70
     1
102
RTVSPropertyOp5
 70
     1
102
RTVSPropertyOp6
 70
     1
102
RTVSPropertyOp7
 70
     1
102
RTVSPropertyOp8
 70
     1
102
RTVSPropertyOp9
 70
     1
102
RTVSPropertyOp10
 70
     1
102
RTVSPropertyOp11
 70
     1
102
RTVSPropertyOp12
 70
     1
102
RTVSPropertyOp13
 70
     1
102
RTVSPropertyOp14
 70
     1
102
RTVSPropertyOp15
 70
     1
102
RTVSPropertyOp16
 70
     1
102
RTVSPropertyOp17
 70
     1
102
RTVSPropertyOp18
 70
     1
102
RTVSPropertyOp19
 70
     1
102
RTVSPropertyOp20
 70
     1
102
RTVSPropertyOp21
 70
     1
102
RTVSPropertyOp22
 70
     1
102
RTVSPropertyOp23
 70
     1
102
RTVSPropertyOp24
 70
     1
102
RTVSPropertyOp25
 70
     1
102
RTVSPropertyOp26
 70
     1
102
RTVSPropertyOp27
 70
     1
102
RTVSPropertyOp28
 70
     1
102
RTVSPropertyOp29
 70
     1
102
RTVSPropertyOp30
 70
     1
102
RTVSPropertyOp31
 70
     1
102
RTVSPropertyOp32
 70
     1
102
RTVSPropertyOp33
 70
     1
102
RTVSPropertyOp34
 70
     1
102
RTVSPropertyOp35
 70
     1
102
RTVSPropertyOp36
 70
     1
102
RTVSPropertyOp37
 70
     1
102
RTVSPropertyOp38
 70
     1
102
RTVSPropertyOp39
 70
     1
102
RTVSPropertyOp40
 70
     1
102
RTVSPropertyOp41
 70
     1
102
RTVSPropertyOp42
 70
     1
102
RTVSPropertyOp43
 70
     1
102
RTVSPropertyOp44
 70
     1
102
RTVSPropertyOp45
 70
     1
102
RTVSPropertyOp46
 70
     1
102
RTVSPropertyOp47
 70
     1
102
RTVSPropertyOp48
 70
     1
102
RTVSPropertyOp49
 70
     1
102
RTVSPropertyOp50
 70
     1
102
RTVSPropertyOp51
 70
     0
102
RTVSPropertyOp52
 70
     0
102
RTVSPropertyOp53
 70
     1
102
RTVSPropertyOp54
 70
     1
102
RTVSPropertyOp55
 70
     1
102
RTVSPropertyOp56
 70
     1
102
RTVSPropertyOp57
 70
     1
102
RTVSPropertyOp58
 70
     1
102
RTVSPropertyOp59
 70
     1
102
RTVSPropertyOp60
 70
     1
102
RTVSPropertyOp61
 70
     1
102
RTVSPropertyOp62
 70
     1
  0
XRECORD
  5
8C48
102
{ACAD_REACTORS
330
8C47
102
}
330
8C47
100
AcDbXrecord
280
     1
102
RTVSPost2010Prop28
280
     0
102
RTVSPost2010PropOp28
 70
     1
102
RTVSPost2010Prop29
280
     1
102
RTVSPost2010PropOp29
 70
     1
102
RTVSPost2010Prop30
280
     1
102
RTVSPost2010PropOp30
 70
     1
102
RTVSPost2010Prop31
280
     0
102
RTVSPost2010PropOp31
 70
     1
102
RTVSPost2010Prop32
280
     0
102
RTVSPost2010PropOp32
 70
     1
102
RTVSPost2010Prop33
280
     0
102
RTVSPost2010PropOp33
 70
     1
102
RTVSPost2010Prop34
280
     0
102
RTVSPost2010PropOp34
 70
     1
102
RTVSPost2010Prop35
280
     0
102
RTVSPost2010PropOp35
 70
     1
102
RTVSPost2010Prop36
280
     0
102
RTVSPost2010PropOp36
 70
     1
102
RTVSPost2010Prop37
 90
       50
102
RTVSPost2010PropOp37
 70
     1
102
RTVSPost2010Prop38
140
0.0
102
RTVSPost2010PropOp38
 70
     1
102
RTVSPost2010Prop39
140
1.0
102
RTVSPost2010PropOp39
 70
     1
102
RTVSPost2010Prop40
 90
        0
102
RTVSPost2010PropOp40
 70
     1
102
RTVSPost2010Prop41ColorIndex
 90
       18
102
RTVSPost2010Prop41ColorRGB
 90
        0
102
RTVSPost2010PropOp41
 70
     1
102
RTVSPost2010Prop42
 90
       50
102
RTVSPost2010PropOp42
 70
     1
102
RTVSPost2010Prop43
 90
        3
102
RTVSPost2010PropOp43
 70
     1
102
RTVSPost2010Prop44ColorIndex
 90
        5
102
RTVSPost2010Prop44ColorRGB
 90
      255
102
RTVSPost2010PropOp44
 70
     1
102
RTVSPost2010Prop45
280
     0
102
RTVSPost2010PropOp45
 70
     1
102
RTVSPost2010Prop46
 90
       50
102
RTVSPost2010PropOp46
 70
     1
102
RTVSPost2010Prop47
 90
       50
102
RTVSPost2010PropOp47
 70
     1
102
RTVSPost2010Prop48
 90
       50
102
RTVSPost2010PropOp48
 70
     1
102
RTVSPost2010Prop49
280
     0
102
RTVSPost2010PropOp49
 70
     1
102
RTVSPost2010Prop50
 90
       50
102
RTVSPost2010PropOp50
 70
     1
102
RTVSPost2010Prop51ColorIndex
 90
      256
102
RTVSPost2010Prop51ColorRGB
 90
-16777216
102
RTVSPost2010PropOp51
 70
     0
102
RTVSPost2010Prop52
140
1.0
102
RTVSPost2010PropOp52
 70
     0
102
RTVSPost2010Prop53
 90
        2
102
RTVSPost2010PropOp53
 70
     1
102
RTVSPost2010Prop54
  1
strokes_ogs.tif
102
RTVSPost2010PropOp54
 70
     1
102
RTVSPost2010Prop55
280
     0
102
RTVSPost2010PropOp55
 70
     1
102
RTVSPost2010Prop56
140
1.0
102
RTVSPost2010PropOp56
 70
     1
102
RTVSPost2010Prop57
140
1.0
102
RTVSPost2010PropOp57
 70
     1
102
RTVSPropertyOp0
 70
     1
102
RTVSPropertyOp1
 70
     1
102
RTVSPropertyOp2
 70
     1
102
RTVSPropertyOp3
 70
     1
102
RTVSPropertyOp4
 70
     1
102
RTVSPropertyOp5
 70
     1
102
RTVSPropertyOp6
 70
     1
102
RTVSPropertyOp7
 70
     1
102
RTVSPropertyOp8
 70
     1
102
RTVSPropertyOp9
 70
     1
102
RTVSPropertyOp10
 70
     1
102
RTVSPropertyOp11
 70
     1
102
RTVSPropertyOp12
 70
     1
102
RTVSPropertyOp13
 70
     1
102
RTVSPropertyOp14
 70
     1
102
RTVSPropertyOp15
 70
     1
102
RTVSPropertyOp16
 70
     1
102
RTVSPropertyOp17
 70
     1
102
RTVSPropertyOp18
 70
     1
102
RTVSPropertyOp19
 70
     1
102
RTVSPropertyOp20
 70
     1
102
RTVSPropertyOp21
 70
     1
102
RTVSPropertyOp22
 70
     1
102
RTVSPropertyOp23
 70
     1
102
RTVSPropertyOp24
 70
     1
102
RTVSPropertyOp25
 70
     1
102
RTVSPropertyOp26
 70
     1
102
RTVSPropertyOp27
 70
     1
102
RTVSPropertyOp28
 70
     1
102
RTVSPropertyOp29
 70
     1
102
RTVSPropertyOp30
 70
     1
102
RTVSPropertyOp31
 70
     1
102
RTVSPropertyOp32
 70
     1
102
RTVSPropertyOp33
 70
     1
102
RTVSPropertyOp34
 70
     1
102
RTVSPropertyOp35
 70
     1
102
RTVSPropertyOp36
 70
     1
102
RTVSPropertyOp37
 70
     1
102
RTVSPropertyOp38
 70
     1
102
RTVSPropertyOp39
 70
     1
102
RTVSPropertyOp40
 70
     1
102
RTVSPropertyOp41
 70
     1
102
RTVSPropertyOp42
 70
     1
102
RTVSPropertyOp43
 70
     1
102
RTVSPropertyOp44
 70
     1
102
RTVSPropertyOp45
 70
     1
102
RTVSPropertyOp46
 70
     1
102
RTVSPropertyOp47
 70
     1
102
RTVSPropertyOp48
 70
     1
102
RTVSPropertyOp49
 70
     1
102
RTVSPropertyOp50
 70
     1
102
RTVSPropertyOp51
 70
     0
102
RTVSPropertyOp52
 70
     0
102
RTVSPropertyOp53
 70
     1
102
RTVSPropertyOp54
 70
     1
102
RTVSPropertyOp55
 70
     1
102
RTVSPropertyOp56
 70
     1
102
RTVSPropertyOp57
 70
     1
102
RTVSPropertyOp58
 70
     1
102
RTVSPropertyOp59
 70
     1
102
RTVSPropertyOp60
 70
     1
102
RTVSPropertyOp61
 70
     1
102
RTVSPropertyOp62
 70
     1
  0
XRECORD
  5
8C4A
102
{ACAD_REACTORS
330
8C49
102
}
330
8C49
100
AcDbXrecord
280
     1
102
RTVSPost2010Prop28
280
     0
102
RTVSPost2010PropOp28
 70
     1
102
RTVSPost2010Prop29
280
     1
102
RTVSPost2010PropOp29
 70
     1
102
RTVSPost2010Prop30
280
     1
102
RTVSPost2010PropOp30
 70
     1
102
RTVSPost2010Prop31
280
     0
102
RTVSPost2010PropOp31
 70
     1
102
RTVSPost2010Prop32
280
     0
102
RTVSPost2010PropOp32
 70
     1
102
RTVSPost2010Prop33
280
     0
102
RTVSPost2010PropOp33
 70
     1
102
RTVSPost2010Prop34
280
     0
102
RTVSPost2010PropOp34
 70
     1
102
RTVSPost2010Prop35
280
     0
102
RTVSPost2010PropOp35
 70
     1
102
RTVSPost2010Prop36
280
     0
102
RTVSPost2010PropOp36
 70
     1
102
RTVSPost2010Prop37
 90
       50
102
RTVSPost2010PropOp37
 70
     1
102
RTVSPost2010Prop38
140
0.0
102
RTVSPost2010PropOp38
 70
     1
102
RTVSPost2010Prop39
140
1.0
102
RTVSPost2010PropOp39
 70
     1
102
RTVSPost2010Prop40
 90
        0
102
RTVSPost2010PropOp40
 70
     1
102
RTVSPost2010Prop41ColorIndex
 90
       18
102
RTVSPost2010Prop41ColorRGB
 90
        0
102
RTVSPost2010PropOp41
 70
     1
102
RTVSPost2010Prop42
 90
       50
102
RTVSPost2010PropOp42
 70
     1
102
RTVSPost2010Prop43
 90
        3
102
RTVSPost2010PropOp43
 70
     1
102
RTVSPost2010Prop44ColorIndex
 90
        5
102
RTVSPost2010Prop44ColorRGB
 90
      255
102
RTVSPost2010PropOp44
 70
     1
102
RTVSPost2010Prop45
280
     0
102
RTVSPost2010PropOp45
 70
     1
102
RTVSPost2010Prop46
 90
       50
102
RTVSPost2010PropOp46
 70
     1
102
RTVSPost2010Prop47
 90
       50
102
RTVSPost2010PropOp47
 70
     1
102
RTVSPost2010Prop48
 90
       50
102
RTVSPost2010PropOp48
 70
     1
102
RTVSPost2010Prop49
280
     0
102
RTVSPost2010PropOp49
 70
     1
102
RTVSPost2010Prop50
 90
       50
102
RTVSPost2010PropOp50
 70
     1
102
RTVSPost2010Prop51ColorIndex
 90
      256
102
RTVSPost2010Prop51ColorRGB
 90
-16777216
102
RTVSPost2010PropOp51
 70
     0
102
RTVSPost2010Prop52
140
1.0
102
RTVSPost2010PropOp52
 70
     0
102
RTVSPost2010Prop53
 90
        2
102
RTVSPost2010PropOp53
 70
     1
102
RTVSPost2010Prop54
  1
strokes_ogs.tif
102
RTVSPost2010PropOp54
 70
     1
102
RTVSPost2010Prop55
280
     0
102
RTVSPost2010PropOp55
 70
     1
102
RTVSPost2010Prop56
140
1.0
102
RTVSPost2010PropOp56
 70
     1
102
RTVSPost2010Prop57
140
1.0
102
RTVSPost2010PropOp57
 70
     1
102
RTVSPropertyOp0
 70
     1
102
RTVSPropertyOp1
 70
     1
102
RTVSPropertyOp2
 70
     1
102
RTVSPropertyOp3
 70
     1
102
RTVSPropertyOp4
 70
     1
102
RTVSPropertyOp5
 70
     1
102
RTVSPropertyOp6
 70
     1
102
RTVSPropertyOp7
 70
     1
102
RTVSPropertyOp8
 70
     1
102
RTVSPropertyOp9
 70
     1
102
RTVSPropertyOp10
 70
     1
102
RTVSPropertyOp11
 70
     1
102
RTVSPropertyOp12
 70
     1
102
RTVSPropertyOp13
 70
     1
102
RTVSPropertyOp14
 70
     1
102
RTVSPropertyOp15
 70
     1
102
RTVSPropertyOp16
 70
     1
102
RTVSPropertyOp17
 70
     1
102
RTVSPropertyOp18
 70
     1
102
RTVSPropertyOp19
 70
     1
102
RTVSPropertyOp20
 70
     1
102
RTVSPropertyOp21
 70
     1
102
RTVSPropertyOp22
 70
     1
102
RTVSPropertyOp23
 70
     1
102
RTVSPropertyOp24
 70
     1
102
RTVSPropertyOp25
 70
     1
102
RTVSPropertyOp26
 70
     1
102
RTVSPropertyOp27
 70
     1
102
RTVSPropertyOp28
 70
     1
102
RTVSPropertyOp29
 70
     1
102
RTVSPropertyOp30
 70
     1
102
RTVSPropertyOp31
 70
     1
102
RTVSPropertyOp32
 70
     1
102
RTVSPropertyOp33
 70
     1
102
RTVSPropertyOp34
 70
     1
102
RTVSPropertyOp35
 70
     1
102
RTVSPropertyOp36
 70
     1
102
RTVSPropertyOp37
 70
     1
102
RTVSPropertyOp38
 70
     1
102
RTVSPropertyOp39
 70
     1
102
RTVSPropertyOp40
 70
     1
102
RTVSPropertyOp41
 70
     1
102
RTVSPropertyOp42
 70
     1
102
RTVSPropertyOp43
 70
     1
102
RTVSPropertyOp44
 70
     1
102
RTVSPropertyOp45
 70
     1
102
RTVSPropertyOp46
 70
     1
102
RTVSPropertyOp47
 70
     1
102
RTVSPropertyOp48
 70
     1
102
RTVSPropertyOp49
 70
     1
102
RTVSPropertyOp50
 70
     1
102
RTVSPropertyOp51
 70
     0
102
RTVSPropertyOp52
 70
     0
102
RTVSPropertyOp53
 70
     1
102
RTVSPropertyOp54
 70
     1
102
RTVSPropertyOp55
 70
     1
102
RTVSPropertyOp56
 70
     1
102
RTVSPropertyOp57
 70
     1
102
RTVSPropertyOp58
 70
     1
102
RTVSPropertyOp59
 70
     1
102
RTVSPropertyOp60
 70
     1
102
RTVSPropertyOp61
 70
     1
102
RTVSPropertyOp62
 70
     1
  0
XRECORD
  5
8C52
102
{ACAD_REACTORS
330
8C51
102
}
330
8C51
100
AcDbXrecord
280
     1
102
RTVSPost2010Prop28
280
     0
102
RTVSPost2010PropOp28
 70
     1
102
RTVSPost2010Prop29
280
     1
102
RTVSPost2010PropOp29
 70
     1
102
RTVSPost2010Prop30
280
     1
102
RTVSPost2010PropOp30
 70
     1
102
RTVSPost2010Prop31
280
     0
102
RTVSPost2010PropOp31
 70
     1
102
RTVSPost2010Prop32
280
     0
102
RTVSPost2010PropOp32
 70
     1
102
RTVSPost2010Prop33
280
     0
102
RTVSPost2010PropOp33
 70
     1
102
RTVSPost2010Prop34
280
     0
102
RTVSPost2010PropOp34
 70
     1
102
RTVSPost2010Prop35
280
     0
102
RTVSPost2010PropOp35
 70
     1
102
RTVSPost2010Prop36
280
     0
102
RTVSPost2010PropOp36
 70
     1
102
RTVSPost2010Prop37
 90
       50
102
RTVSPost2010PropOp37
 70
     1
102
RTVSPost2010Prop38
140
0.0
102
RTVSPost2010PropOp38
 70
     1
102
RTVSPost2010Prop39
140
1.0
102
RTVSPost2010PropOp39
 70
     1
102
RTVSPost2010Prop40
 90
        0
102
RTVSPost2010PropOp40
 70
     1
102
RTVSPost2010Prop41ColorIndex
 90
       18
102
RTVSPost2010Prop41ColorRGB
 90
        0
102
RTVSPost2010PropOp41
 70
     1
102
RTVSPost2010Prop42
 90
       50
102
RTVSPost2010PropOp42
 70
     1
102
RTVSPost2010Prop43
 90
        3
102
RTVSPost2010PropOp43
 70
     1
102
RTVSPost2010Prop44ColorIndex
 90
        5
102
RTVSPost2010Prop44ColorRGB
 90
      255
102
RTVSPost2010PropOp44
 70
     1
102
RTVSPost2010Prop45
280
     0
102
RTVSPost2010PropOp45
 70
     1
102
RTVSPost2010Prop46
 90
       50
102
RTVSPost2010PropOp46
 70
     1
102
RTVSPost2010Prop47
 90
       50
102
RTVSPost2010PropOp47
 70
     1
102
RTVSPost2010Prop48
 90
       50
102
RTVSPost2010PropOp48
 70
     1
102
RTVSPost2010Prop49
280
     0
102
RTVSPost2010PropOp49
 70
     1
102
RTVSPost2010Prop50
 90
       50
102
RTVSPost2010PropOp50
 70
     1
102
RTVSPost2010Prop51ColorIndex
 90
      256
102
RTVSPost2010Prop51ColorRGB
 90
-16777216
102
RTVSPost2010PropOp51
 70
     0
102
RTVSPost2010Prop52
140
1.0
102
RTVSPost2010PropOp52
 70
     0
102
RTVSPost2010Prop53
 90
        2
102
RTVSPost2010PropOp53
 70
     1
102
RTVSPost2010Prop54
  1
strokes_ogs.tif
102
RTVSPost2010PropOp54
 70
     1
102
RTVSPost2010Prop55
280
     0
102
RTVSPost2010PropOp55
 70
     1
102
RTVSPost2010Prop56
140
1.0
102
RTVSPost2010PropOp56
 70
     1
102
RTVSPost2010Prop57
140
1.0
102
RTVSPost2010PropOp57
 70
     1
102
RTVSPropertyOp0
 70
     1
102
RTVSPropertyOp1
 70
     1
102
RTVSPropertyOp2
 70
     1
102
RTVSPropertyOp3
 70
     1
102
RTVSPropertyOp4
 70
     1
102
RTVSPropertyOp5
 70
     1
102
RTVSPropertyOp6
 70
     1
102
RTVSPropertyOp7
 70
     1
102
RTVSPropertyOp8
 70
     1
102
RTVSPropertyOp9
 70
     1
102
RTVSPropertyOp10
 70
     1
102
RTVSPropertyOp11
 70
     1
102
RTVSPropertyOp12
 70
     1
102
RTVSPropertyOp13
 70
     1
102
RTVSPropertyOp14
 70
     1
102
RTVSPropertyOp15
 70
     1
102
RTVSPropertyOp16
 70
     1
102
RTVSPropertyOp17
 70
     1
102
RTVSPropertyOp18
 70
     1
102
RTVSPropertyOp19
 70
     1
102
RTVSPropertyOp20
 70
     1
102
RTVSPropertyOp21
 70
     1
102
RTVSPropertyOp22
 70
     1
102
RTVSPropertyOp23
 70
     1
102
RTVSPropertyOp24
 70
     1
102
RTVSPropertyOp25
 70
     1
102
RTVSPropertyOp26
 70
     1
102
RTVSPropertyOp27
 70
     1
102
RTVSPropertyOp28
 70
     1
102
RTVSPropertyOp29
 70
     1
102
RTVSPropertyOp30
 70
     1
102
RTVSPropertyOp31
 70
     1
102
RTVSPropertyOp32
 70
     1
102
RTVSPropertyOp33
 70
     1
102
RTVSPropertyOp34
 70
     1
102
RTVSPropertyOp35
 70
     1
102
RTVSPropertyOp36
 70
     1
102
RTVSPropertyOp37
 70
     1
102
RTVSPropertyOp38
 70
     1
102
RTVSPropertyOp39
 70
     1
102
RTVSPropertyOp40
 70
     1
102
RTVSPropertyOp41
 70
     1
102
RTVSPropertyOp42
 70
     1
102
RTVSPropertyOp43
 70
     1
102
RTVSPropertyOp44
 70
     1
102
RTVSPropertyOp45
 70
     1
102
RTVSPropertyOp46
 70
     1
102
RTVSPropertyOp47
 70
     1
102
RTVSPropertyOp48
 70
     1
102
RTVSPropertyOp49
 70
     1
102
RTVSPropertyOp50
 70
     1
102
RTVSPropertyOp51
 70
     0
102
RTVSPropertyOp52
 70
     0
102
RTVSPropertyOp53
 70
     1
102
RTVSPropertyOp54
 70
     1
102
RTVSPropertyOp55
 70
     1
102
RTVSPropertyOp56
 70
     1
102
RTVSPropertyOp57
 70
     1
102
RTVSPropertyOp58
 70
     1
102
RTVSPropertyOp59
 70
     1
102
RTVSPropertyOp60
 70
     1
102
RTVSPropertyOp61
 70
     1
102
RTVSPropertyOp62
 70
     1
  0
XRECORD
  5
8C6E
102
{ACAD_REACTORS
330
8C6D
102
}
330
8C6D
100
AcDbXrecord
280
     1
102
RTVSPost2010Prop28
280
     0
102
RTVSPost2010PropOp28
 70
     1
102
RTVSPost2010Prop29
280
     1
102
RTVSPost2010PropOp29
 70
     1
102
RTVSPost2010Prop30
280
     1
102
RTVSPost2010PropOp30
 70
     1
102
RTVSPost2010Prop31
280
     0
102
RTVSPost2010PropOp31
 70
     1
102
RTVSPost2010Prop32
280
     0
102
RTVSPost2010PropOp32
 70
     1
102
RTVSPost2010Prop33
280
     0
102
RTVSPost2010PropOp33
 70
     1
102
RTVSPost2010Prop34
280
     0
102
RTVSPost2010PropOp34
 70
     1
102
RTVSPost2010Prop35
280
     0
102
RTVSPost2010PropOp35
 70
     1
102
RTVSPost2010Prop36
280
     0
102
RTVSPost2010PropOp36
 70
     1
102
RTVSPost2010Prop37
 90
       50
102
RTVSPost2010PropOp37
 70
     1
102
RTVSPost2010Prop38
140
0.0
102
RTVSPost2010PropOp38
 70
     1
102
RTVSPost2010Prop39
140
1.0
102
RTVSPost2010PropOp39
 70
     1
102
RTVSPost2010Prop40
 90
        0
102
RTVSPost2010PropOp40
 70
     1
102
RTVSPost2010Prop41ColorIndex
 90
       18
102
RTVSPost2010Prop41ColorRGB
 90
        0
102
RTVSPost2010PropOp41
 70
     1
102
RTVSPost2010Prop42
 90
       50
102
RTVSPost2010PropOp42
 70
     1
102
RTVSPost2010Prop43
 90
        3
102
RTVSPost2010PropOp43
 70
     1
102
RTVSPost2010Prop44ColorIndex
 90
        5
102
RTVSPost2010Prop44ColorRGB
 90
      255
102
RTVSPost2010PropOp44
 70
     1
102
RTVSPost2010Prop45
280
     0
102
RTVSPost2010PropOp45
 70
     1
102
RTVSPost2010Prop46
 90
       50
102
RTVSPost2010PropOp46
 70
     1
102
RTVSPost2010Prop47
 90
       50
102
RTVSPost2010PropOp47
 70
     1
102
RTVSPost2010Prop48
 90
       50
102
RTVSPost2010PropOp48
 70
     1
102
RTVSPost2010Prop49
280
     0
102
RTVSPost2010PropOp49
 70
     1
102
RTVSPost2010Prop50
 90
       50
102
RTVSPost2010PropOp50
 70
     1
102
RTVSPost2010Prop51ColorIndex
 90
      256
102
RTVSPost2010Prop51ColorRGB
 90
-16777216
102
RTVSPost2010PropOp51
 70
     0
102
RTVSPost2010Prop52
140
1.0
102
RTVSPost2010PropOp52
 70
     0
102
RTVSPost2010Prop53
 90
        2
102
RTVSPost2010PropOp53
 70
     1
102
RTVSPost2010Prop54
  1
strokes_ogs.tif
102
RTVSPost2010PropOp54
 70
     1
102
RTVSPost2010Prop55
280
     0
102
RTVSPost2010PropOp55
 70
     1
102
RTVSPost2010Prop56
140
1.0
102
RTVSPost2010PropOp56
 70
     1
102
RTVSPost2010Prop57
140
1.0
102
RTVSPost2010PropOp57
 70
     1
102
RTVSPropertyOp0
 70
     0
102
RTVSPropertyOp1
 70
     0
102
RTVSPropertyOp2
 70
     0
102
RTVSPropertyOp3
 70
     0
102
RTVSPropertyOp4
 70
     0
102
RTVSPropertyOp5
 70
     0
102
RTVSPropertyOp6
 70
     0
102
RTVSPropertyOp7
 70
     0
102
RTVSPropertyOp8
 70
     0
102
RTVSPropertyOp9
 70
     0
102
RTVSPropertyOp10
 70
     0
102
RTVSPropertyOp11
 70
     0
102
RTVSPropertyOp12
 70
     0
102
RTVSPropertyOp13
 70
     0
102
RTVSPropertyOp14
 70
     2
102
RTVSPropertyOp15
 70
     0
102
RTVSPropertyOp16
 70
     0
102
RTVSPropertyOp17
 70
     0
102
RTVSPropertyOp18
 70
     0
102
RTVSPropertyOp19
 70
     0
102
RTVSPropertyOp20
 70
     0
102
RTVSPropertyOp21
 70
     0
102
RTVSPropertyOp22
 70
     0
102
RTVSPropertyOp23
 70
     0
102
RTVSPropertyOp24
 70
     0
102
RTVSPropertyOp25
 70
     0
102
RTVSPropertyOp26
 70
     0
102
RTVSPropertyOp27
 70
     0
102
RTVSPropertyOp28
 70
     1
102
RTVSPropertyOp29
 70
     1
102
RTVSPropertyOp30
 70
     1
102
RTVSPropertyOp31
 70
     1
102
RTVSPropertyOp32
 70
     1
102
RTVSPropertyOp33
 70
     1
102
RTVSPropertyOp34
 70
     1
102
RTVSPropertyOp35
 70
     1
102
RTVSPropertyOp36
 70
     1
102
RTVSPropertyOp37
 70
     1
102
RTVSPropertyOp38
 70
     1
102
RTVSPropertyOp39
 70
     1
102
RTVSPropertyOp40
 70
     1
102
RTVSPropertyOp41
 70
     1
102
RTVSPropertyOp42
 70
     1
102
RTVSPropertyOp43
 70
     1
102
RTVSPropertyOp44
 70
     1
102
RTVSPropertyOp45
 70
     1
102
RTVSPropertyOp46
 70
     1
102
RTVSPropertyOp47
 70
     1
102
RTVSPropertyOp48
 70
     1
102
RTVSPropertyOp49
 70
     1
102
RTVSPropertyOp50
 70
     1
102
RTVSPropertyOp51
 70
     0
102
RTVSPropertyOp52
 70
     0
102
RTVSPropertyOp53
 70
     1
102
RTVSPropertyOp54
 70
     1
102
RTVSPropertyOp55
 70
     1
102
RTVSPropertyOp56
 70
     1
102
RTVSPropertyOp57
 70
     1
102
RTVSPropertyOp58
 70
     1
102
RTVSPropertyOp59
 70
     1
102
RTVSPropertyOp60
 70
     1
102
RTVSPropertyOp61
 70
     1
102
RTVSPropertyOp62
 70
     1
  0
XRECORD
  5
8C5E
102
{ACAD_REACTORS
330
8C5D
102
}
330
8C5D
100
AcDbXrecord
280
     1
102
RTVSPost2010Prop28
280
     0
102
RTVSPost2010PropOp28
 70
     1
102
RTVSPost2010Prop29
280
     1
102
RTVSPost2010PropOp29
 70
     1
102
RTVSPost2010Prop30
280
     1
102
RTVSPost2010PropOp30
 70
     1
102
RTVSPost2010Prop31
280
     0
102
RTVSPost2010PropOp31
 70
     1
102
RTVSPost2010Prop32
280
     0
102
RTVSPost2010PropOp32
 70
     1
102
RTVSPost2010Prop33
280
     0
102
RTVSPost2010PropOp33
 70
     1
102
RTVSPost2010Prop34
280
     0
102
RTVSPost2010PropOp34
 70
     1
102
RTVSPost2010Prop35
280
     0
102
RTVSPost2010PropOp35
 70
     1
102
RTVSPost2010Prop36
280
     0
102
RTVSPost2010PropOp36
 70
     1
102
RTVSPost2010Prop37
 90
       50
102
RTVSPost2010PropOp37
 70
     1
102
RTVSPost2010Prop38
140
0.0
102
RTVSPost2010PropOp38
 70
     1
102
RTVSPost2010Prop39
140
1.0
102
RTVSPost2010PropOp39
 70
     1
102
RTVSPost2010Prop40
 90
        0
102
RTVSPost2010PropOp40
 70
     1
102
RTVSPost2010Prop41ColorIndex
 90
       18
102
RTVSPost2010Prop41ColorRGB
 90
        0
102
RTVSPost2010PropOp41
 70
     1
102
RTVSPost2010Prop42
 90
       50
102
RTVSPost2010PropOp42
 70
     1
102
RTVSPost2010Prop43
 90
        3
102
RTVSPost2010PropOp43
 70
     1
102
RTVSPost2010Prop44ColorIndex
 90
        5
102
RTVSPost2010Prop44ColorRGB
 90
      255
102
RTVSPost2010PropOp44
 70
     1
102
RTVSPost2010Prop45
280
     0
102
RTVSPost2010PropOp45
 70
     1
102
RTVSPost2010Prop46
 90
       50
102
RTVSPost2010PropOp46
 70
     1
102
RTVSPost2010Prop47
 90
       50
102
RTVSPost2010PropOp47
 70
     1
102
RTVSPost2010Prop48
 90
       50
102
RTVSPost2010PropOp48
 70
     1
102
RTVSPost2010Prop49
280
     0
102
RTVSPost2010PropOp49
 70
     1
102
RTVSPost2010Prop50
 90
       50
102
RTVSPost2010PropOp50
 70
     1
102
RTVSPost2010Prop51ColorIndex
 90
      256
102
RTVSPost2010Prop51ColorRGB
 90
-16777216
102
RTVSPost2010PropOp51
 70
     0
102
RTVSPost2010Prop52
140
1.0
102
RTVSPost2010PropOp52
 70
     0
102
RTVSPost2010Prop53
 90
        2
102
RTVSPost2010PropOp53
 70
     1
102
RTVSPost2010Prop54
  1
strokes_ogs.tif
102
RTVSPost2010PropOp54
 70
     1
102
RTVSPost2010Prop55
280
     0
102
RTVSPost2010PropOp55
 70
     1
102
RTVSPost2010Prop56
140
1.0
102
RTVSPost2010PropOp56
 70
     1
102
RTVSPost2010Prop57
140
1.0
102
RTVSPost2010PropOp57
 70
     1
102
RTVSPropertyOp0
 70
     1
102
RTVSPropertyOp1
 70
     1
102
RTVSPropertyOp2
 70
     1
102
RTVSPropertyOp3
 70
     1
102
RTVSPropertyOp4
 70
     1
102
RTVSPropertyOp5
 70
     1
102
RTVSPropertyOp6
 70
     1
102
RTVSPropertyOp7
 70
     1
102
RTVSPropertyOp8
 70
     1
102
RTVSPropertyOp9
 70
     1
102
RTVSPropertyOp10
 70
     1
102
RTVSPropertyOp11
 70
     1
102
RTVSPropertyOp12
 70
     1
102
RTVSPropertyOp13
 70
     1
102
RTVSPropertyOp14
 70
     1
102
RTVSPropertyOp15
 70
     1
102
RTVSPropertyOp16
 70
     1
102
RTVSPropertyOp17
 70
     1
102
RTVSPropertyOp18
 70
     1
102
RTVSPropertyOp19
 70
     1
102
RTVSPropertyOp20
 70
     1
102
RTVSPropertyOp21
 70
     1
102
RTVSPropertyOp22
 70
     1
102
RTVSPropertyOp23
 70
     1
102
RTVSPropertyOp24
 70
     1
102
RTVSPropertyOp25
 70
     1
102
RTVSPropertyOp26
 70
     1
102
RTVSPropertyOp27
 70
     1
102
RTVSPropertyOp28
 70
     1
102
RTVSPropertyOp29
 70
     1
102
RTVSPropertyOp30
 70
     1
102
RTVSPropertyOp31
 70
     1
102
RTVSPropertyOp32
 70
     1
102
RTVSPropertyOp33
 70
     1
102
RTVSPropertyOp34
 70
     1
102
RTVSPropertyOp35
 70
     1
102
RTVSPropertyOp36
 70
     1
102
RTVSPropertyOp37
 70
     1
102
RTVSPropertyOp38
 70
     1
102
RTVSPropertyOp39
 70
     1
102
RTVSPropertyOp40
 70
     1
102
RTVSPropertyOp41
 70
     1
102
RTVSPropertyOp42
 70
     1
102
RTVSPropertyOp43
 70
     1
102
RTVSPropertyOp44
 70
     1
102
RTVSPropertyOp45
 70
     1
102
RTVSPropertyOp46
 70
     1
102
RTVSPropertyOp47
 70
     1
102
RTVSPropertyOp48
 70
     1
102
RTVSPropertyOp49
 70
     1
102
RTVSPropertyOp50
 70
     1
102
RTVSPropertyOp51
 70
     0
102
RTVSPropertyOp52
 70
     0
102
RTVSPropertyOp53
 70
     1
102
RTVSPropertyOp54
 70
     1
102
RTVSPropertyOp55
 70
     1
102
RTVSPropertyOp56
 70
     1
102
RTVSPropertyOp57
 70
     1
102
RTVSPropertyOp58
 70
     1
102
RTVSPropertyOp59
 70
     1
102
RTVSPropertyOp60
 70
     1
102
RTVSPropertyOp61
 70
     1
102
RTVSPropertyOp62
 70
     1
  0
XRECORD
  5
8C70
102
{ACAD_REACTORS
330
8C6F
102
}
330
8C6F
100
AcDbXrecord
280
     1
102
RTVSPost2010Prop28
280
     0
102
RTVSPost2010PropOp28
 70
     1
102
RTVSPost2010Prop29
280
     1
102
RTVSPost2010PropOp29
 70
     1
102
RTVSPost2010Prop30
280
     1
102
RTVSPost2010PropOp30
 70
     1
102
RTVSPost2010Prop31
280
     0
102
RTVSPost2010PropOp31
 70
     1
102
RTVSPost2010Prop32
280
     0
102
RTVSPost2010PropOp32
 70
     1
102
RTVSPost2010Prop33
280
     0
102
RTVSPost2010PropOp33
 70
     1
102
RTVSPost2010Prop34
280
     0
102
RTVSPost2010PropOp34
 70
     1
102
RTVSPost2010Prop35
280
     0
102
RTVSPost2010PropOp35
 70
     1
102
RTVSPost2010Prop36
280
     0
102
RTVSPost2010PropOp36
 70
     1
102
RTVSPost2010Prop37
 90
       50
102
RTVSPost2010PropOp37
 70
     1
102
RTVSPost2010Prop38
140
0.0
102
RTVSPost2010PropOp38
 70
     1
102
RTVSPost2010Prop39
140
1.0
102
RTVSPost2010PropOp39
 70
     1
102
RTVSPost2010Prop40
 90
        0
102
RTVSPost2010PropOp40
 70
     1
102
RTVSPost2010Prop41ColorIndex
 90
       18
102
RTVSPost2010Prop41ColorRGB
 90
        0
102
RTVSPost2010PropOp41
 70
     1
102
RTVSPost2010Prop42
 90
       50
102
RTVSPost2010PropOp42
 70
     1
102
RTVSPost2010Prop43
 90
        3
102
RTVSPost2010PropOp43
 70
     1
102
RTVSPost2010Prop44ColorIndex
 90
        5
102
RTVSPost2010Prop44ColorRGB
 90
      255
102
RTVSPost2010PropOp44
 70
     1
102
RTVSPost2010Prop45
280
     0
102
RTVSPost2010PropOp45
 70
     1
102
RTVSPost2010Prop46
 90
       50
102
RTVSPost2010PropOp46
 70
     1
102
RTVSPost2010Prop47
 90
       50
102
RTVSPost2010PropOp47
 70
     1
102
RTVSPost2010Prop48
 90
       50
102
RTVSPost2010PropOp48
 70
     1
102
RTVSPost2010Prop49
280
     0
102
RTVSPost2010PropOp49
 70
     1
102
RTVSPost2010Prop50
 90
       50
102
RTVSPost2010PropOp50
 70
     1
102
RTVSPost2010Prop51ColorIndex
 90
      256
102
RTVSPost2010Prop51ColorRGB
 90
-16777216
102
RTVSPost2010PropOp51
 70
     0
102
RTVSPost2010Prop52
140
1.0
102
RTVSPost2010PropOp52
 70
     0
102
RTVSPost2010Prop53
 90
        2
102
RTVSPost2010PropOp53
 70
     1
102
RTVSPost2010Prop54
  1
strokes_ogs.tif
102
RTVSPost2010PropOp54
 70
     1
102
RTVSPost2010Prop55
280
     0
102
RTVSPost2010PropOp55
 70
     1
102
RTVSPost2010Prop56
140
1.0
102
RTVSPost2010PropOp56
 70
     1
102
RTVSPost2010Prop57
140
1.0
102
RTVSPost2010PropOp57
 70
     1
102
RTVSPropertyOp0
 70
     0
102
RTVSPropertyOp1
 70
     0
102
RTVSPropertyOp2
 70
     0
102
RTVSPropertyOp3
 70
     0
102
RTVSPropertyOp4
 70
     0
102
RTVSPropertyOp5
 70
     0
102
RTVSPropertyOp6
 70
     0
102
RTVSPropertyOp7
 70
     0
102
RTVSPropertyOp8
 70
     0
102
RTVSPropertyOp9
 70
     0
102
RTVSPropertyOp10
 70
     0
102
RTVSPropertyOp11
 70
     0
102
RTVSPropertyOp12
 70
     0
102
RTVSPropertyOp13
 70
     0
102
RTVSPropertyOp14
 70
     2
102
RTVSPropertyOp15
 70
     0
102
RTVSPropertyOp16
 70
     0
102
RTVSPropertyOp17
 70
     0
102
RTVSPropertyOp18
 70
     0
102
RTVSPropertyOp19
 70
     0
102
RTVSPropertyOp20
 70
     0
102
RTVSPropertyOp21
 70
     0
102
RTVSPropertyOp22
 70
     0
102
RTVSPropertyOp23
 70
     0
102
RTVSPropertyOp24
 70
     0
102
RTVSPropertyOp25
 70
     0
102
RTVSPropertyOp26
 70
     0
102
RTVSPropertyOp27
 70
     0
102
RTVSPropertyOp28
 70
     1
102
RTVSPropertyOp29
 70
     1
102
RTVSPropertyOp30
 70
     1
102
RTVSPropertyOp31
 70
     1
102
RTVSPropertyOp32
 70
     1
102
RTVSPropertyOp33
 70
     1
102
RTVSPropertyOp34
 70
     1
102
RTVSPropertyOp35
 70
     1
102
RTVSPropertyOp36
 70
     1
102
RTVSPropertyOp37
 70
     1
102
RTVSPropertyOp38
 70
     1
102
RTVSPropertyOp39
 70
     1
102
RTVSPropertyOp40
 70
     1
102
RTVSPropertyOp41
 70
     1
102
RTVSPropertyOp42
 70
     1
102
RTVSPropertyOp43
 70
     1
102
RTVSPropertyOp44
 70
     1
102
RTVSPropertyOp45
 70
     1
102
RTVSPropertyOp46
 70
     1
102
RTVSPropertyOp47
 70
     1
102
RTVSPropertyOp48
 70
     1
102
RTVSPropertyOp49
 70
     1
102
RTVSPropertyOp50
 70
     1
102
RTVSPropertyOp51
 70
     0
102
RTVSPropertyOp52
 70
     0
102
RTVSPropertyOp53
 70
     1
102
RTVSPropertyOp54
 70
     1
102
RTVSPropertyOp55
 70
     1
102
RTVSPropertyOp56
 70
     1
102
RTVSPropertyOp57
 70
     1
102
RTVSPropertyOp58
 70
     1
102
RTVSPropertyOp59
 70
     1
102
RTVSPropertyOp60
 70
     1
102
RTVSPropertyOp61
 70
     1
102
RTVSPropertyOp62
 70
     1
  0
XRECORD
  5
8C56
102
{ACAD_REACTORS
330
8C55
102
}
330
8C55
100
AcDbXrecord
280
     1
102
RTVSPost2010Prop28
280
     0
102
RTVSPost2010PropOp28
 70
     1
102
RTVSPost2010Prop29
280
     1
102
RTVSPost2010PropOp29
 70
     1
102
RTVSPost2010Prop30
280
     1
102
RTVSPost2010PropOp30
 70
     1
102
RTVSPost2010Prop31
280
     0
102
RTVSPost2010PropOp31
 70
     1
102
RTVSPost2010Prop32
280
     0
102
RTVSPost2010PropOp32
 70
     1
102
RTVSPost2010Prop33
280
     0
102
RTVSPost2010PropOp33
 70
     1
102
RTVSPost2010Prop34
280
     0
102
RTVSPost2010PropOp34
 70
     1
102
RTVSPost2010Prop35
280
     0
102
RTVSPost2010PropOp35
 70
     1
102
RTVSPost2010Prop36
280
     0
102
RTVSPost2010PropOp36
 70
     1
102
RTVSPost2010Prop37
 90
       50
102
RTVSPost2010PropOp37
 70
     1
102
RTVSPost2010Prop38
140
0.0
102
RTVSPost2010PropOp38
 70
     1
102
RTVSPost2010Prop39
140
1.0
102
RTVSPost2010PropOp39
 70
     1
102
RTVSPost2010Prop40
 90
        0
102
RTVSPost2010PropOp40
 70
     1
102
RTVSPost2010Prop41ColorIndex
 90
       18
102
RTVSPost2010Prop41ColorRGB
 90
        0
102
RTVSPost2010PropOp41
 70
     1
102
RTVSPost2010Prop42
 90
       50
102
RTVSPost2010PropOp42
 70
     1
102
RTVSPost2010Prop43
 90
        3
102
RTVSPost2010PropOp43
 70
     1
102
RTVSPost2010Prop44ColorIndex
 90
        5
102
RTVSPost2010Prop44ColorRGB
 90
      255
102
RTVSPost2010PropOp44
 70
     1
102
RTVSPost2010Prop45
280
     0
102
RTVSPost2010PropOp45
 70
     1
102
RTVSPost2010Prop46
 90
       50
102
RTVSPost2010PropOp46
 70
     1
102
RTVSPost2010Prop47
 90
       50
102
RTVSPost2010PropOp47
 70
     1
102
RTVSPost2010Prop48
 90
       50
102
RTVSPost2010PropOp48
 70
     1
102
RTVSPost2010Prop49
280
     0
102
RTVSPost2010PropOp49
 70
     1
102
RTVSPost2010Prop50
 90
       50
102
RTVSPost2010PropOp50
 70
     1
102
RTVSPost2010Prop51ColorIndex
 90
      256
102
RTVSPost2010Prop51ColorRGB
 90
-16777216
102
RTVSPost2010PropOp51
 70
     0
102
RTVSPost2010Prop52
140
1.0
102
RTVSPost2010PropOp52
 70
     0
102
RTVSPost2010Prop53
 90
        2
102
RTVSPost2010PropOp53
 70
     1
102
RTVSPost2010Prop54
  1
strokes_ogs.tif
102
RTVSPost2010PropOp54
 70
     1
102
RTVSPost2010Prop55
280
     0
102
RTVSPost2010PropOp55
 70
     1
102
RTVSPost2010Prop56
140
1.0
102
RTVSPost2010PropOp56
 70
     1
102
RTVSPost2010Prop57
140
1.0
102
RTVSPost2010PropOp57
 70
     1
102
RTVSPropertyOp0
 70
     1
102
RTVSPropertyOp1
 70
     1
102
RTVSPropertyOp2
 70
     1
102
RTVSPropertyOp3
 70
     1
102
RTVSPropertyOp4
 70
     1
102
RTVSPropertyOp5
 70
     1
102
RTVSPropertyOp6
 70
     1
102
RTVSPropertyOp7
 70
     1
102
RTVSPropertyOp8
 70
     1
102
RTVSPropertyOp9
 70
     1
102
RTVSPropertyOp10
 70
     1
102
RTVSPropertyOp11
 70
     1
102
RTVSPropertyOp12
 70
     1
102
RTVSPropertyOp13
 70
     1
102
RTVSPropertyOp14
 70
     1
102
RTVSPropertyOp15
 70
     1
102
RTVSPropertyOp16
 70
     1
102
RTVSPropertyOp17
 70
     1
102
RTVSPropertyOp18
 70
     1
102
RTVSPropertyOp19
 70
     1
102
RTVSPropertyOp20
 70
     1
102
RTVSPropertyOp21
 70
     1
102
RTVSPropertyOp22
 70
     1
102
RTVSPropertyOp23
 70
     1
102
RTVSPropertyOp24
 70
     1
102
RTVSPropertyOp25
 70
     1
102
RTVSPropertyOp26
 70
     1
102
RTVSPropertyOp27
 70
     1
102
RTVSPropertyOp28
 70
     1
102
RTVSPropertyOp29
 70
     1
102
RTVSPropertyOp30
 70
     1
102
RTVSPropertyOp31
 70
     1
102
RTVSPropertyOp32
 70
     1
102
RTVSPropertyOp33
 70
     1
102
RTVSPropertyOp34
 70
     1
102
RTVSPropertyOp35
 70
     1
102
RTVSPropertyOp36
 70
     1
102
RTVSPropertyOp37
 70
     1
102
RTVSPropertyOp38
 70
     1
102
RTVSPropertyOp39
 70
     1
102
RTVSPropertyOp40
 70
     1
102
RTVSPropertyOp41
 70
     1
102
RTVSPropertyOp42
 70
     1
102
RTVSPropertyOp43
 70
     1
102
RTVSPropertyOp44
 70
     1
102
RTVSPropertyOp45
 70
     1
102
RTVSPropertyOp46
 70
     1
102
RTVSPropertyOp47
 70
     1
102
RTVSPropertyOp48
 70
     1
102
RTVSPropertyOp49
 70
     1
102
RTVSPropertyOp50
 70
     1
102
RTVSPropertyOp51
 70
     0
102
RTVSPropertyOp52
 70
     0
102
RTVSPropertyOp53
 70
     1
102
RTVSPropertyOp54
 70
     1
102
RTVSPropertyOp55
 70
     1
102
RTVSPropertyOp56
 70
     1
102
RTVSPropertyOp57
 70
     1
102
RTVSPropertyOp58
 70
     1
102
RTVSPropertyOp59
 70
     1
102
RTVSPropertyOp60
 70
     1
102
RTVSPropertyOp61
 70
     1
102
RTVSPropertyOp62
 70
     1
  0
XRECORD
  5
8C6C
102
{ACAD_REACTORS
330
8C6B
102
}
330
8C6B
100
AcDbXrecord
280
     1
102
RTVSPost2010Prop28
280
     0
102
RTVSPost2010PropOp28
 70
     1
102
RTVSPost2010Prop29
280
     1
102
RTVSPost2010PropOp29
 70
     1
102
RTVSPost2010Prop30
280
     1
102
RTVSPost2010PropOp30
 70
     1
102
RTVSPost2010Prop31
280
     0
102
RTVSPost2010PropOp31
 70
     1
102
RTVSPost2010Prop32
280
     0
102
RTVSPost2010PropOp32
 70
     1
102
RTVSPost2010Prop33
280
     0
102
RTVSPost2010PropOp33
 70
     1
102
RTVSPost2010Prop34
280
     0
102
RTVSPost2010PropOp34
 70
     1
102
RTVSPost2010Prop35
280
     0
102
RTVSPost2010PropOp35
 70
     1
102
RTVSPost2010Prop36
280
     0
102
RTVSPost2010PropOp36
 70
     1
102
RTVSPost2010Prop37
 90
       50
102
RTVSPost2010PropOp37
 70
     1
102
RTVSPost2010Prop38
140
0.0
102
RTVSPost2010PropOp38
 70
     1
102
RTVSPost2010Prop39
140
1.0
102
RTVSPost2010PropOp39
 70
     1
102
RTVSPost2010Prop40
 90
        0
102
RTVSPost2010PropOp40
 70
     1
102
RTVSPost2010Prop41ColorIndex
 90
       18
102
RTVSPost2010Prop41ColorRGB
 90
        0
102
RTVSPost2010PropOp41
 70
     1
102
RTVSPost2010Prop42
 90
       50
102
RTVSPost2010PropOp42
 70
     1
102
RTVSPost2010Prop43
 90
        3
102
RTVSPost2010PropOp43
 70
     1
102
RTVSPost2010Prop44ColorIndex
 90
        5
102
RTVSPost2010Prop44ColorRGB
 90
      255
102
RTVSPost2010PropOp44
 70
     1
102
RTVSPost2010Prop45
280
     0
102
RTVSPost2010PropOp45
 70
     1
102
RTVSPost2010Prop46
 90
       50
102
RTVSPost2010PropOp46
 70
     1
102
RTVSPost2010Prop47
 90
       50
102
RTVSPost2010PropOp47
 70
     1
102
RTVSPost2010Prop48
 90
       50
102
RTVSPost2010PropOp48
 70
     1
102
RTVSPost2010Prop49
280
     0
102
RTVSPost2010PropOp49
 70
     1
102
RTVSPost2010Prop50
 90
       50
102
RTVSPost2010PropOp50
 70
     1
102
RTVSPost2010Prop51ColorIndex
 90
      256
102
RTVSPost2010Prop51ColorRGB
 90
-16777216
102
RTVSPost2010PropOp51
 70
     0
102
RTVSPost2010Prop52
140
1.0
102
RTVSPost2010PropOp52
 70
     0
102
RTVSPost2010Prop53
 90
        2
102
RTVSPost2010PropOp53
 70
     1
102
RTVSPost2010Prop54
  1
strokes_ogs.tif
102
RTVSPost2010PropOp54
 70
     1
102
RTVSPost2010Prop55
280
     0
102
RTVSPost2010PropOp55
 70
     1
102
RTVSPost2010Prop56
140
1.0
102
RTVSPost2010PropOp56
 70
     1
102
RTVSPost2010Prop57
140
1.0
102
RTVSPost2010PropOp57
 70
     1
102
RTVSPropertyOp0
 70
     1
102
RTVSPropertyOp1
 70
     1
102
RTVSPropertyOp2
 70
     1
102
RTVSPropertyOp3
 70
     1
102
RTVSPropertyOp4
 70
     1
102
RTVSPropertyOp5
 70
     1
102
RTVSPropertyOp6
 70
     1
102
RTVSPropertyOp7
 70
     1
102
RTVSPropertyOp8
 70
     1
102
RTVSPropertyOp9
 70
     1
102
RTVSPropertyOp10
 70
     1
102
RTVSPropertyOp11
 70
     1
102
RTVSPropertyOp12
 70
     1
102
RTVSPropertyOp13
 70
     1
102
RTVSPropertyOp14
 70
     1
102
RTVSPropertyOp15
 70
     1
102
RTVSPropertyOp16
 70
     1
102
RTVSPropertyOp17
 70
     1
102
RTVSPropertyOp18
 70
     1
102
RTVSPropertyOp19
 70
     1
102
RTVSPropertyOp20
 70
     1
102
RTVSPropertyOp21
 70
     1
102
RTVSPropertyOp22
 70
     1
102
RTVSPropertyOp23
 70
     1
102
RTVSPropertyOp24
 70
     1
102
RTVSPropertyOp25
 70
     1
102
RTVSPropertyOp26
 70
     1
102
RTVSPropertyOp27
 70
     1
102
RTVSPropertyOp28
 70
     1
102
RTVSPropertyOp29
 70
     1
102
RTVSPropertyOp30
 70
     1
102
RTVSPropertyOp31
 70
     1
102
RTVSPropertyOp32
 70
     1
102
RTVSPropertyOp33
 70
     1
102
RTVSPropertyOp34
 70
     1
102
RTVSPropertyOp35
 70
     1
102
RTVSPropertyOp36
 70
     1
102
RTVSPropertyOp37
 70
     1
102
RTVSPropertyOp38
 70
     1
102
RTVSPropertyOp39
 70
     1
102
RTVSPropertyOp40
 70
     1
102
RTVSPropertyOp41
 70
     1
102
RTVSPropertyOp42
 70
     1
102
RTVSPropertyOp43
 70
     1
102
RTVSPropertyOp44
 70
     1
102
RTVSPropertyOp45
 70
     1
102
RTVSPropertyOp46
 70
     1
102
RTVSPropertyOp47
 70
     1
102
RTVSPropertyOp48
 70
     1
102
RTVSPropertyOp49
 70
     1
102
RTVSPropertyOp50
 70
     1
102
RTVSPropertyOp51
 70
     0
102
RTVSPropertyOp52
 70
     0
102
RTVSPropertyOp53
 70
     1
102
RTVSPropertyOp54
 70
     1
102
RTVSPropertyOp55
 70
     1
102
RTVSPropertyOp56
 70
     1
102
RTVSPropertyOp57
 70
     1
102
RTVSPropertyOp58
 70
     1
102
RTVSPropertyOp59
 70
     1
102
RTVSPropertyOp60
 70
     1
102
RTVSPropertyOp61
 70
     1
102
RTVSPropertyOp62
 70
     1
  0
XRECORD
  5
8C6A
102
{ACAD_REACTORS
330
8C69
102
}
330
8C69
100
AcDbXrecord
280
     1
102
RTVSPost2010Prop28
280
     0
102
RTVSPost2010PropOp28
 70
     1
102
RTVSPost2010Prop29
280
     1
102
RTVSPost2010PropOp29
 70
     1
102
RTVSPost2010Prop30
280
     1
102
RTVSPost2010PropOp30
 70
     1
102
RTVSPost2010Prop31
280
     0
102
RTVSPost2010PropOp31
 70
     1
102
RTVSPost2010Prop32
280
     0
102
RTVSPost2010PropOp32
 70
     1
102
RTVSPost2010Prop33
280
     0
102
RTVSPost2010PropOp33
 70
     1
102
RTVSPost2010Prop34
280
     0
102
RTVSPost2010PropOp34
 70
     1
102
RTVSPost2010Prop35
280
     0
102
RTVSPost2010PropOp35
 70
     1
102
RTVSPost2010Prop36
280
     0
102
RTVSPost2010PropOp36
 70
     1
102
RTVSPost2010Prop37
 90
       50
102
RTVSPost2010PropOp37
 70
     1
102
RTVSPost2010Prop38
140
0.0
102
RTVSPost2010PropOp38
 70
     1
102
RTVSPost2010Prop39
140
1.0
102
RTVSPost2010PropOp39
 70
     1
102
RTVSPost2010Prop40
 90
        0
102
RTVSPost2010PropOp40
 70
     1
102
RTVSPost2010Prop41ColorIndex
 90
       18
102
RTVSPost2010Prop41ColorRGB
 90
        0
102
RTVSPost2010PropOp41
 70
     1
102
RTVSPost2010Prop42
 90
       50
102
RTVSPost2010PropOp42
 70
     1
102
RTVSPost2010Prop43
 90
        3
102
RTVSPost2010PropOp43
 70
     1
102
RTVSPost2010Prop44ColorIndex
 90
        5
102
RTVSPost2010Prop44ColorRGB
 90
      255
102
RTVSPost2010PropOp44
 70
     1
102
RTVSPost2010Prop45
280
     0
102
RTVSPost2010PropOp45
 70
     1
102
RTVSPost2010Prop46
 90
       50
102
RTVSPost2010PropOp46
 70
     1
102
RTVSPost2010Prop47
 90
       50
102
RTVSPost2010PropOp47
 70
     1
102
RTVSPost2010Prop48
 90
       50
102
RTVSPost2010PropOp48
 70
     1
102
RTVSPost2010Prop49
280
     0
102
RTVSPost2010PropOp49
 70
     1
102
RTVSPost2010Prop50
 90
       50
102
RTVSPost2010PropOp50
 70
     1
102
RTVSPost2010Prop51ColorIndex
 90
      256
102
RTVSPost2010Prop51ColorRGB
 90
-16777216
102
RTVSPost2010PropOp51
 70
     0
102
RTVSPost2010Prop52
140
1.0
102
RTVSPost2010PropOp52
 70
     0
102
RTVSPost2010Prop53
 90
        2
102
RTVSPost2010PropOp53
 70
     1
102
RTVSPost2010Prop54
  1
strokes_ogs.tif
102
RTVSPost2010PropOp54
 70
     1
102
RTVSPost2010Prop55
280
     0
102
RTVSPost2010PropOp55
 70
     1
102
RTVSPost2010Prop56
140
1.0
102
RTVSPost2010PropOp56
 70
     1
102
RTVSPost2010Prop57
140
1.0
102
RTVSPost2010PropOp57
 70
     1
102
RTVSPropertyOp0
 70
     1
102
RTVSPropertyOp1
 70
     1
102
RTVSPropertyOp2
 70
     1
102
RTVSPropertyOp3
 70
     1
102
RTVSPropertyOp4
 70
     1
102
RTVSPropertyOp5
 70
     1
102
RTVSPropertyOp6
 70
     1
102
RTVSPropertyOp7
 70
     1
102
RTVSPropertyOp8
 70
     1
102
RTVSPropertyOp9
 70
     1
102
RTVSPropertyOp10
 70
     1
102
RTVSPropertyOp11
 70
     1
102
RTVSPropertyOp12
 70
     1
102
RTVSPropertyOp13
 70
     1
102
RTVSPropertyOp14
 70
     1
102
RTVSPropertyOp15
 70
     1
102
RTVSPropertyOp16
 70
     1
102
RTVSPropertyOp17
 70
     1
102
RTVSPropertyOp18
 70
     1
102
RTVSPropertyOp19
 70
     1
102
RTVSPropertyOp20
 70
     1
102
RTVSPropertyOp21
 70
     1
102
RTVSPropertyOp22
 70
     1
102
RTVSPropertyOp23
 70
     1
102
RTVSPropertyOp24
 70
     1
102
RTVSPropertyOp25
 70
     1
102
RTVSPropertyOp26
 70
     1
102
RTVSPropertyOp27
 70
     1
102
RTVSPropertyOp28
 70
     1
102
RTVSPropertyOp29
 70
     1
102
RTVSPropertyOp30
 70
     1
102
RTVSPropertyOp31
 70
     1
102
RTVSPropertyOp32
 70
     1
102
RTVSPropertyOp33
 70
     1
102
RTVSPropertyOp34
 70
     1
102
RTVSPropertyOp35
 70
     1
102
RTVSPropertyOp36
 70
     1
102
RTVSPropertyOp37
 70
     1
102
RTVSPropertyOp38
 70
     1
102
RTVSPropertyOp39
 70
     1
102
RTVSPropertyOp40
 70
     1
102
RTVSPropertyOp41
 70
     1
102
RTVSPropertyOp42
 70
     1
102
RTVSPropertyOp43
 70
     1
102
RTVSPropertyOp44
 70
     1
102
RTVSPropertyOp45
 70
     1
102
RTVSPropertyOp46
 70
     1
102
RTVSPropertyOp47
 70
     1
102
RTVSPropertyOp48
 70
     1
102
RTVSPropertyOp49
 70
     1
102
RTVSPropertyOp50
 70
     1
102
RTVSPropertyOp51
 70
     0
102
RTVSPropertyOp52
 70
     0
102
RTVSPropertyOp53
 70
     1
102
RTVSPropertyOp54
 70
     1
102
RTVSPropertyOp55
 70
     1
102
RTVSPropertyOp56
 70
     1
102
RTVSPropertyOp57
 70
     1
102
RTVSPropertyOp58
 70
     1
102
RTVSPropertyOp59
 70
     1
102
RTVSPropertyOp60
 70
     1
102
RTVSPropertyOp61
 70
     1
102
RTVSPropertyOp62
 70
     1
  0
XRECORD
  5
8C64
102
{ACAD_REACTORS
330
8C63
102
}
330
8C63
100
AcDbXrecord
280
     1
102
RTVSPost2010Prop28
280
     0
102
RTVSPost2010PropOp28
 70
     1
102
RTVSPost2010Prop29
280
     1
102
RTVSPost2010PropOp29
 70
     1
102
RTVSPost2010Prop30
280
     1
102
RTVSPost2010PropOp30
 70
     1
102
RTVSPost2010Prop31
280
     0
102
RTVSPost2010PropOp31
 70
     1
102
RTVSPost2010Prop32
280
     0
102
RTVSPost2010PropOp32
 70
     1
102
RTVSPost2010Prop33
280
     0
102
RTVSPost2010PropOp33
 70
     1
102
RTVSPost2010Prop34
280
     0
102
RTVSPost2010PropOp34
 70
     1
102
RTVSPost2010Prop35
280
     0
102
RTVSPost2010PropOp35
 70
     1
102
RTVSPost2010Prop36
280
     0
102
RTVSPost2010PropOp36
 70
     1
102
RTVSPost2010Prop37
 90
       50
102
RTVSPost2010PropOp37
 70
     1
102
RTVSPost2010Prop38
140
0.0
102
RTVSPost2010PropOp38
 70
     1
102
RTVSPost2010Prop39
140
1.0
102
RTVSPost2010PropOp39
 70
     1
102
RTVSPost2010Prop40
 90
        0
102
RTVSPost2010PropOp40
 70
     1
102
RTVSPost2010Prop41ColorIndex
 90
       18
102
RTVSPost2010Prop41ColorRGB
 90
        0
102
RTVSPost2010PropOp41
 70
     1
102
RTVSPost2010Prop42
 90
       50
102
RTVSPost2010PropOp42
 70
     1
102
RTVSPost2010Prop43
 90
        3
102
RTVSPost2010PropOp43
 70
     1
102
RTVSPost2010Prop44ColorIndex
 90
        5
102
RTVSPost2010Prop44ColorRGB
 90
      255
102
RTVSPost2010PropOp44
 70
     1
102
RTVSPost2010Prop45
280
     0
102
RTVSPost2010PropOp45
 70
     1
102
RTVSPost2010Prop46
 90
       50
102
RTVSPost2010PropOp46
 70
     1
102
RTVSPost2010Prop47
 90
       50
102
RTVSPost2010PropOp47
 70
     1
102
RTVSPost2010Prop48
 90
       50
102
RTVSPost2010PropOp48
 70
     1
102
RTVSPost2010Prop49
280
     0
102
RTVSPost2010PropOp49
 70
     1
102
RTVSPost2010Prop50
 90
       50
102
RTVSPost2010PropOp50
 70
     1
102
RTVSPost2010Prop51ColorIndex
 90
      256
102
RTVSPost2010Prop51ColorRGB
 90
-16777216
102
RTVSPost2010PropOp51
 70
     0
102
RTVSPost2010Prop52
140
1.0
102
RTVSPost2010PropOp52
 70
     0
102
RTVSPost2010Prop53
 90
        2
102
RTVSPost2010PropOp53
 70
     1
102
RTVSPost2010Prop54
  1
strokes_ogs.tif
102
RTVSPost2010PropOp54
 70
     1
102
RTVSPost2010Prop55
280
     0
102
RTVSPost2010PropOp55
 70
     1
102
RTVSPost2010Prop56
140
1.0
102
RTVSPost2010PropOp56
 70
     1
102
RTVSPost2010Prop57
140
1.0
102
RTVSPost2010PropOp57
 70
     1
102
RTVSPropertyOp0
 70
     1
102
RTVSPropertyOp1
 70
     1
102
RTVSPropertyOp2
 70
     1
102
RTVSPropertyOp3
 70
     1
102
RTVSPropertyOp4
 70
     1
102
RTVSPropertyOp5
 70
     1
102
RTVSPropertyOp6
 70
     1
102
RTVSPropertyOp7
 70
     1
102
RTVSPropertyOp8
 70
     1
102
RTVSPropertyOp9
 70
     1
102
RTVSPropertyOp10
 70
     1
102
RTVSPropertyOp11
 70
     1
102
RTVSPropertyOp12
 70
     1
102
RTVSPropertyOp13
 70
     1
102
RTVSPropertyOp14
 70
     1
102
RTVSPropertyOp15
 70
     1
102
RTVSPropertyOp16
 70
     1
102
RTVSPropertyOp17
 70
     1
102
RTVSPropertyOp18
 70
     1
102
RTVSPropertyOp19
 70
     1
102
RTVSPropertyOp20
 70
     1
102
RTVSPropertyOp21
 70
     1
102
RTVSPropertyOp22
 70
     1
102
RTVSPropertyOp23
 70
     1
102
RTVSPropertyOp24
 70
     1
102
RTVSPropertyOp25
 70
     1
102
RTVSPropertyOp26
 70
     1
102
RTVSPropertyOp27
 70
     1
102
RTVSPropertyOp28
 70
     1
102
RTVSPropertyOp29
 70
     1
102
RTVSPropertyOp30
 70
     1
102
RTVSPropertyOp31
 70
     1
102
RTVSPropertyOp32
 70
     1
102
RTVSPropertyOp33
 70
     1
102
RTVSPropertyOp34
 70
     1
102
RTVSPropertyOp35
 70
     1
102
RTVSPropertyOp36
 70
     1
102
RTVSPropertyOp37
 70
     1
102
RTVSPropertyOp38
 70
     1
102
RTVSPropertyOp39
 70
     1
102
RTVSPropertyOp40
 70
     1
102
RTVSPropertyOp41
 70
     1
102
RTVSPropertyOp42
 70
     1
102
RTVSPropertyOp43
 70
     1
102
RTVSPropertyOp44
 70
     1
102
RTVSPropertyOp45
 70
     1
102
RTVSPropertyOp46
 70
     1
102
RTVSPropertyOp47
 70
     1
102
RTVSPropertyOp48
 70
     1
102
RTVSPropertyOp49
 70
     1
102
RTVSPropertyOp50
 70
     1
102
RTVSPropertyOp51
 70
     0
102
RTVSPropertyOp52
 70
     0
102
RTVSPropertyOp53
 70
     1
102
RTVSPropertyOp54
 70
     1
102
RTVSPropertyOp55
 70
     1
102
RTVSPropertyOp56
 70
     1
102
RTVSPropertyOp57
 70
     1
102
RTVSPropertyOp58
 70
     1
102
RTVSPropertyOp59
 70
     1
102
RTVSPropertyOp60
 70
     1
102
RTVSPropertyOp61
 70
     1
102
RTVSPropertyOp62
 70
     1
  0
XRECORD
  5
8C66
102
{ACAD_REACTORS
330
8C65
102
}
330
8C65
100
AcDbXrecord
280
     1
102
RTVSPost2010Prop28
280
     0
102
RTVSPost2010PropOp28
 70
     1
102
RTVSPost2010Prop29
280
     1
102
RTVSPost2010PropOp29
 70
     1
102
RTVSPost2010Prop30
280
     1
102
RTVSPost2010PropOp30
 70
     1
102
RTVSPost2010Prop31
280
     0
102
RTVSPost2010PropOp31
 70
     1
102
RTVSPost2010Prop32
280
     0
102
RTVSPost2010PropOp32
 70
     1
102
RTVSPost2010Prop33
280
     0
102
RTVSPost2010PropOp33
 70
     1
102
RTVSPost2010Prop34
280
     0
102
RTVSPost2010PropOp34
 70
     1
102
RTVSPost2010Prop35
280
     0
102
RTVSPost2010PropOp35
 70
     1
102
RTVSPost2010Prop36
280
     0
102
RTVSPost2010PropOp36
 70
     1
102
RTVSPost2010Prop37
 90
       50
102
RTVSPost2010PropOp37
 70
     1
102
RTVSPost2010Prop38
140
0.0
102
RTVSPost2010PropOp38
 70
     1
102
RTVSPost2010Prop39
140
1.0
102
RTVSPost2010PropOp39
 70
     1
102
RTVSPost2010Prop40
 90
        0
102
RTVSPost2010PropOp40
 70
     1
102
RTVSPost2010Prop41ColorIndex
 90
       18
102
RTVSPost2010Prop41ColorRGB
 90
        0
102
RTVSPost2010PropOp41
 70
     1
102
RTVSPost2010Prop42
 90
       50
102
RTVSPost2010PropOp42
 70
     1
102
RTVSPost2010Prop43
 90
        3
102
RTVSPost2010PropOp43
 70
     1
102
RTVSPost2010Prop44ColorIndex
 90
        5
102
RTVSPost2010Prop44ColorRGB
 90
      255
102
RTVSPost2010PropOp44
 70
     1
102
RTVSPost2010Prop45
280
     0
102
RTVSPost2010PropOp45
 70
     1
102
RTVSPost2010Prop46
 90
       50
102
RTVSPost2010PropOp46
 70
     1
102
RTVSPost2010Prop47
 90
       50
102
RTVSPost2010PropOp47
 70
     1
102
RTVSPost2010Prop48
 90
       50
102
RTVSPost2010PropOp48
 70
     1
102
RTVSPost2010Prop49
280
     0
102
RTVSPost2010PropOp49
 70
     1
102
RTVSPost2010Prop50
 90
       50
102
RTVSPost2010PropOp50
 70
     1
102
RTVSPost2010Prop51ColorIndex
 90
      256
102
RTVSPost2010Prop51ColorRGB
 90
-16777216
102
RTVSPost2010PropOp51
 70
     0
102
RTVSPost2010Prop52
140
1.0
102
RTVSPost2010PropOp52
 70
     0
102
RTVSPost2010Prop53
 90
        2
102
RTVSPost2010PropOp53
 70
     1
102
RTVSPost2010Prop54
  1
strokes_ogs.tif
102
RTVSPost2010PropOp54
 70
     1
102
RTVSPost2010Prop55
280
     0
102
RTVSPost2010PropOp55
 70
     1
102
RTVSPost2010Prop56
140
1.0
102
RTVSPost2010PropOp56
 70
     1
102
RTVSPost2010Prop57
140
1.0
102
RTVSPost2010PropOp57
 70
     1
102
RTVSPropertyOp0
 70
     1
102
RTVSPropertyOp1
 70
     1
102
RTVSPropertyOp2
 70
     1
102
RTVSPropertyOp3
 70
     1
102
RTVSPropertyOp4
 70
     1
102
RTVSPropertyOp5
 70
     1
102
RTVSPropertyOp6
 70
     1
102
RTVSPropertyOp7
 70
     1
102
RTVSPropertyOp8
 70
     1
102
RTVSPropertyOp9
 70
     1
102
RTVSPropertyOp10
 70
     1
102
RTVSPropertyOp11
 70
     1
102
RTVSPropertyOp12
 70
     1
102
RTVSPropertyOp13
 70
     1
102
RTVSPropertyOp14
 70
     1
102
RTVSPropertyOp15
 70
     1
102
RTVSPropertyOp16
 70
     1
102
RTVSPropertyOp17
 70
     1
102
RTVSPropertyOp18
 70
     1
102
RTVSPropertyOp19
 70
     1
102
RTVSPropertyOp20
 70
     1
102
RTVSPropertyOp21
 70
     1
102
RTVSPropertyOp22
 70
     1
102
RTVSPropertyOp23
 70
     1
102
RTVSPropertyOp24
 70
     1
102
RTVSPropertyOp25
 70
     1
102
RTVSPropertyOp26
 70
     1
102
RTVSPropertyOp27
 70
     1
102
RTVSPropertyOp28
 70
     1
102
RTVSPropertyOp29
 70
     1
102
RTVSPropertyOp30
 70
     1
102
RTVSPropertyOp31
 70
     1
102
RTVSPropertyOp32
 70
     1
102
RTVSPropertyOp33
 70
     1
102
RTVSPropertyOp34
 70
     1
102
RTVSPropertyOp35
 70
     1
102
RTVSPropertyOp36
 70
     1
102
RTVSPropertyOp37
 70
     1
102
RTVSPropertyOp38
 70
     1
102
RTVSPropertyOp39
 70
     1
102
RTVSPropertyOp40
 70
     1
102
RTVSPropertyOp41
 70
     1
102
RTVSPropertyOp42
 70
     1
102
RTVSPropertyOp43
 70
     1
102
RTVSPropertyOp44
 70
     1
102
RTVSPropertyOp45
 70
     1
102
RTVSPropertyOp46
 70
     1
102
RTVSPropertyOp47
 70
     1
102
RTVSPropertyOp48
 70
     1
102
RTVSPropertyOp49
 70
     1
102
RTVSPropertyOp50
 70
     1
102
RTVSPropertyOp51
 70
     0
102
RTVSPropertyOp52
 70
     0
102
RTVSPropertyOp53
 70
     1
102
RTVSPropertyOp54
 70
     1
102
RTVSPropertyOp55
 70
     1
102
RTVSPropertyOp56
 70
     1
102
RTVSPropertyOp57
 70
     1
102
RTVSPropertyOp58
 70
     1
102
RTVSPropertyOp59
 70
     1
102
RTVSPropertyOp60
 70
     1
102
RTVSPropertyOp61
 70
     1
102
RTVSPropertyOp62
 70
     1
  0
XRECORD
  5
8C5C
102
{ACAD_REACTORS
330
8C5B
102
}
330
8C5B
100
AcDbXrecord
280
     1
102
RTVSPost2010Prop28
280
     0
102
RTVSPost2010PropOp28
 70
     1
102
RTVSPost2010Prop29
280
     1
102
RTVSPost2010PropOp29
 70
     1
102
RTVSPost2010Prop30
280
     1
102
RTVSPost2010PropOp30
 70
     1
102
RTVSPost2010Prop31
280
     0
102
RTVSPost2010PropOp31
 70
     1
102
RTVSPost2010Prop32
280
     0
102
RTVSPost2010PropOp32
 70
     1
102
RTVSPost2010Prop33
280
     0
102
RTVSPost2010PropOp33
 70
     1
102
RTVSPost2010Prop34
280
     0
102
RTVSPost2010PropOp34
 70
     1
102
RTVSPost2010Prop35
280
     0
102
RTVSPost2010PropOp35
 70
     1
102
RTVSPost2010Prop36
280
     0
102
RTVSPost2010PropOp36
 70
     1
102
RTVSPost2010Prop37
 90
       50
102
RTVSPost2010PropOp37
 70
     1
102
RTVSPost2010Prop38
140
0.0
102
RTVSPost2010PropOp38
 70
     1
102
RTVSPost2010Prop39
140
1.0
102
RTVSPost2010PropOp39
 70
     1
102
RTVSPost2010Prop40
 90
        0
102
RTVSPost2010PropOp40
 70
     1
102
RTVSPost2010Prop41ColorIndex
 90
       18
102
RTVSPost2010Prop41ColorRGB
 90
        0
102
RTVSPost2010PropOp41
 70
     1
102
RTVSPost2010Prop42
 90
       50
102
RTVSPost2010PropOp42
 70
     1
102
RTVSPost2010Prop43
 90
        3
102
RTVSPost2010PropOp43
 70
     1
102
RTVSPost2010Prop44ColorIndex
 90
        5
102
RTVSPost2010Prop44ColorRGB
 90
      255
102
RTVSPost2010PropOp44
 70
     1
102
RTVSPost2010Prop45
280
     0
102
RTVSPost2010PropOp45
 70
     1
102
RTVSPost2010Prop46
 90
       50
102
RTVSPost2010PropOp46
 70
     1
102
RTVSPost2010Prop47
 90
       50
102
RTVSPost2010PropOp47
 70
     1
102
RTVSPost2010Prop48
 90
       50
102
RTVSPost2010PropOp48
 70
     1
102
RTVSPost2010Prop49
280
     0
102
RTVSPost2010PropOp49
 70
     1
102
RTVSPost2010Prop50
 90
       50
102
RTVSPost2010PropOp50
 70
     1
102
RTVSPost2010Prop51ColorIndex
 90
      256
102
RTVSPost2010Prop51ColorRGB
 90
-16777216
102
RTVSPost2010PropOp51
 70
     0
102
RTVSPost2010Prop52
140
1.0
102
RTVSPost2010PropOp52
 70
     0
102
RTVSPost2010Prop53
 90
        2
102
RTVSPost2010PropOp53
 70
     1
102
RTVSPost2010Prop54
  1
strokes_ogs.tif
102
RTVSPost2010PropOp54
 70
     1
102
RTVSPost2010Prop55
280
     0
102
RTVSPost2010PropOp55
 70
     1
102
RTVSPost2010Prop56
140
1.0
102
RTVSPost2010PropOp56
 70
     1
102
RTVSPost2010Prop57
140
1.0
102
RTVSPost2010PropOp57
 70
     1
102
RTVSPropertyOp0
 70
     1
102
RTVSPropertyOp1
 70
     1
102
RTVSPropertyOp2
 70
     1
102
RTVSPropertyOp3
 70
     1
102
RTVSPropertyOp4
 70
     1
102
RTVSPropertyOp5
 70
     1
102
RTVSPropertyOp6
 70
     1
102
RTVSPropertyOp7
 70
     1
102
RTVSPropertyOp8
 70
     1
102
RTVSPropertyOp9
 70
     1
102
RTVSPropertyOp10
 70
     1
102
RTVSPropertyOp11
 70
     1
102
RTVSPropertyOp12
 70
     1
102
RTVSPropertyOp13
 70
     1
102
RTVSPropertyOp14
 70
     1
102
RTVSPropertyOp15
 70
     1
102
RTVSPropertyOp16
 70
     1
102
RTVSPropertyOp17
 70
     1
102
RTVSPropertyOp18
 70
     1
102
RTVSPropertyOp19
 70
     1
102
RTVSPropertyOp20
 70
     1
102
RTVSPropertyOp21
 70
     1
102
RTVSPropertyOp22
 70
     1
102
RTVSPropertyOp23
 70
     1
102
RTVSPropertyOp24
 70
     1
102
RTVSPropertyOp25
 70
     1
102
RTVSPropertyOp26
 70
     1
102
RTVSPropertyOp27
 70
     1
102
RTVSPropertyOp28
 70
     1
102
RTVSPropertyOp29
 70
     1
102
RTVSPropertyOp30
 70
     1
102
RTVSPropertyOp31
 70
     1
102
RTVSPropertyOp32
 70
     1
102
RTVSPropertyOp33
 70
     1
102
RTVSPropertyOp34
 70
     1
102
RTVSPropertyOp35
 70
     1
102
RTVSPropertyOp36
 70
     1
102
RTVSPropertyOp37
 70
     1
102
RTVSPropertyOp38
 70
     1
102
RTVSPropertyOp39
 70
     1
102
RTVSPropertyOp40
 70
     1
102
RTVSPropertyOp41
 70
     1
102
RTVSPropertyOp42
 70
     1
102
RTVSPropertyOp43
 70
     1
102
RTVSPropertyOp44
 70
     1
102
RTVSPropertyOp45
 70
     1
102
RTVSPropertyOp46
 70
     1
102
RTVSPropertyOp47
 70
     1
102
RTVSPropertyOp48
 70
     1
102
RTVSPropertyOp49
 70
     1
102
RTVSPropertyOp50
 70
     1
102
RTVSPropertyOp51
 70
     0
102
RTVSPropertyOp52
 70
     0
102
RTVSPropertyOp53
 70
     1
102
RTVSPropertyOp54
 70
     1
102
RTVSPropertyOp55
 70
     1
102
RTVSPropertyOp56
 70
     1
102
RTVSPropertyOp57
 70
     1
102
RTVSPropertyOp58
 70
     1
102
RTVSPropertyOp59
 70
     1
102
RTVSPropertyOp60
 70
     1
102
RTVSPropertyOp61
 70
     1
102
RTVSPropertyOp62
 70
     1
  0
XRECORD
  5
8C50
102
{ACAD_REACTORS
330
8C4F
102
}
330
8C4F
100
AcDbXrecord
280
     1
102
RTVSPost2010Prop28
280
     0
102
RTVSPost2010PropOp28
 70
     1
102
RTVSPost2010Prop29
280
     1
102
RTVSPost2010PropOp29
 70
     1
102
RTVSPost2010Prop30
280
     1
102
RTVSPost2010PropOp30
 70
     1
102
RTVSPost2010Prop31
280
     0
102
RTVSPost2010PropOp31
 70
     1
102
RTVSPost2010Prop32
280
     0
102
RTVSPost2010PropOp32
 70
     1
102
RTVSPost2010Prop33
280
     0
102
RTVSPost2010PropOp33
 70
     1
102
RTVSPost2010Prop34
280
     0
102
RTVSPost2010PropOp34
 70
     1
102
RTVSPost2010Prop35
280
     0
102
RTVSPost2010PropOp35
 70
     1
102
RTVSPost2010Prop36
280
     0
102
RTVSPost2010PropOp36
 70
     1
102
RTVSPost2010Prop37
 90
       50
102
RTVSPost2010PropOp37
 70
     1
102
RTVSPost2010Prop38
140
0.0
102
RTVSPost2010PropOp38
 70
     1
102
RTVSPost2010Prop39
140
1.0
102
RTVSPost2010PropOp39
 70
     1
102
RTVSPost2010Prop40
 90
        0
102
RTVSPost2010PropOp40
 70
     1
102
RTVSPost2010Prop41ColorIndex
 90
       18
102
RTVSPost2010Prop41ColorRGB
 90
        0
102
RTVSPost2010PropOp41
 70
     1
102
RTVSPost2010Prop42
 90
       50
102
RTVSPost2010PropOp42
 70
     1
102
RTVSPost2010Prop43
 90
        3
102
RTVSPost2010PropOp43
 70
     1
102
RTVSPost2010Prop44ColorIndex
 90
        5
102
RTVSPost2010Prop44ColorRGB
 90
      255
102
RTVSPost2010PropOp44
 70
     1
102
RTVSPost2010Prop45
280
     0
102
RTVSPost2010PropOp45
 70
     1
102
RTVSPost2010Prop46
 90
       50
102
RTVSPost2010PropOp46
 70
     1
102
RTVSPost2010Prop47
 90
       50
102
RTVSPost2010PropOp47
 70
     1
102
RTVSPost2010Prop48
 90
       50
102
RTVSPost2010PropOp48
 70
     1
102
RTVSPost2010Prop49
280
     0
102
RTVSPost2010PropOp49
 70
     1
102
RTVSPost2010Prop50
 90
       50
102
RTVSPost2010PropOp50
 70
     1
102
RTVSPost2010Prop51ColorIndex
 90
      256
102
RTVSPost2010Prop51ColorRGB
 90
-16777216
102
RTVSPost2010PropOp51
 70
     0
102
RTVSPost2010Prop52
140
1.0
102
RTVSPost2010PropOp52
 70
     0
102
RTVSPost2010Prop53
 90
        2
102
RTVSPost2010PropOp53
 70
     1
102
RTVSPost2010Prop54
  1
strokes_ogs.tif
102
RTVSPost2010PropOp54
 70
     1
102
RTVSPost2010Prop55
280
     0
102
RTVSPost2010PropOp55
 70
     1
102
RTVSPost2010Prop56
140
1.0
102
RTVSPost2010PropOp56
 70
     1
102
RTVSPost2010Prop57
140
1.0
102
RTVSPost2010PropOp57
 70
     1
102
RTVSPropertyOp0
 70
     1
102
RTVSPropertyOp1
 70
     1
102
RTVSPropertyOp2
 70
     1
102
RTVSPropertyOp3
 70
     1
102
RTVSPropertyOp4
 70
     1
102
RTVSPropertyOp5
 70
     1
102
RTVSPropertyOp6
 70
     1
102
RTVSPropertyOp7
 70
     1
102
RTVSPropertyOp8
 70
     1
102
RTVSPropertyOp9
 70
     1
102
RTVSPropertyOp10
 70
     1
102
RTVSPropertyOp11
 70
     1
102
RTVSPropertyOp12
 70
     1
102
RTVSPropertyOp13
 70
     1
102
RTVSPropertyOp14
 70
     1
102
RTVSPropertyOp15
 70
     1
102
RTVSPropertyOp16
 70
     1
102
RTVSPropertyOp17
 70
     1
102
RTVSPropertyOp18
 70
     1
102
RTVSPropertyOp19
 70
     1
102
RTVSPropertyOp20
 70
     1
102
RTVSPropertyOp21
 70
     1
102
RTVSPropertyOp22
 70
     1
102
RTVSPropertyOp23
 70
     1
102
RTVSPropertyOp24
 70
     1
102
RTVSPropertyOp25
 70
     1
102
RTVSPropertyOp26
 70
     1
102
RTVSPropertyOp27
 70
     1
102
RTVSPropertyOp28
 70
     1
102
RTVSPropertyOp29
 70
     1
102
RTVSPropertyOp30
 70
     1
102
RTVSPropertyOp31
 70
     1
102
RTVSPropertyOp32
 70
     1
102
RTVSPropertyOp33
 70
     1
102
RTVSPropertyOp34
 70
     1
102
RTVSPropertyOp35
 70
     1
102
RTVSPropertyOp36
 70
     1
102
RTVSPropertyOp37
 70
     1
102
RTVSPropertyOp38
 70
     1
102
RTVSPropertyOp39
 70
     1
102
RTVSPropertyOp40
 70
     1
102
RTVSPropertyOp41
 70
     1
102
RTVSPropertyOp42
 70
     1
102
RTVSPropertyOp43
 70
     1
102
RTVSPropertyOp44
 70
     1
102
RTVSPropertyOp45
 70
     1
102
RTVSPropertyOp46
 70
     1
102
RTVSPropertyOp47
 70
     1
102
RTVSPropertyOp48
 70
     1
102
RTVSPropertyOp49
 70
     1
102
RTVSPropertyOp50
 70
     1
102
RTVSPropertyOp51
 70
     0
102
RTVSPropertyOp52
 70
     0
102
RTVSPropertyOp53
 70
     1
102
RTVSPropertyOp54
 70
     1
102
RTVSPropertyOp55
 70
     1
102
RTVSPropertyOp56
 70
     1
102
RTVSPropertyOp57
 70
     1
102
RTVSPropertyOp58
 70
     1
102
RTVSPropertyOp59
 70
     1
102
RTVSPropertyOp60
 70
     1
102
RTVSPropertyOp61
 70
     1
102
RTVSPropertyOp62
 70
     1
  0
XRECORD
  5
8C68
102
{ACAD_REACTORS
330
8C67
102
}
330
8C67
100
AcDbXrecord
280
     1
102
RTVSPost2010Prop28
280
     0
102
RTVSPost2010PropOp28
 70
     1
102
RTVSPost2010Prop29
280
     1
102
RTVSPost2010PropOp29
 70
     1
102
RTVSPost2010Prop30
280
     1
102
RTVSPost2010PropOp30
 70
     1
102
RTVSPost2010Prop31
280
     0
102
RTVSPost2010PropOp31
 70
     1
102
RTVSPost2010Prop32
280
     0
102
RTVSPost2010PropOp32
 70
     1
102
RTVSPost2010Prop33
280
     0
102
RTVSPost2010PropOp33
 70
     1
102
RTVSPost2010Prop34
280
     0
102
RTVSPost2010PropOp34
 70
     1
102
RTVSPost2010Prop35
280
     0
102
RTVSPost2010PropOp35
 70
     1
102
RTVSPost2010Prop36
280
     0
102
RTVSPost2010PropOp36
 70
     1
102
RTVSPost2010Prop37
 90
       50
102
RTVSPost2010PropOp37
 70
     1
102
RTVSPost2010Prop38
140
0.0
102
RTVSPost2010PropOp38
 70
     1
102
RTVSPost2010Prop39
140
1.0
102
RTVSPost2010PropOp39
 70
     1
102
RTVSPost2010Prop40
 90
        0
102
RTVSPost2010PropOp40
 70
     1
102
RTVSPost2010Prop41ColorIndex
 90
       18
102
RTVSPost2010Prop41ColorRGB
 90
        0
102
RTVSPost2010PropOp41
 70
     1
102
RTVSPost2010Prop42
 90
       50
102
RTVSPost2010PropOp42
 70
     1
102
RTVSPost2010Prop43
 90
        3
102
RTVSPost2010PropOp43
 70
     1
102
RTVSPost2010Prop44ColorIndex
 90
        5
102
RTVSPost2010Prop44ColorRGB
 90
      255
102
RTVSPost2010PropOp44
 70
     1
102
RTVSPost2010Prop45
280
     0
102
RTVSPost2010PropOp45
 70
     1
102
RTVSPost2010Prop46
 90
       50
102
RTVSPost2010PropOp46
 70
     1
102
RTVSPost2010Prop47
 90
       50
102
RTVSPost2010PropOp47
 70
     1
102
RTVSPost2010Prop48
 90
       50
102
RTVSPost2010PropOp48
 70
     1
102
RTVSPost2010Prop49
280
     0
102
RTVSPost2010PropOp49
 70
     1
102
RTVSPost2010Prop50
 90
       50
102
RTVSPost2010PropOp50
 70
     1
102
RTVSPost2010Prop51ColorIndex
 90
      256
102
RTVSPost2010Prop51ColorRGB
 90
-16777216
102
RTVSPost2010PropOp51
 70
     0
102
RTVSPost2010Prop52
140
1.0
102
RTVSPost2010PropOp52
 70
     0
102
RTVSPost2010Prop53
 90
        2
102
RTVSPost2010PropOp53
 70
     1
102
RTVSPost2010Prop54
  1
strokes_ogs.tif
102
RTVSPost2010PropOp54
 70
     1
102
RTVSPost2010Prop55
280
     0
102
RTVSPost2010PropOp55
 70
     1
102
RTVSPost2010Prop56
140
1.0
102
RTVSPost2010PropOp56
 70
     1
102
RTVSPost2010Prop57
140
1.0
102
RTVSPost2010PropOp57
 70
     1
102
RTVSPropertyOp0
 70
     1
102
RTVSPropertyOp1
 70
     1
102
RTVSPropertyOp2
 70
     1
102
RTVSPropertyOp3
 70
     1
102
RTVSPropertyOp4
 70
     1
102
RTVSPropertyOp5
 70
     1
102
RTVSPropertyOp6
 70
     1
102
RTVSPropertyOp7
 70
     1
102
RTVSPropertyOp8
 70
     1
102
RTVSPropertyOp9
 70
     1
102
RTVSPropertyOp10
 70
     1
102
RTVSPropertyOp11
 70
     1
102
RTVSPropertyOp12
 70
     1
102
RTVSPropertyOp13
 70
     1
102
RTVSPropertyOp14
 70
     1
102
RTVSPropertyOp15
 70
     1
102
RTVSPropertyOp16
 70
     1
102
RTVSPropertyOp17
 70
     1
102
RTVSPropertyOp18
 70
     1
102
RTVSPropertyOp19
 70
     1
102
RTVSPropertyOp20
 70
     1
102
RTVSPropertyOp21
 70
     1
102
RTVSPropertyOp22
 70
     1
102
RTVSPropertyOp23
 70
     1
102
RTVSPropertyOp24
 70
     1
102
RTVSPropertyOp25
 70
     1
102
RTVSPropertyOp26
 70
     1
102
RTVSPropertyOp27
 70
     1
102
RTVSPropertyOp28
 70
     1
102
RTVSPropertyOp29
 70
     1
102
RTVSPropertyOp30
 70
     1
102
RTVSPropertyOp31
 70
     1
102
RTVSPropertyOp32
 70
     1
102
RTVSPropertyOp33
 70
     1
102
RTVSPropertyOp34
 70
     1
102
RTVSPropertyOp35
 70
     1
102
RTVSPropertyOp36
 70
     1
102
RTVSPropertyOp37
 70
     1
102
RTVSPropertyOp38
 70
     1
102
RTVSPropertyOp39
 70
     1
102
RTVSPropertyOp40
 70
     1
102
RTVSPropertyOp41
 70
     1
102
RTVSPropertyOp42
 70
     1
102
RTVSPropertyOp43
 70
     1
102
RTVSPropertyOp44
 70
     1
102
RTVSPropertyOp45
 70
     1
102
RTVSPropertyOp46
 70
     1
102
RTVSPropertyOp47
 70
     1
102
RTVSPropertyOp48
 70
     1
102
RTVSPropertyOp49
 70
     1
102
RTVSPropertyOp50
 70
     1
102
RTVSPropertyOp51
 70
     0
102
RTVSPropertyOp52
 70
     0
102
RTVSPropertyOp53
 70
     1
102
RTVSPropertyOp54
 70
     1
102
RTVSPropertyOp55
 70
     1
102
RTVSPropertyOp56
 70
     1
102
RTVSPropertyOp57
 70
     1
102
RTVSPropertyOp58
 70
     1
102
RTVSPropertyOp59
 70
     1
102
RTVSPropertyOp60
 70
     1
102
RTVSPropertyOp61
 70
     1
102
RTVSPropertyOp62
 70
     1
  0
ENDSEC
  0
EOF
