  0
SECTION
  2
HEADER
  9
$ACADVER
  1
AC1015
  9
$ACADMAINTVER
 70
     6
  9
$DWGCODEPAGE
  3
ANSI_1252
  9
$INSBASE
 10
0.0
 20
0.0
 30
0.0
  9
$EXTMIN
 10
-0.5
 20
-0.5
 30
-0.5
  9
$EXTMAX
 10
5.0
 20
5.0
 30
5.0
  9
$LIMMIN
 10
-0.5
 20
-0.5
  9
$LIMMAX
 10
5.0
 20
5.0
  9
$ORTHOMODE
 70
     0
  9
$REGENMODE
 70
     1
  9
$FILLMODE
 70
     1
  9
$QTEXTMODE
 70
     0
  9
$MIRRTEXT
 70
     1
  9
$LTSCALE
 40
1.0
  9
$ATTMODE
 70
     1
  9
$TEXTSIZE
 40
0.2
  9
$TRACEWID
 40
0.05
  9
$TEXTSTYLE
  7
Standard
  9
$CLAYER
  8
0
  9
$CELTYPE
  6
ByLayer
  9
$CECOLOR
 62
   256
  9
$CELTSCALE
 40
1.0
  9
$DISPSILH
 70
     0
  9
$DIMSCALE
 40
1.0
  9
$DIMASZ
 40
0.18
  9
$DIMEXO
 40
0.0625
  9
$DIMDLI
 40
0.38
  9
$DIMRND
 40
0.0
  9
$DIMDLE
 40
0.0
  9
$DIMEXE
 40
0.18
  9
$DIMTP
 40
0.0
  9
$DIMTM
 40
0.0
  9
$DIMTXT
 40
0.18
  9
$DIMCEN
 40
0.09
  9
$DIMTSZ
 40
0.0
  9
$DIMTOL
 70
     0
  9
$DIMLIM
 70
     0
  9
$DIMTIH
 70
     1
  9
$DIMTOH
 70
     1
  9
$DIMSE1
 70
     0
  9
$DIMSE2
 70
     0
  9
$DIMTAD
 70
     0
  9
$DIMZIN
 70
     0
  9
$DIMBLK
  1

  9
$DIMASO
 70
     1
  9
$DIMSHO
 70
     1
  9
$DIMPOST
  1

  9
$DIMAPOST
  1

  9
$DIMALT
 70
     0
  9
$DIMALTD
 70
     2
  9
$DIMALTF
 40
25.4
  9
$DIMLFAC
 40
1.0
  9
$DIMTOFL
 70
     0
  9
$DIMTVP
 40
0.0
  9
$DIMTIX
 70
     0
  9
$DIMSOXD
 70
     0
  9
$DIMSAH
 70
     0
  9
$DIMBLK1
  1

  9
$DIMBLK2
  1

  9
$DIMSTYLE
  2
Standard
  9
$DIMCLRD
 70
     0
  9
$DIMCLRE
 70
     0
  9
$DIMCLRT
 70
     0
  9
$DIMTFAC
 40
1.0
  9
$DIMGAP
 40
0.09
  9
$DIMJUST
 70
     0
  9
$DIMSD1
 70
     0
  9
$DIMSD2
 70
     0
  9
$DIMTOLJ
 70
     1
  9
$DIMTZIN
 70
     0
  9
$DIMALTZ
 70
     0
  9
$DIMALTTZ
 70
     0
  9
$DIMUPT
 70
     0
  9
$DIMDEC
 70
     4
  9
$DIMTDEC
 70
     4
  9
$DIMALTU
 70
     2
  9
$DIMALTTD
 70
     2
  9
$DIMTXSTY
  7
Standard
  9
$DIMAUNIT
 70
     0
  9
$DIMADEC
 70
     0
  9
$DIMALTRND
 40
0.0
  9
$DIMAZIN
 70
     0
  9
$DIMDSEP
 70
    46
  9
$DIMATFIT
 70
     3
  9
$DIMFRAC
 70
     0
  9
$DIMLDRBLK
  1

  9
$DIMLUNIT
 70
     2
  9
$DIMLWD
 70
    -2
  9
$DIMLWE
 70
    -2
  9
$DIMTMOVE
 70
     0
  9
$LUNITS
 70
     2
  9
$LUPREC
 70
     4
  9
$SKETCHINC
 40
0.1
  9
$FILLETRAD
 40
0.0
  9
$AUNITS
 70
     0
  9
$AUPREC
 70
     0
  9
$MENU
  1
.
  9
$ELEVATION
 40
0.0
  9
$PELEVATION
 40
0.0
  9
$THICKNESS
 40
0.0
  9
$LIMCHECK
 70
     0
  9
$CHAMFERA
 40
0.0
  9
$CHAMFERB
 40
0.0
  9
$CHAMFERC
 40
0.0
  9
$CHAMFERD
 40
0.0
  9
$SKPOLY
 70
     0
  9
$TDCREATE
 40
2460230.473404086
  9
$TDUCREATE
 40
2460230.390070752
  9
$TDUPDATE
 40
2460230.473405833
  9
$TDUUPDATE
 40
2460230.3900725
  9
$TDINDWG
 40
0.0000000116
  9
$TDUSRTIMER
 40
0.0000000116
  9
$USRTIMER
 70
     1
  9
$ANGBASE
 50
0.0
  9
$ANGDIR
 70
     0
  9
$PDMODE
 70
     0
  9
$PDSIZE
 40
0.0
  9
$PLINEWID
 40
0.0
  9
$SPLFRAME
 70
     0
  9
$SPLINETYPE
 70
     6
  9
$SPLINESEGS
 70
     8
  9
$HANDSEED
  5
5D4
  9
$SURFTAB1
 70
     6
  9
$SURFTAB2
 70
     6
  9
$SURFTYPE
 70
     6
  9
$SURFU
 70
     6
  9
$SURFV
 70
     6
  9
$UCSBASE
  2

  9
$UCSNAME
  2

  9
$UCSORG
 10
0.0
 20
0.0
 30
0.0
  9
$UCSXDIR
 10
1.0
 20
0.0
 30
0.0
  9
$UCSYDIR
 10
0.0
 20
1.0
 30
0.0
  9
$UCSORTHOREF
  2

  9
$UCSORTHOVIEW
 70
     0
  9
$UCSORGTOP
 10
0.0
 20
0.0
 30
0.0
  9
$UCSORGBOTTOM
 10
0.0
 20
0.0
 30
0.0
  9
$UCSORGLEFT
 10
0.0
 20
0.0
 30
0.0
  9
$UCSORGRIGHT
 10
0.0
 20
0.0
 30
0.0
  9
$UCSORGFRONT
 10
0.0
 20
0.0
 30
0.0
  9
$UCSORGBACK
 10
0.0
 20
0.0
 30
0.0
  9
$PUCSBASE
  2

  9
$PUCSNAME
  2

  9
$PUCSORG
 10
0.0
 20
0.0
 30
0.0
  9
$PUCSXDIR
 10
1.0
 20
0.0
 30
0.0
  9
$PUCSYDIR
 10
0.0
 20
1.0
 30
0.0
  9
$PUCSORTHOREF
  2

  9
$PUCSORTHOVIEW
 70
     0
  9
$PUCSORGTOP
 10
0.0
 20
0.0
 30
0.0
  9
$PUCSORGBOTTOM
 10
0.0
 20
0.0
 30
0.0
  9
$PUCSORGLEFT
 10
0.0
 20
0.0
 30
0.0
  9
$PUCSORGRIGHT
 10
0.0
 20
0.0
 30
0.0
  9
$PUCSORGFRONT
 10
0.0
 20
0.0
 30
0.0
  9
$PUCSORGBACK
 10
0.0
 20
0.0
 30
0.0
  9
$USERI1
 70
     0
  9
$USERI2
 70
     0
  9
$USERI3
 70
     0
  9
$USERI4
 70
     0
  9
$USERI5
 70
     0
  9
$USERR1
 40
0.0
  9
$USERR2
 40
0.0
  9
$USERR3
 40
0.0
  9
$USERR4
 40
0.0
  9
$USERR5
 40
0.0
  9
$WORLDVIEW
 70
     1
  9
$SHADEDGE
 70
     3
  9
$SHADEDIF
 70
    70
  9
$TILEMODE
 70
     1
  9
$MAXACTVP
 70
    64
  9
$PINSBASE
 10
0.0
 20
0.0
 30
0.0
  9
$PLIMCHECK
 70
     0
  9
$PEXTMIN
 10
-0.5
 20
-0.5
 30
-0.5
  9
$PEXTMAX
 10
5.0
 20
5.0
 30
5.0
  9
$PLIMMIN
 10
-0.5
 20
-0.5
  9
$PLIMMAX
 10
5.0
 20
5.0
  9
$UNITMODE
 70
     0
  9
$VISRETAIN
 70
     1
  9
$PLINEGEN
 70
     0
  9
$PSLTSCALE
 70
     1
  9
$TREEDEPTH
 70
  3020
  9
$CMLSTYLE
  2
Standard
  9
$CMLJUST
 70
     0
  9
$CMLSCALE
 40
1.0
  9
$PROXYGRAPHICS
 70
     1
  9
$MEASUREMENT
 70
     1
  9
$CELWEIGHT
370
    25
  9
$ENDCAPS
280
     0
  9
$JOINSTYLE
280
     0
  9
$LWDISPLAY
290
     0
  9
$INSUNITS
 70
     4
  9
$HYPERLINKBASE
  1

  9
$STYLESHEET
  1

  9
$XEDIT
290
     1
  9
$CEPSNTYPE
380
     0
  9
$PSTYLEMODE
290
     1
  9
$FINGERPRINTGUID
  2
{89f25214-efd1-4e08-a9aa-b6e1165a878f}
  9
$VERSIONGUID
  2
{FAEB1C32-E019-11D5-929B-00C0DF256EC4}
  9
$EXTNAMES
290
     1
  9
$PSVPSCALE
 40
0.0
  9
$OLESTARTUP
290
     0
  0
ENDSEC
  0
SECTION
  2
CLASSES
  0
CLASS
  1
ACDBDICTIONARYWDFLT
  2
AcDbDictionaryWithDefault
  3
ObjectDBX Classes
 90
        0
280
     0
281
     0
  0
CLASS
  1
VISUALSTYLE
  2
AcDbVisualStyle
  3
ObjectDBX Classes
 90
     4095
280
     0
281
     0
  0
CLASS
  1
MATERIAL
  2
AcDbMaterial
  3
ObjectDBX Classes
 90
     1153
280
     0
281
     0
  0
CLASS
  1
SCALE
  2
AcDbScale
  3
ObjectDBX Classes
 90
     1153
280
     0
281
     0
  0
CLASS
  1
TABLESTYLE
  2
AcDbTableStyle
  3
ObjectDBX Classes
 90
     4095
280
     0
281
     0
  0
CLASS
  1
MLEADERSTYLE
  2
AcDbMLeaderStyle
  3
ACDB_MLEADERSTYLE_CLASS
 90
     4095
280
     0
281
     0
  0
CLASS
  1
SUN
  2
AcDbSun
  3
SCENEOE
 90
     1153
280
     0
281
     0
  0
CLASS
  1
DIMASSOC
  2
AcDbDimAssoc
  3
"AcDbDimAssoc|Product Desc:     AcDim ARX App For Dimension|Company:          Autodesk, Inc.|WEB Address:      www.autodesk.com"
 90
        0
280
     0
281
     0
  0
CLASS
  1
DICTIONARYVAR
  2
AcDbDictionaryVar
  3
ObjectDBX Classes
 90
        0
280
     0
281
     0
  0
CLASS
  1
ACDBPLACEHOLDER
  2
AcDbPlaceHolder
  3
ObjectDBX Classes
 90
        0
280
     0
281
     0
  0
CLASS
  1
LAYOUT
  2
AcDbLayout
  3
ObjectDBX Classes
 90
        0
280
     0
281
     0
  0
ENDSEC
  0
SECTION
  2
TABLES
  0
TABLE
  2
VPORT
  5
8
102
{ACAD_XDICTIONARY
360
597
102
}
330
0
100
AcDbSymbolTable
 70
    16
  0
VPORT
  5
29
330
8
100
AcDbSymbolTableRecord
100
AcDbViewportTableRecord
  2
*Active
 70
     0
 10
0.0
 20
0.0
 11
1.0
 21
1.0
 12
420.5
 22
297.0
 13
0.0
 23
0.0
 14
0.5
 24
0.5
 15
0.5
 25
0.5
 16
0.0
 26
0.0
 36
1.0
 17
0.0
 27
0.0
 37
0.0
 40
254.0
 41
0.069908
 42
50.0
 43
1622.616505
 44
-1622.616505
 50
0.0
 51
0.0
 71
     0
 72
   100
 73
     1
 74
     3
 75
     0
 76
     0
 77
     0
 78
     0
281
     0
 65
     1
110
0.0
120
0.0
130
0.0
111
1.0
121
0.0
131
0.0
112
0.0
122
1.0
132
0.0
 79
     0
146
0.0
  0
VPORT
  5
57D
330
8
100
AcDbSymbolTableRecord
100
AcDbViewportTableRecord
  2
L1
 70
     0
 10
0.0
 20
0.0
 11
1.0
 21
1.0
 12
420.5
 22
297.0
 13
0.0
 23
0.0
 14
0.5
 24
0.5
 15
0.5
 25
0.5
 16
0.0
 26
0.0
 36
1.0
 17
0.0
 27
0.0
 37
0.0
 40
254.0
 41
0.069908
 42
50.0
 43
1622.616505
 44
-1622.616505
 50
0.0
 51
0.0
 71
     0
 72
   100
 73
     1
 74
     3
 75
     0
 76
     0
 77
     0
 78
     0
281
     0
 65
     1
110
0.0
120
0.0
130
0.0
111
1.0
121
0.0
131
0.0
112
0.0
122
1.0
132
0.0
 79
     0
146
0.0
  0
VPORT
  5
57E
330
8
100
AcDbSymbolTableRecord
100
AcDbViewportTableRecord
  2
L2
 70
     0
 10
0.0
 20
0.0
 11
0.5
 21
1.0
 12
0.0
 22
0.0
 13
0.0
 23
0.0
 14
0.5
 24
0.5
 15
0.5
 25
0.5
 16
0.0
 26
-1.0
 36
0.0
 17
0.0
 27
0.0
 37
0.0
 40
1319.822715
 41
0.013454
 42
50.0
 43
672.020833
 44
-672.020833
 50
0.0
 51
0.0
 71
     0
 72
   100
 73
     1
 74
     3
 75
     0
 76
     0
 77
     0
 78
     0
281
     0
 65
     1
110
0.0
120
0.0
130
0.0
111
1.0
121
0.0
131
0.0
112
0.0
122
1.0
132
0.0
 79
     0
146
0.0
  0
VPORT
  5
57F
330
8
100
AcDbSymbolTableRecord
100
AcDbViewportTableRecord
  2
L2
 70
     0
 10
0.5
 20
0.0
 11
1.0
 21
1.0
 12
0.0
 22
0.0
 13
0.0
 23
0.0
 14
0.5
 24
0.5
 15
0.5
 25
0.5
 16
1.0
 26
0.0
 36
0.0
 17
0.0
 27
0.0
 37
0.0
 40
1319.822715
 41
0.013454
 42
50.0
 43
672.020833
 44
-672.020833
 50
0.0
 51
0.0
 71
     0
 72
   100
 73
     1
 74
     3
 75
     0
 76
     0
 77
     0
 78
     0
281
     0
 65
     1
110
0.0
120
0.0
130
0.0
111
1.0
121
0.0
131
0.0
112
0.0
122
1.0
132
0.0
 79
     0
146
0.0
  0
VPORT
  5
580
330
8
100
AcDbSymbolTableRecord
100
AcDbViewportTableRecord
  2
L3
 70
     0
 10
0.0
 20
0.5
 11
1.0
 21
1.0
 12
420.5
 22
297.0
 13
0.0
 23
0.0
 14
0.5
 24
0.5
 15
0.5
 25
0.5
 16
0.0
 26
0.0
 36
1.0
 17
0.0
 27
0.0
 37
0.0
 40
254.0
 41
0.069908
 42
50.0
 43
1622.616505
 44
-1622.616505
 50
0.0
 51
0.0
 71
     0
 72
   100
 73
     1
 74
     3
 75
     0
 76
     0
 77
     0
 78
     0
281
     0
 65
     1
110
0.0
120
0.0
130
0.0
111
1.0
121
0.0
131
0.0
112
0.0
122
1.0
132
0.0
 79
     0
146
0.0
  0
VPORT
  5
581
330
8
100
AcDbSymbolTableRecord
100
AcDbViewportTableRecord
  2
L3
 70
     0
 10
0.0
 20
0.0
 11
1.0
 21
0.5
 12
0.0
 22
0.0
 13
0.0
 23
0.0
 14
0.5
 24
0.5
 15
0.5
 25
0.5
 16
0.0
 26
-1.0
 36
0.0
 17
0.0
 27
0.0
 37
0.0
 40
1319.822715
 41
0.013454
 42
50.0
 43
672.020833
 44
-672.020833
 50
0.0
 51
0.0
 71
     0
 72
   100
 73
     1
 74
     3
 75
     0
 76
     0
 77
     0
 78
     0
281
     0
 65
     1
110
0.0
120
0.0
130
0.0
111
1.0
121
0.0
131
0.0
112
0.0
122
1.0
132
0.0
 79
     0
146
0.0
  0
VPORT
  5
582
330
8
100
AcDbSymbolTableRecord
100
AcDbViewportTableRecord
  2
L4
 70
     0
 10
0.0
 20
0.5
 11
0.5
 21
1.0
 12
420.5
 22
297.0
 13
0.0
 23
0.0
 14
0.5
 24
0.5
 15
0.5
 25
0.5
 16
0.0
 26
0.0
 36
1.0
 17
0.0
 27
0.0
 37
0.0
 40
254.0
 41
0.069908
 42
50.0
 43
1622.616505
 44
-1622.616505
 50
0.0
 51
0.0
 71
     0
 72
   100
 73
     1
 74
     3
 75
     0
 76
     0
 77
     0
 78
     0
281
     0
 65
     1
110
0.0
120
0.0
130
0.0
111
1.0
121
0.0
131
0.0
112
0.0
122
1.0
132
0.0
 79
     0
146
0.0
  0
VPORT
  5
583
330
8
100
AcDbSymbolTableRecord
100
AcDbViewportTableRecord
  2
L4
 70
     0
 10
0.0
 20
0.0
 11
0.5
 21
0.5
 12
0.0
 22
0.0
 13
0.0
 23
0.0
 14
0.5
 24
0.5
 15
0.5
 25
0.5
 16
0.0
 26
-1.0
 36
0.0
 17
0.0
 27
0.0
 37
0.0
 40
1319.822715
 41
0.013454
 42
50.0
 43
672.020833
 44
-672.020833
 50
0.0
 51
0.0
 71
     0
 72
   100
 73
     1
 74
     3
 75
     0
 76
     0
 77
     0
 78
     0
281
     0
 65
     1
110
0.0
120
0.0
130
0.0
111
1.0
121
0.0
131
0.0
112
0.0
122
1.0
132
0.0
 79
     0
146
0.0
  0
VPORT
  5
584
330
8
100
AcDbSymbolTableRecord
100
AcDbViewportTableRecord
  2
L4
 70
     0
 10
0.5
 20
0.0
 11
1.0
 21
0.5
 12
0.0
 22
0.0
 13
0.0
 23
0.0
 14
0.5
 24
0.5
 15
0.5
 25
0.5
 16
1.0
 26
0.0
 36
0.0
 17
0.0
 27
0.0
 37
0.0
 40
1319.822715
 41
0.013454
 42
50.0
 43
672.020833
 44
-672.020833
 50
0.0
 51
0.0
 71
     0
 72
   100
 73
     1
 74
     3
 75
     0
 76
     0
 77
     0
 78
     0
281
     0
 65
     1
110
0.0
120
0.0
130
0.0
111
1.0
121
0.0
131
0.0
112
0.0
122
1.0
132
0.0
 79
     0
146
0.0
  0
VPORT
  5
585
330
8
100
AcDbSymbolTableRecord
100
AcDbViewportTableRecord
  2
L4
 70
     0
 10
0.5
 20
0.5
 11
1.0
 21
1.0
 12
0.0
 22
0.0
 13
0.0
 23
0.0
 14
0.5
 24
0.5
 15
0.5
 25
0.5
 16
0.5773502691896258
 26
-0.5773502691896258
 36
0.5773502691896258
 17
0.0
 27
0.0
 37
0.0
 40
1285.020866
 41
0.013818
 42
50.0
 43
667.141407
 44
-667.141407
 50
0.0
 51
0.0
 71
     0
 72
   100
 73
     1
 74
     3
 75
     0
 76
     0
 77
     0
 78
     0
281
     0
 65
     1
110
0.0
120
0.0
130
0.0
111
1.0
121
0.0
131
0.0
112
0.0
122
1.0
132
0.0
 79
     0
146
0.0
  0
VPORT
  5
586
330
8
100
AcDbSymbolTableRecord
100
AcDbViewportTableRecord
  2
L6
 70
     0
 10
0.0
 20
0.5
 11
0.333333
 21
1.0
 12
0.0
 22
0.0
 13
0.0
 23
0.0
 14
0.5
 24
0.5
 15
0.5
 25
0.5
 16
0.7188730927569433
 26
-0.5850486126764433
 36
0.3754192287502549
 17
0.0
 27
0.0
 37
0.0
 40
1357.434192
 41
0.013081
 42
50.0
 43
701.839477
 44
-701.839477
 50
0.0
 51
0.0
 71
     0
 72
   100
 73
     1
 74
     3
 75
     0
 76
     0
 77
     0
 78
     0
281
     0
 65
     1
110
0.0
120
0.0
130
0.0
111
1.0
121
0.0
131
0.0
112
0.0
122
1.0
132
0.0
 79
     0
146
0.0
  0
VPORT
  5
587
330
8
100
AcDbSymbolTableRecord
100
AcDbViewportTableRecord
  2
L6
 70
     0
 10
0.0
 20
0.0
 11
0.333333
 21
0.5
 12
0.0
 22
0.0
 13
0.0
 23
0.0
 14
0.5
 24
0.5
 15
0.5
 25
0.5
 16
-1.0
 26
0.0
 36
0.0
 17
0.0
 27
0.0
 37
0.0
 40
1319.822715
 41
0.013454
 42
50.0
 43
672.020833
 44
-672.020833
 50
0.0
 51
0.0
 71
     0
 72
   100
 73
     1
 74
     3
 75
     0
 76
     0
 77
     0
 78
     0
281
     0
 65
     1
110
0.0
120
0.0
130
0.0
111
1.0
121
0.0
131
0.0
112
0.0
122
1.0
132
0.0
 79
     0
146
0.0
  0
VPORT
  5
588
330
8
100
AcDbSymbolTableRecord
100
AcDbViewportTableRecord
  2
L6
 70
     0
 10
0.333333
 20
0.5
 11
0.666667
 21
1.0
 12
420.5
 22
297.0
 13
0.0
 23
0.0
 14
0.5
 24
0.5
 15
0.5
 25
0.5
 16
0.0
 26
0.0
 36
1.0
 17
0.0
 27
0.0
 37
0.0
 40
254.0
 41
0.069908
 42
50.0
 43
1622.616505
 44
-1622.616505
 50
0.0
 51
0.0
 71
     0
 72
   100
 73
     1
 74
     3
 75
     0
 76
     0
 77
     0
 78
     0
281
     0
 65
     1
110
0.0
120
0.0
130
0.0
111
1.0
121
0.0
131
0.0
112
0.0
122
1.0
132
0.0
 79
     0
146
0.0
  0
VPORT
  5
589
330
8
100
AcDbSymbolTableRecord
100
AcDbViewportTableRecord
  2
L6
 70
     0
 10
0.333333
 20
0.0
 11
0.666667
 21
0.5
 12
0.0
 22
0.0
 13
0.0
 23
0.0
 14
0.5
 24
0.5
 15
0.5
 25
0.5
 16
0.0
 26
-1.0
 36
0.0
 17
0.0
 27
0.0
 37
0.0
 40
1319.822715
 41
0.013454
 42
50.0
 43
672.020833
 44
-672.020833
 50
0.0
 51
0.0
 71
     0
 72
   100
 73
     1
 74
     3
 75
     0
 76
     0
 77
     0
 78
     0
281
     0
 65
     1
110
0.0
120
0.0
130
0.0
111
1.0
121
0.0
131
0.0
112
0.0
122
1.0
132
0.0
 79
     0
146
0.0
  0
VPORT
  5
58A
330
8
100
AcDbSymbolTableRecord
100
AcDbViewportTableRecord
  2
L6
 70
     0
 10
0.666667
 20
0.5
 11
1.0
 21
1.0
 12
0.0
 22
0.0
 13
0.0
 23
0.0
 14
0.5
 24
0.5
 15
0.5
 25
0.5
 16
0.5773502691896258
 26
-0.5773502691896258
 36
0.5773502691896258
 17
0.0
 27
0.0
 37
0.0
 40
1285.020866
 41
0.013818
 42
50.0
 43
667.141407
 44
-667.141407
 50
0.0
 51
0.0
 71
     0
 72
   100
 73
     1
 74
     3
 75
     0
 76
     0
 77
     0
 78
     0
281
     0
 65
     1
110
0.0
120
0.0
130
0.0
111
1.0
121
0.0
131
0.0
112
0.0
122
1.0
132
0.0
 79
     0
146
0.0
  0
VPORT
  5
58B
330
8
100
AcDbSymbolTableRecord
100
AcDbViewportTableRecord
  2
L6
 70
     0
 10
0.666667
 20
0.0
 11
1.0
 21
0.5
 12
0.0
 22
0.0
 13
0.0
 23
0.0
 14
0.5
 24
0.5
 15
0.5
 25
0.5
 16
1.0
 26
0.0
 36
0.0
 17
0.0
 27
0.0
 37
0.0
 40
1319.822715
 41
0.013454
 42
50.0
 43
672.020833
 44
-672.020833
 50
0.0
 51
0.0
 71
     0
 72
   100
 73
     1
 74
     3
 75
     0
 76
     0
 77
     0
 78
     0
281
     0
 65
     1
110
0.0
120
0.0
130
0.0
111
1.0
121
0.0
131
0.0
112
0.0
122
1.0
132
0.0
 79
     0
146
0.0
  0
ENDTAB
  0
TABLE
  2
LTYPE
  5
5
330
0
100
AcDbSymbolTable
 70
    10
  0
LTYPE
  5
14
330
5
100
AcDbSymbolTableRecord
100
AcDbLinetypeTableRecord
  2
ByBlock
 70
     0
  3

 72
    65
 73
     0
 40
0.0
  0
LTYPE
  5
15
330
5
100
AcDbSymbolTableRecord
100
AcDbLinetypeTableRecord
  2
ByLayer
 70
     0
  3

 72
    65
 73
     0
 40
0.0
  0
LTYPE
  5
16
330
5
100
AcDbSymbolTableRecord
100
AcDbLinetypeTableRecord
  2
Continuous
 70
     0
  3
Solid line
 72
    65
 73
     0
 40
0.0
  0
LTYPE
  5
5E
330
5
100
AcDbSymbolTableRecord
100
AcDbLinetypeTableRecord
  2
ACAD_ISO04W100
 70
     0
  3
ISO long-dash dot ____ . ____ . ____ . ____ . _
 72
    65
 73
     4
 40
30.0
 49
24.0
 74
     4
 75
     0
340
0
 46
0.0
 50
0.0
 44
0.0
 45
0.0
 49
-3.0
 74
     4
 75
     0
340
0
 46
0.0
 50
0.0
 44
0.0
 45
0.0
 49
0.0
 74
     4
 75
     0
340
0
 46
0.0
 50
0.0
 44
0.0
 45
0.0
 49
-3.0
 74
     4
 75
     0
340
0
 46
0.0
 50
0.0
 44
0.0
 45
0.0
  0
LTYPE
  5
5F
330
5
100
AcDbSymbolTableRecord
100
AcDbLinetypeTableRecord
  2
ACAD_ISO05W100
 70
     0
  3
ISO long-dash double-dot ____ .. ____ .. ____ . 
 72
    65
 73
     6
 40
33.0
 49
24.0
 74
     4
 75
     0
340
0
 46
0.0
 50
0.0
 44
0.0
 45
0.0
 49
-3.0
 74
     4
 75
     0
340
0
 46
0.0
 50
0.0
 44
0.0
 45
0.0
 49
0.0
 74
     4
 75
     0
340
0
 46
0.0
 50
0.0
 44
0.0
 45
0.0
 49
-3.0
 74
     4
 75
     0
340
0
 46
0.0
 50
0.0
 44
0.0
 45
0.0
 49
0.0
 74
     4
 75
     0
340
0
 46
0.0
 50
0.0
 44
0.0
 45
0.0
 49
-3.0
 74
     4
 75
     0
340
0
 46
0.0
 50
0.0
 44
0.0
 45
0.0
  0
LTYPE
  5
60
330
5
100
AcDbSymbolTableRecord
100
AcDbLinetypeTableRecord
  2
ACAD_ISO06W100
 70
     0
  3
ISO long-dash triple-dot ____ ... ____ ... ____
 72
    65
 73
     8
 40
36.0
 49
24.0
 74
     4
 75
     0
340
0
 46
0.0
 50
0.0
 44
0.0
 45
0.0
 49
-3.0
 74
     4
 75
     0
340
0
 46
0.0
 50
0.0
 44
0.0
 45
0.0
 49
0.0
 74
     4
 75
     0
340
0
 46
0.0
 50
0.0
 44
0.0
 45
0.0
 49
-3.0
 74
     4
 75
     0
340
0
 46
0.0
 50
0.0
 44
0.0
 45
0.0
 49
0.0
 74
     4
 75
     0
340
0
 46
0.0
 50
0.0
 44
0.0
 45
0.0
 49
-3.0
 74
     4
 75
     0
340
0
 46
0.0
 50
0.0
 44
0.0
 45
0.0
 49
0.0
 74
     4
 75
     0
340
0
 46
0.0
 50
0.0
 44
0.0
 45
0.0
 49
-3.0
 74
     4
 75
     0
340
0
 46
0.0
 50
0.0
 44
0.0
 45
0.0
  0
LTYPE
  5
61
330
5
100
AcDbSymbolTableRecord
100
AcDbLinetypeTableRecord
  2
ACAD_ISO09W100
 70
     0
  3
ISO long-dash double-short-dash ____ __ __ ____
 72
    65
 73
     6
 40
45.0
 49
24.0
 74
     4
 75
     0
340
0
 46
0.0
 50
0.0
 44
0.0
 45
0.0
 49
-3.0
 74
     4
 75
     0
340
0
 46
0.0
 50
0.0
 44
0.0
 45
0.0
 49
6.0
 74
     4
 75
     0
340
0
 46
0.0
 50
0.0
 44
0.0
 45
0.0
 49
-3.0
 74
     4
 75
     0
340
0
 46
0.0
 50
0.0
 44
0.0
 45
0.0
 49
6.0
 74
     4
 75
     0
340
0
 46
0.0
 50
0.0
 44
0.0
 45
0.0
 49
-3.0
 74
     4
 75
     0
340
0
 46
0.0
 50
0.0
 44
0.0
 45
0.0
  0
LTYPE
  5
62
330
5
100
AcDbSymbolTableRecord
100
AcDbLinetypeTableRecord
  2
CENTER
 70
     0
  3
____ _ ____ _ ____ _ ____
 72
    65
 73
     4
 40
47.4
 49
22.0
 74
     4
 75
     0
340
0
 46
0.0
 50
0.0
 44
0.0
 45
0.0
 49
-8.5
 74
     4
 75
     0
340
0
 46
0.0
 50
0.0
 44
0.0
 45
0.0
 49
8.5
 74
     4
 75
     0
340
0
 46
0.0
 50
0.0
 44
0.0
 45
0.0
 49
-8.5
 74
     4
 75
     0
340
0
 46
0.0
 50
0.0
 44
0.0
 45
0.0
  0
LTYPE
  5
63
330
5
100
AcDbSymbolTableRecord
100
AcDbLinetypeTableRecord
  2
DASHDOT
 70
     0
  3
_._._._._._._._._._._._._._._._.
 72
    65
 73
     4
 40
70.0
 49
31.0
 74
     4
 75
     0
340
0
 46
0.0
 50
0.0
 44
0.0
 45
0.0
 49
-13.0
 74
     4
 75
     0
340
0
 46
0.0
 50
0.0
 44
0.0
 45
0.0
 49
13.0
 74
     4
 75
     0
340
0
 46
0.0
 50
0.0
 44
0.0
 45
0.0
 49
-13.0
 74
     4
 75
     0
340
0
 46
0.0
 50
0.0
 44
0.0
 45
0.0
  0
LTYPE
  5
64
330
5
100
AcDbSymbolTableRecord
100
AcDbLinetypeTableRecord
  2
DASHED
 70
     0
  3
__ __ __ __ __ __ __ __ __
 72
    65
 73
     2
 40
25.72
 49
12.86
 74
     4
 75
     0
340
0
 46
0.0
 50
0.0
 44
0.0
 45
0.0
 49
-12.86
 74
     4
 75
     0
340
0
 46
0.0
 50
0.0
 44
0.0
 45
0.0
  0
LTYPE
  5
65
330
5
100
AcDbSymbolTableRecord
100
AcDbLinetypeTableRecord
  2
DOT
 70
     0
  3
.........................
 72
    65
 73
     2
 40
10.0
 49
0.0
 74
     4
 75
     0
340
0
 46
0.0
 50
0.0
 44
0.0
 45
0.0
 49
-10.0
 74
     4
 75
     0
340
0
 46
0.0
 50
0.0
 44
0.0
 45
0.0
  0
LTYPE
  5
66
330
5
100
AcDbSymbolTableRecord
100
AcDbLinetypeTableRecord
  2
PHANTOM
 70
     0
  3
____ _ _ ____ _ _ _____ _ _ ____
 72
    65
 73
     6
 40
50.5
 49
18.0
 74
     4
 75
     0
340
0
 46
0.0
 50
0.0
 44
0.0
 45
0.0
 49
-6.5
 74
     4
 75
     0
340
0
 46
0.0
 50
0.0
 44
0.0
 45
0.0
 49
6.5
 74
     4
 75
     0
340
0
 46
0.0
 50
0.0
 44
0.0
 45
0.0
 49
-6.5
 74
     4
 75
     0
340
0
 46
0.0
 50
0.0
 44
0.0
 45
0.0
 49
6.5
 74
     4
 75
     0
340
0
 46
0.0
 50
0.0
 44
0.0
 45
0.0
 49
-6.5
 74
     4
 75
     0
340
0
 46
0.0
 50
0.0
 44
0.0
 45
0.0
  0
ENDTAB
  0
TABLE
  2
LAYER
  5
2
330
0
100
AcDbSymbolTable
 70
     6
  0
LAYER
  5
10
330
2
100
AcDbSymbolTableRecord
100
AcDbLayerTableRecord
  2
0
 70
     0
 62
     7
  6
Continuous
370
    -3
390
F
  0
LAYER
  5
68
330
2
100
AcDbSymbolTableRecord
100
AcDbLayerTableRecord
  2
1
 70
     0
 62
     7
  6
Continuous
370
    -3
390
F
  0
LAYER
  5
15B
330
2
100
AcDbSymbolTableRecord
100
AcDbLayerTableRecord
  2
110
 70
     0
 62
     7
  6
Continuous
370
    -3
390
F
  0
LAYER
  5
2C3
330
2
100
AcDbSymbolTableRecord
100
AcDbLayerTableRecord
  2
201
 70
     0
 62
     7
  6
Continuous
370
    -3
390
F
  0
LAYER
  5
52A
330
2
100
AcDbSymbolTableRecord
100
AcDbLayerTableRecord
  2
200
 70
     0
 62
     7
  6
Continuous
370
    -3
390
F
  0
LAYER
  5
535
330
2
100
AcDbSymbolTableRecord
100
AcDbLayerTableRecord
  2
Defpoints
 70
     0
 62
     7
  6
Continuous
290
     0
370
    -3
390
F
  0
ENDTAB
  0
TABLE
  2
STYLE
  5
3
330
0
100
AcDbSymbolTable
 70
     4
  0
STYLE
  5
11
330
3
100
AcDbSymbolTableRecord
100
AcDbTextStyleTableRecord
  2
Standard
 70
     0
 40
0.0
 41
1.0
 50
0.0
 71
     0
 42
0.2
  3
txt
  4

  0
STYLE
  5
508
330
3
100
AcDbSymbolTableRecord
100
AcDbTextStyleTableRecord
  2
latin_extended
 70
     0
 40
0.0
 41
1.0
 50
0.0
 71
     0
 42
0.2
  3
simplex.shx
  4

  0
STYLE
  5
509
330
3
100
AcDbSymbolTableRecord
100
AcDbTextStyleTableRecord
  2
DWGDirectTextStyle
 70
     0
 40
0.0
 41
1.0
 50
0.0
 71
     0
 42
0.2
  3
simplex
  4

  0
STYLE
  5
529
330
3
100
AcDbSymbolTableRecord
100
AcDbTextStyleTableRecord
  2
blockfont
 70
     0
 40
0.0
 41
1.0
 50
0.0
 71
     0
 42
0.2
  3
simplex.shx
  4

  0
ENDTAB
  0
TABLE
  2
VIEW
  5
6
330
0
100
AcDbSymbolTable
 70
     0
  0
ENDTAB
  0
TABLE
  2
UCS
  5
7
330
0
100
AcDbSymbolTable
 70
     0
  0
ENDTAB
  0
TABLE
  2
APPID
  5
9
330
0
100
AcDbSymbolTable
 70
     6
  0
APPID
  5
12
330
9
100
AcDbSymbolTableRecord
100
AcDbRegAppTableRecord
  2
ACAD
 70
     0
  0
APPID
  5
531
330
9
100
AcDbSymbolTableRecord
100
AcDbRegAppTableRecord
  2
ACAD_DSTYLE_DIMBREAK
 70
     0
  0
APPID
  5
594
330
9
100
AcDbSymbolTableRecord
100
AcDbRegAppTableRecord
  2
ACAD_DSTYLE_DIM_LINETYPE
 70
     0
  0
APPID
  5
595
330
9
100
AcDbSymbolTableRecord
100
AcDbRegAppTableRecord
  2
ACAD_DSTYLE_DIM_EXT1_LINETYPE
 70
     0
  0
APPID
  5
596
330
9
100
AcDbSymbolTableRecord
100
AcDbRegAppTableRecord
  2
ACAD_DSTYLE_DIM_EXT2_LINETYPE
 70
     0
  0
APPID
  5
5D1
330
9
100
AcDbSymbolTableRecord
100
AcDbRegAppTableRecord
  2
ACAD_MLEADERVER
 70
     0
  0
ENDTAB
  0
TABLE
  2
DIMSTYLE
  5
A
330
0
100
AcDbSymbolTable
 70
     1
100
AcDbDimStyleTable
  0
DIMSTYLE
105
27
102
{ACAD_REACTORS
330
532
330
54B
330
564
102
}
330
A
100
AcDbSymbolTableRecord
100
AcDbDimStyleTableRecord
  2
Standard
 70
     0
178
     0
340
11
1001
ACAD_DSTYLE_DIMBREAK
1070
   391
1040
0.0
  0
ENDTAB
  0
TABLE
  2
BLOCK_RECORD
  5
1
330
0
100
AcDbSymbolTable
 70
     7
  0
BLOCK_RECORD
  5
1F
330
1
100
AcDbSymbolTableRecord
100
AcDbBlockTableRecord
  2
*Model_Space
340
22
  0
BLOCK_RECORD
  5
1B
330
1
100
AcDbSymbolTableRecord
100
AcDbBlockTableRecord
  2
*Paper_Space
340
1E
  0
BLOCK_RECORD
  5
23
330
1
100
AcDbSymbolTableRecord
100
AcDbBlockTableRecord
  2
*Paper_Space0
340
26
  0
BLOCK_RECORD
  5
536
330
1
100
AcDbSymbolTableRecord
100
AcDbBlockTableRecord
  2
*D1
340
0
  0
BLOCK_RECORD
  5
542
330
1
100
AcDbSymbolTableRecord
100
AcDbBlockTableRecord
  2
_U0
340
0
  0
BLOCK_RECORD
  5
54E
330
1
100
AcDbSymbolTableRecord
100
AcDbBlockTableRecord
  2
*D3
340
0
  0
BLOCK_RECORD
  5
55B
330
1
100
AcDbSymbolTableRecord
100
AcDbBlockTableRecord
  2
_U1
340
0
  0
BLOCK_RECORD
  5
567
330
1
100
AcDbSymbolTableRecord
100
AcDbBlockTableRecord
  2
*D5
340
0
  0
BLOCK_RECORD
  5
571
330
1
100
AcDbSymbolTableRecord
100
AcDbBlockTableRecord
  2
_U2
340
0
  0
ENDTAB
  0
ENDSEC
  0
SECTION
  2
BLOCKS
  0
BLOCK
  5
20
330
1F
100
AcDbEntity
  8
0
100
AcDbBlockBegin
  2
*Model_Space
 70
     0
 10
0.0
 20
0.0
 30
0.0
  3
*Model_Space
  1

  0
ENDBLK
  5
21
330
1F
100
AcDbEntity
  8
0
100
AcDbBlockEnd
  0
BLOCK
  5
1C
330
1B
100
AcDbEntity
 67
     1
  8
0
100
AcDbBlockBegin
  2
*Paper_Space
 70
     0
 10
0.0
 20
0.0
 30
0.0
  3
*Paper_Space
  1

  0
ENDBLK
  5
1D
330
1B
100
AcDbEntity
 67
     1
  8
0
100
AcDbBlockEnd
  0
BLOCK
  5
24
330
23
100
AcDbEntity
  8
0
100
AcDbBlockBegin
  2
*Paper_Space0
 70
     0
 10
0.0
 20
0.0
 30
0.0
  3
*Paper_Space0
  1

  0
ENDBLK
  5
25
330
23
100
AcDbEntity
  8
0
100
AcDbBlockEnd
  0
BLOCK
  5
537
330
536
100
AcDbEntity
  8
0
100
AcDbBlockBegin
  2
*D1
 70
     1
 10
0.0
 20
0.0
 30
0.0
  3
*D1
  1

  0
LINE
  5
539
330
536
100
AcDbEntity
  8
0
 62
     7
370
    -2
100
AcDbLine
 10
186.007115
 20
421.307888
 30
0.0
 11
186.007115
 21
324.958008
 31
0.0
  0
LINE
  5
53A
330
536
100
AcDbEntity
  8
0
 62
     7
370
    -2
100
AcDbLine
 10
652.007115
 20
421.307888
 30
0.0
 11
652.007115
 21
324.958008
 31
0.0
  0
LINE
  5
53B
330
536
100
AcDbEntity
  8
0
 62
     7
370
    -2
100
AcDbLine
 10
189.507115
 20
326.458008
 30
0.0
 11
648.507115
 21
326.458008
 31
0.0
  0
SOLID
  5
53C
330
536
100
AcDbEntity
  8
0
 62
     7
100
AcDbTrace
 10
189.507115
 20
327.041342
 30
0.0
 11
189.507115
 21
325.874675
 31
0.0
 12
186.007115
 22
326.458008
 32
0.0
 13
186.007115
 23
326.458008
 33
0.0
  0
SOLID
  5
53D
330
536
100
AcDbEntity
  8
0
 62
     7
100
AcDbTrace
 10
648.507115
 20
325.874675
 30
0.0
 11
648.507115
 21
327.041342
 31
0.0
 12
652.007115
 22
326.458008
 32
0.0
 13
652.007115
 23
326.458008
 33
0.0
  0
MTEXT
  5
53E
330
536
100
AcDbEntity
  8
0
 62
     7
370
    25
100
AcDbMText
 10
419.007115
 20
333.458008
 30
0.0
 40
3.5
 41
0.0
 71
     5
 72
     1
  1
\A1;466
  7
latin_extended
 73
     1
 44
1.0
  0
POINT
  5
53F
330
536
100
AcDbEntity
  8
Defpoints
 62
     0
100
AcDbPoint
 10
186.007115
 20
421.307888
 30
0.0
  0
POINT
  5
540
330
536
100
AcDbEntity
  8
Defpoints
 62
     0
100
AcDbPoint
 10
652.007115
 20
421.307888
 30
0.0
  0
POINT
  5
541
330
536
100
AcDbEntity
  8
Defpoints
 62
     0
100
AcDbPoint
 10
652.007115
 20
326.458008
 30
0.0
  0
ENDBLK
  5
538
330
536
100
AcDbEntity
  8
0
100
AcDbBlockEnd
  0
BLOCK
  5
549
330
542
100
AcDbEntity
  8
0
100
AcDbBlockBegin
  2
_U0
 70
     0
 10
0.0
 20
0.0
 30
0.0
  3
_U0
  1

  0
MTEXT
  5
543
330
542
100
AcDbEntity
  8
110
  6
Continuous
 62
     7
370
    18
100
AcDbMText
 10
415.723931
 20
327.186561
 30
0.0
 40
3.5
 41
0.0
 71
     7
 72
     5
  1
\W0.7253;466
  7
latin_extended
 73
     2
 44
0.963855
  0
LINE
  5
544
330
542
100
AcDbEntity
  8
110
 62
     7
370
    13
100
AcDbLine
 10
186.007115
 20
421.307888
 30
0.0
 11
186.007115
 21
324.958008
 31
0.0
  0
LINE
  5
545
330
542
100
AcDbEntity
  8
110
 62
     7
370
    13
100
AcDbLine
 10
652.007115
 20
421.307888
 30
0.0
 11
652.007115
 21
324.958008
 31
0.0
  0
LINE
  5
546
330
542
100
AcDbEntity
  8
110
 62
     7
370
    13
100
AcDbLine
 10
186.007115
 20
326.458008
 30
0.0
 11
652.007115
 21
326.458008
 31
0.0
  0
SOLID
  5
547
330
542
100
AcDbEntity
  8
110
 62
     7
370
    25
100
AcDbTrace
 10
186.007115
 20
326.458008
 30
0.0
 11
189.507113
 21
326.918792
 31
0.0
 12
189.507117
 22
325.997225
 32
0.0
 13
189.507117
 23
325.997225
 33
0.0
  0
SOLID
  5
548
330
542
100
AcDbEntity
  8
110
 62
     7
370
    25
100
AcDbTrace
 10
652.007115
 20
326.458008
 30
0.0
 11
648.507117
 21
325.997225
 31
0.0
 12
648.507113
 22
326.918792
 32
0.0
 13
648.507113
 23
326.918792
 33
0.0
  0
ENDBLK
  5
54A
330
542
100
AcDbEntity
  8
0
100
AcDbBlockEnd
  0
BLOCK
  5
54F
330
54E
100
AcDbEntity
  8
0
100
AcDbBlockBegin
  2
*D3
 70
     1
 10
0.0
 20
0.0
 30
0.0
  3
*D3
  1

  0
LINE
  5
551
330
54E
100
AcDbEntity
  8
0
 62
     7
370
    -2
100
AcDbLine
 10
183.834386
 20
424.707888
 30
0.0
 11
166.206995
 21
424.707888
 31
0.0
  0
LINE
  5
552
330
54E
100
AcDbEntity
  8
0
 62
     7
370
    -2
100
AcDbLine
 10
182.2058
 20
417.907888
 30
0.0
 11
166.206995
 21
417.907888
 31
0.0
  0
LINE
  5
553
330
54E
100
AcDbEntity
  8
0
 62
     7
370
    -2
100
AcDbLine
 10
167.706995
 20
428.207888
 30
0.0
 11
167.706995
 21
431.707888
 31
0.0
  0
LINE
  5
554
330
54E
100
AcDbEntity
  8
0
 62
     7
370
    -2
100
AcDbLine
 10
167.706995
 20
414.407888
 30
0.0
 11
167.706995
 21
410.907888
 31
0.0
  0
SOLID
  5
555
330
54E
100
AcDbEntity
  8
0
 62
     7
100
AcDbTrace
 10
167.123662
 20
428.207888
 30
0.0
 11
168.290328
 21
428.207888
 31
0.0
 12
167.706995
 22
424.707888
 32
0.0
 13
167.706995
 23
424.707888
 33
0.0
  0
SOLID
  5
556
330
54E
100
AcDbEntity
  8
0
 62
     7
100
AcDbTrace
 10
168.290328
 20
414.407888
 30
0.0
 11
167.123662
 21
414.407888
 31
0.0
 12
167.706995
 22
417.907888
 32
0.0
 13
167.706995
 23
417.907888
 33
0.0
  0
MTEXT
  5
557
330
54E
100
AcDbEntity
  8
0
 62
     7
370
    25
100
AcDbMText
 10
160.706995
 20
421.307888
 30
0.0
 40
3.5
 41
0.0
 71
     5
 72
     1
  1
\A1;6.8
  7
latin_extended
 11
0.0
 21
1.0
 31
0.0
 73
     1
 44
1.0
  0
POINT
  5
558
330
54E
100
AcDbEntity
  8
Defpoints
 62
     0
100
AcDbPoint
 10
183.834386
 20
424.707888
 30
0.0
  0
POINT
  5
559
330
54E
100
AcDbEntity
  8
Defpoints
 62
     0
100
AcDbPoint
 10
182.2058
 20
417.907888
 30
0.0
  0
POINT
  5
55A
330
54E
100
AcDbEntity
  8
Defpoints
 62
     0
100
AcDbPoint
 10
167.706995
 20
417.907888
 30
0.0
  0
ENDBLK
  5
550
330
54E
100
AcDbEntity
  8
0
100
AcDbBlockEnd
  0
BLOCK
  5
562
330
55B
100
AcDbEntity
  8
0
100
AcDbBlockBegin
  2
_U1
 70
     0
 10
0.0
 20
0.0
 30
0.0
  3
_U1
  1

  0
MTEXT
  5
55C
330
55B
100
AcDbEntity
  8
110
  6
Continuous
 62
     7
370
    18
100
AcDbMText
 10
167.321442
 20
418.880915
 30
0.0
 40
3.5
 41
0.0
 71
     7
 72
     5
  1
\W0.6563;6,8
  7
latin_extended
 11
6.123233995736766E-17
 21
1.0
 31
0.0
 73
     2
 44
0.963855
  0
LINE
  5
55D
330
55B
100
AcDbEntity
  8
110
 62
     7
370
    13
100
AcDbLine
 10
182.2058
 20
417.907888
 30
0.0
 11
166.206995
 21
417.907888
 31
0.0
  0
LINE
  5
55E
330
55B
100
AcDbEntity
  8
110
 62
     7
370
    13
100
AcDbLine
 10
182.2058
 20
424.707888
 30
0.0
 11
166.206995
 21
424.707888
 31
0.0
  0
LINE
  5
55F
330
55B
100
AcDbEntity
  8
110
 62
     7
370
    13
100
AcDbLine
 10
167.706995
 20
409.157888
 30
0.0
 11
167.706995
 21
433.457888
 31
0.0
  0
SOLID
  5
560
330
55B
100
AcDbEntity
  8
110
 62
     7
370
    25
100
AcDbTrace
 10
167.706995
 20
417.907888
 30
0.0
 11
168.167779
 21
414.40789
 31
0.0
 12
167.246211
 22
414.407887
 32
0.0
 13
167.246211
 23
414.407887
 33
0.0
  0
SOLID
  5
561
330
55B
100
AcDbEntity
  8
110
 62
     7
370
    25
100
AcDbTrace
 10
167.706995
 20
424.707888
 30
0.0
 11
167.246211
 21
428.207887
 31
0.0
 12
168.167779
 22
428.20789
 32
0.0
 13
168.167779
 23
428.20789
 33
0.0
  0
ENDBLK
  5
563
330
55B
100
AcDbEntity
  8
0
100
AcDbBlockEnd
  0
BLOCK
  5
568
330
567
100
AcDbEntity
  8
0
100
AcDbBlockBegin
  2
*D5
 70
     1
 10
0.0
 20
0.0
 30
0.0
  3
*D5
  1

  0
LINE
  5
56A
330
567
100
AcDbEntity
  8
0
 62
     7
370
    -2
100
AcDbLine
 10
213.301645
 20
427.055152
 30
0.0
 11
218.449608
 21
427.055152
 31
0.0
  0
LINE
  5
56B
330
567
100
AcDbEntity
  8
0
 62
     7
370
    -2
100
AcDbLine
 10
218.449608
 20
427.055152
 30
0.0
 11
191.028924
 21
422.197514
 31
0.0
  0
LINE
  5
56C
330
567
100
AcDbEntity
  8
0
 62
     7
370
    -2
100
AcDbLine
 10
186.007115
 20
421.307888
 30
0.0
 11
187.582585
 21
421.586987
 31
0.0
  0
MTEXT
  5
56D
330
567
100
AcDbEntity
  8
0
 62
     7
370
    25
100
AcDbMText
 10
228.532941
 20
434.055152
 30
0.0
 40
3.5
 41
0.0
 71
     5
 72
     1
  1
\A1;R5.1
  7
latin_extended
 73
     1
 44
1.0
  0
SOLID
  5
56E
330
567
100
AcDbEntity
  8
0
 62
     7
100
AcDbTrace
 10
187.684339
 20
421.012597
 30
0.0
 11
187.48083
 21
422.161376
 31
0.0
 12
191.028924
 22
422.197514
 32
0.0
 13
191.028924
 23
422.197514
 33
0.0
  0
POINT
  5
56F
330
567
100
AcDbEntity
  8
Defpoints
 62
     0
100
AcDbPoint
 10
191.028924
 20
422.197514
 30
0.0
  0
POINT
  5
570
330
567
100
AcDbEntity
  8
Defpoints
 62
     0
100
AcDbPoint
 10
186.007115
 20
421.307888
 30
0.0
  0
ENDBLK
  5
569
330
567
100
AcDbEntity
  8
0
100
AcDbBlockEnd
  0
BLOCK
  5
577
330
571
100
AcDbEntity
  8
0
100
AcDbBlockBegin
  2
_U2
 70
     0
 10
0.0
 20
0.0
 30
0.0
  3
_U2
  1

  0
MTEXT
  5
572
330
571
100
AcDbEntity
  8
110
  6
Continuous
 62
     7
370
    18
100
AcDbMText
 10
198.223436
 20
424.176621
 30
0.0
 40
3.5
 41
0.0
 71
     7
 72
     5
  1
\W0.6402;5,1
  7
latin_extended
 11
0.9846684578485918
 21
0.1744363153648805
 31
0.0
 73
     2
 44
0.963855
  0
MTEXT
  5
573
330
571
100
AcDbEntity
  8
110
  6
Continuous
 62
     7
370
    18
100
AcDbMText
 10
195.611474
 20
423.713905
 30
0.0
 40
3.5
 41
0.0
 71
     7
 72
     5
  1
\W0.6380;R
  7
latin_extended
 11
0.9846684578485918
 21
0.1744363153648805
 31
0.0
 73
     2
 44
0.963855
  0
LINE
  5
574
330
571
100
AcDbEntity
  8
110
 62
     7
370
    13
100
AcDbLine
 10
182.413075
 20
420.671196
 30
0.0
 11
202.465426
 21
424.223517
 31
0.0
  0
ARC
  5
575
330
571
100
AcDbEntity
  8
110
 62
     7
370
    13
100
AcDbCircle
 10
186.007115
 20
421.307888
 30
0.0
 40
5.100000000000019
100
AcDbArc
 50
353.656316
 51
3.372229
  0
SOLID
  5
576
330
571
100
AcDbEntity
  8
110
 62
     7
370
    25
100
AcDbTrace
 10
191.028924
 20
422.197514
 30
0.0
 11
187.662964
 21
421.133268
 31
0.0
 12
187.502206
 22
422.040705
 32
0.0
 13
187.502206
 23
422.040705
 33
0.0
  0
ENDBLK
  5
578
330
571
100
AcDbEntity
  8
0
100
AcDbBlockEnd
  0
ENDSEC
  0
SECTION
  2
ENTITIES
  0
LINE
  5
67
330
1F
100
AcDbEntity
  8
1
  6
Continuous
 62
     7
370
    13
100
AcDbLine
 10
660.307115
 20
491.457888
 30
0.0
 11
660.307115
 21
490.957888
 31
0.0
  0
LINE
  5
69
330
1F
100
AcDbEntity
  8
1
  6
Continuous
 62
     7
370
    13
100
AcDbLine
 10
177.707115
 20
491.457888
 30
0.0
 11
177.707115
 21
490.957888
 31
0.0
  0
LINE
  5
6A
330
1F
100
AcDbEntity
  8
1
  6
Continuous
 62
     7
370
    13
100
AcDbLine
 10
660.307115
 20
350.874917
 30
0.0
 11
660.307115
 21
350.765945
 31
0.0
  0
LINE
  5
6B
330
1F
100
AcDbEntity
  8
1
  6
Continuous
 62
     7
370
    13
100
AcDbLine
 10
177.707115
 20
350.874917
 30
0.0
 11
177.707115
 21
350.765945
 31
0.0
  0
LINE
  5
6C
330
1F
100
AcDbEntity
  8
1
  6
Continuous
 62
     7
370
    13
100
AcDbLine
 10
660.307115
 20
352.626028
 30
0.0
 11
660.307115
 21
350.874917
 31
0.0
  0
LINE
  5
6D
330
1F
100
AcDbEntity
  8
1
  6
Continuous
 62
     7
370
    13
100
AcDbLine
 10
177.707115
 20
352.626028
 30
0.0
 11
177.707115
 21
350.874917
 31
0.0
  0
LINE
  5
6E
330
1F
100
AcDbEntity
  8
1
  6
Continuous
 62
     7
370
    13
100
AcDbLine
 10
660.307115
 20
350.76423
 30
0.0
 11
660.307115
 21
350.765941
 31
0.0
  0
LINE
  5
6F
330
1F
100
AcDbEntity
  8
1
  6
Continuous
 62
     7
370
    13
100
AcDbLine
 10
177.707115
 20
350.76423
 30
0.0
 11
177.707115
 21
350.765941
 31
0.0
  0
LINE
  5
70
330
1F
100
AcDbEntity
  8
1
  6
Continuous
 62
     7
370
    13
100
AcDbLine
 10
660.307115
 20
350.730299
 30
0.0
 11
660.307115
 21
350.622365
 31
0.0
  0
LINE
  5
71
330
1F
100
AcDbEntity
  8
1
  6
Continuous
 62
     7
370
    13
100
AcDbLine
 10
177.707115
 20
350.730299
 30
0.0
 11
177.707115
 21
350.622365
 31
0.0
  0
LINE
  5
72
330
1F
100
AcDbEntity
  8
1
  6
Continuous
 62
     7
370
    13
100
AcDbLine
 10
660.307115
 20
350.620651
 30
0.0
 11
660.307115
 21
350.622363
 31
0.0
  0
LINE
  5
73
330
1F
100
AcDbEntity
  8
1
  6
Continuous
 62
     7
370
    13
100
AcDbLine
 10
177.707115
 20
350.620651
 30
0.0
 11
177.707115
 21
350.622363
 31
0.0
  0
LINE
  5
74
330
1F
100
AcDbEntity
  8
1
  6
Continuous
 62
     7
370
    13
100
AcDbLine
 10
660.307115
 20
350.58672
 30
0.0
 11
660.307115
 21
350.478786
 31
0.0
  0
LINE
  5
75
330
1F
100
AcDbEntity
  8
1
  6
Continuous
 62
     7
370
    13
100
AcDbLine
 10
177.707115
 20
350.58672
 30
0.0
 11
177.707115
 21
350.478786
 31
0.0
  0
LINE
  5
76
330
1F
100
AcDbEntity
  8
1
  6
Continuous
 62
     7
370
    13
100
AcDbLine
 10
660.307115
 20
350.478784
 30
0.0
 11
660.307115
 21
350.477073
 31
0.0
  0
LINE
  5
77
330
1F
100
AcDbEntity
  8
1
  6
Continuous
 62
     7
370
    13
100
AcDbLine
 10
177.707115
 20
350.478784
 30
0.0
 11
177.707115
 21
350.477073
 31
0.0
  0
LINE
  5
78
330
1F
100
AcDbEntity
  8
1
  6
Continuous
 62
     7
370
    13
100
AcDbLine
 10
660.307115
 20
350.443141
 30
0.0
 11
660.307115
 21
350.335207
 31
0.0
  0
LINE
  5
79
330
1F
100
AcDbEntity
  8
1
  6
Continuous
 62
     7
370
    13
100
AcDbLine
 10
177.707115
 20
350.443141
 30
0.0
 11
177.707115
 21
350.335207
 31
0.0
  0
LINE
  5
7A
330
1F
100
AcDbEntity
  8
1
  6
Continuous
 62
     7
370
    13
100
AcDbLine
 10
660.307115
 20
350.333494
 30
0.0
 11
660.307115
 21
350.335205
 31
0.0
  0
LINE
  5
7B
330
1F
100
AcDbEntity
  8
1
  6
Continuous
 62
     7
370
    13
100
AcDbLine
 10
177.707115
 20
350.333494
 30
0.0
 11
177.707115
 21
350.335205
 31
0.0
  0
LINE
  5
7C
330
1F
100
AcDbEntity
  8
1
  6
Continuous
 62
     7
370
    13
100
AcDbLine
 10
660.307115
 20
350.299562
 30
0.0
 11
660.307115
 21
350.191628
 31
0.0
  0
LINE
  5
7D
330
1F
100
AcDbEntity
  8
1
  6
Continuous
 62
     7
370
    13
100
AcDbLine
 10
177.707115
 20
350.299562
 30
0.0
 11
177.707115
 21
350.191628
 31
0.0
  0
LINE
  5
7E
330
1F
100
AcDbEntity
  8
1
  6
Continuous
 62
     7
370
    13
100
AcDbLine
 10
660.307115
 20
350.189915
 30
0.0
 11
660.307115
 21
350.191626
 31
0.0
  0
LINE
  5
7F
330
1F
100
AcDbEntity
  8
1
  6
Continuous
 62
     7
370
    13
100
AcDbLine
 10
177.707115
 20
350.189915
 30
0.0
 11
177.707115
 21
350.191626
 31
0.0
  0
LINE
  5
80
330
1F
100
AcDbEntity
  8
1
  6
Continuous
 62
     7
370
    13
100
AcDbLine
 10
660.307115
 20
350.155984
 30
0.0
 11
660.307115
 21
350.048049
 31
0.0
  0
LINE
  5
81
330
1F
100
AcDbEntity
  8
1
  6
Continuous
 62
     7
370
    13
100
AcDbLine
 10
177.707115
 20
350.155984
 30
0.0
 11
177.707115
 21
350.048049
 31
0.0
  0
LINE
  5
82
330
1F
100
AcDbEntity
  8
1
  6
Continuous
 62
     7
370
    13
100
AcDbLine
 10
660.307115
 20
350.046336
 30
0.0
 11
660.307115
 21
350.048047
 31
0.0
  0
LINE
  5
83
330
1F
100
AcDbEntity
  8
1
  6
Continuous
 62
     7
370
    13
100
AcDbLine
 10
177.707115
 20
350.046336
 30
0.0
 11
177.707115
 21
350.048047
 31
0.0
  0
LINE
  5
84
330
1F
100
AcDbEntity
  8
1
  6
Continuous
 62
     7
370
    13
100
AcDbLine
 10
660.307115
 20
350.012405
 30
0.0
 11
660.307115
 21
349.90447
 31
0.0
  0
LINE
  5
85
330
1F
100
AcDbEntity
  8
1
  6
Continuous
 62
     7
370
    13
100
AcDbLine
 10
177.707115
 20
350.012405
 30
0.0
 11
177.707115
 21
349.90447
 31
0.0
  0
LINE
  5
86
330
1F
100
AcDbEntity
  8
1
  6
Continuous
 62
     7
370
    13
100
AcDbLine
 10
660.307115
 20
479.396695
 30
0.0
 11
660.307115
 21
479.457888
 31
0.0
  0
LINE
  5
87
330
1F
100
AcDbEntity
  8
1
  6
Continuous
 62
     7
370
    13
100
AcDbLine
 10
177.707115
 20
479.396695
 30
0.0
 11
177.707115
 21
479.457888
 31
0.0
  0
LINE
  5
88
330
1F
100
AcDbEntity
  8
1
  6
Continuous
 62
     7
370
    13
100
AcDbLine
 10
660.307115
 20
349.902757
 30
0.0
 11
660.307115
 21
349.904468
 31
0.0
  0
LINE
  5
89
330
1F
100
AcDbEntity
  8
1
  6
Continuous
 62
     7
370
    13
100
AcDbLine
 10
177.707115
 20
349.902757
 30
0.0
 11
177.707115
 21
349.904468
 31
0.0
  0
LINE
  5
8A
330
1F
100
AcDbEntity
  8
1
  6
Continuous
 62
     7
370
    13
100
AcDbLine
 10
660.307115
 20
349.868826
 30
0.0
 11
660.307115
 21
349.760892
 31
0.0
  0
LINE
  5
8B
330
1F
100
AcDbEntity
  8
1
  6
Continuous
 62
     7
370
    13
100
AcDbLine
 10
177.707115
 20
349.868826
 30
0.0
 11
177.707115
 21
349.760892
 31
0.0
  0
LINE
  5
8C
330
1F
100
AcDbEntity
  8
1
  6
Continuous
 62
     7
370
    13
100
AcDbLine
 10
660.307115
 20
349.76089
 30
0.0
 11
660.307115
 21
349.759179
 31
0.0
  0
LINE
  5
8D
330
1F
100
AcDbEntity
  8
1
  6
Continuous
 62
     7
370
    13
100
AcDbLine
 10
177.707115
 20
349.76089
 30
0.0
 11
177.707115
 21
349.759179
 31
0.0
  0
LINE
  5
8E
330
1F
100
AcDbEntity
  8
1
  6
Continuous
 62
     7
370
    13
100
AcDbLine
 10
660.307115
 20
349.725247
 30
0.0
 11
660.307115
 21
349.500853
 31
0.0
  0
LINE
  5
8F
330
1F
100
AcDbEntity
  8
1
  6
Continuous
 62
     7
370
    13
100
AcDbLine
 10
177.707115
 20
349.725247
 30
0.0
 11
177.707115
 21
349.500853
 31
0.0
  0
LINE
  5
90
330
1F
100
AcDbEntity
  8
1
  6
Continuous
 62
     7
370
    13
100
AcDbLine
 10
660.307115
 20
349.228206
 30
0.0
 11
660.307115
 21
349.116009
 31
0.0
  0
LINE
  5
91
330
1F
100
AcDbEntity
  8
1
  6
Continuous
 62
     7
370
    13
100
AcDbLine
 10
177.707115
 20
349.228206
 30
0.0
 11
177.707115
 21
349.116009
 31
0.0
  0
LINE
  5
92
330
1F
100
AcDbEntity
  8
1
  6
Continuous
 62
     7
370
    13
100
AcDbLine
 10
660.307115
 20
466.845793
 30
0.0
 11
660.307115
 21
466.866547
 31
0.0
  0
LINE
  5
93
330
1F
100
AcDbEntity
  8
1
  6
Continuous
 62
     7
370
    13
100
AcDbLine
 10
177.707115
 20
466.845793
 30
0.0
 11
177.707115
 21
466.866547
 31
0.0
  0
LINE
  5
94
330
1F
100
AcDbEntity
  8
1
  6
Continuous
 62
     7
370
    13
100
AcDbLine
 10
660.307115
 20
352.626081
 30
0.0
 11
660.307115
 21
352.799976
 31
0.0
  0
LINE
  5
95
330
1F
100
AcDbEntity
  8
1
  6
Continuous
 62
     7
370
    13
100
AcDbLine
 10
177.707115
 20
352.626081
 30
0.0
 11
177.707115
 21
352.799976
 31
0.0
  0
LINE
  5
96
330
1F
100
AcDbEntity
  8
1
  6
Continuous
 62
     7
370
    13
100
AcDbLine
 10
660.307115
 20
467.180383
 30
0.0
 11
660.307115
 21
466.866547
 31
0.0
  0
LINE
  5
97
330
1F
100
AcDbEntity
  8
1
  6
Continuous
 62
     7
370
    13
100
AcDbLine
 10
177.707115
 20
467.180383
 30
0.0
 11
177.707115
 21
466.866547
 31
0.0
  0
LINE
  5
98
330
1F
100
AcDbEntity
  8
1
  6
Continuous
 62
     7
370
    13
100
AcDbLine
 10
660.307115
 20
353.120936
 30
0.0
 11
660.307115
 21
353.072623
 31
0.0
  0
LINE
  5
99
330
1F
100
AcDbEntity
  8
1
  6
Continuous
 62
     7
370
    13
100
AcDbLine
 10
177.707115
 20
353.120936
 30
0.0
 11
177.707115
 21
353.072623
 31
0.0
  0
LINE
  5
9A
330
1F
100
AcDbEntity
  8
1
  6
Continuous
 62
     7
370
    13
100
AcDbLine
 10
660.307115
 20
336.757888
 30
0.0
 11
660.307115
 21
336.457888
 31
0.0
  0
LINE
  5
9B
330
1F
100
AcDbEntity
  8
1
  6
Continuous
 62
     7
370
    13
100
AcDbLine
 10
177.707115
 20
336.757888
 30
0.0
 11
177.707115
 21
336.457888
 31
0.0
  0
LINE
  5
9C
330
1F
100
AcDbEntity
  8
1
  6
Continuous
 62
     7
370
    13
100
AcDbLine
 10
660.307115
 20
348.979452
 30
0.0
 11
660.307115
 21
347.988007
 31
0.0
  0
LINE
  5
9D
330
1F
100
AcDbEntity
  8
1
  6
Continuous
 62
     7
370
    13
100
AcDbLine
 10
177.707115
 20
348.979452
 30
0.0
 11
177.707115
 21
347.988007
 31
0.0
  0
LINE
  5
9E
330
1F
100
AcDbEntity
  8
1
  6
Continuous
 62
     7
370
    13
100
AcDbLine
 10
660.307115
 20
468.575519
 30
0.0
 11
660.307115
 21
467.180383
 31
0.0
  0
LINE
  5
9F
330
1F
100
AcDbEntity
  8
1
  6
Continuous
 62
     7
370
    13
100
AcDbLine
 10
177.707115
 20
468.575519
 30
0.0
 11
177.707115
 21
467.180383
 31
0.0
  0
LINE
  5
A0
330
1F
100
AcDbEntity
  8
1
  6
Continuous
 62
     7
370
    13
100
AcDbLine
 10
660.307115
 20
371.457888
 30
0.0
 11
660.307115
 21
371.157888
 31
0.0
  0
LINE
  5
A1
330
1F
100
AcDbEntity
  8
1
  6
Continuous
 62
     7
370
    13
100
AcDbLine
 10
177.707115
 20
371.457888
 30
0.0
 11
177.707115
 21
371.157888
 31
0.0
  0
LINE
  5
A2
330
1F
100
AcDbEntity
  8
1
  6
Continuous
 62
     7
370
    13
100
AcDbLine
 10
660.307115
 20
353.620934
 30
0.0
 11
660.307115
 21
353.120934
 31
0.0
  0
LINE
  5
A3
330
1F
100
AcDbEntity
  8
1
  6
Continuous
 62
     7
370
    13
100
AcDbLine
 10
177.707115
 20
353.620934
 30
0.0
 11
177.707115
 21
353.120934
 31
0.0
  0
LINE
  5
A4
330
1F
100
AcDbEntity
  8
1
  6
Continuous
 62
     7
370
    13
100
AcDbLine
 10
177.707115
 20
479.396695
 30
0.0
 11
177.707115
 21
474.233258
 31
0.0
  0
LINE
  5
A5
330
1F
100
AcDbEntity
  8
1
  6
Continuous
 62
     7
370
    13
100
AcDbLine
 10
660.307115
 20
479.396695
 30
0.0
 11
660.307115
 21
474.233258
 31
0.0
  0
LINE
  5
A6
330
1F
100
AcDbEntity
  8
1
  6
Continuous
 62
     7
370
    13
100
AcDbLine
 10
660.307115
 20
347.988007
 30
0.0
 11
660.307115
 21
336.757888
 31
0.0
  0
LINE
  5
A7
330
1F
100
AcDbEntity
  8
1
  6
Continuous
 62
     7
370
    25
100
AcDbLine
 10
660.307115
 20
371.157888
 30
0.0
 11
177.707115
 21
371.157888
 31
0.0
  0
LINE
  5
A8
330
1F
100
AcDbEntity
  8
1
  6
Continuous
 62
     7
370
    25
100
AcDbLine
 10
660.307115
 20
353.620934
 30
0.0
 11
177.707115
 21
353.620934
 31
0.0
  0
LINE
  5
A9
330
1F
100
AcDbEntity
  8
1
  6
Continuous
 62
     7
370
    13
100
AcDbLine
 10
177.707115
 20
474.233258
 30
0.0
 11
177.707115
 21
468.575519
 31
0.0
  0
LINE
  5
AA
330
1F
100
AcDbEntity
  8
1
  6
Continuous
 62
     7
370
    25
100
AcDbLine
 10
660.307115
 20
468.575519
 30
0.0
 11
177.707115
 21
468.575519
 31
0.0
  0
LINE
  5
AB
330
1F
100
AcDbEntity
  8
1
  6
Continuous
 62
     7
370
    25
100
AcDbLine
 10
660.307115
 20
347.988007
 30
0.0
 11
177.707115
 21
347.988007
 31
0.0
  0
LINE
  5
AC
330
1F
100
AcDbEntity
  8
1
  6
Continuous
 62
     7
370
    25
100
AcDbLine
 10
660.307115
 20
336.757888
 30
0.0
 11
177.707115
 21
336.757888
 31
0.0
  0
LINE
  5
AD
330
1F
100
AcDbEntity
  8
1
  6
Continuous
 62
     7
370
    13
100
AcDbLine
 10
177.707115
 20
371.157888
 30
0.0
 11
177.707115
 21
353.620934
 31
0.0
  0
LINE
  5
AE
330
1F
100
AcDbEntity
  8
1
  6
Continuous
 62
     7
370
    13
100
AcDbLine
 10
660.307115
 20
371.157888
 30
0.0
 11
660.307115
 21
353.620934
 31
0.0
  0
LINE
  5
AF
330
1F
100
AcDbEntity
  8
1
  6
Continuous
 62
     7
370
    13
100
AcDbLine
 10
177.707115
 20
347.988007
 30
0.0
 11
177.707115
 21
336.757888
 31
0.0
  0
LINE
  5
B0
330
1F
100
AcDbEntity
  8
1
  6
Continuous
 62
     7
370
    13
100
AcDbLine
 10
660.307115
 20
474.233258
 30
0.0
 11
660.307115
 21
468.575519
 31
0.0
  0
LINE
  5
B1
330
1F
100
AcDbEntity
  8
1
  6
Continuous
 62
     7
370
    13
100
AcDbLine
 10
177.707115
 20
421.607888
 30
0.0
 11
177.707115
 21
421.307888
 31
0.0
  0
LINE
  5
B2
330
1F
100
AcDbEntity
  8
1
  6
Continuous
 62
     7
370
    13
100
AcDbLine
 10
660.307115
 20
421.307888
 30
0.0
 11
660.307115
 21
421.007888
 31
0.0
  0
LINE
  5
B3
330
1F
100
AcDbEntity
  8
1
  6
Continuous
 62
     7
370
    13
100
AcDbLine
 10
177.707115
 20
421.307888
 30
0.0
 11
177.707115
 21
421.007888
 31
0.0
  0
LINE
  5
B4
330
1F
100
AcDbEntity
  8
1
  6
Continuous
 62
     7
370
    13
100
AcDbLine
 10
180.907115
 20
421.307888
 30
0.0
 11
177.707115
 21
421.307888
 31
0.0
  0
LINE
  5
B5
330
1F
100
AcDbEntity
  8
1
  6
Continuous
 62
     7
370
    13
100
AcDbLine
 10
660.307115
 20
421.607888
 30
0.0
 11
660.307115
 21
421.307888
 31
0.0
  0
LINE
  5
B6
330
1F
100
AcDbEntity
  8
1
  6
Continuous
 62
     7
370
    13
100
AcDbLine
 10
660.307115
 20
421.307888
 30
0.0
 11
657.107115
 21
421.307888
 31
0.0
  0
LINE
  5
B7
330
1F
100
AcDbEntity
  8
1
  6
Continuous
 62
     7
370
    13
100
AcDbLine
 10
660.307115
 20
421.007888
 30
0.0
 11
660.307115
 21
371.458422
 31
0.0
  0
LINE
  5
B8
330
1F
100
AcDbEntity
  8
1
  6
Continuous
 62
     7
370
    13
100
AcDbLine
 10
177.707115
 20
421.007888
 30
0.0
 11
177.707115
 21
371.458422
 31
0.0
  0
LINE
  5
B9
330
1F
100
AcDbEntity
  8
1
  6
Continuous
 62
     7
370
    13
100
AcDbLine
 10
202.707115
 20
421.007888
 30
0.0
 11
191.098284
 21
421.007888
 31
0.0
  0
LINE
  5
BA
330
1F
100
AcDbEntity
  8
1
  6
Continuous
 62
     7
370
    13
100
AcDbLine
 10
180.915946
 20
421.007888
 30
0.0
 11
177.707115
 21
421.007888
 31
0.0
  0
LINE
  5
BB
330
1F
100
AcDbEntity
  8
1
  6
Continuous
 62
     7
370
    13
100
AcDbLine
 10
660.307115
 20
421.007888
 30
0.0
 11
657.098284
 21
421.007888
 31
0.0
  0
LINE
  5
BC
330
1F
100
AcDbEntity
  8
1
  6
Continuous
 62
     7
370
    13
100
AcDbLine
 10
655.808431
 20
417.907888
 30
0.0
 11
648.2058
 21
417.907888
 31
0.0
  0
LINE
  5
BD
330
1F
100
AcDbEntity
  8
1
  6
Continuous
 62
     7
370
    13
100
AcDbLine
 10
646.915946
 20
421.007888
 30
0.0
 11
272.707115
 21
421.007888
 31
0.0
  0
LINE
  5
BE
330
1F
100
AcDbEntity
  8
1
  6
Continuous
 62
     7
370
    13
100
AcDbLine
 10
660.307115
 20
491.457888
 30
0.0
 11
177.707115
 21
491.457888
 31
0.0
  0
LINE
  5
BF
330
1F
100
AcDbEntity
  8
1
  6
Continuous
 62
     7
370
    13
100
AcDbLine
 10
660.307115
 20
490.957888
 30
0.0
 11
660.307115
 21
479.457988
 31
0.0
  0
LINE
  5
C0
330
1F
100
AcDbEntity
  8
1
  6
Continuous
 62
     7
370
    13
100
AcDbLine
 10
177.707115
 20
490.957888
 30
0.0
 11
177.707115
 21
479.457988
 31
0.0
  0
LINE
  5
C1
330
1F
100
AcDbEntity
  8
1
  6
Continuous
 62
     7
370
    25
100
AcDbLine
 10
660.307115
 20
490.957888
 30
0.0
 11
177.707115
 21
490.957888
 31
0.0
  0
LINE
  5
C2
330
1F
100
AcDbEntity
  8
1
  6
Continuous
 62
     7
370
    13
100
AcDbLine
 10
660.307115
 20
466.845419
 30
0.0
 11
660.307115
 21
421.607888
 31
0.0
  0
LINE
  5
C3
330
1F
100
AcDbEntity
  8
1
  6
Continuous
 62
     7
370
    13
100
AcDbLine
 10
177.707115
 20
466.845419
 30
0.0
 11
177.707115
 21
421.607888
 31
0.0
  0
LINE
  5
C4
330
1F
100
AcDbEntity
  8
1
  6
Continuous
 62
     7
370
    13
100
AcDbLine
 10
646.915946
 20
421.607888
 30
0.0
 11
272.707115
 21
421.607888
 31
0.0
  0
LINE
  5
C5
330
1F
100
AcDbEntity
  8
1
  6
Continuous
 62
     7
370
    13
100
AcDbLine
 10
648.2058
 20
424.707888
 30
0.0
 11
655.808431
 21
424.707888
 31
0.0
  0
LINE
  5
C6
330
1F
100
AcDbEntity
  8
1
  6
Continuous
 62
     7
370
    13
100
AcDbLine
 10
660.307115
 20
421.607888
 30
0.0
 11
657.098284
 21
421.607888
 31
0.0
  0
LINE
  5
C7
330
1F
100
AcDbEntity
  8
1
  6
Continuous
 62
     7
370
    13
100
AcDbLine
 10
180.915946
 20
421.607888
 30
0.0
 11
177.707115
 21
421.607888
 31
0.0
  0
LINE
  5
C8
330
1F
100
AcDbEntity
  8
1
  6
Continuous
 62
     7
370
    13
100
AcDbLine
 10
202.707115
 20
421.607888
 30
0.0
 11
191.098284
 21
421.607888
 31
0.0
  0
LINE
  5
C9
330
1F
100
AcDbEntity
  8
1
  6
Continuous
 62
     7
370
    13
100
AcDbLine
 10
184.049173
 20
379.236695
 30
0.0
 11
184.049173
 21
379.036695
 31
0.0
  0
LINE
  5
CA
330
1F
100
AcDbEntity
  8
1
  6
Continuous
 62
     7
370
    13
100
AcDbLine
 10
184.049173
 20
379.036695
 30
0.0
 11
187.949316
 21
379.036695
 31
0.0
  0
LINE
  5
CB
330
1F
100
AcDbEntity
  8
1
  6
Continuous
 62
     7
370
    13
100
AcDbLine
 10
187.949316
 20
379.036695
 30
0.0
 11
187.949316
 21
379.236695
 31
0.0
  0
LINE
  5
CC
330
1F
100
AcDbEntity
  8
1
  6
Continuous
 62
     7
370
    13
100
AcDbLine
 10
187.949316
 20
379.236695
 30
0.0
 11
186.110018
 21
379.236695
 31
0.0
  0
LINE
  5
CD
330
1F
100
AcDbEntity
  8
1
  6
Continuous
 62
     7
370
    13
100
AcDbLine
 10
186.110018
 20
379.236695
 30
0.0
 11
186.110018
 21
381.533944
 31
0.0
  0
LINE
  5
CE
330
1F
100
AcDbEntity
  8
1
  6
Continuous
 62
     7
370
    13
100
AcDbLine
 10
186.110018
 20
381.533944
 30
0.0
 11
185.899244
 21
381.533944
 31
0.0
  0
LINE
  5
CF
330
1F
100
AcDbEntity
  8
1
  6
Continuous
 62
     7
370
    13
100
AcDbLine
 10
185.899244
 20
381.533944
 30
0.0
 11
185.899244
 21
379.236695
 31
0.0
  0
LINE
  5
D0
330
1F
100
AcDbEntity
  8
1
  6
Continuous
 62
     7
370
    13
100
AcDbLine
 10
185.899244
 20
379.236695
 30
0.0
 11
184.049173
 21
379.236695
 31
0.0
  0
LINE
  5
D1
330
1F
100
AcDbEntity
  8
1
  6
Continuous
 62
     7
370
    13
100
AcDbLine
 10
184.549182
 20
378.136696
 30
0.0
 11
184.549182
 21
377.936696
 31
0.0
  0
LINE
  5
D2
330
1F
100
AcDbEntity
  8
1
  6
Continuous
 62
     7
370
    13
100
AcDbLine
 10
184.549182
 20
377.936696
 30
0.0
 11
187.449144
 21
377.936696
 31
0.0
  0
LINE
  5
D3
330
1F
100
AcDbEntity
  8
1
  6
Continuous
 62
     7
370
    13
100
AcDbLine
 10
187.449144
 20
377.936696
 30
0.0
 11
187.449144
 21
378.136696
 31
0.0
  0
LINE
  5
D4
330
1F
100
AcDbEntity
  8
1
  6
Continuous
 62
     7
370
    13
100
AcDbLine
 10
187.449144
 20
378.136696
 30
0.0
 11
184.549182
 21
378.136696
 31
0.0
  0
LINE
  5
D5
330
1F
100
AcDbEntity
  8
1
  6
Continuous
 62
     7
370
    13
100
AcDbLine
 10
185.049163
 20
377.036696
 30
0.0
 11
185.049163
 21
376.836696
 31
0.0
  0
LINE
  5
D6
330
1F
100
AcDbEntity
  8
1
  6
Continuous
 62
     7
370
    13
100
AcDbLine
 10
185.049163
 20
376.836696
 30
0.0
 11
186.949163
 21
376.836696
 31
0.0
  0
LINE
  5
D7
330
1F
100
AcDbEntity
  8
1
  6
Continuous
 62
     7
370
    13
100
AcDbLine
 10
186.949163
 20
376.836696
 30
0.0
 11
186.949163
 21
377.036696
 31
0.0
  0
LINE
  5
D8
330
1F
100
AcDbEntity
  8
1
  6
Continuous
 62
     7
370
    13
100
AcDbLine
 10
186.949163
 20
377.036696
 30
0.0
 11
185.049163
 21
377.036696
 31
0.0
  0
LINE
  5
D9
330
1F
100
AcDbEntity
  8
1
  6
Continuous
 62
     7
370
    13
100
AcDbLine
 10
202.707115
 20
437.307888
 30
0.0
 11
202.707115
 21
398.307888
 31
0.0
  0
LINE
  5
DA
330
1F
100
AcDbEntity
  8
1
  6
Continuous
 62
     7
370
    13
100
AcDbLine
 10
270.707115
 20
439.307888
 30
0.0
 11
204.707115
 21
439.307888
 31
0.0
  0
LINE
  5
DB
330
1F
100
AcDbEntity
  8
1
  6
Continuous
 62
     7
370
    13
100
AcDbLine
 10
204.707115
 20
396.307888
 30
0.0
 11
270.707115
 21
396.307888
 31
0.0
  0
LINE
  5
DC
330
1F
100
AcDbEntity
  8
1
  6
Continuous
 62
     7
370
    13
100
AcDbLine
 10
272.707115
 20
398.307888
 30
0.0
 11
272.707115
 21
437.307888
 31
0.0
  0
LINE
  5
DD
330
1F
100
AcDbEntity
  8
1
  6
Continuous
 62
     7
370
    13
100
AcDbLine
 10
241.67388
 20
430.137242
 30
0.0
 11
242.44908
 21
430.137242
 31
0.0
  0
LINE
  5
DE
330
1F
100
AcDbEntity
  8
1
  6
Continuous
 62
     7
370
    13
100
AcDbLine
 10
242.44908
 20
430.137242
 30
0.0
 11
242.44908
 21
432.585242
 31
0.0
  0
LINE
  5
DF
330
1F
100
AcDbEntity
  8
1
  6
Continuous
 62
     7
370
    13
100
AcDbLine
 10
245.10108
 20
433.972442
 30
0.0
 11
244.28508
 21
433.972442
 31
0.0
  0
LINE
  5
E0
330
1F
100
AcDbEntity
  8
1
  6
Continuous
 62
     7
370
    13
100
AcDbLine
 10
241.67388
 20
433.972442
 30
0.0
 11
241.67388
 21
430.137242
 31
0.0
  0
LINE
  5
E1
330
1F
100
AcDbEntity
  8
1
  6
Continuous
 62
     7
370
    13
100
AcDbLine
 10
242.44908
 20
432.585242
 30
0.0
 11
243.83628
 21
430.137242
 31
0.0
  0
LINE
  5
E2
330
1F
100
AcDbEntity
  8
1
  6
Continuous
 62
     7
370
    13
100
AcDbLine
 10
243.83628
 20
430.137242
 30
0.0
 11
245.10108
 21
430.137242
 31
0.0
  0
LINE
  5
E3
330
1F
100
AcDbEntity
  8
1
  6
Continuous
 62
     7
370
    13
100
AcDbLine
 10
245.10108
 20
430.137242
 30
0.0
 11
245.10108
 21
433.972442
 31
0.0
  0
LINE
  5
E4
330
1F
100
AcDbEntity
  8
1
  6
Continuous
 62
     7
370
    13
100
AcDbLine
 10
242.93868
 20
433.972442
 30
0.0
 11
241.67388
 21
433.972442
 31
0.0
  0
LINE
  5
E5
330
1F
100
AcDbEntity
  8
1
  6
Continuous
 62
     7
370
    13
100
AcDbLine
 10
244.28508
 20
431.606042
 30
0.0
 11
242.93868
 21
433.972442
 31
0.0
  0
LINE
  5
E6
330
1F
100
AcDbEntity
  8
1
  6
Continuous
 62
     7
370
    13
100
AcDbLine
 10
244.28508
 20
433.972442
 30
0.0
 11
244.28508
 21
431.606042
 31
0.0
  0
LINE
  5
E7
330
1F
100
AcDbEntity
  8
1
  6
Continuous
 62
     7
370
    13
100
AcDbLine
 10
239.26668
 20
430.830842
 30
0.0
 11
239.26668
 21
431.769242
 31
0.0
  0
LINE
  5
E8
330
1F
100
AcDbEntity
  8
1
  6
Continuous
 62
     7
370
    13
100
AcDbLine
 10
241.02108
 20
430.137242
 30
0.0
 11
241.02108
 21
430.830842
 31
0.0
  0
LINE
  5
E9
330
1F
100
AcDbEntity
  8
1
  6
Continuous
 62
     7
370
    13
100
AcDbLine
 10
241.02108
 20
430.830842
 30
0.0
 11
239.26668
 21
430.830842
 31
0.0
  0
LINE
  5
EA
330
1F
100
AcDbEntity
  8
1
  6
Continuous
 62
     7
370
    13
100
AcDbLine
 10
239.26668
 20
432.381242
 30
0.0
 11
239.26668
 21
433.278842
 31
0.0
  0
LINE
  5
EB
330
1F
100
AcDbEntity
  8
1
  6
Continuous
 62
     7
370
    13
100
AcDbLine
 10
238.12428
 20
433.972442
 30
0.0
 11
238.12428
 21
430.137242
 31
0.0
  0
LINE
  5
EC
330
1F
100
AcDbEntity
  8
1
  6
Continuous
 62
     7
370
    13
100
AcDbLine
 10
238.12428
 20
430.137242
 30
0.0
 11
241.02108
 21
430.137242
 31
0.0
  0
LINE
  5
ED
330
1F
100
AcDbEntity
  8
1
  6
Continuous
 62
     7
370
    13
100
AcDbLine
 10
239.26668
 20
431.769242
 30
0.0
 11
240.77628
 21
431.769242
 31
0.0
  0
LINE
  5
EE
330
1F
100
AcDbEntity
  8
1
  6
Continuous
 62
     7
370
    13
100
AcDbLine
 10
240.77628
 20
431.769242
 30
0.0
 11
240.77628
 21
432.381242
 31
0.0
  0
LINE
  5
EF
330
1F
100
AcDbEntity
  8
1
  6
Continuous
 62
     7
370
    13
100
AcDbLine
 10
240.77628
 20
432.381242
 30
0.0
 11
239.26668
 21
432.381242
 31
0.0
  0
LINE
  5
F0
330
1F
100
AcDbEntity
  8
1
  6
Continuous
 62
     7
370
    13
100
AcDbLine
 10
239.26668
 20
433.278842
 30
0.0
 11
240.98028
 21
433.278842
 31
0.0
  0
LINE
  5
F1
330
1F
100
AcDbEntity
  8
1
  6
Continuous
 62
     7
370
    13
100
AcDbLine
 10
240.98028
 20
433.278842
 30
0.0
 11
240.98028
 21
433.972442
 31
0.0
  0
LINE
  5
F2
330
1F
100
AcDbEntity
  8
1
  6
Continuous
 62
     7
370
    13
100
AcDbLine
 10
240.98028
 20
433.972442
 30
0.0
 11
238.12428
 21
433.972442
 31
0.0
  0
LINE
  5
F3
330
1F
100
AcDbEntity
  8
1
  6
Continuous
 62
     7
370
    13
100
AcDbLine
 10
231.55548
 20
432.381242
 30
0.0
 11
230.04588
 21
432.381242
 31
0.0
  0
LINE
  5
F4
330
1F
100
AcDbEntity
  8
1
  6
Continuous
 62
     7
370
    13
100
AcDbLine
 10
230.04588
 20
432.381242
 30
0.0
 11
230.04588
 21
433.278842
 31
0.0
  0
LINE
  5
F5
330
1F
100
AcDbEntity
  8
1
  6
Continuous
 62
     7
370
    13
100
AcDbLine
 10
230.04588
 20
433.278842
 30
0.0
 11
231.75948
 21
433.278842
 31
0.0
  0
LINE
  5
F6
330
1F
100
AcDbEntity
  8
1
  6
Continuous
 62
     7
370
    13
100
AcDbLine
 10
231.75948
 20
433.278842
 30
0.0
 11
231.75948
 21
433.972442
 31
0.0
  0
LINE
  5
F7
330
1F
100
AcDbEntity
  8
1
  6
Continuous
 62
     7
370
    13
100
AcDbLine
 10
231.75948
 20
433.972442
 30
0.0
 11
228.94428
 21
433.972442
 31
0.0
  0
LINE
  5
F8
330
1F
100
AcDbEntity
  8
1
  6
Continuous
 62
     7
370
    13
100
AcDbLine
 10
228.94428
 20
433.972442
 30
0.0
 11
228.94428
 21
430.137242
 31
0.0
  0
LINE
  5
F9
330
1F
100
AcDbEntity
  8
1
  6
Continuous
 62
     7
370
    13
100
AcDbLine
 10
228.94428
 20
430.137242
 30
0.0
 11
231.80028
 21
430.137242
 31
0.0
  0
LINE
  5
FA
330
1F
100
AcDbEntity
  8
1
  6
Continuous
 62
     7
370
    13
100
AcDbLine
 10
231.80028
 20
430.137242
 30
0.0
 11
231.80028
 21
430.830842
 31
0.0
  0
LINE
  5
FB
330
1F
100
AcDbEntity
  8
1
  6
Continuous
 62
     7
370
    13
100
AcDbLine
 10
231.80028
 20
430.830842
 30
0.0
 11
230.04588
 21
430.830842
 31
0.0
  0
LINE
  5
FC
330
1F
100
AcDbEntity
  8
1
  6
Continuous
 62
     7
370
    13
100
AcDbLine
 10
230.04588
 20
430.830842
 30
0.0
 11
230.04588
 21
431.769242
 31
0.0
  0
LINE
  5
FD
330
1F
100
AcDbEntity
  8
1
  6
Continuous
 62
     7
370
    13
100
AcDbLine
 10
230.04588
 20
431.769242
 30
0.0
 11
231.55548
 21
431.769242
 31
0.0
  0
LINE
  5
FE
330
1F
100
AcDbEntity
  8
1
  6
Continuous
 62
     7
370
    13
100
AcDbLine
 10
231.55548
 20
431.769242
 30
0.0
 11
231.55548
 21
432.381242
 31
0.0
  0
LINE
  5
FF
330
1F
100
AcDbEntity
  8
1
  6
Continuous
 62
     7
370
    13
100
AcDbLine
 10
233.88108
 20
433.972442
 30
0.0
 11
232.49388
 21
433.972442
 31
0.0
  0
LINE
  5
100
330
1F
100
AcDbEntity
  8
1
  6
Continuous
 62
     7
370
    13
100
AcDbLine
 10
232.49388
 20
433.972442
 30
0.0
 11
232.49388
 21
430.137242
 31
0.0
  0
LINE
  5
101
330
1F
100
AcDbEntity
  8
1
  6
Continuous
 62
     7
370
    13
100
AcDbLine
 10
232.49388
 20
430.137242
 30
0.0
 11
233.26908
 21
430.137242
 31
0.0
  0
LINE
  5
102
330
1F
100
AcDbEntity
  8
1
  6
Continuous
 62
     7
370
    13
100
AcDbLine
 10
233.26908
 20
430.137242
 30
0.0
 11
233.26908
 21
432.585242
 31
0.0
  0
LINE
  5
103
330
1F
100
AcDbEntity
  8
1
  6
Continuous
 62
     7
370
    13
100
AcDbLine
 10
233.26908
 20
432.585242
 30
0.0
 11
234.32988
 21
430.096442
 31
0.0
  0
LINE
  5
104
330
1F
100
AcDbEntity
  8
1
  6
Continuous
 62
     7
370
    13
100
AcDbLine
 10
234.32988
 20
430.096442
 30
0.0
 11
235.02348
 21
430.096442
 31
0.0
  0
LINE
  5
105
330
1F
100
AcDbEntity
  8
1
  6
Continuous
 62
     7
370
    13
100
AcDbLine
 10
235.02348
 20
430.096442
 30
0.0
 11
236.12508
 21
432.626042
 31
0.0
  0
LINE
  5
106
330
1F
100
AcDbEntity
  8
1
  6
Continuous
 62
     7
370
    13
100
AcDbLine
 10
236.12508
 20
432.626042
 30
0.0
 11
236.12508
 21
430.137242
 31
0.0
  0
LINE
  5
107
330
1F
100
AcDbEntity
  8
1
  6
Continuous
 62
     7
370
    13
100
AcDbLine
 10
236.12508
 20
430.137242
 30
0.0
 11
237.22668
 21
430.137242
 31
0.0
  0
LINE
  5
108
330
1F
100
AcDbEntity
  8
1
  6
Continuous
 62
     7
370
    13
100
AcDbLine
 10
237.22668
 20
430.137242
 30
0.0
 11
237.22668
 21
433.972442
 31
0.0
  0
LINE
  5
109
330
1F
100
AcDbEntity
  8
1
  6
Continuous
 62
     7
370
    13
100
AcDbLine
 10
237.22668
 20
433.972442
 30
0.0
 11
235.83948
 21
433.972442
 31
0.0
  0
LINE
  5
10A
330
1F
100
AcDbEntity
  8
1
  6
Continuous
 62
     7
370
    13
100
AcDbLine
 10
235.83948
 20
433.972442
 30
0.0
 11
234.90108
 21
431.646842
 31
0.0
  0
LINE
  5
10B
330
1F
100
AcDbEntity
  8
1
  6
Continuous
 62
     7
370
    13
100
AcDbLine
 10
234.90108
 20
431.646842
 30
0.0
 11
233.88108
 21
433.972442
 31
0.0
  0
LINE
  5
10C
330
1F
100
AcDbEntity
  8
1
  6
Continuous
 62
     7
370
    13
100
AcDbLine
 10
248.44668
 20
433.197242
 30
0.0
 11
248.44668
 21
433.931642
 31
0.0
  0
LINE
  5
10D
330
1F
100
AcDbEntity
  8
1
  6
Continuous
 62
     7
370
    13
100
AcDbLine
 10
245.75388
 20
430.953242
 30
0.0
 11
245.75388
 21
430.218842
 31
0.0
  0
LINE
  5
10E
330
1F
100
AcDbEntity
  8
1
  6
Continuous
 62
     7
370
    13
100
AcDbLine
 10
223.27308
 20
430.953242
 30
0.0
 11
223.27308
 21
430.218842
 31
0.0
  0
LINE
  5
10F
330
1F
100
AcDbEntity
  8
1
  6
Continuous
 62
     7
370
    13
100
AcDbLine
 10
226.00668
 20
433.197242
 30
0.0
 11
226.00668
 21
433.931642
 31
0.0
  0
LINE
  5
110
330
1F
100
AcDbEntity
  8
1
  6
Continuous
 62
     7
370
    13
100
AcDbLine
 10
228.04668
 20
433.972442
 30
0.0
 11
226.86348
 21
433.972442
 31
0.0
  0
LINE
  5
111
330
1F
100
AcDbEntity
  8
1
  6
Continuous
 62
     7
370
    13
100
AcDbLine
 10
226.86348
 20
433.972442
 30
0.0
 11
226.86348
 21
430.137242
 31
0.0
  0
LINE
  5
112
330
1F
100
AcDbEntity
  8
1
  6
Continuous
 62
     7
370
    13
100
AcDbLine
 10
226.86348
 20
430.137242
 30
0.0
 11
228.04668
 21
430.137242
 31
0.0
  0
LINE
  5
113
330
1F
100
AcDbEntity
  8
1
  6
Continuous
 62
     7
370
    13
100
AcDbLine
 10
228.04668
 20
430.137242
 30
0.0
 11
228.04668
 21
433.972442
 31
0.0
  0
LINE
  5
114
330
1F
100
AcDbEntity
  8
1
  6
Continuous
 62
     7
370
    25
100
AcDbLine
 10
660.307115
 20
350.874917
 30
0.0
 11
177.707115
 21
350.874917
 31
0.0
  0
LINE
  5
115
330
1F
100
AcDbEntity
  8
1
  6
Continuous
 62
     7
370
    13
100
AcDbLine
 10
660.307115
 20
350.765941
 30
0.0
 11
177.707115
 21
350.765941
 31
0.0
  0
LINE
  5
116
330
1F
100
AcDbEntity
  8
1
  6
Continuous
 62
     7
370
    13
100
AcDbLine
 10
660.307115
 20
350.76423
 30
0.0
 11
660.307115
 21
350.730299
 31
0.0
  0
LINE
  5
117
330
1F
100
AcDbEntity
  8
1
  6
Continuous
 62
     7
370
    13
100
AcDbLine
 10
177.707115
 20
350.76423
 30
0.0
 11
177.707115
 21
350.730299
 31
0.0
  0
LINE
  5
118
330
1F
100
AcDbEntity
  8
1
  6
Continuous
 62
     7
370
    25
100
AcDbLine
 10
660.307115
 20
350.76423
 30
0.0
 11
177.707115
 21
350.76423
 31
0.0
  0
LINE
  5
119
330
1F
100
AcDbEntity
  8
1
  6
Continuous
 62
     7
370
    25
100
AcDbLine
 10
660.307115
 20
350.730299
 30
0.0
 11
177.707115
 21
350.730299
 31
0.0
  0
LINE
  5
11A
330
1F
100
AcDbEntity
  8
1
  6
Continuous
 62
     7
370
    13
100
AcDbLine
 10
660.307115
 20
350.622363
 30
0.0
 11
177.707115
 21
350.622363
 31
0.0
  0
LINE
  5
11B
330
1F
100
AcDbEntity
  8
1
  6
Continuous
 62
     7
370
    13
100
AcDbLine
 10
660.307115
 20
350.620651
 30
0.0
 11
660.307115
 21
350.58672
 31
0.0
  0
LINE
  5
11C
330
1F
100
AcDbEntity
  8
1
  6
Continuous
 62
     7
370
    13
100
AcDbLine
 10
177.707115
 20
350.620651
 30
0.0
 11
177.707115
 21
350.58672
 31
0.0
  0
LINE
  5
11D
330
1F
100
AcDbEntity
  8
1
  6
Continuous
 62
     7
370
    25
100
AcDbLine
 10
660.307115
 20
350.620651
 30
0.0
 11
177.707115
 21
350.620651
 31
0.0
  0
LINE
  5
11E
330
1F
100
AcDbEntity
  8
1
  6
Continuous
 62
     7
370
    25
100
AcDbLine
 10
660.307115
 20
350.58672
 30
0.0
 11
177.707115
 21
350.58672
 31
0.0
  0
LINE
  5
11F
330
1F
100
AcDbEntity
  8
1
  6
Continuous
 62
     7
370
    13
100
AcDbLine
 10
660.307115
 20
350.478784
 30
0.0
 11
177.707115
 21
350.478784
 31
0.0
  0
LINE
  5
120
330
1F
100
AcDbEntity
  8
1
  6
Continuous
 62
     7
370
    13
100
AcDbLine
 10
660.307115
 20
350.477073
 30
0.0
 11
660.307115
 21
350.443141
 31
0.0
  0
LINE
  5
121
330
1F
100
AcDbEntity
  8
1
  6
Continuous
 62
     7
370
    13
100
AcDbLine
 10
177.707115
 20
350.477073
 30
0.0
 11
177.707115
 21
350.443141
 31
0.0
  0
LINE
  5
122
330
1F
100
AcDbEntity
  8
1
  6
Continuous
 62
     7
370
    25
100
AcDbLine
 10
660.307115
 20
350.477073
 30
0.0
 11
177.707115
 21
350.477073
 31
0.0
  0
LINE
  5
123
330
1F
100
AcDbEntity
  8
1
  6
Continuous
 62
     7
370
    25
100
AcDbLine
 10
660.307115
 20
350.443141
 30
0.0
 11
177.707115
 21
350.443141
 31
0.0
  0
LINE
  5
124
330
1F
100
AcDbEntity
  8
1
  6
Continuous
 62
     7
370
    13
100
AcDbLine
 10
660.307115
 20
350.335205
 30
0.0
 11
177.707115
 21
350.335205
 31
0.0
  0
LINE
  5
125
330
1F
100
AcDbEntity
  8
1
  6
Continuous
 62
     7
370
    13
100
AcDbLine
 10
660.307115
 20
350.333494
 30
0.0
 11
660.307115
 21
350.299562
 31
0.0
  0
LINE
  5
126
330
1F
100
AcDbEntity
  8
1
  6
Continuous
 62
     7
370
    13
100
AcDbLine
 10
177.707115
 20
350.333494
 30
0.0
 11
177.707115
 21
350.299562
 31
0.0
  0
LINE
  5
127
330
1F
100
AcDbEntity
  8
1
  6
Continuous
 62
     7
370
    25
100
AcDbLine
 10
660.307115
 20
350.333494
 30
0.0
 11
177.707115
 21
350.333494
 31
0.0
  0
LINE
  5
128
330
1F
100
AcDbEntity
  8
1
  6
Continuous
 62
     7
370
    25
100
AcDbLine
 10
660.307115
 20
350.299562
 30
0.0
 11
177.707115
 21
350.299562
 31
0.0
  0
LINE
  5
129
330
1F
100
AcDbEntity
  8
1
  6
Continuous
 62
     7
370
    13
100
AcDbLine
 10
660.307115
 20
350.191626
 30
0.0
 11
177.707115
 21
350.191626
 31
0.0
  0
LINE
  5
12A
330
1F
100
AcDbEntity
  8
1
  6
Continuous
 62
     7
370
    13
100
AcDbLine
 10
660.307115
 20
350.189915
 30
0.0
 11
660.307115
 21
350.155984
 31
0.0
  0
LINE
  5
12B
330
1F
100
AcDbEntity
  8
1
  6
Continuous
 62
     7
370
    13
100
AcDbLine
 10
177.707115
 20
350.189915
 30
0.0
 11
177.707115
 21
350.155984
 31
0.0
  0
LINE
  5
12C
330
1F
100
AcDbEntity
  8
1
  6
Continuous
 62
     7
370
    25
100
AcDbLine
 10
660.307115
 20
350.189915
 30
0.0
 11
177.707115
 21
350.189915
 31
0.0
  0
LINE
  5
12D
330
1F
100
AcDbEntity
  8
1
  6
Continuous
 62
     7
370
    25
100
AcDbLine
 10
660.307115
 20
350.155984
 30
0.0
 11
177.707115
 21
350.155984
 31
0.0
  0
LINE
  5
12E
330
1F
100
AcDbEntity
  8
1
  6
Continuous
 62
     7
370
    13
100
AcDbLine
 10
660.307115
 20
350.048047
 30
0.0
 11
177.707115
 21
350.048047
 31
0.0
  0
LINE
  5
12F
330
1F
100
AcDbEntity
  8
1
  6
Continuous
 62
     7
370
    13
100
AcDbLine
 10
660.307115
 20
350.046336
 30
0.0
 11
660.307115
 21
350.012405
 31
0.0
  0
LINE
  5
130
330
1F
100
AcDbEntity
  8
1
  6
Continuous
 62
     7
370
    13
100
AcDbLine
 10
177.707115
 20
350.046336
 30
0.0
 11
177.707115
 21
350.012405
 31
0.0
  0
LINE
  5
131
330
1F
100
AcDbEntity
  8
1
  6
Continuous
 62
     7
370
    25
100
AcDbLine
 10
660.307115
 20
350.046336
 30
0.0
 11
177.707115
 21
350.046336
 31
0.0
  0
LINE
  5
132
330
1F
100
AcDbEntity
  8
1
  6
Continuous
 62
     7
370
    25
100
AcDbLine
 10
660.307115
 20
350.012405
 30
0.0
 11
177.707115
 21
350.012405
 31
0.0
  0
LINE
  5
133
330
1F
100
AcDbEntity
  8
1
  6
Continuous
 62
     7
370
    13
100
AcDbLine
 10
660.307115
 20
479.457888
 30
0.0
 11
177.707115
 21
479.457888
 31
0.0
  0
LINE
  5
134
330
1F
100
AcDbEntity
  8
1
  6
Continuous
 62
     7
370
    13
100
AcDbLine
 10
660.307115
 20
349.904468
 30
0.0
 11
177.707115
 21
349.904468
 31
0.0
  0
LINE
  5
135
330
1F
100
AcDbEntity
  8
1
  6
Continuous
 62
     7
370
    13
100
AcDbLine
 10
660.307115
 20
349.902757
 30
0.0
 11
660.307115
 21
349.868826
 31
0.0
  0
LINE
  5
136
330
1F
100
AcDbEntity
  8
1
  6
Continuous
 62
     7
370
    13
100
AcDbLine
 10
177.707115
 20
349.902757
 30
0.0
 11
177.707115
 21
349.868826
 31
0.0
  0
LINE
  5
137
330
1F
100
AcDbEntity
  8
1
  6
Continuous
 62
     7
370
    25
100
AcDbLine
 10
660.307115
 20
349.902757
 30
0.0
 11
177.707115
 21
349.902757
 31
0.0
  0
LINE
  5
138
330
1F
100
AcDbEntity
  8
1
  6
Continuous
 62
     7
370
    25
100
AcDbLine
 10
660.307115
 20
349.868826
 30
0.0
 11
177.707115
 21
349.868826
 31
0.0
  0
LINE
  5
139
330
1F
100
AcDbEntity
  8
1
  6
Continuous
 62
     7
370
    13
100
AcDbLine
 10
660.307115
 20
349.76089
 30
0.0
 11
177.707115
 21
349.76089
 31
0.0
  0
LINE
  5
13A
330
1F
100
AcDbEntity
  8
1
  6
Continuous
 62
     7
370
    13
100
AcDbLine
 10
660.307115
 20
349.759179
 30
0.0
 11
660.307115
 21
349.725247
 31
0.0
  0
LINE
  5
13B
330
1F
100
AcDbEntity
  8
1
  6
Continuous
 62
     7
370
    13
100
AcDbLine
 10
177.707115
 20
349.759179
 30
0.0
 11
177.707115
 21
349.725247
 31
0.0
  0
LINE
  5
13C
330
1F
100
AcDbEntity
  8
1
  6
Continuous
 62
     7
370
    25
100
AcDbLine
 10
660.307115
 20
349.759179
 30
0.0
 11
177.707115
 21
349.759179
 31
0.0
  0
LINE
  5
13D
330
1F
100
AcDbEntity
  8
1
  6
Continuous
 62
     7
370
    13
100
AcDbLine
 10
660.307115
 20
349.500853
 30
0.0
 11
660.307115
 21
349.228206
 31
0.0
  0
LINE
  5
13E
330
1F
100
AcDbEntity
  8
1
  6
Continuous
 62
     7
370
    13
100
AcDbLine
 10
177.707115
 20
349.500853
 30
0.0
 11
177.707115
 21
349.228206
 31
0.0
  0
LINE
  5
13F
330
1F
100
AcDbEntity
  8
1
  6
Continuous
 62
     7
370
    25
100
AcDbLine
 10
660.307115
 20
349.500853
 30
0.0
 11
177.707115
 21
349.500853
 31
0.0
  0
LINE
  5
140
330
1F
100
AcDbEntity
  8
1
  6
Continuous
 62
     7
370
    25
100
AcDbLine
 10
660.307115
 20
349.725247
 30
0.0
 11
177.707115
 21
349.725247
 31
0.0
  0
LINE
  5
141
330
1F
100
AcDbEntity
  8
1
  6
Continuous
 62
     7
370
    25
100
AcDbLine
 10
660.307115
 20
349.228206
 30
0.0
 11
177.707115
 21
349.228206
 31
0.0
  0
LINE
  5
142
330
1F
100
AcDbEntity
  8
1
  6
Continuous
 62
     7
370
    13
100
AcDbLine
 10
177.707115
 20
466.845793
 30
0.0
 11
660.307115
 21
466.845793
 31
0.0
  0
LINE
  5
143
330
1F
100
AcDbEntity
  8
1
  6
Continuous
 62
     7
370
    13
100
AcDbLine
 10
177.707115
 20
352.626081
 30
0.0
 11
660.307115
 21
352.626081
 31
0.0
  0
LINE
  5
144
330
1F
100
AcDbEntity
  8
1
  6
Continuous
 62
     7
370
    25
100
AcDbLine
 10
660.307115
 20
466.866547
 30
0.0
 11
177.707115
 21
466.866547
 31
0.0
  0
LINE
  5
145
330
1F
100
AcDbEntity
  8
1
  6
Continuous
 62
     7
370
    13
100
AcDbLine
 10
660.307115
 20
353.072623
 30
0.0
 11
660.307115
 21
352.799976
 31
0.0
  0
LINE
  5
146
330
1F
100
AcDbEntity
  8
1
  6
Continuous
 62
     7
370
    13
100
AcDbLine
 10
177.707115
 20
353.072623
 30
0.0
 11
177.707115
 21
352.799976
 31
0.0
  0
LINE
  5
147
330
1F
100
AcDbEntity
  8
1
  6
Continuous
 62
     7
370
    25
100
AcDbLine
 10
660.307115
 20
352.799976
 30
0.0
 11
177.707115
 21
352.799976
 31
0.0
  0
LINE
  5
148
330
1F
100
AcDbEntity
  8
1
  6
Continuous
 62
     7
370
    13
100
AcDbLine
 10
660.307115
 20
349.116009
 30
0.0
 11
660.307115
 21
348.979452
 31
0.0
  0
LINE
  5
149
330
1F
100
AcDbEntity
  8
1
  6
Continuous
 62
     7
370
    13
100
AcDbLine
 10
177.707115
 20
349.116009
 30
0.0
 11
177.707115
 21
348.979452
 31
0.0
  0
LINE
  5
14A
330
1F
100
AcDbEntity
  8
1
  6
Continuous
 62
     7
370
    25
100
AcDbLine
 10
660.307115
 20
349.116009
 30
0.0
 11
177.707115
 21
349.116009
 31
0.0
  0
LINE
  5
14B
330
1F
100
AcDbEntity
  8
1
  6
Continuous
 62
     7
370
    25
100
AcDbLine
 10
660.307115
 20
353.072623
 30
0.0
 11
177.707115
 21
353.072623
 31
0.0
  0
LINE
  5
14C
330
1F
100
AcDbEntity
  8
1
  6
Continuous
 62
     7
370
    13
100
AcDbLine
 10
660.307115
 20
336.457888
 30
0.0
 11
177.707115
 21
336.457888
 31
0.0
  0
LINE
  5
14D
330
1F
100
AcDbEntity
  8
1
  6
Continuous
 62
     7
370
    25
100
AcDbLine
 10
660.307115
 20
348.979452
 30
0.0
 11
177.707115
 21
348.979452
 31
0.0
  0
LINE
  5
14E
330
1F
100
AcDbEntity
  8
1
  6
Continuous
 62
     7
370
    25
100
AcDbLine
 10
660.307115
 20
467.180383
 30
0.0
 11
177.707115
 21
467.180383
 31
0.0
  0
LINE
  5
14F
330
1F
100
AcDbEntity
  8
1
  6
Continuous
 62
     7
370
    13
100
AcDbLine
 10
660.307115
 20
371.457888
 30
0.0
 11
177.707115
 21
371.457888
 31
0.0
  0
LINE
  5
150
330
1F
100
AcDbEntity
  8
1
  6
Continuous
 62
     7
370
    13
100
AcDbLine
 10
177.707115
 20
353.120934
 30
0.0
 11
660.307115
 21
353.120934
 31
0.0
  0
LINE
  5
151
330
1F
100
AcDbEntity
  8
1
  6
Continuous
 62
     7
370
    25
100
AcDbLine
 10
660.307115
 20
479.396695
 30
0.0
 11
177.707115
 21
479.396695
 31
0.0
  0
LINE
  5
152
330
1F
100
AcDbEntity
  8
1
  6
Continuous
 62
     7
370
    13
100
AcDbLine
 10
231.60235
 20
421.962791
 30
0.0
 11
232.32322
 21
423.956961
 31
0.0
  0
LINE
  5
153
330
1F
100
AcDbEntity
  8
1
  6
Continuous
 62
     7
370
    13
100
AcDbLine
 10
232.230024
 20
424.357888
 30
0.0
 11
231.453984
 21
422.211099
 31
0.0
  0
LINE
  5
154
330
1F
100
AcDbEntity
  8
1
  6
Continuous
 62
     7
370
    13
100
AcDbLine
 10
231.453984
 20
422.211099
 30
0.0
 11
230.659558
 21
424.357888
 31
0.0
  0
LINE
  5
155
102
{ACAD_REACTORS
330
54D
102
}
330
1F
100
AcDbEntity
  8
1
  6
Continuous
 62
     7
370
    13
100
AcDbLine
 10
189.808431
 20
424.707888
 30
0.0
 11
182.2058
 21
424.707888
 31
0.0
  0
LINE
  5
156
102
{ACAD_REACTORS
330
54D
102
}
330
1F
100
AcDbEntity
  8
1
  6
Continuous
 62
     7
370
    13
100
AcDbLine
 10
182.2058
 20
417.907888
 30
0.0
 11
189.808431
 21
417.907888
 31
0.0
  0
LINE
  5
157
330
1F
100
AcDbEntity
  8
1
  6
Continuous
 62
     7
370
    25
100
AcDbLine
 10
660.307115
 20
474.233258
 30
0.0
 11
177.707115
 21
474.233258
 31
0.0
  0
LINE
  5
158
330
1F
100
AcDbEntity
  8
1
  6
Continuous
 62
     7
370
    13
100
AcDbLine
 10
646.907115
 20
421.307888
 30
0.0
 11
272.709559
 21
421.307888
 31
0.0
  0
LINE
  5
159
330
1F
100
AcDbEntity
  8
1
  6
Continuous
 62
     7
370
    13
100
AcDbLine
 10
202.708649
 20
421.307888
 30
0.0
 11
191.107115
 21
421.307888
 31
0.0
  0
LINE
  5
15A
102
{ACAD_REACTORS
330
579
102
}
330
1F
100
AcDbEntity
  8
110
  6
Continuous
 62
     7
370
    13
100
AcDbLine
 10
670.306995
 20
336.457888
 30
0.0
 11
670.306995
 21
491.457888
 31
0.0
  0
LINE
  5
15C
102
{ACAD_REACTORS
330
579
102
}
330
1F
100
AcDbEntity
  8
110
  6
Continuous
 62
     7
370
    13
100
AcDbLine
 10
660.307115
 20
491.457888
 30
0.0
 11
671.806995
 21
491.457888
 31
0.0
  0
LINE
  5
15D
102
{ACAD_REACTORS
330
579
102
}
330
1F
100
AcDbEntity
  8
110
  6
Continuous
 62
     7
370
    13
100
AcDbLine
 10
660.307115
 20
336.457888
 30
0.0
 11
671.806995
 21
336.457888
 31
0.0
  0
LINE
  5
15E
330
1F
100
AcDbEntity
  8
110
  6
Continuous
 62
     7
 60
     1
370
    25
100
AcDbLine
 10
670.306995
 20
491.457888
 30
0.0
 11
670.767779
 21
487.95789
 31
0.0
  0
LINE
  5
15F
330
1F
100
AcDbEntity
  8
110
  6
Continuous
 62
     7
 60
     1
370
    25
100
AcDbLine
 10
670.767779
 20
487.95789
 30
0.0
 11
669.846211
 21
487.957887
 31
0.0
  0
LINE
  5
160
330
1F
100
AcDbEntity
  8
110
  6
Continuous
 62
     7
 60
     1
370
    25
100
AcDbLine
 10
669.846211
 20
487.957887
 30
0.0
 11
670.306995
 21
491.457888
 31
0.0
  0
LINE
  5
161
330
1F
100
AcDbEntity
  8
110
  6
Continuous
 62
     7
 60
     1
370
    25
100
AcDbLine
 10
670.306995
 20
336.457888
 30
0.0
 11
669.846211
 21
339.957887
 31
0.0
  0
LINE
  5
162
330
1F
100
AcDbEntity
  8
110
  6
Continuous
 62
     7
 60
     1
370
    25
100
AcDbLine
 10
669.846211
 20
339.957887
 30
0.0
 11
670.767779
 21
339.95789
 31
0.0
  0
LINE
  5
163
330
1F
100
AcDbEntity
  8
110
  6
Continuous
 62
     7
 60
     1
370
    25
100
AcDbLine
 10
670.767779
 20
339.95789
 30
0.0
 11
670.306995
 21
336.457888
 31
0.0
  0
LINE
  5
164
102
{ACAD_REACTORS
330
57A
102
}
330
1F
100
AcDbEntity
  8
110
  6
Continuous
 62
     7
370
    13
100
AcDbLine
 10
660.307115
 20
316.458008
 30
0.0
 11
177.707115
 21
316.458008
 31
0.0
  0
LINE
  5
165
102
{ACAD_REACTORS
330
57A
102
}
330
1F
100
AcDbEntity
  8
110
  6
Continuous
 62
     7
370
    13
100
AcDbLine
 10
177.707115
 20
336.457888
 30
0.0
 11
177.707115
 21
314.958008
 31
0.0
  0
LINE
  5
166
102
{ACAD_REACTORS
330
57A
102
}
330
1F
100
AcDbEntity
  8
110
  6
Continuous
 62
     7
370
    13
100
AcDbLine
 10
660.307115
 20
336.457888
 30
0.0
 11
660.307115
 21
314.958008
 31
0.0
  0
LINE
  5
167
330
1F
100
AcDbEntity
  8
110
  6
Continuous
 62
     7
 60
     1
370
    25
100
AcDbLine
 10
177.707115
 20
316.458008
 30
0.0
 11
181.207113
 21
316.918792
 31
0.0
  0
LINE
  5
168
330
1F
100
AcDbEntity
  8
110
  6
Continuous
 62
     7
 60
     1
370
    25
100
AcDbLine
 10
181.207113
 20
316.918792
 30
0.0
 11
181.207117
 21
315.997225
 31
0.0
  0
LINE
  5
169
330
1F
100
AcDbEntity
  8
110
  6
Continuous
 62
     7
 60
     1
370
    25
100
AcDbLine
 10
181.207117
 20
315.997225
 30
0.0
 11
177.707115
 21
316.458008
 31
0.0
  0
LINE
  5
16A
330
1F
100
AcDbEntity
  8
110
  6
Continuous
 62
     7
 60
     1
370
    25
100
AcDbLine
 10
660.307115
 20
316.458008
 30
0.0
 11
656.807117
 21
315.997225
 31
0.0
  0
LINE
  5
16B
330
1F
100
AcDbEntity
  8
110
  6
Continuous
 62
     7
 60
     1
370
    25
100
AcDbLine
 10
656.807117
 20
315.997225
 30
0.0
 11
656.807113
 21
316.918792
 31
0.0
  0
LINE
  5
16C
330
1F
100
AcDbEntity
  8
110
  6
Continuous
 62
     7
 60
     1
370
    25
100
AcDbLine
 10
656.807113
 20
316.918792
 30
0.0
 11
660.307115
 21
316.458008
 31
0.0
  0
LINE
  5
16D
330
1F
100
AcDbEntity
  8
1
  6
Continuous
 62
     7
370
    13
100
AcDbLine
 10
747.462353
 20
396.307888
 30
0.0
 11
747.462353
 21
398.307888
 31
0.0
  0
LINE
  5
16E
330
1F
100
AcDbEntity
  8
1
  6
Continuous
 62
     7
370
    13
100
AcDbLine
 10
747.462353
 20
439.307888
 30
0.0
 11
747.462353
 21
437.307888
 31
0.0
  0
LINE
  5
16F
330
1F
100
AcDbEntity
  8
1
  6
Continuous
 62
     7
370
    13
100
AcDbLine
 10
747.362353
 20
375.996695
 30
0.0
 11
747.362353
 21
382.296695
 31
0.0
  0
LINE
  5
170
330
1F
100
AcDbEntity
  8
1
  6
Continuous
 62
     7
370
    13
100
AcDbLine
 10
747.574853
 20
418.487018
 30
0.0
 11
747.562351
 21
418.487018
 31
0.0
  0
LINE
  5
171
330
1F
100
AcDbEntity
  8
1
  6
Continuous
 62
     7
370
    13
100
AcDbLine
 10
747.562351
 20
417.210373
 30
0.0
 11
747.574853
 21
417.210373
 31
0.0
  0
LINE
  5
172
330
1F
100
AcDbEntity
  8
1
  6
Continuous
 62
     7
370
    13
100
AcDbLine
 10
753.213154
 20
350.333494
 30
0.0
 11
753.470889
 21
350.299562
 31
0.0
  0
LINE
  5
173
330
1F
100
AcDbEntity
  8
1
  6
Continuous
 62
     7
370
    13
100
AcDbLine
 10
752.824098
 20
349.871118
 30
0.0
 11
753.009647
 21
350.227555
 31
0.0
  0
LINE
  5
174
330
1F
100
AcDbEntity
  8
1
  6
Continuous
 62
     7
370
    13
100
AcDbLine
 10
752.602681
 20
349.833903
 30
0.0
 11
752.722344
 21
349.818149
 31
0.0
  0
LINE
  5
175
330
1F
100
AcDbEntity
  8
1
  6
Continuous
 62
     7
370
    13
100
AcDbLine
 10
752.552483
 20
350.218747
 30
0.0
 11
752.516589
 21
349.9461
 31
0.0
  0
LINE
  5
176
330
1F
100
AcDbEntity
  8
1
  6
Continuous
 62
     7
370
    13
100
AcDbLine
 10
752.122565
 20
350.477073
 30
0.0
 11
752.3803
 21
350.443141
 31
0.0
  0
LINE
  5
177
330
1F
100
AcDbEntity
  8
1
  6
Continuous
 62
     7
370
    13
100
AcDbLine
 10
751.733509
 20
350.014697
 30
0.0
 11
751.919058
 21
350.371133
 31
0.0
  0
LINE
  5
178
330
1F
100
AcDbEntity
  8
1
  6
Continuous
 62
     7
370
    13
100
AcDbLine
 10
751.512091
 20
349.977481
 30
0.0
 11
751.631755
 21
349.961727
 31
0.0
  0
LINE
  5
179
330
1F
100
AcDbEntity
  8
1
  6
Continuous
 62
     7
370
    13
100
AcDbLine
 10
751.461894
 20
350.362326
 30
0.0
 11
751.425999
 21
350.089679
 31
0.0
  0
LINE
  5
17A
330
1F
100
AcDbEntity
  8
1
  6
Continuous
 62
     7
370
    13
100
AcDbLine
 10
751.031976
 20
350.620651
 30
0.0
 11
751.28971
 21
350.58672
 31
0.0
  0
LINE
  5
17B
330
1F
100
AcDbEntity
  8
1
  6
Continuous
 62
     7
370
    13
100
AcDbLine
 10
750.642919
 20
350.158276
 30
0.0
 11
750.828468
 21
350.514712
 31
0.0
  0
LINE
  5
17C
330
1F
100
AcDbEntity
  8
1
  6
Continuous
 62
     7
370
    13
100
AcDbLine
 10
750.421502
 20
350.12106
 30
0.0
 11
750.541166
 21
350.105306
 31
0.0
  0
LINE
  5
17D
330
1F
100
AcDbEntity
  8
1
  6
Continuous
 62
     7
370
    13
100
AcDbLine
 10
750.371305
 20
350.505905
 30
0.0
 11
750.33541
 21
350.233257
 31
0.0
  0
LINE
  5
17E
330
1F
100
AcDbEntity
  8
1
  6
Continuous
 62
     7
370
    13
100
AcDbLine
 10
749.941386
 20
350.76423
 30
0.0
 11
750.199121
 21
350.730299
 31
0.0
  0
LINE
  5
17F
330
1F
100
AcDbEntity
  8
1
  6
Continuous
 62
     7
370
    13
100
AcDbLine
 10
749.55233
 20
350.301855
 30
0.0
 11
749.737879
 21
350.658291
 31
0.0
  0
LINE
  5
180
330
1F
100
AcDbEntity
  8
1
  6
Continuous
 62
     7
370
    13
100
AcDbLine
 10
749.330912
 20
350.264639
 30
0.0
 11
749.450576
 21
350.248885
 31
0.0
  0
LINE
  5
181
330
1F
100
AcDbEntity
  8
1
  6
Continuous
 62
     7
370
    13
100
AcDbLine
 10
749.2811
 20
350.652402
 30
0.0
 11
749.244821
 21
350.376836
 31
0.0
  0
LINE
  5
182
330
1F
100
AcDbEntity
  8
1
  6
Continuous
 62
     7
370
    13
100
AcDbLine
 10
750.045405
 20
353.776423
 30
0.0
 11
749.599255
 21
353.83516
 31
0.0
  0
LINE
  5
183
330
1F
100
AcDbEntity
  8
1
  6
Continuous
 62
     7
370
    13
100
AcDbLine
 10
750.305694
 20
354.221254
 30
0.0
 11
750.269799
 21
353.948607
 31
0.0
  0
LINE
  5
184
330
1F
100
AcDbEntity
  8
1
  6
Continuous
 62
     7
370
    13
100
AcDbLine
 10
750.537555
 20
354.291592
 30
0.0
 11
750.417891
 21
354.307346
 31
0.0
  0
LINE
  5
185
330
1F
100
AcDbEntity
  8
1
  6
Continuous
 62
     7
370
    13
100
AcDbLine
 10
750.709106
 20
353.821777
 30
0.0
 11
750.622132
 21
354.214091
 31
0.0
  0
LINE
  5
186
330
1F
100
AcDbEntity
  8
1
  6
Continuous
 62
     7
370
    13
100
AcDbLine
 10
751.135994
 20
353.632844
 30
0.0
 11
750.87826
 21
353.666775
 31
0.0
  0
LINE
  5
187
330
1F
100
AcDbEntity
  8
1
  6
Continuous
 62
     7
370
    13
100
AcDbLine
 10
751.396283
 20
354.077675
 30
0.0
 11
751.360388
 21
353.805028
 31
0.0
  0
LINE
  5
188
330
1F
100
AcDbEntity
  8
1
  6
Continuous
 62
     7
370
    13
100
AcDbLine
 10
751.628144
 20
354.148013
 30
0.0
 11
751.50848
 21
354.163767
 31
0.0
  0
LINE
  5
189
330
1F
100
AcDbEntity
  8
1
  6
Continuous
 62
     7
370
    13
100
AcDbLine
 10
751.799695
 20
353.678198
 30
0.0
 11
751.712721
 21
354.070512
 31
0.0
  0
LINE
  5
18A
330
1F
100
AcDbEntity
  8
1
  6
Continuous
 62
     7
370
    13
100
AcDbLine
 10
752.226584
 20
353.489265
 30
0.0
 11
751.968849
 21
353.523197
 31
0.0
  0
LINE
  5
18B
330
1F
100
AcDbEntity
  8
1
  6
Continuous
 62
     7
370
    13
100
AcDbLine
 10
752.486872
 20
353.934096
 30
0.0
 11
752.450978
 21
353.661449
 31
0.0
  0
LINE
  5
18C
330
1F
100
AcDbEntity
  8
1
  6
Continuous
 62
     7
370
    13
100
AcDbLine
 10
752.718733
 20
354.004434
 30
0.0
 11
752.59907
 21
354.020188
 31
0.0
  0
LINE
  5
18D
330
1F
100
AcDbEntity
  8
1
  6
Continuous
 62
     7
370
    13
100
AcDbLine
 10
752.890284
 20
353.534619
 30
0.0
 11
752.80331
 21
353.926934
 31
0.0
  0
LINE
  5
18E
330
1F
100
AcDbEntity
  8
1
  6
Continuous
 62
     7
370
    13
100
AcDbLine
 10
753.317173
 20
353.345686
 30
0.0
 11
753.059438
 21
353.379618
 31
0.0
  0
LINE
  5
18F
330
1F
100
AcDbEntity
  8
1
  6
Continuous
 62
     7
370
    13
100
AcDbLine
 10
753.577462
 20
353.790518
 30
0.0
 11
753.541567
 21
353.51787
 31
0.0
  0
LINE
  5
190
330
1F
100
AcDbEntity
  8
1
  6
Continuous
 62
     7
370
    13
100
AcDbLine
 10
753.809323
 20
353.860855
 30
0.0
 11
753.689659
 21
353.876609
 31
0.0
  0
LINE
  5
191
330
1F
100
AcDbEntity
  8
1
  6
Continuous
 62
     7
370
    13
100
AcDbLine
 10
753.980874
 20
353.39104
 30
0.0
 11
753.8939
 21
353.783355
 31
0.0
  0
LINE
  5
192
330
1F
100
AcDbEntity
  8
1
  6
Continuous
 62
     7
370
    13
100
AcDbLine
 10
754.407762
 20
353.202108
 30
0.0
 11
754.150028
 21
353.236039
 31
0.0
  0
LINE
  5
193
330
1F
100
AcDbEntity
  8
1
  6
Continuous
 62
     7
370
    13
100
AcDbLine
 10
754.668051
 20
353.646939
 30
0.0
 11
754.632156
 21
353.374291
 31
0.0
  0
LINE
  5
194
330
1F
100
AcDbEntity
  8
1
  6
Continuous
 62
     7
370
    13
100
AcDbLine
 10
754.899912
 20
353.717277
 30
0.0
 11
754.780248
 21
353.733031
 31
0.0
  0
LINE
  5
195
330
1F
100
AcDbEntity
  8
1
  6
Continuous
 62
     7
370
    13
100
AcDbLine
 10
755.071463
 20
353.247461
 30
0.0
 11
754.984489
 21
353.639776
 31
0.0
  0
LINE
  5
196
330
1F
100
AcDbEntity
  8
1
  6
Continuous
 62
     7
370
    13
100
AcDbLine
 10
755.498352
 20
353.058529
 30
0.0
 11
755.240617
 21
353.09246
 31
0.0
  0
LINE
  5
197
330
1F
100
AcDbEntity
  8
1
  6
Continuous
 62
     7
370
    13
100
AcDbLine
 10
755.75864
 20
353.50336
 30
0.0
 11
755.722746
 21
353.230713
 31
0.0
  0
LINE
  5
198
330
1F
100
AcDbEntity
  8
1
  6
Continuous
 62
     7
370
    13
100
AcDbLine
 10
755.990501
 20
353.573698
 30
0.0
 11
755.870838
 21
353.589452
 31
0.0
  0
LINE
  5
199
330
1F
100
AcDbEntity
  8
1
  6
Continuous
 62
     7
370
    13
100
AcDbLine
 10
756.162052
 20
353.103882
 30
0.0
 11
756.075078
 21
353.496197
 31
0.0
  0
LINE
  5
19A
330
1F
100
AcDbEntity
  8
1
  6
Continuous
 62
     7
370
    13
100
AcDbLine
 10
756.588941
 20
352.91495
 30
0.0
 11
756.331206
 21
352.948881
 31
0.0
  0
LINE
  5
19B
330
1F
100
AcDbEntity
  8
1
  6
Continuous
 62
     7
370
    13
100
AcDbLine
 10
756.84923
 20
353.359781
 30
0.0
 11
756.813335
 21
353.087134
 31
0.0
  0
LINE
  5
19C
330
1F
100
AcDbEntity
  8
1
  6
Continuous
 62
     7
370
    13
100
AcDbLine
 10
757.081091
 20
353.430119
 30
0.0
 11
756.961427
 21
353.445873
 31
0.0
  0
LINE
  5
19D
330
1F
100
AcDbEntity
  8
1
  6
Continuous
 62
     7
370
    13
100
AcDbLine
 10
757.252642
 20
352.960304
 30
0.0
 11
757.165668
 21
353.352618
 31
0.0
  0
LINE
  5
19E
330
1F
100
AcDbEntity
  8
1
  6
Continuous
 62
     7
370
    13
100
AcDbLine
 10
757.67953
 20
352.771371
 30
0.0
 11
757.421796
 21
352.805303
 31
0.0
  0
LINE
  5
19F
330
1F
100
AcDbEntity
  8
1
  6
Continuous
 62
     7
370
    13
100
AcDbLine
 10
757.939819
 20
353.216202
 30
0.0
 11
757.903924
 21
352.943555
 31
0.0
  0
LINE
  5
1A0
330
1F
100
AcDbEntity
  8
1
  6
Continuous
 62
     7
370
    13
100
AcDbLine
 10
758.17168
 20
353.28654
 30
0.0
 11
758.052016
 21
353.302294
 31
0.0
  0
LINE
  5
1A1
330
1F
100
AcDbEntity
  8
1
  6
Continuous
 62
     7
370
    13
100
AcDbLine
 10
758.343231
 20
352.816725
 30
0.0
 11
758.256257
 21
353.20904
 31
0.0
  0
LINE
  5
1A2
330
1F
100
AcDbEntity
  8
1
  6
Continuous
 62
     7
370
    13
100
AcDbLine
 10
758.77012
 20
352.627792
 30
0.0
 11
758.512385
 21
352.661724
 31
0.0
  0
LINE
  5
1A3
330
1F
100
AcDbEntity
  8
1
  6
Continuous
 62
     7
370
    13
100
AcDbLine
 10
759.030409
 20
353.072623
 30
0.0
 11
758.994514
 21
352.799976
 31
0.0
  0
LINE
  5
1A4
330
1F
100
AcDbEntity
  8
1
  6
Continuous
 62
     7
370
    13
100
AcDbLine
 10
759.39709
 20
353.125212
 30
0.0
 11
759.142606
 21
353.158715
 31
0.0
  0
LINE
  5
1A5
330
1F
100
AcDbEntity
  8
1
  6
Continuous
 62
     7
370
    13
100
AcDbLine
 10
759.192551
 20
371.457888
 30
0.0
 11
759.662353
 21
371.457888
 31
0.0
  0
LINE
  5
1A6
330
1F
100
AcDbEntity
  8
1
  6
Continuous
 62
     7
370
    13
100
AcDbLine
 10
759.662353
 20
336.457888
 30
0.0
 11
759.192551
 21
336.457888
 31
0.0
  0
LINE
  5
1A7
330
1F
100
AcDbEntity
  8
1
  6
Continuous
 62
     7
370
    13
100
AcDbLine
 10
758.009052
 20
367.90012
 30
0.0
 11
758.902773
 21
371.235534
 31
0.0
  0
LINE
  5
1A8
330
1F
100
AcDbEntity
  8
1
  6
Continuous
 62
     7
370
    13
100
AcDbLine
 10
747.262353
 20
421.007888
 30
0.0
 11
747.262353
 21
369.918558
 31
0.0
  0
LINE
  5
1A9
330
1F
100
AcDbEntity
  8
1
  6
Continuous
 62
     7
370
    13
100
AcDbLine
 10
746.962353
 20
421.307888
 30
0.0
 11
747.262353
 21
421.007888
 31
0.0
  0
LINE
  5
1AA
330
1F
100
AcDbEntity
  8
1
  6
Continuous
 62
     7
370
    13
100
AcDbLine
 10
747.262353
 20
421.607888
 30
0.0
 11
746.962353
 21
421.307888
 31
0.0
  0
LINE
  5
1AB
330
1F
100
AcDbEntity
  8
1
  6
Continuous
 62
     7
370
    13
100
AcDbLine
 10
747.262353
 20
466.96448
 30
0.0
 11
747.262353
 21
421.607888
 31
0.0
  0
LINE
  5
1AC
330
1F
100
AcDbEntity
  8
1
  6
Continuous
 62
     7
370
    13
100
AcDbLine
 10
748.990461
 20
468.40738
 30
0.0
 11
747.839735
 21
467.870788
 31
0.0
  0
LINE
  5
1AD
330
1F
100
AcDbEntity
  8
1
  6
Continuous
 62
     7
370
    13
100
AcDbLine
 10
750.07803
 20
468.914522
 30
0.0
 11
749.534245
 21
468.660951
 31
0.0
  0
LINE
  5
1AE
330
1F
100
AcDbEntity
  8
1
  6
Continuous
 62
     7
370
    13
100
AcDbLine
 10
751.165599
 20
469.421664
 30
0.0
 11
750.621815
 21
469.168093
 31
0.0
  0
LINE
  5
1AF
330
1F
100
AcDbEntity
  8
1
  6
Continuous
 62
     7
370
    13
100
AcDbLine
 10
756.751044
 20
472.0262
 30
0.0
 11
751.709384
 21
469.675235
 31
0.0
  0
LINE
  5
1B0
330
1F
100
AcDbEntity
  8
1
  6
Continuous
 62
     7
370
    13
100
AcDbLine
 10
757.462353
 20
467.345793
 30
0.0
 11
757.462353
 21
471.573046
 31
0.0
  0
LINE
  5
1B1
330
1F
100
AcDbEntity
  8
1
  6
Continuous
 62
     7
370
    13
100
AcDbLine
 10
748.684971
 20
471.575062
 30
0.0
 11
756.662404
 21
475.295
 31
0.0
  0
LINE
  5
1B2
330
1F
100
AcDbEntity
  8
1
  6
Continuous
 62
     7
370
    13
100
AcDbLine
 10
747.262353
 20
490.957888
 30
0.0
 11
747.262353
 21
472.48137
 31
0.0
  0
LINE
  5
1B3
330
1F
100
AcDbEntity
  8
1
  6
Continuous
 62
     7
370
    13
100
AcDbLine
 10
744.762353
 20
491.457888
 30
0.0
 11
746.762353
 21
491.457888
 31
0.0
  0
LINE
  5
1B4
330
1F
100
AcDbEntity
  8
1
  6
Continuous
 62
     7
370
    13
100
AcDbLine
 10
744.262353
 20
369.918558
 30
0.0
 11
744.262353
 21
490.957888
 31
0.0
  0
LINE
  5
1B5
330
1F
100
AcDbEntity
  8
1
  6
Continuous
 62
     7
370
    13
100
AcDbLine
 10
744.773969
 20
353.063002
 30
0.0
 11
746.232415
 21
356.203681
 31
0.0
  0
LINE
  5
1B6
330
1F
100
AcDbEntity
  8
1
  6
Continuous
 62
     7
370
    13
100
AcDbLine
 10
744.262353
 20
347.457888
 30
0.0
 11
744.262353
 21
350.746533
 31
0.0
  0
LINE
  5
1B7
330
1F
100
AcDbEntity
  8
1
  6
Continuous
 62
     7
370
    13
100
AcDbLine
 10
744.262353
 20
346.257888
 30
0.0
 11
744.262353
 21
346.857888
 31
0.0
  0
LINE
  5
1B8
330
1F
100
AcDbEntity
  8
1
  6
Continuous
 62
     7
370
    13
100
AcDbLine
 10
744.262353
 20
345.057888
 30
0.0
 11
744.262353
 21
345.657888
 31
0.0
  0
LINE
  5
1B9
330
1F
100
AcDbEntity
  8
1
  6
Continuous
 62
     7
370
    13
100
AcDbLine
 10
744.262353
 20
343.857888
 30
0.0
 11
744.262353
 21
344.457888
 31
0.0
  0
LINE
  5
1BA
330
1F
100
AcDbEntity
  8
1
  6
Continuous
 62
     7
370
    13
100
AcDbLine
 10
744.262353
 20
342.657888
 30
0.0
 11
744.262353
 21
343.257888
 31
0.0
  0
LINE
  5
1BB
330
1F
100
AcDbEntity
  8
1
  6
Continuous
 62
     7
370
    13
100
AcDbLine
 10
744.262353
 20
340.657888
 30
0.0
 11
744.262353
 21
342.057888
 31
0.0
  0
LINE
  5
1BC
330
1F
100
AcDbEntity
  8
1
  6
Continuous
 62
     7
370
    13
100
AcDbLine
 10
748.212353
 20
340.157888
 30
0.0
 11
744.762353
 21
340.157888
 31
0.0
  0
LINE
  5
1BD
330
1F
100
AcDbEntity
  8
1
  6
Continuous
 62
     7
370
    13
100
AcDbLine
 10
748.712353
 20
342.257888
 30
0.0
 11
748.712353
 21
340.657888
 31
0.0
  0
LINE
  5
1BE
330
1F
100
AcDbEntity
  8
1
  6
Continuous
 62
     7
370
    13
100
AcDbLine
 10
747.436853
 20
342.657888
 30
0.0
 11
748.312353
 21
342.657888
 31
0.0
  0
LINE
  5
1BF
330
1F
100
AcDbEntity
  8
1
  6
Continuous
 62
     7
370
    13
100
AcDbLine
 10
746.712353
 20
346.086183
 30
0.0
 11
746.712353
 21
343.382388
 31
0.0
  0
LINE
  5
1C0
330
1F
100
AcDbEntity
  8
1
  6
Continuous
 62
     7
370
    13
100
AcDbLine
 10
748.313071
 20
347.046948
 30
0.0
 11
747.781494
 21
347.08379
 31
0.0
  0
LINE
  5
1C1
330
1F
100
AcDbEntity
  8
1
  6
Continuous
 62
     7
370
    13
100
AcDbLine
 10
749.513071
 20
346.963779
 30
0.0
 11
748.911635
 21
347.005463
 31
0.0
  0
LINE
  5
1C2
330
1F
100
AcDbEntity
  8
1
  6
Continuous
 62
     7
370
    13
100
AcDbLine
 10
750.713071
 20
346.880611
 30
0.0
 11
750.111635
 21
346.922295
 31
0.0
  0
LINE
  5
1C3
330
1F
100
AcDbEntity
  8
1
  6
Continuous
 62
     7
370
    13
100
AcDbLine
 10
751.913071
 20
346.797443
 30
0.0
 11
751.311635
 21
346.839126
 31
0.0
  0
LINE
  5
1C4
330
1F
100
AcDbEntity
  8
1
  6
Continuous
 62
     7
370
    13
100
AcDbLine
 10
753.113071
 20
346.714274
 30
0.0
 11
752.511635
 21
346.755958
 31
0.0
  0
LINE
  5
1C5
330
1F
100
AcDbEntity
  8
1
  6
Continuous
 62
     7
370
    13
100
AcDbLine
 10
754.313071
 20
346.631106
 30
0.0
 11
753.711635
 21
346.67279
 31
0.0
  0
LINE
  5
1C6
330
1F
100
AcDbEntity
  8
1
  6
Continuous
 62
     7
370
    13
100
AcDbLine
 10
755.513071
 20
346.547938
 30
0.0
 11
754.911635
 21
346.589621
 31
0.0
  0
LINE
  5
1C7
330
1F
100
AcDbEntity
  8
1
  6
Continuous
 62
     7
370
    13
100
AcDbLine
 10
756.533095
 20
346.477243
 30
0.0
 11
756.111635
 21
346.506453
 31
0.0
  0
LINE
  5
1C8
330
1F
100
AcDbEntity
  8
1
  6
Continuous
 62
     7
370
    13
100
AcDbLine
 10
756.812353
 20
343.382388
 30
0.0
 11
756.812353
 21
346.177961
 31
0.0
  0
LINE
  5
1C9
330
1F
100
AcDbEntity
  8
1
  6
Continuous
 62
     7
370
    13
100
AcDbLine
 10
755.212353
 20
342.657888
 30
0.0
 11
756.087853
 21
342.657888
 31
0.0
  0
LINE
  5
1CA
330
1F
100
AcDbEntity
  8
1
  6
Continuous
 62
     7
370
    13
100
AcDbLine
 10
754.812353
 20
340.657888
 30
0.0
 11
754.812353
 21
342.257888
 31
0.0
  0
LINE
  5
1CB
330
1F
100
AcDbEntity
  8
1
  6
Continuous
 62
     7
370
    13
100
AcDbLine
 10
757.970941
 20
340.157888
 30
0.0
 11
755.312353
 21
340.157888
 31
0.0
  0
LINE
  5
1CC
330
1F
100
AcDbEntity
  8
1
  6
Continuous
 62
     7
370
    13
100
AcDbLine
 10
758.902773
 20
336.680243
 30
0.0
 11
757.970941
 21
340.157888
 31
0.0
  0
LINE
  5
1CD
330
1F
100
AcDbEntity
  8
1
  6
Continuous
 62
     7
370
    13
100
AcDbLine
 10
759.962353
 20
474.233258
 30
0.0
 11
759.962353
 21
468.575519
 31
0.0
  0
LINE
  5
1CE
330
1F
100
AcDbEntity
  8
1
  6
Continuous
 62
     7
370
    13
100
AcDbLine
 10
756.965038
 20
349.259587
 30
0.0
 11
757.084702
 21
349.243833
 31
0.0
  0
LINE
  5
1CF
330
1F
100
AcDbEntity
  8
1
  6
Continuous
 62
     7
370
    13
100
AcDbLine
 10
754.783859
 20
349.546745
 30
0.0
 11
754.903523
 21
349.530991
 31
0.0
  0
LINE
  5
1D0
330
1F
100
AcDbEntity
  8
1
  6
Continuous
 62
     7
370
    13
100
AcDbLine
 10
756.095866
 20
349.440382
 30
0.0
 11
756.281415
 21
349.796818
 31
0.0
  0
LINE
  5
1D1
330
1F
100
AcDbEntity
  8
1
  6
Continuous
 62
     7
370
    13
100
AcDbLine
 10
759.962353
 20
347.988007
 30
0.0
 11
759.962353
 21
336.757888
 31
0.0
  0
LINE
  5
1D2
330
1F
100
AcDbEntity
  8
1
  6
Continuous
 62
     7
370
    13
100
AcDbLine
 10
758.055627
 20
349.116009
 30
0.0
 11
759.092879
 21
348.979452
 31
0.0
  0
LINE
  5
1D3
330
1F
100
AcDbEntity
  8
1
  6
Continuous
 62
     7
370
    13
100
AcDbLine
 10
755.012353
 20
477.572045
 30
0.0
 11
755.012353
 21
478.457888
 31
0.0
  0
LINE
  5
1D4
330
1F
100
AcDbEntity
  8
1
  6
Continuous
 62
     7
370
    13
100
AcDbLine
 10
755.394333
 20
350.046336
 30
0.0
 11
755.652068
 21
350.012405
 31
0.0
  0
LINE
  5
1D5
330
1F
100
AcDbEntity
  8
1
  6
Continuous
 62
     7
370
    13
100
AcDbLine
 10
757.575512
 20
349.759179
 30
0.0
 11
757.833246
 21
349.725247
 31
0.0
  0
LINE
  5
1D6
330
1F
100
AcDbEntity
  8
1
  6
Continuous
 62
     7
370
    13
100
AcDbLine
 10
758.00543
 20
349.500853
 30
0.0
 11
757.969535
 21
349.228206
 31
0.0
  0
LINE
  5
1D7
330
1F
100
AcDbEntity
  8
1
  6
Continuous
 62
     7
370
    13
100
AcDbLine
 10
756.914841
 20
349.644432
 30
0.0
 11
756.878946
 21
349.371784
 31
0.0
  0
LINE
  5
1D8
330
1F
100
AcDbEntity
  8
1
  6
Continuous
 62
     7
370
    13
100
AcDbLine
 10
753.643073
 20
350.075168
 30
0.0
 11
753.607178
 21
349.802521
 31
0.0
  0
LINE
  5
1D9
330
1F
100
AcDbEntity
  8
1
  6
Continuous
 62
     7
370
    13
100
AcDbLine
 10
753.69327
 20
349.690324
 30
0.0
 11
753.812934
 21
349.67457
 31
0.0
  0
LINE
  5
1DA
330
1F
100
AcDbEntity
  8
1
  6
Continuous
 62
     7
370
    13
100
AcDbLine
 10
753.914687
 20
349.727539
 30
0.0
 11
754.100236
 21
350.083976
 31
0.0
  0
LINE
  5
1DB
330
1F
100
AcDbEntity
  8
1
  6
Continuous
 62
     7
370
    13
100
AcDbLine
 10
754.303744
 20
350.189915
 30
0.0
 11
754.561478
 21
350.155984
 31
0.0
  0
LINE
  5
1DC
330
1F
100
AcDbEntity
  8
1
  6
Continuous
 62
     7
370
    13
100
AcDbLine
 10
755.005277
 20
349.583961
 30
0.0
 11
755.190826
 21
349.940397
 31
0.0
  0
LINE
  5
1DD
330
1F
100
AcDbEntity
  8
1
  6
Continuous
 62
     7
370
    13
100
AcDbLine
 10
757.186455
 20
349.296803
 30
0.0
 11
757.372004
 21
349.653239
 31
0.0
  0
LINE
  5
1DE
330
1F
100
AcDbEntity
  8
1
  6
Continuous
 62
     7
370
    13
100
AcDbLine
 10
756.484923
 20
349.902757
 30
0.0
 11
756.742657
 21
349.868826
 31
0.0
  0
LINE
  5
1DF
330
1F
100
AcDbEntity
  8
1
  6
Continuous
 62
     7
370
    13
100
AcDbLine
 10
759.962353
 20
371.157888
 30
0.0
 11
759.962353
 21
353.620934
 31
0.0
  0
LINE
  5
1E0
330
1F
100
AcDbEntity
  8
1
  6
Continuous
 62
     7
370
    13
100
AcDbLine
 10
755.824251
 20
349.788011
 30
0.0
 11
755.788357
 21
349.515363
 31
0.0
  0
LINE
  5
1E1
330
1F
100
AcDbEntity
  8
1
  6
Continuous
 62
     7
370
    13
100
AcDbLine
 10
755.874449
 20
349.403166
 30
0.0
 11
755.994112
 21
349.387412
 31
0.0
  0
LINE
  5
1E2
330
1F
100
AcDbEntity
  8
1
  6
Continuous
 62
     7
370
    13
100
AcDbLine
 10
754.733662
 20
349.931589
 30
0.0
 11
754.697767
 21
349.658942
 31
0.0
  0
LINE
  5
1E3
330
1F
100
AcDbEntity
  8
1
  6
Continuous
 62
     7
370
    13
100
AcDbLine
 10
747.562353
 20
422.035476
 30
0.0
 11
747.462353
 21
422.035476
 31
0.0
  0
LINE
  5
1E4
330
1F
100
AcDbEntity
  8
1
  6
Continuous
 62
     7
370
    13
100
AcDbLine
 10
747.462353
 20
421.928963
 30
0.0
 11
747.574853
 21
421.928963
 31
0.0
  0
LINE
  5
1E5
330
1F
100
AcDbEntity
  8
1
  6
Continuous
 62
     7
370
    13
100
AcDbLine
 10
747.562353
 20
422.277037
 30
0.0
 11
747.462353
 21
422.277037
 31
0.0
  0
LINE
  5
1E6
330
1F
100
AcDbEntity
  8
1
  6
Continuous
 62
     7
370
    13
100
AcDbLine
 10
747.574853
 20
424.390611
 30
0.0
 11
747.462353
 21
424.390611
 31
0.0
  0
LINE
  5
1E7
330
1F
100
AcDbEntity
  8
1
  6
Continuous
 62
     7
370
    13
100
AcDbLine
 10
747.462353
 20
416.917775
 30
0.0
 11
747.574853
 21
416.917775
 31
0.0
  0
LINE
  5
1E8
330
1F
100
AcDbEntity
  8
1
  6
Continuous
 62
     7
370
    13
100
AcDbLine
 10
747.574853
 20
420.200219
 30
0.0
 11
747.462353
 21
420.200219
 31
0.0
  0
LINE
  5
1E9
330
1F
100
AcDbEntity
  8
1
  6
Continuous
 62
     7
370
    13
100
AcDbLine
 10
747.562353
 20
421.962564
 30
0.0
 11
747.462353
 21
421.962564
 31
0.0
  0
LINE
  5
1EA
330
1F
100
AcDbEntity
  8
1
  6
Continuous
 62
     7
370
    13
100
AcDbLine
 10
747.562353
 20
424.357888
 30
0.0
 11
747.462353
 21
424.357888
 31
0.0
  0
LINE
  5
1EB
330
1F
100
AcDbEntity
  8
1
  6
Continuous
 62
     7
370
    13
100
AcDbLine
 10
747.462353
 20
416.917732
 30
0.0
 11
747.574853
 21
416.917732
 31
0.0
  0
LINE
  5
1EC
330
1F
100
AcDbEntity
  8
1
  6
Continuous
 62
     7
370
    13
100
AcDbLine
 10
747.574853
 20
420.204675
 30
0.0
 11
747.462353
 21
420.204675
 31
0.0
  0
LINE
  5
1ED
330
1F
100
AcDbEntity
  8
1
  6
Continuous
 62
     7
370
    13
100
AcDbLine
 10
747.462353
 20
430.039832
 30
0.0
 11
747.574853
 21
430.039832
 31
0.0
  0
LINE
  5
1EE
330
1F
100
AcDbEntity
  8
1
  6
Continuous
 62
     7
370
    13
100
AcDbLine
 10
747.574853
 20
434.069581
 30
0.0
 11
747.462353
 21
434.069581
 31
0.0
  0
LINE
  5
1EF
330
1F
100
AcDbEntity
  8
1
  6
Continuous
 62
     7
370
    13
100
AcDbLine
 10
747.562353
 20
430.953242
 30
0.0
 11
747.562353
 21
430.218842
 31
0.0
  0
LINE
  5
1F0
330
1F
100
AcDbEntity
  8
1
  6
Continuous
 62
     7
370
    13
100
AcDbLine
 10
747.562353
 20
430.218842
 30
0.0
 11
747.462353
 21
430.218842
 31
0.0
  0
LINE
  5
1F1
330
1F
100
AcDbEntity
  8
1
  6
Continuous
 62
     7
370
    13
100
AcDbLine
 10
747.462353
 20
430.035631
 30
0.0
 11
747.574853
 21
430.035631
 31
0.0
  0
LINE
  5
1F2
330
1F
100
AcDbEntity
  8
1
  6
Continuous
 62
     7
370
    13
100
AcDbLine
 10
747.562353
 20
430.953242
 30
0.0
 11
747.462353
 21
430.953242
 31
0.0
  0
LINE
  5
1F3
330
1F
100
AcDbEntity
  8
1
  6
Continuous
 62
     7
370
    13
100
AcDbLine
 10
747.574853
 20
434.079509
 30
0.0
 11
747.462353
 21
434.079509
 31
0.0
  0
LINE
  5
1F4
330
1F
100
AcDbEntity
  8
1
  6
Continuous
 62
     7
370
    13
100
AcDbLine
 10
747.462353
 20
396.307888
 30
0.0
 11
747.262353
 21
396.307888
 31
0.0
  0
LINE
  5
1F5
330
1F
100
AcDbEntity
  8
1
  6
Continuous
 62
     7
370
    13
100
AcDbLine
 10
747.462353
 20
439.307888
 30
0.0
 11
747.262353
 21
439.307888
 31
0.0
  0
LINE
  5
1F6
330
1F
100
AcDbEntity
  8
1
  6
Continuous
 62
     7
370
    13
100
AcDbLine
 10
747.262353
 20
421.607888
 30
0.0
 11
747.262353
 21
421.007888
 31
0.0
  0
LINE
  5
1F7
330
1F
100
AcDbEntity
  8
1
  6
Continuous
 62
     7
370
    25
100
AcDbLine
 10
747.462353
 20
398.307888
 30
0.0
 11
747.262353
 21
398.307888
 31
0.0
  0
LINE
  5
1F8
330
1F
100
AcDbEntity
  8
1
  6
Continuous
 62
     7
370
    13
100
AcDbLine
 10
747.462353
 20
437.307888
 30
0.0
 11
747.462353
 21
398.307888
 31
0.0
  0
LINE
  5
1F9
330
1F
100
AcDbEntity
  8
1
  6
Continuous
 62
     7
370
    25
100
AcDbLine
 10
747.462353
 20
437.307888
 30
0.0
 11
747.262353
 21
437.307888
 31
0.0
  0
LINE
  5
1FA
330
1F
100
AcDbEntity
  8
1
  6
Continuous
 62
     7
370
    13
100
AcDbLine
 10
747.362353
 20
382.296695
 30
0.0
 11
747.262353
 21
382.296695
 31
0.0
  0
LINE
  5
1FB
330
1F
100
AcDbEntity
  8
1
  6
Continuous
 62
     7
370
    13
100
AcDbLine
 10
747.262353
 20
375.996695
 30
0.0
 11
747.362353
 21
375.996695
 31
0.0
  0
LINE
  5
1FC
330
1F
100
AcDbEntity
  8
1
  6
Continuous
 62
     7
370
    13
100
AcDbLine
 10
747.462353
 20
421.928712
 30
0.0
 11
747.574853
 21
421.928712
 31
0.0
  0
LINE
  5
1FD
330
1F
100
AcDbEntity
  8
1
  6
Continuous
 62
     7
370
    13
100
AcDbLine
 10
747.574853
 20
424.391942
 30
0.0
 11
747.462353
 21
424.391942
 31
0.0
  0
LINE
  5
1FE
330
1F
100
AcDbEntity
  8
1
  6
Continuous
 62
     7
370
    13
100
AcDbLine
 10
747.574853
 20
420.204084
 30
0.0
 11
747.462353
 21
420.204084
 31
0.0
  0
LINE
  5
1FF
330
1F
100
AcDbEntity
  8
1
  6
Continuous
 62
     7
370
    13
100
AcDbLine
 10
747.462353
 20
416.915497
 30
0.0
 11
747.574853
 21
416.915497
 31
0.0
  0
LINE
  5
200
330
1F
100
AcDbEntity
  8
1
  6
Continuous
 62
     7
370
    13
100
AcDbLine
 10
747.562353
 20
420.155137
 30
0.0
 11
747.462353
 21
420.155137
 31
0.0
  0
LINE
  5
201
330
1F
100
AcDbEntity
  8
1
  6
Continuous
 62
     7
370
    13
100
AcDbLine
 10
747.562353
 20
416.962564
 30
0.0
 11
747.462353
 21
416.962564
 31
0.0
  0
LINE
  5
202
330
1F
100
AcDbEntity
  8
1
  6
Continuous
 62
     7
370
    13
100
AcDbLine
 10
747.462353
 20
416.917635
 30
0.0
 11
747.574853
 21
416.917635
 31
0.0
  0
LINE
  5
203
330
1F
100
AcDbEntity
  8
1
  6
Continuous
 62
     7
370
    13
100
AcDbLine
 10
747.574853
 20
420.202916
 30
0.0
 11
747.462353
 21
420.202916
 31
0.0
  0
LINE
  5
204
330
1F
100
AcDbEntity
  8
1
  6
Continuous
 62
     7
370
    13
100
AcDbLine
 10
747.562351
 20
418.138094
 30
0.0
 11
747.574853
 21
418.138094
 31
0.0
  0
LINE
  5
205
330
1F
100
AcDbEntity
  8
1
  6
Continuous
 62
     7
370
    13
100
AcDbLine
 10
747.462353
 20
416.914481
 30
0.0
 11
747.574853
 21
416.914481
 31
0.0
  0
LINE
  5
206
330
1F
100
AcDbEntity
  8
1
  6
Continuous
 62
     7
370
    13
100
AcDbLine
 10
747.574853
 20
418.992727
 30
0.0
 11
747.562351
 21
418.992727
 31
0.0
  0
LINE
  5
207
330
1F
100
AcDbEntity
  8
1
  6
Continuous
 62
     7
370
    13
100
AcDbLine
 10
747.462353
 20
416.914099
 30
0.0
 11
747.574853
 21
416.914099
 31
0.0
  0
LINE
  5
208
102
{ACAD_REACTORS
330
57B
102
}
330
1F
100
AcDbEntity
  8
110
  6
Continuous
 62
     7
370
    13
100
AcDbLine
 10
759.962353
 20
326.458008
 30
0.0
 11
744.262353
 21
326.458008
 31
0.0
  0
LINE
  5
209
102
{ACAD_REACTORS
330
57B
102
}
330
1F
100
AcDbEntity
  8
110
  6
Continuous
 62
     7
370
    13
100
AcDbLine
 10
744.262353
 20
340.657888
 30
0.0
 11
744.262353
 21
324.958008
 31
0.0
  0
LINE
  5
20A
102
{ACAD_REACTORS
330
57B
102
}
330
1F
100
AcDbEntity
  8
110
  6
Continuous
 62
     7
370
    13
100
AcDbLine
 10
759.962353
 20
336.757888
 30
0.0
 11
759.962353
 21
324.958008
 31
0.0
  0
LINE
  5
20B
330
1F
100
AcDbEntity
  8
110
  6
Continuous
 62
     7
 60
     1
370
    25
100
AcDbLine
 10
744.262353
 20
326.458008
 30
0.0
 11
747.762351
 21
326.918792
 31
0.0
  0
LINE
  5
20C
330
1F
100
AcDbEntity
  8
110
  6
Continuous
 62
     7
 60
     1
370
    25
100
AcDbLine
 10
747.762351
 20
326.918792
 30
0.0
 11
747.762355
 21
325.997225
 31
0.0
  0
LINE
  5
20D
330
1F
100
AcDbEntity
  8
110
  6
Continuous
 62
     7
 60
     1
370
    25
100
AcDbLine
 10
747.762355
 20
325.997225
 30
0.0
 11
744.262353
 21
326.458008
 31
0.0
  0
LINE
  5
20E
330
1F
100
AcDbEntity
  8
110
  6
Continuous
 62
     7
 60
     1
370
    25
100
AcDbLine
 10
759.962353
 20
326.458008
 30
0.0
 11
756.462355
 21
325.997225
 31
0.0
  0
LINE
  5
20F
330
1F
100
AcDbEntity
  8
110
  6
Continuous
 62
     7
 60
     1
370
    25
100
AcDbLine
 10
756.462355
 20
325.997225
 30
0.0
 11
756.462351
 21
326.918792
 31
0.0
  0
LINE
  5
210
330
1F
100
AcDbEntity
  8
110
  6
Continuous
 62
     7
 60
     1
370
    25
100
AcDbLine
 10
756.462351
 20
326.918792
 30
0.0
 11
759.962353
 21
326.458008
 31
0.0
  0
LINE
  5
211
330
1F
100
AcDbEntity
  8
1
  6
Continuous
 62
     7
370
    13
100
AcDbLine
 10
112.88759
 20
375.996695
 30
0.0
 11
112.88759
 21
379.146695
 31
0.0
  0
LINE
  5
212
330
1F
100
AcDbEntity
  8
1
  6
Continuous
 62
     7
370
    13
100
AcDbLine
 10
112.88759
 20
379.146695
 30
0.0
 11
112.88759
 21
382.296695
 31
0.0
  0
LINE
  5
213
330
1F
100
AcDbEntity
  8
1
  6
Continuous
 62
     7
370
    13
100
AcDbLine
 10
112.78759
 20
396.307888
 30
0.0
 11
112.78759
 21
398.307888
 31
0.0
  0
LINE
  5
214
330
1F
100
AcDbEntity
  8
1
  6
Continuous
 62
     7
370
    13
100
AcDbLine
 10
112.78759
 20
437.307888
 30
0.0
 11
112.78759
 21
439.307888
 31
0.0
  0
LINE
  5
215
330
1F
100
AcDbEntity
  8
1
  6
Continuous
 62
     7
370
    13
100
AcDbLine
 10
108.450248
 20
353.678198
 30
0.0
 11
108.537222
 21
354.070512
 31
0.0
  0
LINE
  5
216
330
1F
100
AcDbEntity
  8
1
  6
Continuous
 62
     7
370
    13
100
AcDbLine
 10
108.621799
 20
354.148013
 30
0.0
 11
108.741462
 21
354.163767
 31
0.0
  0
LINE
  5
217
330
1F
100
AcDbEntity
  8
1
  6
Continuous
 62
     7
370
    13
100
AcDbLine
 10
108.85366
 20
354.077675
 30
0.0
 11
108.889554
 21
353.805028
 31
0.0
  0
LINE
  5
218
330
1F
100
AcDbEntity
  8
1
  6
Continuous
 62
     7
370
    13
100
AcDbLine
 10
109.113948
 20
353.632844
 30
0.0
 11
109.371683
 21
353.666775
 31
0.0
  0
LINE
  5
219
330
1F
100
AcDbEntity
  8
1
  6
Continuous
 62
     7
370
    13
100
AcDbLine
 10
109.540837
 20
353.821777
 30
0.0
 11
109.627811
 21
354.214091
 31
0.0
  0
LINE
  5
21A
330
1F
100
AcDbEntity
  8
1
  6
Continuous
 62
     7
370
    13
100
AcDbLine
 10
109.712388
 20
354.291592
 30
0.0
 11
109.832052
 21
354.307346
 31
0.0
  0
LINE
  5
21B
330
1F
100
AcDbEntity
  8
1
  6
Continuous
 62
     7
370
    13
100
AcDbLine
 10
109.944249
 20
354.221254
 30
0.0
 11
109.980144
 21
353.948607
 31
0.0
  0
LINE
  5
21C
330
1F
100
AcDbEntity
  8
1
  6
Continuous
 62
     7
370
    13
100
AcDbLine
 10
110.204538
 20
353.776423
 30
0.0
 11
110.650688
 21
353.83516
 31
0.0
  0
LINE
  5
21D
330
1F
100
AcDbEntity
  8
1
  6
Continuous
 62
     7
370
    13
100
AcDbLine
 10
110.968843
 20
350.652402
 30
0.0
 11
111.005122
 21
350.376836
 31
0.0
  0
LINE
  5
21E
330
1F
100
AcDbEntity
  8
1
  6
Continuous
 62
     7
370
    13
100
AcDbLine
 10
110.91903
 20
350.264639
 30
0.0
 11
110.799366
 21
350.248885
 31
0.0
  0
LINE
  5
21F
330
1F
100
AcDbEntity
  8
1
  6
Continuous
 62
     7
370
    13
100
AcDbLine
 10
110.697613
 20
350.301855
 30
0.0
 11
110.512064
 21
350.658291
 31
0.0
  0
LINE
  5
220
330
1F
100
AcDbEntity
  8
1
  6
Continuous
 62
     7
370
    13
100
AcDbLine
 10
110.308556
 20
350.76423
 30
0.0
 11
110.050822
 21
350.730299
 31
0.0
  0
LINE
  5
221
330
1F
100
AcDbEntity
  8
1
  6
Continuous
 62
     7
370
    13
100
AcDbLine
 10
109.878638
 20
350.505905
 30
0.0
 11
109.914533
 21
350.233257
 31
0.0
  0
LINE
  5
222
330
1F
100
AcDbEntity
  8
1
  6
Continuous
 62
     7
370
    13
100
AcDbLine
 10
109.828441
 20
350.12106
 30
0.0
 11
109.708777
 21
350.105306
 31
0.0
  0
LINE
  5
223
330
1F
100
AcDbEntity
  8
1
  6
Continuous
 62
     7
370
    13
100
AcDbLine
 10
109.607023
 20
350.158276
 30
0.0
 11
109.421474
 21
350.514712
 31
0.0
  0
LINE
  5
224
330
1F
100
AcDbEntity
  8
1
  6
Continuous
 62
     7
370
    13
100
AcDbLine
 10
109.217967
 20
350.620651
 30
0.0
 11
108.960232
 21
350.58672
 31
0.0
  0
LINE
  5
225
330
1F
100
AcDbEntity
  8
1
  6
Continuous
 62
     7
370
    13
100
AcDbLine
 10
108.788049
 20
350.362326
 30
0.0
 11
108.823943
 21
350.089679
 31
0.0
  0
LINE
  5
226
330
1F
100
AcDbEntity
  8
1
  6
Continuous
 62
     7
370
    13
100
AcDbLine
 10
108.737851
 20
349.977481
 30
0.0
 11
108.618188
 21
349.961727
 31
0.0
  0
LINE
  5
227
330
1F
100
AcDbEntity
  8
1
  6
Continuous
 62
     7
370
    13
100
AcDbLine
 10
108.516434
 20
350.014697
 30
0.0
 11
108.330885
 21
350.371133
 31
0.0
  0
LINE
  5
228
330
1F
100
AcDbEntity
  8
1
  6
Continuous
 62
     7
370
    13
100
AcDbLine
 10
108.127378
 20
350.477073
 30
0.0
 11
107.869643
 21
350.443141
 31
0.0
  0
LINE
  5
229
330
1F
100
AcDbEntity
  8
1
  6
Continuous
 62
     7
370
    13
100
AcDbLine
 10
107.697459
 20
350.218747
 30
0.0
 11
107.733354
 21
349.9461
 31
0.0
  0
LINE
  5
22A
330
1F
100
AcDbEntity
  8
1
  6
Continuous
 62
     7
370
    13
100
AcDbLine
 10
107.647262
 20
349.833903
 30
0.0
 11
107.527598
 21
349.818149
 31
0.0
  0
LINE
  5
22B
330
1F
100
AcDbEntity
  8
1
  6
Continuous
 62
     7
370
    13
100
AcDbLine
 10
107.425845
 20
349.871118
 30
0.0
 11
107.240296
 21
350.227555
 31
0.0
  0
LINE
  5
22C
330
1F
100
AcDbEntity
  8
1
  6
Continuous
 62
     7
370
    13
100
AcDbLine
 10
107.036788
 20
350.333494
 30
0.0
 11
106.779054
 21
350.299562
 31
0.0
  0
LINE
  5
22D
330
1F
100
AcDbEntity
  8
1
  6
Continuous
 62
     7
370
    13
100
AcDbLine
 10
106.60687
 20
350.075168
 30
0.0
 11
106.642765
 21
349.802521
 31
0.0
  0
LINE
  5
22E
330
1F
100
AcDbEntity
  8
1
  6
Continuous
 62
     7
370
    13
100
AcDbLine
 10
106.556673
 20
349.690324
 30
0.0
 11
106.437009
 21
349.67457
 31
0.0
  0
LINE
  5
22F
330
1F
100
AcDbEntity
  8
1
  6
Continuous
 62
     7
370
    13
100
AcDbLine
 10
106.335255
 20
349.727539
 30
0.0
 11
106.149706
 21
350.083976
 31
0.0
  0
LINE
  5
230
330
1F
100
AcDbEntity
  8
1
  6
Continuous
 62
     7
370
    13
100
AcDbLine
 10
105.946199
 20
350.189915
 30
0.0
 11
105.688464
 21
350.155984
 31
0.0
  0
LINE
  5
231
330
1F
100
AcDbEntity
  8
1
  6
Continuous
 62
     7
370
    13
100
AcDbLine
 10
105.516281
 20
349.931589
 30
0.0
 11
105.552175
 21
349.658942
 31
0.0
  0
LINE
  5
232
330
1F
100
AcDbEntity
  8
1
  6
Continuous
 62
     7
370
    13
100
AcDbLine
 10
105.466083
 20
349.546745
 30
0.0
 11
105.34642
 21
349.530991
 31
0.0
  0
LINE
  5
233
330
1F
100
AcDbEntity
  8
1
  6
Continuous
 62
     7
370
    13
100
AcDbLine
 10
105.244666
 20
349.583961
 30
0.0
 11
105.059117
 21
349.940397
 31
0.0
  0
LINE
  5
234
330
1F
100
AcDbEntity
  8
1
  6
Continuous
 62
     7
370
    13
100
AcDbLine
 10
104.85561
 20
350.046336
 30
0.0
 11
104.597875
 21
350.012405
 31
0.0
  0
LINE
  5
235
330
1F
100
AcDbEntity
  8
1
  6
Continuous
 62
     7
370
    13
100
AcDbLine
 10
104.425691
 20
349.788011
 30
0.0
 11
104.461586
 21
349.515363
 31
0.0
  0
LINE
  5
236
330
1F
100
AcDbEntity
  8
1
  6
Continuous
 62
     7
370
    13
100
AcDbLine
 10
104.375494
 20
349.403166
 30
0.0
 11
104.25583
 21
349.387412
 31
0.0
  0
LINE
  5
237
330
1F
100
AcDbEntity
  8
1
  6
Continuous
 62
     7
370
    13
100
AcDbLine
 10
103.76502
 20
349.902757
 30
0.0
 11
103.507286
 21
349.868826
 31
0.0
  0
LINE
  5
238
330
1F
100
AcDbEntity
  8
1
  6
Continuous
 62
     7
370
    13
100
AcDbLine
 10
103.284905
 20
349.259587
 30
0.0
 11
103.165241
 21
349.243833
 31
0.0
  0
LINE
  5
239
330
1F
100
AcDbEntity
  8
1
  6
Continuous
 62
     7
370
    13
100
AcDbLine
 10
103.335102
 20
349.644432
 30
0.0
 11
103.370997
 21
349.371784
 31
0.0
  0
LINE
  5
23A
330
1F
100
AcDbEntity
  8
1
  6
Continuous
 62
     7
370
    13
100
AcDbLine
 10
103.063487
 20
349.296803
 30
0.0
 11
102.877938
 21
349.653239
 31
0.0
  0
LINE
  5
23B
330
1F
100
AcDbEntity
  8
1
  6
Continuous
 62
     7
370
    13
100
AcDbLine
 10
102.674431
 20
349.759179
 30
0.0
 11
102.416696
 21
349.725247
 31
0.0
  0
LINE
  5
23C
330
1F
100
AcDbEntity
  8
1
  6
Continuous
 62
     7
370
    13
100
AcDbLine
 10
102.244513
 20
349.500853
 30
0.0
 11
102.280407
 21
349.228206
 31
0.0
  0
LINE
  5
23D
330
1F
100
AcDbEntity
  8
1
  6
Continuous
 62
     7
370
    13
100
AcDbLine
 10
102.194315
 20
349.116009
 30
0.0
 11
101.157063
 21
348.979452
 31
0.0
  0
LINE
  5
23E
330
1F
100
AcDbEntity
  8
1
  6
Continuous
 62
     7
370
    13
100
AcDbLine
 10
100.28759
 20
347.988007
 30
0.0
 11
100.28759
 21
336.757888
 31
0.0
  0
LINE
  5
23F
330
1F
100
AcDbEntity
  8
1
  6
Continuous
 62
     7
370
    13
100
AcDbLine
 10
105.581892
 20
353.646939
 30
0.0
 11
105.617786
 21
353.374291
 31
0.0
  0
LINE
  5
240
330
1F
100
AcDbEntity
  8
1
  6
Continuous
 62
     7
370
    13
100
AcDbLine
 10
101.347169
 20
336.680243
 30
0.0
 11
102.279002
 21
340.157888
 31
0.0
  0
LINE
  5
241
330
1F
100
AcDbEntity
  8
1
  6
Continuous
 62
     7
370
    13
100
AcDbLine
 10
102.279002
 20
340.157888
 30
0.0
 11
104.93759
 21
340.157888
 31
0.0
  0
LINE
  5
242
330
1F
100
AcDbEntity
  8
1
  6
Continuous
 62
     7
370
    13
100
AcDbLine
 10
105.43759
 20
340.657888
 30
0.0
 11
105.43759
 21
342.257888
 31
0.0
  0
LINE
  5
243
330
1F
100
AcDbEntity
  8
1
  6
Continuous
 62
     7
370
    13
100
AcDbLine
 10
105.03759
 20
342.657888
 30
0.0
 11
104.162089
 21
342.657888
 31
0.0
  0
LINE
  5
244
330
1F
100
AcDbEntity
  8
1
  6
Continuous
 62
     7
370
    13
100
AcDbLine
 10
103.43759
 20
343.382388
 30
0.0
 11
103.43759
 21
346.177961
 31
0.0
  0
LINE
  5
245
330
1F
100
AcDbEntity
  8
1
  6
Continuous
 62
     7
370
    13
100
AcDbLine
 10
103.716847
 20
346.477243
 30
0.0
 11
104.138307
 21
346.506453
 31
0.0
  0
LINE
  5
246
330
1F
100
AcDbEntity
  8
1
  6
Continuous
 62
     7
370
    13
100
AcDbLine
 10
104.736872
 20
346.547938
 30
0.0
 11
105.338307
 21
346.589621
 31
0.0
  0
LINE
  5
247
330
1F
100
AcDbEntity
  8
1
  6
Continuous
 62
     7
370
    13
100
AcDbLine
 10
105.936872
 20
346.631106
 30
0.0
 11
106.538307
 21
346.67279
 31
0.0
  0
LINE
  5
248
330
1F
100
AcDbEntity
  8
1
  6
Continuous
 62
     7
370
    13
100
AcDbLine
 10
107.136872
 20
346.714274
 30
0.0
 11
107.738307
 21
346.755958
 31
0.0
  0
LINE
  5
249
330
1F
100
AcDbEntity
  8
1
  6
Continuous
 62
     7
370
    13
100
AcDbLine
 10
108.336872
 20
346.797443
 30
0.0
 11
108.938307
 21
346.839126
 31
0.0
  0
LINE
  5
24A
330
1F
100
AcDbEntity
  8
1
  6
Continuous
 62
     7
370
    13
100
AcDbLine
 10
109.536872
 20
346.880611
 30
0.0
 11
110.138307
 21
346.922295
 31
0.0
  0
LINE
  5
24B
330
1F
100
AcDbEntity
  8
1
  6
Continuous
 62
     7
370
    13
100
AcDbLine
 10
110.736872
 20
346.963779
 30
0.0
 11
111.338307
 21
347.005463
 31
0.0
  0
LINE
  5
24C
330
1F
100
AcDbEntity
  8
1
  6
Continuous
 62
     7
370
    13
100
AcDbLine
 10
111.936872
 20
347.046948
 30
0.0
 11
112.468448
 21
347.08379
 31
0.0
  0
LINE
  5
24D
330
1F
100
AcDbEntity
  8
1
  6
Continuous
 62
     7
370
    13
100
AcDbLine
 10
113.53759
 20
346.086183
 30
0.0
 11
113.53759
 21
343.382388
 31
0.0
  0
LINE
  5
24E
330
1F
100
AcDbEntity
  8
1
  6
Continuous
 62
     7
370
    13
100
AcDbLine
 10
112.81309
 20
342.657888
 30
0.0
 11
111.93759
 21
342.657888
 31
0.0
  0
LINE
  5
24F
330
1F
100
AcDbEntity
  8
1
  6
Continuous
 62
     7
370
    13
100
AcDbLine
 10
111.53759
 20
342.257888
 30
0.0
 11
111.53759
 21
340.657888
 31
0.0
  0
LINE
  5
250
330
1F
100
AcDbEntity
  8
1
  6
Continuous
 62
     7
370
    13
100
AcDbLine
 10
112.03759
 20
340.157888
 30
0.0
 11
115.48759
 21
340.157888
 31
0.0
  0
LINE
  5
251
330
1F
100
AcDbEntity
  8
1
  6
Continuous
 62
     7
370
    13
100
AcDbLine
 10
115.98759
 20
340.657888
 30
0.0
 11
115.98759
 21
342.057888
 31
0.0
  0
LINE
  5
252
330
1F
100
AcDbEntity
  8
1
  6
Continuous
 62
     7
370
    13
100
AcDbLine
 10
115.98759
 20
342.657888
 30
0.0
 11
115.98759
 21
343.257888
 31
0.0
  0
LINE
  5
253
330
1F
100
AcDbEntity
  8
1
  6
Continuous
 62
     7
370
    13
100
AcDbLine
 10
115.98759
 20
343.857888
 30
0.0
 11
115.98759
 21
344.457888
 31
0.0
  0
LINE
  5
254
330
1F
100
AcDbEntity
  8
1
  6
Continuous
 62
     7
370
    13
100
AcDbLine
 10
115.98759
 20
345.057888
 30
0.0
 11
115.98759
 21
345.657888
 31
0.0
  0
LINE
  5
255
330
1F
100
AcDbEntity
  8
1
  6
Continuous
 62
     7
370
    13
100
AcDbLine
 10
115.98759
 20
346.257888
 30
0.0
 11
115.98759
 21
346.857888
 31
0.0
  0
LINE
  5
256
330
1F
100
AcDbEntity
  8
1
  6
Continuous
 62
     7
370
    13
100
AcDbLine
 10
115.98759
 20
347.457888
 30
0.0
 11
115.98759
 21
350.746533
 31
0.0
  0
LINE
  5
257
330
1F
100
AcDbEntity
  8
1
  6
Continuous
 62
     7
370
    13
100
AcDbLine
 10
115.475973
 20
353.063002
 30
0.0
 11
114.017528
 21
356.203681
 31
0.0
  0
LINE
  5
258
330
1F
100
AcDbEntity
  8
1
  6
Continuous
 62
     7
370
    13
100
AcDbLine
 10
115.98759
 20
369.918558
 30
0.0
 11
115.98759
 21
490.957888
 31
0.0
  0
LINE
  5
259
330
1F
100
AcDbEntity
  8
1
  6
Continuous
 62
     7
370
    13
100
AcDbLine
 10
115.48759
 20
491.457888
 30
0.0
 11
113.48759
 21
491.457888
 31
0.0
  0
LINE
  5
25A
330
1F
100
AcDbEntity
  8
1
  6
Continuous
 62
     7
370
    13
100
AcDbLine
 10
112.98759
 20
490.957888
 30
0.0
 11
112.98759
 21
472.48137
 31
0.0
  0
LINE
  5
25B
330
1F
100
AcDbEntity
  8
1
  6
Continuous
 62
     7
370
    13
100
AcDbLine
 10
111.564971
 20
471.575062
 30
0.0
 11
103.587539
 21
475.295
 31
0.0
  0
LINE
  5
25C
330
1F
100
AcDbEntity
  8
1
  6
Continuous
 62
     7
370
    13
100
AcDbLine
 10
105.23759
 20
477.572045
 30
0.0
 11
105.23759
 21
478.457888
 31
0.0
  0
LINE
  5
25D
330
1F
100
AcDbEntity
  8
1
  6
Continuous
 62
     7
370
    13
100
AcDbLine
 10
100.28759
 20
474.233258
 30
0.0
 11
100.28759
 21
468.575519
 31
0.0
  0
LINE
  5
25E
330
1F
100
AcDbEntity
  8
1
  6
Continuous
 62
     7
370
    13
100
AcDbLine
 10
102.78759
 20
467.345793
 30
0.0
 11
102.78759
 21
471.573046
 31
0.0
  0
LINE
  5
25F
330
1F
100
AcDbEntity
  8
1
  6
Continuous
 62
     7
370
    13
100
AcDbLine
 10
103.498899
 20
472.0262
 30
0.0
 11
108.540559
 21
469.675235
 31
0.0
  0
LINE
  5
260
330
1F
100
AcDbEntity
  8
1
  6
Continuous
 62
     7
370
    13
100
AcDbLine
 10
109.084343
 20
469.421664
 30
0.0
 11
109.628128
 21
469.168093
 31
0.0
  0
LINE
  5
261
330
1F
100
AcDbEntity
  8
1
  6
Continuous
 62
     7
370
    13
100
AcDbLine
 10
110.171913
 20
468.914522
 30
0.0
 11
110.715697
 21
468.660951
 31
0.0
  0
LINE
  5
262
330
1F
100
AcDbEntity
  8
1
  6
Continuous
 62
     7
370
    13
100
AcDbLine
 10
111.259482
 20
468.40738
 30
0.0
 11
112.410208
 21
467.870788
 31
0.0
  0
LINE
  5
263
330
1F
100
AcDbEntity
  8
1
  6
Continuous
 62
     7
370
    13
100
AcDbLine
 10
112.98759
 20
466.96448
 30
0.0
 11
112.98759
 21
421.607888
 31
0.0
  0
LINE
  5
264
330
1F
100
AcDbEntity
  8
1
  6
Continuous
 62
     7
370
    13
100
AcDbLine
 10
112.98759
 20
421.607888
 30
0.0
 11
113.28759
 21
421.307888
 31
0.0
  0
LINE
  5
265
330
1F
100
AcDbEntity
  8
1
  6
Continuous
 62
     7
370
    13
100
AcDbLine
 10
113.28759
 20
421.307888
 30
0.0
 11
112.98759
 21
421.007888
 31
0.0
  0
LINE
  5
266
330
1F
100
AcDbEntity
  8
1
  6
Continuous
 62
     7
370
    13
100
AcDbLine
 10
112.98759
 20
421.007888
 30
0.0
 11
112.98759
 21
369.918558
 31
0.0
  0
LINE
  5
267
330
1F
100
AcDbEntity
  8
1
  6
Continuous
 62
     7
370
    13
100
AcDbLine
 10
102.240891
 20
367.90012
 30
0.0
 11
101.347169
 21
371.235534
 31
0.0
  0
LINE
  5
268
330
1F
100
AcDbEntity
  8
1
  6
Continuous
 62
     7
370
    13
100
AcDbLine
 10
101.057391
 20
371.457888
 30
0.0
 11
100.58759
 21
371.457888
 31
0.0
  0
LINE
  5
269
330
1F
100
AcDbEntity
  8
1
  6
Continuous
 62
     7
370
    13
100
AcDbLine
 10
100.28759
 20
371.157888
 30
0.0
 11
100.28759
 21
353.620934
 31
0.0
  0
LINE
  5
26A
330
1F
100
AcDbEntity
  8
1
  6
Continuous
 62
     7
370
    13
100
AcDbLine
 10
100.852853
 20
353.125212
 30
0.0
 11
101.107337
 21
353.158715
 31
0.0
  0
LINE
  5
26B
330
1F
100
AcDbEntity
  8
1
  6
Continuous
 62
     7
370
    13
100
AcDbLine
 10
101.219534
 20
353.072623
 30
0.0
 11
101.255429
 21
352.799976
 31
0.0
  0
LINE
  5
26C
330
1F
100
AcDbEntity
  8
1
  6
Continuous
 62
     7
370
    13
100
AcDbLine
 10
101.479823
 20
352.627792
 30
0.0
 11
101.737558
 21
352.661724
 31
0.0
  0
LINE
  5
26D
330
1F
100
AcDbEntity
  8
1
  6
Continuous
 62
     7
370
    13
100
AcDbLine
 10
101.906712
 20
352.816725
 30
0.0
 11
101.993686
 21
353.20904
 31
0.0
  0
LINE
  5
26E
330
1F
100
AcDbEntity
  8
1
  6
Continuous
 62
     7
370
    13
100
AcDbLine
 10
102.078263
 20
353.28654
 30
0.0
 11
102.197926
 21
353.302294
 31
0.0
  0
LINE
  5
26F
330
1F
100
AcDbEntity
  8
1
  6
Continuous
 62
     7
370
    13
100
AcDbLine
 10
104.154077
 20
349.440382
 30
0.0
 11
103.968528
 21
349.796818
 31
0.0
  0
LINE
  5
270
330
1F
100
AcDbEntity
  8
1
  6
Continuous
 62
     7
370
    13
100
AcDbLine
 10
102.997301
 20
352.960304
 30
0.0
 11
103.084275
 21
353.352618
 31
0.0
  0
LINE
  5
271
330
1F
100
AcDbEntity
  8
1
  6
Continuous
 62
     7
370
    13
100
AcDbLine
 10
103.168852
 20
353.430119
 30
0.0
 11
103.288516
 21
353.445873
 31
0.0
  0
LINE
  5
272
330
1F
100
AcDbEntity
  8
1
  6
Continuous
 62
     7
370
    13
100
AcDbLine
 10
104.08789
 20
353.103882
 30
0.0
 11
104.174864
 21
353.496197
 31
0.0
  0
LINE
  5
273
330
1F
100
AcDbEntity
  8
1
  6
Continuous
 62
     7
370
    13
100
AcDbLine
 10
103.400713
 20
353.359781
 30
0.0
 11
103.436608
 21
353.087134
 31
0.0
  0
LINE
  5
274
330
1F
100
AcDbEntity
  8
1
  6
Continuous
 62
     7
370
    13
100
AcDbLine
 10
106.269069
 20
353.39104
 30
0.0
 11
106.356043
 21
353.783355
 31
0.0
  0
LINE
  5
275
330
1F
100
AcDbEntity
  8
1
  6
Continuous
 62
     7
370
    13
100
AcDbLine
 10
105.17848
 20
353.247461
 30
0.0
 11
105.265454
 21
353.639776
 31
0.0
  0
LINE
  5
276
330
1F
100
AcDbEntity
  8
1
  6
Continuous
 62
     7
370
    13
100
AcDbLine
 10
107.531209
 20
354.004434
 30
0.0
 11
107.650873
 21
354.020188
 31
0.0
  0
LINE
  5
277
330
1F
100
AcDbEntity
  8
1
  6
Continuous
 62
     7
370
    13
100
AcDbLine
 10
108.023359
 20
353.489265
 30
0.0
 11
108.281094
 21
353.523197
 31
0.0
  0
LINE
  5
278
330
1F
100
AcDbEntity
  8
1
  6
Continuous
 62
     7
370
    13
100
AcDbLine
 10
106.44062
 20
353.860855
 30
0.0
 11
106.560284
 21
353.876609
 31
0.0
  0
LINE
  5
279
330
1F
100
AcDbEntity
  8
1
  6
Continuous
 62
     7
370
    13
100
AcDbLine
 10
107.76307
 20
353.934096
 30
0.0
 11
107.798965
 21
353.661449
 31
0.0
  0
LINE
  5
27A
330
1F
100
AcDbEntity
  8
1
  6
Continuous
 62
     7
370
    13
100
AcDbLine
 10
107.359658
 20
353.534619
 30
0.0
 11
107.446632
 21
353.926934
 31
0.0
  0
LINE
  5
27B
330
1F
100
AcDbEntity
  8
1
  6
Continuous
 62
     7
370
    13
100
AcDbLine
 10
106.93277
 20
353.345686
 30
0.0
 11
107.190504
 21
353.379618
 31
0.0
  0
LINE
  5
27C
330
1F
100
AcDbEntity
  8
1
  6
Continuous
 62
     7
370
    13
100
AcDbLine
 10
106.672481
 20
353.790518
 30
0.0
 11
106.708376
 21
353.51787
 31
0.0
  0
LINE
  5
27D
330
1F
100
AcDbEntity
  8
1
  6
Continuous
 62
     7
370
    13
100
AcDbLine
 10
103.661002
 20
352.91495
 30
0.0
 11
103.918736
 21
352.948881
 31
0.0
  0
LINE
  5
27E
330
1F
100
AcDbEntity
  8
1
  6
Continuous
 62
     7
370
    13
100
AcDbLine
 10
104.751591
 20
353.058529
 30
0.0
 11
105.009326
 21
353.09246
 31
0.0
  0
LINE
  5
27F
330
1F
100
AcDbEntity
  8
1
  6
Continuous
 62
     7
370
    13
100
AcDbLine
 10
104.491302
 20
353.50336
 30
0.0
 11
104.527197
 21
353.230713
 31
0.0
  0
LINE
  5
280
330
1F
100
AcDbEntity
  8
1
  6
Continuous
 62
     7
370
    13
100
AcDbLine
 10
104.259441
 20
353.573698
 30
0.0
 11
104.379105
 21
353.589452
 31
0.0
  0
LINE
  5
281
330
1F
100
AcDbEntity
  8
1
  6
Continuous
 62
     7
370
    13
100
AcDbLine
 10
105.84218
 20
353.202108
 30
0.0
 11
106.099915
 21
353.236039
 31
0.0
  0
LINE
  5
282
330
1F
100
AcDbEntity
  8
1
  6
Continuous
 62
     7
370
    13
100
AcDbLine
 10
105.350031
 20
353.717277
 30
0.0
 11
105.469694
 21
353.733031
 31
0.0
  0
LINE
  5
283
330
1F
100
AcDbEntity
  8
1
  6
Continuous
 62
     7
370
    13
100
AcDbLine
 10
100.58759
 20
336.457888
 30
0.0
 11
101.057391
 21
336.457888
 31
0.0
  0
LINE
  5
284
330
1F
100
AcDbEntity
  8
1
  6
Continuous
 62
     7
370
    13
100
AcDbLine
 10
112.68759
 20
421.962564
 30
0.0
 11
112.78759
 21
421.962564
 31
0.0
  0
LINE
  5
285
330
1F
100
AcDbEntity
  8
1
  6
Continuous
 62
     7
370
    13
100
AcDbLine
 10
112.68759
 20
424.357888
 30
0.0
 11
112.78759
 21
424.357888
 31
0.0
  0
LINE
  5
286
330
1F
100
AcDbEntity
  8
1
  6
Continuous
 62
     7
370
    13
100
AcDbLine
 10
112.68759
 20
424.129641
 30
0.0
 11
112.78759
 21
424.129641
 31
0.0
  0
LINE
  5
287
330
1F
100
AcDbEntity
  8
1
  6
Continuous
 62
     7
370
    13
100
AcDbLine
 10
112.787588
 20
424.390611
 30
0.0
 11
112.67509
 21
424.390611
 31
0.0
  0
LINE
  5
288
330
1F
100
AcDbEntity
  8
1
  6
Continuous
 62
     7
370
    13
100
AcDbLine
 10
112.67509
 20
421.928963
 30
0.0
 11
112.787588
 21
421.928963
 31
0.0
  0
LINE
  5
289
330
1F
100
AcDbEntity
  8
1
  6
Continuous
 62
     7
370
    13
100
AcDbLine
 10
112.68759
 20
418.979613
 30
0.0
 11
112.67509
 21
418.979613
 31
0.0
  0
LINE
  5
28A
330
1F
100
AcDbEntity
  8
1
  6
Continuous
 62
     7
370
    13
100
AcDbLine
 10
112.787588
 20
420.204675
 30
0.0
 11
112.67509
 21
420.204675
 31
0.0
  0
LINE
  5
28B
330
1F
100
AcDbEntity
  8
1
  6
Continuous
 62
     7
370
    13
100
AcDbLine
 10
112.88759
 20
375.996695
 30
0.0
 11
112.98759
 21
375.996695
 31
0.0
  0
LINE
  5
28C
330
1F
100
AcDbEntity
  8
1
  6
Continuous
 62
     7
370
    13
100
AcDbLine
 10
112.98759
 20
382.296695
 30
0.0
 11
112.88759
 21
382.296695
 31
0.0
  0
LINE
  5
28D
330
1F
100
AcDbEntity
  8
1
  6
Continuous
 62
     7
370
    13
100
AcDbLine
 10
112.78759
 20
434.079509
 30
0.0
 11
112.67509
 21
434.079509
 31
0.0
  0
LINE
  5
28E
330
1F
100
AcDbEntity
  8
1
  6
Continuous
 62
     7
370
    13
100
AcDbLine
 10
112.67509
 20
430.035631
 30
0.0
 11
112.78759
 21
430.035631
 31
0.0
  0
LINE
  5
28F
330
1F
100
AcDbEntity
  8
1
  6
Continuous
 62
     7
370
    13
100
AcDbLine
 10
112.68759
 20
433.197242
 30
0.0
 11
112.68759
 21
433.931642
 31
0.0
  0
LINE
  5
290
330
1F
100
AcDbEntity
  8
1
  6
Continuous
 62
     7
370
    13
100
AcDbLine
 10
112.68759
 20
433.931642
 30
0.0
 11
112.78759
 21
433.931642
 31
0.0
  0
LINE
  5
291
330
1F
100
AcDbEntity
  8
1
  6
Continuous
 62
     7
370
    13
100
AcDbLine
 10
112.78759
 20
434.069581
 30
0.0
 11
112.67509
 21
434.069581
 31
0.0
  0
LINE
  5
292
330
1F
100
AcDbEntity
  8
1
  6
Continuous
 62
     7
370
    13
100
AcDbLine
 10
112.68759
 20
433.197242
 30
0.0
 11
112.78759
 21
433.197242
 31
0.0
  0
LINE
  5
293
330
1F
100
AcDbEntity
  8
1
  6
Continuous
 62
     7
370
    13
100
AcDbLine
 10
112.67509
 20
430.039832
 30
0.0
 11
112.78759
 21
430.039832
 31
0.0
  0
LINE
  5
294
330
1F
100
AcDbEntity
  8
1
  6
Continuous
 62
     7
370
    13
100
AcDbLine
 10
112.78759
 20
396.307888
 30
0.0
 11
112.98759
 21
396.307888
 31
0.0
  0
LINE
  5
295
330
1F
100
AcDbEntity
  8
1
  6
Continuous
 62
     7
370
    13
100
AcDbLine
 10
112.98759
 20
421.007888
 30
0.0
 11
112.98759
 21
421.607888
 31
0.0
  0
LINE
  5
296
330
1F
100
AcDbEntity
  8
1
  6
Continuous
 62
     7
370
    13
100
AcDbLine
 10
112.78759
 20
398.307888
 30
0.0
 11
112.78759
 21
437.307888
 31
0.0
  0
LINE
  5
297
330
1F
100
AcDbEntity
  8
1
  6
Continuous
 62
     7
370
    25
100
AcDbLine
 10
112.78759
 20
398.307888
 30
0.0
 11
112.98759
 21
398.307888
 31
0.0
  0
LINE
  5
298
330
1F
100
AcDbEntity
  8
1
  6
Continuous
 62
     7
370
    13
100
AcDbLine
 10
112.78759
 20
439.307888
 30
0.0
 11
112.98759
 21
439.307888
 31
0.0
  0
LINE
  5
299
330
1F
100
AcDbEntity
  8
1
  6
Continuous
 62
     7
370
    25
100
AcDbLine
 10
112.78759
 20
437.307888
 30
0.0
 11
112.98759
 21
437.307888
 31
0.0
  0
LINE
  5
29A
330
1F
100
AcDbEntity
  8
1
  6
Continuous
 62
     7
370
    13
100
AcDbLine
 10
112.68759
 20
420.155106
 30
0.0
 11
112.78759
 21
420.155106
 31
0.0
  0
LINE
  5
29B
330
1F
100
AcDbEntity
  8
1
  6
Continuous
 62
     7
370
    13
100
AcDbLine
 10
112.68759
 20
416.960056
 30
0.0
 11
112.78759
 21
416.960056
 31
0.0
  0
LINE
  5
29C
330
1F
100
AcDbEntity
  8
1
  6
Continuous
 62
     7
370
    13
100
AcDbLine
 10
112.67509
 20
421.928712
 30
0.0
 11
112.787588
 21
421.928712
 31
0.0
  0
LINE
  5
29D
330
1F
100
AcDbEntity
  8
1
  6
Continuous
 62
     7
370
    13
100
AcDbLine
 10
112.787588
 20
424.391942
 30
0.0
 11
112.67509
 21
424.391942
 31
0.0
  0
LINE
  5
29E
330
1F
100
AcDbEntity
  8
1
  6
Continuous
 62
     7
370
    13
100
AcDbLine
 10
112.68759
 20
416.961165
 30
0.0
 11
112.78759
 21
416.961165
 31
0.0
  0
LINE
  5
29F
330
1F
100
AcDbEntity
  8
1
  6
Continuous
 62
     7
370
    13
100
AcDbLine
 10
112.68759
 20
420.153739
 30
0.0
 11
112.78759
 21
420.153739
 31
0.0
  0
LINE
  5
2A0
330
1F
100
AcDbEntity
  8
1
  6
Continuous
 62
     7
370
    13
100
AcDbLine
 10
112.787588
 20
420.204084
 30
0.0
 11
112.67509
 21
420.204084
 31
0.0
  0
LINE
  5
2A1
330
1F
100
AcDbEntity
  8
1
  6
Continuous
 62
     7
370
    13
100
AcDbLine
 10
112.787588
 20
420.202916
 30
0.0
 11
112.67509
 21
420.202916
 31
0.0
  0
LINE
  5
2A2
330
1F
100
AcDbEntity
  8
1
  6
Continuous
 62
     7
370
    13
100
AcDbLine
 10
112.67509
 20
418.138094
 30
0.0
 11
112.68759
 21
418.138094
 31
0.0
  0
LINE
  5
2A3
330
1F
100
AcDbEntity
  8
1
  6
Continuous
 62
     7
370
    13
100
AcDbLine
 10
112.67509
 20
418.783097
 30
0.0
 11
112.687591
 21
418.783097
 31
0.0
  0
LINE
  5
2A4
330
1F
100
AcDbEntity
  8
1
  6
Continuous
 62
     7
370
    13
100
AcDbLine
 10
112.687591
 20
419.904852
 30
0.0
 11
112.67509
 21
419.904852
 31
0.0
  0
LINE
  5
2A5
330
1F
100
AcDbEntity
  8
1
  6
Continuous
 62
     7
370
    13
100
AcDbLine
 10
112.787588
 20
420.200773
 30
0.0
 11
112.67509
 21
420.200773
 31
0.0
  0
LINE
  5
2A6
330
1F
100
AcDbEntity
  8
1
  6
Continuous
 62
     7
370
    13
100
AcDbLine
 10
112.68759
 20
420.155137
 30
0.0
 11
112.78759
 21
420.155137
 31
0.0
  0
LINE
  5
2A7
330
1F
100
AcDbEntity
  8
1
  6
Continuous
 62
     7
370
    13
100
AcDbLine
 10
112.68759
 20
418.992727
 30
0.0
 11
112.67509
 21
418.992727
 31
0.0
  0
LINE
  5
2A8
330
1F
100
AcDbEntity
  8
1
  6
Continuous
 62
     7
370
    13
100
AcDbLine
 10
112.787588
 20
420.202686
 30
0.0
 11
112.67509
 21
420.202686
 31
0.0
  0
LINE
  5
2A9
330
1F
100
AcDbEntity
  8
1
  6
Continuous
 62
     7
370
    13
100
AcDbLine
 10
102.310123
 20
353.216202
 30
0.0
 11
102.346018
 21
352.943555
 31
0.0
  0
LINE
  5
2AA
330
1F
100
AcDbEntity
  8
1
  6
Continuous
 62
     7
370
    13
100
AcDbLine
 10
102.570412
 20
352.771371
 30
0.0
 11
102.828147
 21
352.805303
 31
0.0
  0
LINE
  5
2AB
330
1F
100
AcDbEntity
  8
1
  6
Continuous
 62
     7
370
    13
100
AcDbLine
 10
112.67509
 20
416.914099
 30
0.0
 11
112.787588
 21
416.914099
 31
0.0
  0
LINE
  5
2AC
330
1F
100
AcDbEntity
  8
1
  6
Continuous
 62
     7
370
    13
100
AcDbLine
 10
660.307115
 20
214.439112
 30
0.0
 11
660.307115
 21
213.016494
 31
0.0
  0
LINE
  5
2AD
330
1F
100
AcDbEntity
  8
1
  6
Continuous
 62
     7
370
    13
100
AcDbLine
 10
177.707115
 20
214.439112
 30
0.0
 11
177.707115
 21
213.016494
 31
0.0
  0
LINE
  5
2AE
330
1F
100
AcDbEntity
  8
1
  6
Continuous
 62
     7
370
    13
100
AcDbLine
 10
660.307115
 20
205.344668
 30
0.0
 11
660.307115
 21
201.739112
 31
0.0
  0
LINE
  5
2AF
330
1F
100
AcDbEntity
  8
1
  6
Continuous
 62
     7
370
    13
100
AcDbLine
 10
177.707115
 20
205.344668
 30
0.0
 11
177.707115
 21
201.739112
 31
0.0
  0
LINE
  5
2B0
330
1F
100
AcDbEntity
  8
1
  6
Continuous
 62
     7
370
    13
100
AcDbLine
 10
660.307115
 20
206.689112
 30
0.0
 11
660.307115
 21
205.344668
 31
0.0
  0
LINE
  5
2B1
330
1F
100
AcDbEntity
  8
1
  6
Continuous
 62
     7
370
    13
100
AcDbLine
 10
177.707115
 20
206.689112
 30
0.0
 11
177.707115
 21
205.344668
 31
0.0
  0
LINE
  5
2B2
330
1F
100
AcDbEntity
  8
1
  6
Continuous
 62
     7
370
    13
100
AcDbLine
 10
660.307115
 20
214.939112
 30
0.0
 11
660.307115
 21
214.439112
 31
0.0
  0
LINE
  5
2B3
330
1F
100
AcDbEntity
  8
1
  6
Continuous
 62
     7
370
    13
100
AcDbLine
 10
177.707115
 20
214.939112
 30
0.0
 11
177.707115
 21
214.439112
 31
0.0
  0
LINE
  5
2B4
330
1F
100
AcDbEntity
  8
1
  6
Continuous
 62
     7
370
    13
100
AcDbLine
 10
660.307115
 20
217.439112
 30
0.0
 11
660.307115
 21
216.939112
 31
0.0
  0
LINE
  5
2B5
330
1F
100
AcDbEntity
  8
1
  6
Continuous
 62
     7
370
    13
100
AcDbLine
 10
177.707115
 20
217.439112
 30
0.0
 11
177.707115
 21
216.939112
 31
0.0
  0
LINE
  5
2B6
330
1F
100
AcDbEntity
  8
1
  6
Continuous
 62
     7
370
    13
100
AcDbLine
 10
660.307115
 20
216.939112
 30
0.0
 11
660.307115
 21
214.939112
 31
0.0
  0
LINE
  5
2B7
330
1F
100
AcDbEntity
  8
1
  6
Continuous
 62
     7
370
    13
100
AcDbLine
 10
177.707115
 20
216.939112
 30
0.0
 11
177.707115
 21
214.939112
 31
0.0
  0
LINE
  5
2B8
330
1F
100
AcDbEntity
  8
1
  6
Continuous
 62
     7
370
    25
100
AcDbLine
 10
660.307115
 20
214.939112
 30
0.0
 11
177.707115
 21
214.939112
 31
0.0
  0
LINE
  5
2B9
330
1F
100
AcDbEntity
  8
1
  6
Continuous
 62
     7
370
    25
100
AcDbLine
 10
660.307115
 20
216.939112
 30
0.0
 11
177.707115
 21
216.939112
 31
0.0
  0
LINE
  5
2BA
330
1F
100
AcDbEntity
  8
1
  6
Continuous
 62
     7
370
    13
100
AcDbLine
 10
660.307115
 20
213.016494
 30
0.0
 11
660.307115
 21
206.689144
 31
0.0
  0
LINE
  5
2BB
330
1F
100
AcDbEntity
  8
1
  6
Continuous
 62
     7
370
    13
100
AcDbLine
 10
177.707115
 20
213.016494
 30
0.0
 11
177.707115
 21
206.689144
 31
0.0
  0
LINE
  5
2BC
330
1F
100
AcDbEntity
  8
1
  6
Continuous
 62
     7
370
    25
100
AcDbLine
 10
660.307115
 20
213.016494
 30
0.0
 11
177.707115
 21
213.016494
 31
0.0
  0
LINE
  5
2BD
330
1F
100
AcDbEntity
  8
1
  6
Continuous
 62
     7
370
    13
100
AcDbLine
 10
660.307115
 20
201.739112
 30
0.0
 11
177.707115
 21
201.739112
 31
0.0
  0
LINE
  5
2BE
330
1F
100
AcDbEntity
  8
1
  6
Continuous
 62
     7
370
    25
100
AcDbLine
 10
660.307115
 20
205.344668
 30
0.0
 11
177.707115
 21
205.344668
 31
0.0
  0
LINE
  5
2BF
330
1F
100
AcDbEntity
  8
1
  6
Continuous
 62
     7
370
    13
100
AcDbLine
 10
660.307115
 20
214.439112
 30
0.0
 11
177.707115
 21
214.439112
 31
0.0
  0
LINE
  5
2C0
330
1F
100
AcDbEntity
  8
1
  6
Continuous
 62
     7
370
    13
100
AcDbLine
 10
660.307115
 20
217.439112
 30
0.0
 11
177.707115
 21
217.439112
 31
0.0
  0
LINE
  5
2C1
330
1F
100
AcDbEntity
  8
1
  6
Continuous
 62
     7
370
    13
100
AcDbLine
 10
660.307115
 20
206.689112
 30
0.0
 11
177.707115
 21
206.689112
 31
0.0
  0
LINE
  5
2C2
102
{ACAD_REACTORS
330
57C
102
}
330
1F
100
AcDbEntity
  8
201
  6
Continuous
 62
     7
370
    18
100
AcDbLine
 10
722.862295
 20
21.496912
 30
0.0
 11
722.862295
 21
16.743642
 31
0.0
  0
LINE
  5
2C4
102
{ACAD_REACTORS
330
57C
102
}
330
1F
100
AcDbEntity
  8
201
  6
Continuous
 62
     7
370
    18
100
AcDbLine
 10
721.483847
 20
19.833267
 30
0.0
 11
721.483847
 21
16.743642
 31
0.0
  0
LINE
  5
2C5
102
{ACAD_REACTORS
330
57C
102
}
330
1F
100
AcDbEntity
  8
201
  6
Continuous
 62
     7
370
    18
100
AcDbLine
 10
717.966428
 20
16.743642
 30
0.0
 11
717.966428
 21
19.785735
 31
0.0
  0
LINE
  5
2C6
102
{ACAD_REACTORS
330
57C
102
}
330
1F
100
AcDbEntity
  8
201
  6
Continuous
 62
     7
370
    18
100
AcDbLine
 10
717.015774
 20
16.743642
 30
0.0
 11
717.015774
 21
21.496912
 31
0.0
  0
LINE
  5
2C7
102
{ACAD_REACTORS
330
57C
102
}
330
1F
100
AcDbEntity
  8
201
  6
Continuous
 62
     7
370
    18
100
AcDbLine
 10
716.207719
 20
17.646764
 30
0.0
 11
716.207719
 21
16.743642
 31
0.0
  0
LINE
  5
2C8
102
{ACAD_REACTORS
330
57C
102
}
330
1F
100
AcDbEntity
  8
201
  6
Continuous
 62
     7
370
    18
100
AcDbLine
 10
716.160186
 20
21.496912
 30
0.0
 11
716.160186
 21
20.617557
 31
0.0
  0
LINE
  5
2C9
102
{ACAD_REACTORS
330
57C
102
}
330
1F
100
AcDbEntity
  8
201
  6
Continuous
 62
     7
370
    18
100
AcDbLine
 10
715.87499
 20
19.548071
 30
0.0
 11
715.87499
 21
18.763782
 31
0.0
  0
LINE
  5
2CA
102
{ACAD_REACTORS
330
57C
102
}
330
1F
100
AcDbEntity
  8
201
  6
Continuous
 62
     7
370
    18
100
AcDbLine
 10
714.021215
 20
18.763782
 30
0.0
 11
714.021215
 21
17.646764
 31
0.0
  0
LINE
  5
2CB
102
{ACAD_REACTORS
330
57C
102
}
330
1F
100
AcDbEntity
  8
201
  6
Continuous
 62
     7
370
    18
100
AcDbLine
 10
714.021215
 20
20.617557
 30
0.0
 11
714.021215
 21
19.548071
 31
0.0
  0
LINE
  5
2CC
102
{ACAD_REACTORS
330
57C
102
}
330
1F
100
AcDbEntity
  8
201
  6
Continuous
 62
     7
370
    18
100
AcDbLine
 10
712.642767
 20
21.496912
 30
0.0
 11
712.642767
 21
16.743642
 31
0.0
  0
LINE
  5
2CD
102
{ACAD_REACTORS
330
57C
102
}
330
1F
100
AcDbEntity
  8
201
  6
Continuous
 62
     7
370
    18
100
AcDbLine
 10
711.549515
 20
21.496912
 30
0.0
 11
711.549515
 21
16.743642
 31
0.0
  0
LINE
  5
2CE
102
{ACAD_REACTORS
330
57C
102
}
330
1F
100
AcDbEntity
  8
201
  6
Continuous
 62
     7
370
    18
100
AcDbLine
 10
710.123534
 20
21.496912
 30
0.0
 11
710.123534
 21
16.743642
 31
0.0
  0
LINE
  5
2CF
102
{ACAD_REACTORS
330
57C
102
}
330
1F
100
AcDbEntity
  8
201
  6
Continuous
 62
     7
370
    18
100
AcDbLine
 10
709.030282
 20
20.498725
 30
0.0
 11
709.030282
 21
21.449379
 31
0.0
  0
LINE
  5
2D0
102
{ACAD_REACTORS
330
57C
102
}
330
1F
100
AcDbEntity
  8
201
  6
Continuous
 62
     7
370
    18
100
AcDbLine
 10
705.702994
 20
16.838708
 30
0.0
 11
705.702994
 21
17.789362
 31
0.0
  0
LINE
  5
2D1
102
{ACAD_REACTORS
330
57C
102
}
330
1F
100
AcDbEntity
  8
201
  6
Continuous
 62
     7
370
    18
100
AcDbLine
 10
696.0
 20
10.0
 30
0.0
 11
696.0
 21
28.0
 31
0.0
  0
LINE
  5
2D2
102
{ACAD_REACTORS
330
57C
102
}
330
1F
100
AcDbEntity
  8
201
  6
CENTER
 62
     7
370
    18
100
AcDbLine
 10
686.008229
 20
11.907216
 30
0.0
 11
686.008229
 21
23.190602
 31
0.0
  0
LINE
  5
2D3
102
{ACAD_REACTORS
330
57C
102
}
330
1F
100
AcDbEntity
  8
201
  6
Continuous
 62
     7
370
    18
100
AcDbLine
 10
679.508229
 20
22.628697
 30
0.0
 11
679.508229
 21
12.628697
 31
0.0
  0
LINE
  5
2D4
102
{ACAD_REACTORS
330
57C
102
}
330
1F
100
AcDbEntity
  8
201
  6
Continuous
 62
     7
370
    18
100
AcDbLine
 10
669.50823
 20
20.128697
 30
0.0
 11
669.50823
 21
15.128697
 31
0.0
  0
LINE
  5
2D5
102
{ACAD_REACTORS
330
57C
102
}
330
1F
100
AcDbEntity
  8
201
  6
Continuous
 62
     7
370
    18
100
AcDbLine
 10
718.726951
 20
21.496912
 30
0.0
 11
719.962801
 21
18.597417
 31
0.0
  0
LINE
  5
2D6
102
{ACAD_REACTORS
330
57C
102
}
330
1F
100
AcDbEntity
  8
201
  6
Continuous
 62
     7
370
    18
100
AcDbLine
 10
719.297343
 20
16.69611
 30
0.0
 11
717.966428
 21
19.785735
 31
0.0
  0
LINE
  5
2D7
102
{ACAD_REACTORS
330
57C
102
}
330
1F
100
AcDbEntity
  8
201
  6
Continuous
 62
     7
370
    18
100
AcDbLine
 10
730.966619
 20
16.743642
 30
0.0
 11
729.255442
 21
19.785735
 31
0.0
  0
LINE
  5
2D8
102
{ACAD_REACTORS
330
57C
102
}
330
1F
100
AcDbEntity
  8
201
  6
Continuous
 62
     7
370
    18
100
AcDbLine
 10
729.849601
 20
21.496912
 30
0.0
 11
731.537011
 21
18.549885
 31
0.0
  0
LINE
  5
2D9
102
{ACAD_REACTORS
330
57C
102
}
330
1F
100
AcDbEntity
  8
201
  6
Continuous
 62
     7
370
    18
100
AcDbLine
 10
669.50823
 20
15.128697
 30
0.0
 11
679.508229
 21
12.628697
 31
0.0
  0
LINE
  5
2DA
102
{ACAD_REACTORS
330
57C
102
}
330
1F
100
AcDbEntity
  8
201
  6
Continuous
 62
     7
370
    18
100
AcDbLine
 10
696.0
 20
28.0
 30
0.0
 11
831.0
 21
28.0
 31
0.0
  0
LINE
  5
2DB
102
{ACAD_REACTORS
330
57C
102
}
330
1F
100
AcDbEntity
  8
201
  6
Continuous
 62
     7
370
    18
100
AcDbLine
 10
710.123534
 20
21.496912
 30
0.0
 11
711.549515
 21
21.496912
 31
0.0
  0
LINE
  5
2DC
102
{ACAD_REACTORS
330
57C
102
}
330
1F
100
AcDbEntity
  8
201
  6
Continuous
 62
     7
370
    18
100
AcDbLine
 10
716.160186
 20
21.496912
 30
0.0
 11
712.642767
 21
21.496912
 31
0.0
  0
LINE
  5
2DD
102
{ACAD_REACTORS
330
57C
102
}
330
1F
100
AcDbEntity
  8
201
  6
Continuous
 62
     7
370
    18
100
AcDbLine
 10
718.726951
 20
21.496912
 30
0.0
 11
717.015774
 21
21.496912
 31
0.0
  0
LINE
  5
2DE
102
{ACAD_REACTORS
330
57C
102
}
330
1F
100
AcDbEntity
  8
201
  6
Continuous
 62
     7
370
    18
100
AcDbLine
 10
722.862295
 20
21.496912
 30
0.0
 11
721.151118
 21
21.496912
 31
0.0
  0
LINE
  5
2DF
102
{ACAD_REACTORS
330
57C
102
}
330
1F
100
AcDbEntity
  8
201
  6
Continuous
 62
     7
370
    18
100
AcDbLine
 10
727.472966
 20
21.496912
 30
0.0
 11
723.955547
 21
21.496912
 31
0.0
  0
LINE
  5
2E0
102
{ACAD_REACTORS
330
57C
102
}
330
1F
100
AcDbEntity
  8
201
  6
Continuous
 62
     7
370
    18
100
AcDbLine
 10
729.849601
 20
21.496912
 30
0.0
 11
728.304788
 21
21.496912
 31
0.0
  0
LINE
  5
2E1
102
{ACAD_REACTORS
330
57C
102
}
330
1F
100
AcDbEntity
  8
201
  6
Continuous
 62
     7
370
    18
100
AcDbLine
 10
732.487665
 20
21.496912
 30
0.0
 11
731.537011
 21
21.496912
 31
0.0
  0
LINE
  5
2E2
102
{ACAD_REACTORS
330
57C
102
}
330
1F
100
AcDbEntity
  8
201
  6
Continuous
 62
     7
370
    18
100
AcDbLine
 10
716.160186
 20
20.617557
 30
0.0
 11
714.021215
 21
20.617557
 31
0.0
  0
LINE
  5
2E3
102
{ACAD_REACTORS
330
57C
102
}
330
1F
100
AcDbEntity
  8
201
  6
Continuous
 62
     7
370
    18
100
AcDbLine
 10
727.472966
 20
20.617557
 30
0.0
 11
725.333995
 21
20.617557
 31
0.0
  0
LINE
  5
2E4
102
{ACAD_REACTORS
330
57C
102
}
330
1F
100
AcDbEntity
  8
201
  6
Continuous
 62
     7
370
    18
100
AcDbLine
 10
715.87499
 20
19.548071
 30
0.0
 11
714.021215
 21
19.548071
 31
0.0
  0
LINE
  5
2E5
102
{ACAD_REACTORS
330
57C
102
}
330
1F
100
AcDbEntity
  8
201
  6
Continuous
 62
     7
370
    18
100
AcDbLine
 10
727.18777
 20
19.548071
 30
0.0
 11
725.333995
 21
19.548071
 31
0.0
  0
LINE
  5
2E6
102
{ACAD_REACTORS
330
57C
102
}
330
1F
100
AcDbEntity
  8
201
  6
Continuous
 62
     7
370
    18
100
AcDbLine
 10
715.87499
 20
18.763782
 30
0.0
 11
714.021215
 21
18.763782
 31
0.0
  0
LINE
  5
2E7
102
{ACAD_REACTORS
330
57C
102
}
330
1F
100
AcDbEntity
  8
201
  6
Continuous
 62
     7
370
    18
100
AcDbLine
 10
841.0
 20
0.0
 30
0.0
 11
841.0
 21
594.0
 31
0.0
  0
LINE
  5
2E8
102
{ACAD_REACTORS
330
57C
102
}
330
1F
100
AcDbEntity
  8
201
  6
Continuous
 62
     7
370
    18
100
AcDbLine
 10
841.0
 20
594.0
 30
0.0
 11
0.0
 21
594.0
 31
0.0
  0
LINE
  5
2E9
102
{ACAD_REACTORS
330
57C
102
}
330
1F
100
AcDbEntity
  8
201
  6
Continuous
 62
     7
370
    18
100
AcDbLine
 10
836.0
 20
5.0
 30
0.0
 11
836.0
 21
589.0
 31
0.0
  0
LINE
  5
2EA
102
{ACAD_REACTORS
330
57C
102
}
330
1F
100
AcDbEntity
  8
201
  6
Continuous
 62
     7
370
    18
100
AcDbLine
 10
836.0
 20
589.0
 30
0.0
 11
5.0
 21
589.0
 31
0.0
  0
LINE
  5
2EB
102
{ACAD_REACTORS
330
57C
102
}
330
1F
100
AcDbEntity
  8
201
  6
Continuous
 62
     7
370
    18
100
AcDbLine
 10
0.0
 20
0.0
 30
0.0
 11
841.0
 21
0.0
 31
0.0
  0
LINE
  5
2EC
102
{ACAD_REACTORS
330
57C
102
}
330
1F
100
AcDbEntity
  8
201
  6
Continuous
 62
     7
370
    18
100
AcDbLine
 10
5.0
 20
5.0
 30
0.0
 11
836.0
 21
5.0
 31
0.0
  0
LINE
  5
2ED
102
{ACAD_REACTORS
330
57C
102
}
330
1F
100
AcDbEntity
  8
201
  6
Continuous
 62
     7
370
    18
100
AcDbLine
 10
5.0
 20
589.0
 30
0.0
 11
5.0
 21
5.0
 31
0.0
  0
LINE
  5
2EE
102
{ACAD_REACTORS
330
57C
102
}
330
1F
100
AcDbEntity
  8
201
  6
Continuous
 62
     7
370
    18
100
AcDbLine
 10
0.0
 20
594.0
 30
0.0
 11
0.0
 21
0.0
 31
0.0
  0
LINE
  5
2EF
102
{ACAD_REACTORS
330
57C
102
}
330
1F
100
AcDbEntity
  8
201
  6
Continuous
 62
     7
370
    18
100
AcDbLine
 10
831.0
 20
10.0
 30
0.0
 11
831.0
 21
28.0
 31
0.0
  0
LINE
  5
2F0
102
{ACAD_REACTORS
330
57C
102
}
330
1F
100
AcDbEntity
  8
201
  6
Continuous
 62
     7
370
    18
100
AcDbLine
 10
788.5
 20
10.0
 30
0.0
 11
788.5
 21
16.0
 31
0.0
  0
LINE
  5
2F1
102
{ACAD_REACTORS
330
57C
102
}
330
1F
100
AcDbEntity
  8
201
  6
Continuous
 62
     7
370
    18
100
AcDbLine
 10
705.894822
 20
20.916106
 30
0.0
 11
706.168888
 21
21.190179
 31
0.0
  0
LINE
  5
2F2
102
{ACAD_REACTORS
330
57C
102
}
330
1F
100
AcDbEntity
  8
201
  6
Continuous
 62
     7
370
    18
100
AcDbLine
 10
721.483847
 20
19.833267
 30
0.0
 11
720.152932
 21
16.69611
 31
0.0
  0
LINE
  5
2F3
102
{ACAD_REACTORS
330
57C
102
}
330
1F
100
AcDbEntity
  8
201
  6
Continuous
 62
     7
370
    18
100
AcDbLine
 10
721.151118
 20
21.496912
 30
0.0
 11
719.962801
 21
18.597417
 31
0.0
  0
LINE
  5
2F4
102
{ACAD_REACTORS
330
57C
102
}
330
1F
100
AcDbEntity
  8
201
  6
Continuous
 62
     7
370
    18
100
AcDbLine
 10
746.0
 20
10.0
 30
0.0
 11
746.0
 21
28.0
 31
0.0
  0
LINE
  5
2F5
102
{ACAD_REACTORS
330
57C
102
}
330
1F
100
AcDbEntity
  8
201
  6
Continuous
 62
     7
370
    18
100
AcDbLine
 10
736.623009
 20
20.498725
 30
0.0
 11
736.623009
 21
21.449379
 31
0.0
  0
LINE
  5
2F6
102
{ACAD_REACTORS
330
57C
102
}
330
1F
100
AcDbEntity
  8
201
  6
Continuous
 62
     7
370
    18
100
AcDbLine
 10
733.295721
 20
16.838708
 30
0.0
 11
733.295721
 21
17.789362
 31
0.0
  0
LINE
  5
2F7
102
{ACAD_REACTORS
330
57C
102
}
330
1F
100
AcDbEntity
  8
201
  6
Continuous
 62
     7
370
    18
100
AcDbLine
 10
732.487665
 20
21.496912
 30
0.0
 11
732.487665
 21
16.743642
 31
0.0
  0
LINE
  5
2F8
102
{ACAD_REACTORS
330
57C
102
}
330
1F
100
AcDbEntity
  8
201
  6
Continuous
 62
     7
370
    18
100
AcDbLine
 10
731.537011
 20
21.496912
 30
0.0
 11
731.537011
 21
18.549885
 31
0.0
  0
LINE
  5
2F9
102
{ACAD_REACTORS
330
57C
102
}
330
1F
100
AcDbEntity
  8
201
  6
Continuous
 62
     7
370
    18
100
AcDbLine
 10
729.255442
 20
16.743642
 30
0.0
 11
729.255442
 21
19.785735
 31
0.0
  0
LINE
  5
2FA
102
{ACAD_REACTORS
330
57C
102
}
330
1F
100
AcDbEntity
  8
201
  6
Continuous
 62
     7
370
    18
100
AcDbLine
 10
728.304788
 20
16.743642
 30
0.0
 11
728.304788
 21
21.496912
 31
0.0
  0
LINE
  5
2FB
102
{ACAD_REACTORS
330
57C
102
}
330
1F
100
AcDbEntity
  8
201
  6
Continuous
 62
     7
370
    18
100
AcDbLine
 10
727.520499
 20
17.646764
 30
0.0
 11
727.520499
 21
16.743642
 31
0.0
  0
LINE
  5
2FC
102
{ACAD_REACTORS
330
57C
102
}
330
1F
100
AcDbEntity
  8
201
  6
Continuous
 62
     7
370
    18
100
AcDbLine
 10
727.472966
 20
21.496912
 30
0.0
 11
727.472966
 21
20.617557
 31
0.0
  0
LINE
  5
2FD
102
{ACAD_REACTORS
330
57C
102
}
330
1F
100
AcDbEntity
  8
201
  6
Continuous
 62
     7
370
    18
100
AcDbLine
 10
727.18777
 20
19.548071
 30
0.0
 11
727.18777
 21
18.763782
 31
0.0
  0
LINE
  5
2FE
102
{ACAD_REACTORS
330
57C
102
}
330
1F
100
AcDbEntity
  8
201
  6
Continuous
 62
     7
370
    18
100
AcDbLine
 10
725.333995
 20
18.763782
 30
0.0
 11
725.333995
 21
17.646764
 31
0.0
  0
LINE
  5
2FF
102
{ACAD_REACTORS
330
57C
102
}
330
1F
100
AcDbEntity
  8
201
  6
Continuous
 62
     7
370
    18
100
AcDbLine
 10
725.333995
 20
20.617557
 30
0.0
 11
725.333995
 21
19.548071
 31
0.0
  0
LINE
  5
300
102
{ACAD_REACTORS
330
57C
102
}
330
1F
100
AcDbEntity
  8
201
  6
Continuous
 62
     7
370
    18
100
AcDbLine
 10
723.955547
 20
21.496912
 30
0.0
 11
723.955547
 21
16.743642
 31
0.0
  0
LINE
  5
301
102
{ACAD_REACTORS
330
57C
102
}
330
1F
100
AcDbEntity
  8
201
  6
Continuous
 62
     7
370
    18
100
AcDbLine
 10
727.18777
 20
18.763782
 30
0.0
 11
725.333995
 21
18.763782
 31
0.0
  0
LINE
  5
302
102
{ACAD_REACTORS
330
57C
102
}
330
1F
100
AcDbEntity
  8
201
  6
Continuous
 62
     7
370
    18
100
AcDbLine
 10
716.207719
 20
17.646764
 30
0.0
 11
714.021215
 21
17.646764
 31
0.0
  0
LINE
  5
303
102
{ACAD_REACTORS
330
57C
102
}
330
1F
100
AcDbEntity
  8
201
  6
Continuous
 62
     7
370
    18
100
AcDbLine
 10
727.520499
 20
17.646764
 30
0.0
 11
725.333995
 21
17.646764
 31
0.0
  0
LINE
  5
304
102
{ACAD_REACTORS
330
57C
102
}
330
1F
100
AcDbEntity
  8
201
  6
CENTER
 62
     7
370
    18
100
AcDbLine
 10
668.228719
 20
17.628697
 30
0.0
 11
691.830708
 21
17.628697
 31
0.0
  0
LINE
  5
305
102
{ACAD_REACTORS
330
57C
102
}
330
1F
100
AcDbEntity
  8
201
  6
Continuous
 62
     7
370
    18
100
AcDbLine
 10
728.304788
 20
16.743642
 30
0.0
 11
729.255442
 21
16.743642
 31
0.0
  0
LINE
  5
306
102
{ACAD_REACTORS
330
57C
102
}
330
1F
100
AcDbEntity
  8
201
  6
Continuous
 62
     7
370
    18
100
AcDbLine
 10
723.955547
 20
16.743642
 30
0.0
 11
727.520499
 21
16.743642
 31
0.0
  0
LINE
  5
307
102
{ACAD_REACTORS
330
57C
102
}
330
1F
100
AcDbEntity
  8
201
  6
Continuous
 62
     7
370
    18
100
AcDbLine
 10
717.015774
 20
16.743642
 30
0.0
 11
717.966428
 21
16.743642
 31
0.0
  0
LINE
  5
308
102
{ACAD_REACTORS
330
57C
102
}
330
1F
100
AcDbEntity
  8
201
  6
Continuous
 62
     7
370
    18
100
AcDbLine
 10
712.642767
 20
16.743642
 30
0.0
 11
716.207719
 21
16.743642
 31
0.0
  0
LINE
  5
309
102
{ACAD_REACTORS
330
57C
102
}
330
1F
100
AcDbEntity
  8
201
  6
Continuous
 62
     7
370
    18
100
AcDbLine
 10
710.123534
 20
16.743642
 30
0.0
 11
711.549515
 21
16.743642
 31
0.0
  0
LINE
  5
30A
102
{ACAD_REACTORS
330
57C
102
}
330
1F
100
AcDbEntity
  8
201
  6
Continuous
 62
     7
370
    18
100
AcDbLine
 10
722.862295
 20
16.743642
 30
0.0
 11
721.483847
 21
16.743642
 31
0.0
  0
LINE
  5
30B
102
{ACAD_REACTORS
330
57C
102
}
330
1F
100
AcDbEntity
  8
201
  6
Continuous
 62
     7
370
    18
100
AcDbLine
 10
732.487665
 20
16.743642
 30
0.0
 11
730.966619
 21
16.743642
 31
0.0
  0
LINE
  5
30C
102
{ACAD_REACTORS
330
57C
102
}
330
1F
100
AcDbEntity
  8
201
  6
Continuous
 62
     7
370
    18
100
AcDbLine
 10
719.297343
 20
16.69611
 30
0.0
 11
720.152932
 21
16.69611
 31
0.0
  0
LINE
  5
30D
102
{ACAD_REACTORS
330
57C
102
}
330
1F
100
AcDbEntity
  8
201
  6
Continuous
 62
     7
370
    18
100
AcDbLine
 10
746.0
 20
16.0
 30
0.0
 11
831.0
 21
16.0
 31
0.0
  0
LINE
  5
30E
102
{ACAD_REACTORS
330
57C
102
}
330
1F
100
AcDbEntity
  8
201
  6
Continuous
 62
     7
370
    18
100
AcDbLine
 10
696.0
 20
10.0
 30
0.0
 11
831.0
 21
10.0
 31
0.0
  0
LINE
  5
30F
102
{ACAD_REACTORS
330
57C
102
}
330
1F
100
AcDbEntity
  8
201
  6
Continuous
 62
     7
370
    18
100
AcDbLine
 10
669.50823
 20
20.128697
 30
0.0
 11
679.508229
 21
22.628697
 31
0.0
  0
ARC
  5
310
330
1F
100
AcDbEntity
  8
1
  6
Continuous
 62
     7
370
    13
100
AcDbCircle
 10
186.007115
 20
421.307888
 30
0.0
 40
5.100000000000268
100
AcDbArc
 50
183.372287
 51
221.810315
  0
ARC
  5
311
330
1F
100
AcDbEntity
  8
1
  6
Continuous
 62
     7
370
    13
100
AcDbCircle
 10
652.007115
 20
421.307888
 30
0.0
 40
5.100000000000369
100
AcDbArc
 50
318.189685
 51
356.627713
  0
ARC
  5
312
330
1F
100
AcDbEntity
  8
1
  6
Continuous
 62
     7
370
    13
100
AcDbCircle
 10
652.007115
 20
421.307888
 30
0.0
 40
5.100000000000327
100
AcDbArc
 50
138.189685
 51
176.627713
  0
ARC
  5
313
330
1F
100
AcDbEntity
  8
1
  6
Continuous
 62
     7
370
    13
100
AcDbCircle
 10
652.007115
 20
421.307888
 30
0.0
 40
5.100000000000369
100
AcDbArc
 50
3.372287
 51
41.810315
  0
ARC
  5
314
330
1F
100
AcDbEntity
  8
1
  6
Continuous
 62
     7
370
    13
100
AcDbCircle
 10
186.007115
 20
421.307888
 30
0.0
 40
5.100000000000268
100
AcDbArc
 50
138.189685
 51
176.627713
  0
CIRCLE
  5
315
330
1F
100
AcDbEntity
  8
1
  6
Continuous
 62
     7
370
    13
100
AcDbCircle
 10
186.00463
 20
379.146695
 30
0.0
 40
3.150000000000006
  0
CIRCLE
  5
316
330
1F
100
AcDbEntity
  8
1
  6
Continuous
 62
     7
370
    13
100
AcDbCircle
 10
186.004631
 20
379.136715
 30
0.0
 40
2.950000000000017
  0
ARC
  5
317
330
1F
100
AcDbEntity
  8
1
  6
Continuous
 62
     7
370
    13
100
AcDbCircle
 10
204.707115
 20
398.307888
 30
0.0
 40
2.0
100
AcDbArc
 50
180.0
 51
270.0
  0
ARC
  5
318
330
1F
100
AcDbEntity
  8
1
  6
Continuous
 62
     7
370
    13
100
AcDbCircle
 10
270.707115
 20
437.307888
 30
0.0
 40
2.0
100
AcDbArc
 50
0.0
 51
90.0
  0
ARC
  5
319
330
1F
100
AcDbEntity
  8
1
  6
Continuous
 62
     7
370
    13
100
AcDbCircle
 10
270.707115
 20
398.307888
 30
0.0
 40
2.0
100
AcDbArc
 50
270.0
 51
0.0
  0
ARC
  5
31A
330
1F
100
AcDbEntity
  8
1
  6
Continuous
 62
     7
370
    13
100
AcDbCircle
 10
204.707115
 20
437.307888
 30
0.0
 40
2.0
100
AcDbArc
 50
90.0
 51
180.0
  0
ARC
  5
31B
102
{ACAD_REACTORS
330
566
102
}
330
1F
100
AcDbEntity
  8
1
  6
Continuous
 62
     7
370
    13
100
AcDbCircle
 10
186.007115
 20
421.307888
 30
0.0
 40
5.100000000000022
100
AcDbArc
 50
3.372287
 51
41.810315
  0
ARC
  5
31C
102
{ACAD_REACTORS
330
534
102
}
330
1F
100
AcDbEntity
  8
1
  6
Continuous
 62
     7
370
    13
100
AcDbCircle
 10
652.007115
 20
421.307888
 30
0.0
 40
5.100000000000327
100
AcDbArc
 50
183.372287
 51
221.810315
  0
ARC
  5
31D
102
{ACAD_REACTORS
330
534
102
}
330
1F
100
AcDbEntity
  8
1
  6
Continuous
 62
     7
370
    13
100
AcDbCircle
 10
186.007115
 20
421.307888
 30
0.0
 40
5.100000000000022
100
AcDbArc
 50
318.189685
 51
356.627713
  0
CIRCLE
  5
31E
330
1F
100
AcDbEntity
  8
1
  6
Continuous
 62
     7
370
    13
100
AcDbCircle
 10
753.262353
 20
360.657888
 30
0.0
 40
4.4
  0
ARC
  5
31F
330
1F
100
AcDbEntity
  8
1
  6
Continuous
 62
     7
370
    13
100
AcDbCircle
 10
759.462353
 20
353.620934
 30
0.0
 40
0.5
100
AcDbArc
 50
262.5
 51
0.0
  0
ARC
  5
320
330
1F
100
AcDbEntity
  8
1
  6
Continuous
 62
     7
370
    13
100
AcDbCircle
 10
753.444784
 20
350.101273
 30
0.0
 40
0.1999999999999993
100
AcDbArc
 50
352.5
 51
82.5
  0
ARC
  5
321
330
1F
100
AcDbEntity
  8
1
  6
Continuous
 62
     7
370
    13
100
AcDbCircle
 10
753.187049
 20
350.135205
 30
0.0
 40
0.2
100
AcDbArc
 50
82.5
 51
152.5
  0
ARC
  5
322
330
1F
100
AcDbEntity
  8
1
  6
Continuous
 62
     7
370
    13
100
AcDbCircle
 10
752.735397
 20
349.917293
 30
0.0
 40
0.1
100
AcDbArc
 50
262.5
 51
332.5
  0
ARC
  5
323
330
1F
100
AcDbEntity
  8
1
  6
Continuous
 62
     7
370
    13
100
AcDbCircle
 10
752.615733
 20
349.933047
 30
0.0
 40
0.1
100
AcDbArc
 50
172.5
 51
262.5
  0
ARC
  5
324
330
1F
100
AcDbEntity
  8
1
  6
Continuous
 62
     7
370
    13
100
AcDbCircle
 10
752.354194
 20
350.244852
 30
0.0
 40
0.199999999999999
100
AcDbArc
 50
352.5
 51
82.5
  0
ARC
  5
325
330
1F
100
AcDbEntity
  8
1
  6
Continuous
 62
     7
370
    13
100
AcDbCircle
 10
752.09646
 20
350.278784
 30
0.0
 40
0.1999999999999985
100
AcDbArc
 50
82.5
 51
152.5
  0
ARC
  5
326
330
1F
100
AcDbEntity
  8
1
  6
Continuous
 62
     7
370
    13
100
AcDbCircle
 10
751.644808
 20
350.060872
 30
0.0
 40
0.0999999999999995
100
AcDbArc
 50
262.5
 51
332.5
  0
ARC
  5
327
330
1F
100
AcDbEntity
  8
1
  6
Continuous
 62
     7
370
    13
100
AcDbCircle
 10
751.525144
 20
350.076626
 30
0.0
 40
0.1000000000000001
100
AcDbArc
 50
172.5
 51
262.5
  0
ARC
  5
328
330
1F
100
AcDbEntity
  8
1
  6
Continuous
 62
     7
370
    13
100
AcDbCircle
 10
751.263605
 20
350.388431
 30
0.0
 40
0.2000000000000018
100
AcDbArc
 50
352.5
 51
82.5
  0
ARC
  5
329
330
1F
100
AcDbEntity
  8
1
  6
Continuous
 62
     7
370
    13
100
AcDbCircle
 10
751.005871
 20
350.422363
 30
0.0
 40
0.2
100
AcDbArc
 50
82.5
 51
152.5
  0
ARC
  5
32A
330
1F
100
AcDbEntity
  8
1
  6
Continuous
 62
     7
370
    13
100
AcDbCircle
 10
750.554218
 20
350.204451
 30
0.0
 40
0.0999999999999999
100
AcDbArc
 50
262.5
 51
332.5
  0
ARC
  5
32B
330
1F
100
AcDbEntity
  8
1
  6
Continuous
 62
     7
370
    13
100
AcDbCircle
 10
750.434554
 20
350.220205
 30
0.0
 40
0.1
100
AcDbArc
 50
172.5
 51
262.5
  0
ARC
  5
32C
330
1F
100
AcDbEntity
  8
1
  6
Continuous
 62
     7
370
    13
100
AcDbCircle
 10
750.173016
 20
350.53201
 30
0.0
 40
0.2000000000000014
100
AcDbArc
 50
352.5
 51
82.5
  0
ARC
  5
32D
330
1F
100
AcDbEntity
  8
1
  6
Continuous
 62
     7
370
    13
100
AcDbCircle
 10
749.915281
 20
350.565941
 30
0.0
 40
0.2
100
AcDbArc
 50
82.5
 51
152.5
  0
ARC
  5
32E
330
1F
100
AcDbEntity
  8
1
  6
Continuous
 62
     7
370
    13
100
AcDbCircle
 10
749.463629
 20
350.34803
 30
0.0
 40
0.1
100
AcDbArc
 50
262.5
 51
332.5
  0
ARC
  5
32F
330
1F
100
AcDbEntity
  8
1
  6
Continuous
 62
     7
370
    13
100
AcDbCircle
 10
749.343965
 20
350.363784
 30
0.0
 40
0.1
100
AcDbArc
 50
172.5
 51
262.5
  0
ARC
  5
330
330
1F
100
AcDbEntity
  8
1
  6
Continuous
 62
     7
370
    13
100
AcDbCircle
 10
749.082811
 20
350.678507
 30
0.0
 40
0.2
100
AcDbArc
 50
352.5
 51
79.127713
  0
ARC
  5
331
330
1F
100
AcDbEntity
  8
1
  6
Continuous
 62
     7
370
    13
100
AcDbCircle
 10
749.403465
 20
352.347992
 30
0.0
 40
1.5
100
AcDbArc
 50
82.5
 51
259.127713
  0
ARC
  5
332
330
1F
100
AcDbEntity
  8
1
  6
Continuous
 62
     7
370
    13
100
AcDbCircle
 10
750.07151
 20
353.974712
 30
0.0
 40
0.2
100
AcDbArc
 50
262.5
 51
352.5
  0
ARC
  5
333
330
1F
100
AcDbEntity
  8
1
  6
Continuous
 62
     7
370
    13
100
AcDbCircle
 10
750.404838
 20
354.208201
 30
0.0
 40
0.1
100
AcDbArc
 50
82.5
 51
172.5
  0
ARC
  5
334
330
1F
100
AcDbEntity
  8
1
  6
Continuous
 62
     7
370
    13
100
AcDbCircle
 10
750.524502
 20
354.192447
 30
0.0
 40
0.1
100
AcDbArc
 50
12.5
 51
82.5
  0
ARC
  5
335
330
1F
100
AcDbEntity
  8
1
  6
Continuous
 62
     7
370
    13
100
AcDbCircle
 10
750.904365
 20
353.865064
 30
0.0
 40
0.2
100
AcDbArc
 50
192.5
 51
262.5
  0
ARC
  5
336
330
1F
100
AcDbEntity
  8
1
  6
Continuous
 62
     7
370
    13
100
AcDbCircle
 10
751.162099
 20
353.831133
 30
0.0
 40
0.2
100
AcDbArc
 50
262.5
 51
352.5
  0
ARC
  5
337
330
1F
100
AcDbEntity
  8
1
  6
Continuous
 62
     7
370
    13
100
AcDbCircle
 10
751.495428
 20
354.064623
 30
0.0
 40
0.1
100
AcDbArc
 50
82.5
 51
172.5
  0
ARC
  5
338
330
1F
100
AcDbEntity
  8
1
  6
Continuous
 62
     7
370
    13
100
AcDbCircle
 10
751.615091
 20
354.048868
 30
0.0
 40
0.1
100
AcDbArc
 50
12.5
 51
82.5
  0
ARC
  5
339
330
1F
100
AcDbEntity
  8
1
  6
Continuous
 62
     7
370
    13
100
AcDbCircle
 10
751.994954
 20
353.721486
 30
0.0
 40
0.1999999999999973
100
AcDbArc
 50
192.5
 51
262.5
  0
ARC
  5
33A
330
1F
100
AcDbEntity
  8
1
  6
Continuous
 62
     7
370
    13
100
AcDbCircle
 10
752.252689
 20
353.687554
 30
0.0
 40
0.2000000000000004
100
AcDbArc
 50
262.5
 51
352.5
  0
ARC
  5
33B
330
1F
100
AcDbEntity
  8
1
  6
Continuous
 62
     7
370
    13
100
AcDbCircle
 10
752.586017
 20
353.921044
 30
0.0
 40
0.1
100
AcDbArc
 50
82.5
 51
172.5
  0
ARC
  5
33C
330
1F
100
AcDbEntity
  8
1
  6
Continuous
 62
     7
370
    13
100
AcDbCircle
 10
752.705681
 20
353.90529
 30
0.0
 40
0.1
100
AcDbArc
 50
12.5
 51
82.5
  0
ARC
  5
33D
330
1F
100
AcDbEntity
  8
1
  6
Continuous
 62
     7
370
    13
100
AcDbCircle
 10
753.085544
 20
353.577907
 30
0.0
 40
0.1999999999999971
100
AcDbArc
 50
192.5
 51
262.5
  0
ARC
  5
33E
330
1F
100
AcDbEntity
  8
1
  6
Continuous
 62
     7
370
    13
100
AcDbCircle
 10
753.343278
 20
353.543975
 30
0.0
 40
0.1999999999999999
100
AcDbArc
 50
262.5
 51
352.5
  0
ARC
  5
33F
330
1F
100
AcDbEntity
  8
1
  6
Continuous
 62
     7
370
    13
100
AcDbCircle
 10
753.676606
 20
353.777465
 30
0.0
 40
0.1
100
AcDbArc
 50
82.5
 51
172.5
  0
ARC
  5
340
330
1F
100
AcDbEntity
  8
1
  6
Continuous
 62
     7
370
    13
100
AcDbCircle
 10
753.79627
 20
353.761711
 30
0.0
 40
0.1
100
AcDbArc
 50
12.5
 51
82.5
  0
ARC
  5
341
330
1F
100
AcDbEntity
  8
1
  6
Continuous
 62
     7
370
    13
100
AcDbCircle
 10
754.176133
 20
353.434328
 30
0.0
 40
0.2
100
AcDbArc
 50
192.5
 51
262.5
  0
ARC
  5
342
330
1F
100
AcDbEntity
  8
1
  6
Continuous
 62
     7
370
    13
100
AcDbCircle
 10
754.433867
 20
353.400397
 30
0.0
 40
0.2
100
AcDbArc
 50
262.5
 51
352.5
  0
ARC
  5
343
330
1F
100
AcDbEntity
  8
1
  6
Continuous
 62
     7
370
    13
100
AcDbCircle
 10
754.767196
 20
353.633886
 30
0.0
 40
0.1
100
AcDbArc
 50
82.5
 51
172.5
  0
ARC
  5
344
330
1F
100
AcDbEntity
  8
1
  6
Continuous
 62
     7
370
    13
100
AcDbCircle
 10
754.886859
 20
353.618132
 30
0.0
 40
0.1
100
AcDbArc
 50
12.5
 51
82.5
  0
ARC
  5
345
330
1F
100
AcDbEntity
  8
1
  6
Continuous
 62
     7
370
    13
100
AcDbCircle
 10
755.266722
 20
353.290749
 30
0.0
 40
0.2
100
AcDbArc
 50
192.5
 51
262.5
  0
ARC
  5
346
330
1F
100
AcDbEntity
  8
1
  6
Continuous
 62
     7
370
    13
100
AcDbCircle
 10
755.524457
 20
353.256818
 30
0.0
 40
0.2
100
AcDbArc
 50
262.5
 51
352.5
  0
ARC
  5
347
330
1F
100
AcDbEntity
  8
1
  6
Continuous
 62
     7
370
    13
100
AcDbCircle
 10
755.857785
 20
353.490307
 30
0.0
 40
0.1
100
AcDbArc
 50
82.5
 51
172.5
  0
ARC
  5
348
330
1F
100
AcDbEntity
  8
1
  6
Continuous
 62
     7
370
    13
100
AcDbCircle
 10
755.977449
 20
353.474553
 30
0.0
 40
0.1
100
AcDbArc
 50
12.5
 51
82.5
  0
ARC
  5
349
330
1F
100
AcDbEntity
  8
1
  6
Continuous
 62
     7
370
    13
100
AcDbCircle
 10
756.357312
 20
353.14717
 30
0.0
 40
0.2
100
AcDbArc
 50
192.5
 51
262.5
  0
ARC
  5
34A
330
1F
100
AcDbEntity
  8
1
  6
Continuous
 62
     7
370
    13
100
AcDbCircle
 10
756.615046
 20
353.113239
 30
0.0
 40
0.2
100
AcDbArc
 50
262.5
 51
352.5
  0
ARC
  5
34B
330
1F
100
AcDbEntity
  8
1
  6
Continuous
 62
     7
370
    13
100
AcDbCircle
 10
756.948374
 20
353.346728
 30
0.0
 40
0.1
100
AcDbArc
 50
82.5
 51
172.5
  0
ARC
  5
34C
330
1F
100
AcDbEntity
  8
1
  6
Continuous
 62
     7
370
    13
100
AcDbCircle
 10
757.068038
 20
353.330974
 30
0.0
 40
0.1
100
AcDbArc
 50
12.5
 51
82.5
  0
ARC
  5
34D
330
1F
100
AcDbEntity
  8
1
  6
Continuous
 62
     7
370
    13
100
AcDbCircle
 10
757.447901
 20
353.003592
 30
0.0
 40
0.2
100
AcDbArc
 50
192.5
 51
262.5
  0
ARC
  5
34E
330
1F
100
AcDbEntity
  8
1
  6
Continuous
 62
     7
370
    13
100
AcDbCircle
 10
757.705636
 20
352.96966
 30
0.0
 40
0.2
100
AcDbArc
 50
262.5
 51
352.5
  0
ARC
  5
34F
330
1F
100
AcDbEntity
  8
1
  6
Continuous
 62
     7
370
    13
100
AcDbCircle
 10
758.038964
 20
353.20315
 30
0.0
 40
0.1
100
AcDbArc
 50
82.5
 51
172.5
  0
ARC
  5
350
330
1F
100
AcDbEntity
  8
1
  6
Continuous
 62
     7
370
    13
100
AcDbCircle
 10
758.158627
 20
353.187396
 30
0.0
 40
0.1
100
AcDbArc
 50
12.5
 51
82.5
  0
ARC
  5
351
330
1F
100
AcDbEntity
  8
1
  6
Continuous
 62
     7
370
    13
100
AcDbCircle
 10
758.53849
 20
352.860013
 30
0.0
 40
0.2
100
AcDbArc
 50
192.5
 51
262.5
  0
ARC
  5
352
330
1F
100
AcDbEntity
  8
1
  6
Continuous
 62
     7
370
    13
100
AcDbCircle
 10
758.796225
 20
352.826081
 30
0.0
 40
0.2
100
AcDbArc
 50
262.5
 51
352.5
  0
ARC
  5
353
330
1F
100
AcDbEntity
  8
1
  6
Continuous
 62
     7
370
    13
100
AcDbCircle
 10
759.129553
 20
353.059571
 30
0.0
 40
0.1
100
AcDbArc
 50
82.5
 51
172.5
  0
ARC
  5
354
330
1F
100
AcDbEntity
  8
1
  6
Continuous
 62
     7
370
    13
100
AcDbCircle
 10
757.043126
 20
368.158939
 30
0.0
 40
1.0
100
AcDbArc
 50
243.250412
 51
345.0
  0
ARC
  5
355
330
1F
100
AcDbEntity
  8
1
  6
Continuous
 62
     7
370
    13
100
AcDbCircle
 10
753.262353
 20
360.657888
 30
0.0
 40
7.4
100
AcDbArc
 50
63.250412
 51
110.703706
  0
ARC
  5
356
330
1F
100
AcDbEntity
  8
1
  6
Continuous
 62
     7
370
    13
100
AcDbCircle
 10
749.762353
 20
369.918558
 30
0.0
 40
2.5
100
AcDbArc
 50
180.0
 51
290.703706
  0
ARC
  5
357
330
1F
100
AcDbEntity
  8
1
  6
Continuous
 62
     7
370
    13
100
AcDbCircle
 10
748.262353
 20
466.96448
 30
0.0
 40
1.0
100
AcDbArc
 50
115.0
 51
180.0
  0
ARC
  5
358
330
1F
100
AcDbEntity
  8
1
  6
Continuous
 62
     7
370
    13
100
AcDbCircle
 10
749.262353
 20
468.534166
 30
0.0
 40
0.3
100
AcDbArc
 50
205.0
 51
25.0
  0
ARC
  5
359
330
1F
100
AcDbEntity
  8
1
  6
Continuous
 62
     7
370
    13
100
AcDbCircle
 10
750.349922
 20
469.041308
 30
0.0
 40
0.3
100
AcDbArc
 50
205.0
 51
25.0
  0
ARC
  5
35A
330
1F
100
AcDbEntity
  8
1
  6
Continuous
 62
     7
370
    13
100
AcDbCircle
 10
751.437492
 20
469.548449
 30
0.0
 40
0.3
100
AcDbArc
 50
205.0
 51
25.0
  0
ARC
  5
35B
330
1F
100
AcDbEntity
  8
1
  6
Continuous
 62
     7
370
    13
100
AcDbCircle
 10
756.962353
 20
471.573046
 30
0.0
 40
0.5
100
AcDbArc
 50
0.0
 51
115.0
  0
ARC
  5
35C
330
1F
100
AcDbEntity
  8
1
  6
Continuous
 62
     7
370
    13
100
AcDbCircle
 10
757.962353
 20
467.345793
 30
0.0
 40
0.5
100
AcDbArc
 50
180.0
 51
286.565895
  0
ARC
  5
35D
330
1F
100
AcDbEntity
  8
1
  6
Continuous
 62
     7
370
    13
100
AcDbCircle
 10
754.95436
 20
477.457888
 30
0.0
 40
11.05
100
AcDbArc
 50
286.565895
 51
291.550995
  0
ARC
  5
35E
330
1F
100
AcDbEntity
  8
1
  6
Continuous
 62
     7
370
    13
100
AcDbCircle
 10
756.012353
 20
478.457888
 30
0.0
 40
1.0
100
AcDbArc
 50
69.852114
 51
180.0
  0
ARC
  5
35F
330
1F
100
AcDbEntity
  8
1
  6
Continuous
 62
     7
370
    13
100
AcDbCircle
 10
759.662353
 20
336.757888
 30
0.0
 40
0.3000000000000007
100
AcDbArc
 50
270.0
 51
0.0
  0
ARC
  5
360
330
1F
100
AcDbEntity
  8
1
  6
Continuous
 62
     7
370
    13
100
AcDbCircle
 10
755.512353
 20
477.572045
 30
0.0
 40
0.5
100
AcDbArc
 50
180.0
 51
252.542397
  0
ARC
  5
361
330
1F
100
AcDbEntity
  8
1
  6
Continuous
 62
     7
370
    13
100
AcDbCircle
 10
754.462353
 20
474.233258
 30
0.0
 40
3.0
100
AcDbArc
 50
37.297818
 51
72.542397
  0
ARC
  5
362
330
1F
100
AcDbEntity
  8
1
  6
Continuous
 62
     7
370
    13
100
AcDbCircle
 10
756.451095
 20
475.748154
 30
0.0
 40
0.5
100
AcDbArc
 50
295.0
 51
37.297818
  0
ARC
  5
363
330
1F
100
AcDbEntity
  8
1
  6
Continuous
 62
     7
370
    13
100
AcDbCircle
 10
748.262353
 20
472.48137
 30
0.0
 40
1.0
100
AcDbArc
 50
180.0
 51
295.0
  0
ARC
  5
364
330
1F
100
AcDbEntity
  8
1
  6
Continuous
 62
     7
370
    13
100
AcDbCircle
 10
746.762353
 20
490.957888
 30
0.0
 40
0.5
100
AcDbArc
 50
0.0
 51
90.0
  0
ARC
  5
365
330
1F
100
AcDbEntity
  8
1
  6
Continuous
 62
     7
370
    13
100
AcDbCircle
 10
744.762353
 20
490.957888
 30
0.0
 40
0.5
100
AcDbArc
 50
90.0
 51
180.0
  0
ARC
  5
366
330
1F
100
AcDbEntity
  8
1
  6
Continuous
 62
     7
370
    13
100
AcDbCircle
 10
749.762353
 20
369.918558
 30
0.0
 40
5.5
100
AcDbArc
 50
180.0
 51
224.534714
  0
ARC
  5
367
330
1F
100
AcDbEntity
  8
1
  6
Continuous
 62
     7
370
    13
100
AcDbCircle
 10
744.059748
 20
364.307828
 30
0.0
 40
2.5
100
AcDbArc
 50
338.365722
 51
44.534714
  0
ARC
  5
368
330
1F
100
AcDbEntity
  8
1
  6
Continuous
 62
     7
370
    13
100
AcDbCircle
 10
753.262353
 20
360.657888
 30
0.0
 40
7.4
100
AcDbArc
 50
158.365722
 51
200.09406
  0
ARC
  5
369
330
1F
100
AcDbEntity
  8
1
  6
Continuous
 62
     7
370
    13
100
AcDbCircle
 10
743.964967
 20
357.256621
 30
0.0
 40
2.5
100
AcDbArc
 50
335.091137
 51
20.09406
  0
ARC
  5
36A
330
1F
100
AcDbEntity
  8
1
  6
Continuous
 62
     7
370
    13
100
AcDbCircle
 10
749.762353
 20
350.746533
 30
0.0
 40
5.5
100
AcDbArc
 50
155.091137
 51
180.0
  0
ARC
  5
36B
330
1F
100
AcDbEntity
  8
1
  6
Continuous
 62
     7
370
    13
100
AcDbCircle
 10
744.262353
 20
347.157888
 30
0.0
 40
0.2999999999999972
100
AcDbArc
 50
270.0
 51
90.0
  0
ARC
  5
36C
330
1F
100
AcDbEntity
  8
1
  6
Continuous
 62
     7
370
    13
100
AcDbCircle
 10
744.262353
 20
345.957888
 30
0.0
 40
0.2999999999999972
100
AcDbArc
 50
270.0
 51
90.0
  0
ARC
  5
36D
330
1F
100
AcDbEntity
  8
1
  6
Continuous
 62
     7
370
    13
100
AcDbCircle
 10
744.262353
 20
344.757888
 30
0.0
 40
0.2999999999999972
100
AcDbArc
 50
270.0
 51
90.0
  0
ARC
  5
36E
330
1F
100
AcDbEntity
  8
1
  6
Continuous
 62
     7
370
    13
100
AcDbCircle
 10
744.262353
 20
343.557888
 30
0.0
 40
0.2999999999999972
100
AcDbArc
 50
270.0
 51
90.0
  0
ARC
  5
36F
330
1F
100
AcDbEntity
  8
1
  6
Continuous
 62
     7
370
    13
100
AcDbCircle
 10
744.262353
 20
342.357888
 30
0.0
 40
0.2999999999999972
100
AcDbArc
 50
270.0
 51
90.0
  0
ARC
  5
370
330
1F
100
AcDbEntity
  8
1
  6
Continuous
 62
     7
370
    13
100
AcDbCircle
 10
744.762353
 20
340.657888
 30
0.0
 40
0.5
100
AcDbArc
 50
180.0
 51
270.0
  0
ARC
  5
371
330
1F
100
AcDbEntity
  8
1
  6
Continuous
 62
     7
370
    13
100
AcDbCircle
 10
748.212353
 20
340.657888
 30
0.0
 40
0.5
100
AcDbArc
 50
270.0
 51
0.0
  0
ARC
  5
372
330
1F
100
AcDbEntity
  8
1
  6
Continuous
 62
     7
370
    13
100
AcDbCircle
 10
748.312353
 20
342.257888
 30
0.0
 40
0.4000000000000057
100
AcDbArc
 50
360.0
 51
90.0
  0
ARC
  5
373
330
1F
100
AcDbEntity
  8
1
  6
Continuous
 62
     7
370
    13
100
AcDbCircle
 10
747.436853
 20
342.257888
 30
0.0
 40
0.399999999999998
100
AcDbArc
 50
90.0
 51
141.317813
  0
ARC
  5
374
330
1F
100
AcDbEntity
  8
1
  6
Continuous
 62
     7
370
    13
100
AcDbCircle
 10
746.812353
 20
342.757888
 30
0.0
 40
0.3999999999999969
100
AcDbArc
 50
128.682187
 51
321.317813
  0
ARC
  5
375
330
1F
100
AcDbEntity
  8
1
  6
Continuous
 62
     7
370
    13
100
AcDbCircle
 10
746.312353
 20
343.382388
 30
0.0
 40
0.3999999999999999
100
AcDbArc
 50
308.682187
 51
0.0
  0
ARC
  5
376
330
1F
100
AcDbEntity
  8
1
  6
Continuous
 62
     7
370
    13
100
AcDbCircle
 10
747.712353
 20
346.086183
 30
0.0
 40
0.9999999999999966
100
AcDbArc
 50
86.035345
 51
180.0
  0
ARC
  5
377
330
1F
100
AcDbEntity
  8
1
  6
Continuous
 62
     7
370
    13
100
AcDbCircle
 10
748.612353
 20
347.026205
 30
0.0
 40
0.3000000000000004
100
AcDbArc
 50
356.035345
 51
176.035345
  0
ARC
  5
378
330
1F
100
AcDbEntity
  8
1
  6
Continuous
 62
     7
370
    13
100
AcDbCircle
 10
749.812353
 20
346.943037
 30
0.0
 40
0.3000000000000004
100
AcDbArc
 50
356.035345
 51
176.035345
  0
ARC
  5
379
330
1F
100
AcDbEntity
  8
1
  6
Continuous
 62
     7
370
    13
100
AcDbCircle
 10
751.012353
 20
346.859869
 30
0.0
 40
0.3000000000000004
100
AcDbArc
 50
356.035345
 51
176.035345
  0
ARC
  5
37A
330
1F
100
AcDbEntity
  8
1
  6
Continuous
 62
     7
370
    13
100
AcDbCircle
 10
752.212353
 20
346.7767
 30
0.0
 40
0.3000000000000004
100
AcDbArc
 50
356.035345
 51
176.035345
  0
ARC
  5
37B
330
1F
100
AcDbEntity
  8
1
  6
Continuous
 62
     7
370
    13
100
AcDbCircle
 10
753.412353
 20
346.693532
 30
0.0
 40
0.3000000000000004
100
AcDbArc
 50
356.035345
 51
176.035345
  0
ARC
  5
37C
330
1F
100
AcDbEntity
  8
1
  6
Continuous
 62
     7
370
    13
100
AcDbCircle
 10
754.612353
 20
346.610364
 30
0.0
 40
0.2999999999999998
100
AcDbArc
 50
356.035345
 51
176.035345
  0
ARC
  5
37D
330
1F
100
AcDbEntity
  8
1
  6
Continuous
 62
     7
370
    13
100
AcDbCircle
 10
755.812353
 20
346.527195
 30
0.0
 40
0.2999999999999992
100
AcDbArc
 50
356.035345
 51
176.035345
  0
ARC
  5
37E
330
1F
100
AcDbEntity
  8
1
  6
Continuous
 62
     7
370
    13
100
AcDbCircle
 10
756.512353
 20
346.177961
 30
0.0
 40
0.3
100
AcDbArc
 50
360.0
 51
86.035345
  0
ARC
  5
37F
330
1F
100
AcDbEntity
  8
1
  6
Continuous
 62
     7
370
    13
100
AcDbCircle
 10
757.212353
 20
343.382388
 30
0.0
 40
0.3999999999999974
100
AcDbArc
 50
180.0
 51
231.317813
  0
ARC
  5
380
330
1F
100
AcDbEntity
  8
1
  6
Continuous
 62
     7
370
    13
100
AcDbCircle
 10
756.712353
 20
342.757888
 30
0.0
 40
0.3999999999999999
100
AcDbArc
 50
218.682187
 51
51.317813
  0
ARC
  5
381
330
1F
100
AcDbEntity
  8
1
  6
Continuous
 62
     7
370
    13
100
AcDbCircle
 10
756.087853
 20
342.257888
 30
0.0
 40
0.4000000000000057
100
AcDbArc
 50
38.682187
 51
90.0
  0
ARC
  5
382
330
1F
100
AcDbEntity
  8
1
  6
Continuous
 62
     7
370
    13
100
AcDbCircle
 10
755.212353
 20
342.257888
 30
0.0
 40
0.4000000000000004
100
AcDbArc
 50
90.0
 51
180.0
  0
ARC
  5
383
330
1F
100
AcDbEntity
  8
1
  6
Continuous
 62
     7
370
    13
100
AcDbCircle
 10
755.312353
 20
340.657888
 30
0.0
 40
0.5
100
AcDbArc
 50
180.0
 51
270.0
  0
ARC
  5
384
330
1F
100
AcDbEntity
  8
1
  6
Continuous
 62
     7
370
    13
100
AcDbCircle
 10
759.192551
 20
336.757888
 30
0.0
 40
0.2999999999999972
100
AcDbArc
 50
195.0
 51
270.0
  0
ARC
  5
385
330
1F
100
AcDbEntity
  8
1
  6
Continuous
 62
     7
370
    13
100
AcDbCircle
 10
759.662353
 20
371.157888
 30
0.0
 40
0.3
100
AcDbArc
 50
360.0
 51
90.0
  0
ARC
  5
386
330
1F
100
AcDbEntity
  8
1
  6
Continuous
 62
     7
370
    13
100
AcDbCircle
 10
756.978091
 20
349.358732
 30
0.0
 40
0.1000000000000001
100
AcDbArc
 50
172.5
 51
262.5
  0
ARC
  5
387
330
1F
100
AcDbEntity
  8
1
  6
Continuous
 62
     7
370
    13
100
AcDbCircle
 10
754.462353
 20
474.233258
 30
0.0
 40
5.5
100
AcDbArc
 50
0.0
 51
69.852114
  0
ARC
  5
388
330
1F
100
AcDbEntity
  8
1
  6
Continuous
 62
     7
370
    13
100
AcDbCircle
 10
758.06868
 20
349.215153
 30
0.0
 40
0.1
100
AcDbArc
 50
172.5
 51
262.5
  0
ARC
  5
389
330
1F
100
AcDbEntity
  8
1
  6
Continuous
 62
     7
370
    13
100
AcDbCircle
 10
758.962353
 20
347.988007
 30
0.0
 40
1.000000000000003
100
AcDbArc
 50
0.0
 51
82.5
  0
ARC
  5
38A
330
1F
100
AcDbEntity
  8
1
  6
Continuous
 62
     7
370
    13
100
AcDbCircle
 10
755.368228
 20
349.848047
 30
0.0
 40
0.1999999999999967
100
AcDbArc
 50
82.5
 51
152.5
  0
ARC
  5
38B
330
1F
100
AcDbEntity
  8
1
  6
Continuous
 62
     7
370
    13
100
AcDbCircle
 10
755.625962
 20
349.814116
 30
0.0
 40
0.1999999999999959
100
AcDbArc
 50
352.5
 51
82.5
  0
ARC
  5
38C
330
1F
100
AcDbEntity
  8
1
  6
Continuous
 62
     7
370
    13
100
AcDbCircle
 10
755.887501
 20
349.502311
 30
0.0
 40
0.0999999999999997
100
AcDbArc
 50
172.5
 51
262.5
  0
ARC
  5
38D
330
1F
100
AcDbEntity
  8
1
  6
Continuous
 62
     7
370
    13
100
AcDbCircle
 10
756.458817
 20
349.704468
 30
0.0
 40
0.1999999999999967
100
AcDbArc
 50
82.5
 51
152.5
  0
ARC
  5
38E
330
1F
100
AcDbEntity
  8
1
  6
Continuous
 62
     7
370
    13
100
AcDbCircle
 10
756.716552
 20
349.670537
 30
0.0
 40
0.2000000000000027
100
AcDbArc
 50
352.5
 51
82.5
  0
ARC
  5
38F
330
1F
100
AcDbEntity
  8
1
  6
Continuous
 62
     7
370
    13
100
AcDbCircle
 10
754.916576
 20
349.630135
 30
0.0
 40
0.099999999999996
100
AcDbArc
 50
262.5
 51
332.5
  0
ARC
  5
390
330
1F
100
AcDbEntity
  8
1
  6
Continuous
 62
     7
370
    13
100
AcDbCircle
 10
757.807141
 20
349.526958
 30
0.0
 40
0.200000000000003
100
AcDbArc
 50
352.5
 51
82.5
  0
ARC
  5
391
330
1F
100
AcDbEntity
  8
1
  6
Continuous
 62
     7
370
    13
100
AcDbCircle
 10
757.097754
 20
349.342978
 30
0.0
 40
0.1000000000000049
100
AcDbArc
 50
262.5
 51
332.5
  0
ARC
  5
392
330
1F
100
AcDbEntity
  8
1
  6
Continuous
 62
     7
370
    13
100
AcDbCircle
 10
753.706322
 20
349.789468
 30
0.0
 40
0.1
100
AcDbArc
 50
172.5
 51
262.5
  0
ARC
  5
393
330
1F
100
AcDbEntity
  8
1
  6
Continuous
 62
     7
370
    13
100
AcDbCircle
 10
753.825986
 20
349.773714
 30
0.0
 40
0.1
100
AcDbArc
 50
262.5
 51
332.5
  0
ARC
  5
394
330
1F
100
AcDbEntity
  8
1
  6
Continuous
 62
     7
370
    13
100
AcDbCircle
 10
754.535373
 20
349.957695
 30
0.0
 40
0.2000000000000011
100
AcDbArc
 50
352.5
 51
82.5
  0
ARC
  5
395
330
1F
100
AcDbEntity
  8
1
  6
Continuous
 62
     7
370
    13
100
AcDbCircle
 10
754.277639
 20
349.991626
 30
0.0
 40
0.2
100
AcDbArc
 50
82.5
 51
152.5
  0
ARC
  5
396
330
1F
100
AcDbEntity
  8
1
  6
Continuous
 62
     7
370
    13
100
AcDbCircle
 10
759.192551
 20
371.157888
 30
0.0
 40
0.3
100
AcDbArc
 50
90.0
 51
165.0
  0
ARC
  5
397
330
1F
100
AcDbEntity
  8
1
  6
Continuous
 62
     7
370
    13
100
AcDbCircle
 10
757.549407
 20
349.56089
 30
0.0
 40
0.200000000000003
100
AcDbArc
 50
82.5
 51
152.5
  0
ARC
  5
398
330
1F
100
AcDbEntity
  8
1
  6
Continuous
 62
     7
370
    13
100
AcDbCircle
 10
756.007165
 20
349.486557
 30
0.0
 40
0.100000000000004
100
AcDbArc
 50
262.5
 51
332.5
  0
ARC
  5
399
330
1F
100
AcDbEntity
  8
1
  6
Continuous
 62
     7
370
    13
100
AcDbCircle
 10
758.462353
 20
468.575519
 30
0.0
 40
1.5
100
AcDbArc
 50
291.550995
 51
360.0
  0
ARC
  5
39A
330
1F
100
AcDbEntity
  8
1
  6
Continuous
 62
     7
370
    13
100
AcDbCircle
 10
754.796912
 20
349.645889
 30
0.0
 40
0.1
100
AcDbArc
 50
172.5
 51
262.5
  0
ARC
  5
39B
330
1F
100
AcDbEntity
  8
1
  6
Continuous
 62
     7
370
    13
100
AcDbCircle
 10
102.802042
 20
353.003592
 30
0.0
 40
0.2
100
AcDbArc
 50
277.5
 51
347.5
  0
ARC
  5
39C
330
1F
100
AcDbEntity
  8
1
  6
Continuous
 62
     7
370
    13
100
AcDbCircle
 10
103.181905
 20
353.330974
 30
0.0
 40
0.1
100
AcDbArc
 50
97.5
 51
167.5
  0
ARC
  5
39D
330
1F
100
AcDbEntity
  8
1
  6
Continuous
 62
     7
370
    13
100
AcDbCircle
 10
103.301568
 20
353.346728
 30
0.0
 40
0.1
100
AcDbArc
 50
7.5
 51
97.5
  0
ARC
  5
39E
330
1F
100
AcDbEntity
  8
1
  6
Continuous
 62
     7
370
    13
100
AcDbCircle
 10
103.634897
 20
353.113239
 30
0.0
 40
0.2
100
AcDbArc
 50
187.5
 51
277.5
  0
ARC
  5
39F
330
1F
100
AcDbEntity
  8
1
  6
Continuous
 62
     7
370
    13
100
AcDbCircle
 10
103.892631
 20
353.14717
 30
0.0
 40
0.2
100
AcDbArc
 50
277.5
 51
347.5
  0
ARC
  5
3A0
330
1F
100
AcDbEntity
  8
1
  6
Continuous
 62
     7
370
    13
100
AcDbCircle
 10
104.272494
 20
353.474553
 30
0.0
 40
0.1
100
AcDbArc
 50
97.5
 51
167.5
  0
ARC
  5
3A1
330
1F
100
AcDbEntity
  8
1
  6
Continuous
 62
     7
370
    13
100
AcDbCircle
 10
104.392158
 20
353.490307
 30
0.0
 40
0.1
100
AcDbArc
 50
7.5
 51
97.5
  0
ARC
  5
3A2
330
1F
100
AcDbEntity
  8
1
  6
Continuous
 62
     7
370
    13
100
AcDbCircle
 10
104.725486
 20
353.256818
 30
0.0
 40
0.2
100
AcDbArc
 50
187.5
 51
277.5
  0
ARC
  5
3A3
330
1F
100
AcDbEntity
  8
1
  6
Continuous
 62
     7
370
    13
100
AcDbCircle
 10
104.98322
 20
353.290749
 30
0.0
 40
0.2
100
AcDbArc
 50
277.5
 51
347.5
  0
ARC
  5
3A4
330
1F
100
AcDbEntity
  8
1
  6
Continuous
 62
     7
370
    13
100
AcDbCircle
 10
105.363083
 20
353.618132
 30
0.0
 40
0.1
100
AcDbArc
 50
97.5
 51
167.5
  0
ARC
  5
3A5
330
1F
100
AcDbEntity
  8
1
  6
Continuous
 62
     7
370
    13
100
AcDbCircle
 10
105.482747
 20
353.633886
 30
0.0
 40
0.1
100
AcDbArc
 50
7.5
 51
97.5
  0
ARC
  5
3A6
330
1F
100
AcDbEntity
  8
1
  6
Continuous
 62
     7
370
    13
100
AcDbCircle
 10
105.816075
 20
353.400397
 30
0.0
 40
0.2
100
AcDbArc
 50
187.5
 51
277.5
  0
ARC
  5
3A7
330
1F
100
AcDbEntity
  8
1
  6
Continuous
 62
     7
370
    13
100
AcDbCircle
 10
106.07381
 20
353.434328
 30
0.0
 40
0.2
100
AcDbArc
 50
277.5
 51
347.5
  0
ARC
  5
3A8
330
1F
100
AcDbEntity
  8
1
  6
Continuous
 62
     7
370
    13
100
AcDbCircle
 10
106.453673
 20
353.761711
 30
0.0
 40
0.1
100
AcDbArc
 50
97.5
 51
167.5
  0
ARC
  5
3A9
330
1F
100
AcDbEntity
  8
1
  6
Continuous
 62
     7
370
    13
100
AcDbCircle
 10
106.573336
 20
353.777465
 30
0.0
 40
0.1
100
AcDbArc
 50
7.5
 51
97.5
  0
ARC
  5
3AA
330
1F
100
AcDbEntity
  8
1
  6
Continuous
 62
     7
370
    13
100
AcDbCircle
 10
106.906665
 20
353.543975
 30
0.0
 40
0.1999999999999999
100
AcDbArc
 50
187.5
 51
277.5
  0
ARC
  5
3AB
330
1F
100
AcDbEntity
  8
1
  6
Continuous
 62
     7
370
    13
100
AcDbCircle
 10
107.164399
 20
353.577907
 30
0.0
 40
0.1999999999999971
100
AcDbArc
 50
277.5
 51
347.5
  0
ARC
  5
3AC
330
1F
100
AcDbEntity
  8
1
  6
Continuous
 62
     7
370
    13
100
AcDbCircle
 10
107.544262
 20
353.90529
 30
0.0
 40
0.1
100
AcDbArc
 50
97.5
 51
167.5
  0
ARC
  5
3AD
330
1F
100
AcDbEntity
  8
1
  6
Continuous
 62
     7
370
    13
100
AcDbCircle
 10
107.663926
 20
353.921044
 30
0.0
 40
0.1
100
AcDbArc
 50
7.5
 51
97.5
  0
ARC
  5
3AE
330
1F
100
AcDbEntity
  8
1
  6
Continuous
 62
     7
370
    13
100
AcDbCircle
 10
107.997254
 20
353.687554
 30
0.0
 40
0.2000000000000004
100
AcDbArc
 50
187.5
 51
277.5
  0
ARC
  5
3AF
330
1F
100
AcDbEntity
  8
1
  6
Continuous
 62
     7
370
    13
100
AcDbCircle
 10
108.254988
 20
353.721486
 30
0.0
 40
0.1999999999999973
100
AcDbArc
 50
277.5
 51
347.5
  0
ARC
  5
3B0
330
1F
100
AcDbEntity
  8
1
  6
Continuous
 62
     7
370
    13
100
AcDbCircle
 10
108.634851
 20
354.048868
 30
0.0
 40
0.1
100
AcDbArc
 50
97.5
 51
167.5
  0
ARC
  5
3B1
330
1F
100
AcDbEntity
  8
1
  6
Continuous
 62
     7
370
    13
100
AcDbCircle
 10
108.754515
 20
354.064623
 30
0.0
 40
0.1
100
AcDbArc
 50
7.5
 51
97.5
  0
ARC
  5
3B2
330
1F
100
AcDbEntity
  8
1
  6
Continuous
 62
     7
370
    13
100
AcDbCircle
 10
109.087843
 20
353.831133
 30
0.0
 40
0.2
100
AcDbArc
 50
187.5
 51
277.5
  0
ARC
  5
3B3
330
1F
100
AcDbEntity
  8
1
  6
Continuous
 62
     7
370
    13
100
AcDbCircle
 10
109.345578
 20
353.865064
 30
0.0
 40
0.2
100
AcDbArc
 50
277.5
 51
347.5
  0
ARC
  5
3B4
330
1F
100
AcDbEntity
  8
1
  6
Continuous
 62
     7
370
    13
100
AcDbCircle
 10
109.725441
 20
354.192447
 30
0.0
 40
0.1
100
AcDbArc
 50
97.5
 51
167.5
  0
ARC
  5
3B5
330
1F
100
AcDbEntity
  8
1
  6
Continuous
 62
     7
370
    13
100
AcDbCircle
 10
109.845104
 20
354.208201
 30
0.0
 40
0.1
100
AcDbArc
 50
7.5
 51
97.5
  0
ARC
  5
3B6
330
1F
100
AcDbEntity
  8
1
  6
Continuous
 62
     7
370
    13
100
AcDbCircle
 10
110.178433
 20
353.974712
 30
0.0
 40
0.2
100
AcDbArc
 50
187.5
 51
277.5
  0
ARC
  5
3B7
330
1F
100
AcDbEntity
  8
1
  6
Continuous
 62
     7
370
    13
100
AcDbCircle
 10
110.846477
 20
352.347992
 30
0.0
 40
1.5
100
AcDbArc
 50
280.872287
 51
97.5
  0
ARC
  5
3B8
330
1F
100
AcDbEntity
  8
1
  6
Continuous
 62
     7
370
    13
100
AcDbCircle
 10
111.167132
 20
350.678507
 30
0.0
 40
0.2
100
AcDbArc
 50
100.872287
 51
187.5
  0
ARC
  5
3B9
330
1F
100
AcDbEntity
  8
1
  6
Continuous
 62
     7
370
    13
100
AcDbCircle
 10
110.905978
 20
350.363784
 30
0.0
 40
0.1
100
AcDbArc
 50
277.5
 51
7.5
  0
ARC
  5
3BA
330
1F
100
AcDbEntity
  8
1
  6
Continuous
 62
     7
370
    13
100
AcDbCircle
 10
110.786314
 20
350.34803
 30
0.0
 40
0.1
100
AcDbArc
 50
207.5
 51
277.5
  0
ARC
  5
3BB
330
1F
100
AcDbEntity
  8
1
  6
Continuous
 62
     7
370
    13
100
AcDbCircle
 10
110.334661
 20
350.565941
 30
0.0
 40
0.2
100
AcDbArc
 50
27.5
 51
97.5
  0
ARC
  5
3BC
330
1F
100
AcDbEntity
  8
1
  6
Continuous
 62
     7
370
    13
100
AcDbCircle
 10
110.076927
 20
350.53201
 30
0.0
 40
0.2000000000000014
100
AcDbArc
 50
97.5
 51
187.5
  0
ARC
  5
3BD
330
1F
100
AcDbEntity
  8
1
  6
Continuous
 62
     7
370
    13
100
AcDbCircle
 10
109.815388
 20
350.220205
 30
0.0
 40
0.1
100
AcDbArc
 50
277.5
 51
7.5
  0
ARC
  5
3BE
330
1F
100
AcDbEntity
  8
1
  6
Continuous
 62
     7
370
    13
100
AcDbCircle
 10
109.695724
 20
350.204451
 30
0.0
 40
0.0999999999999999
100
AcDbArc
 50
207.5
 51
277.5
  0
ARC
  5
3BF
330
1F
100
AcDbEntity
  8
1
  6
Continuous
 62
     7
370
    13
100
AcDbCircle
 10
109.244072
 20
350.422363
 30
0.0
 40
0.2
100
AcDbArc
 50
27.5
 51
97.5
  0
ARC
  5
3C0
330
1F
100
AcDbEntity
  8
1
  6
Continuous
 62
     7
370
    13
100
AcDbCircle
 10
108.986338
 20
350.388431
 30
0.0
 40
0.2000000000000018
100
AcDbArc
 50
97.5
 51
187.5
  0
ARC
  5
3C1
330
1F
100
AcDbEntity
  8
1
  6
Continuous
 62
     7
370
    13
100
AcDbCircle
 10
108.724799
 20
350.076626
 30
0.0
 40
0.1000000000000001
100
AcDbArc
 50
277.5
 51
7.5
  0
ARC
  5
3C2
330
1F
100
AcDbEntity
  8
1
  6
Continuous
 62
     7
370
    13
100
AcDbCircle
 10
108.605135
 20
350.060872
 30
0.0
 40
0.0999999999999995
100
AcDbArc
 50
207.5
 51
277.5
  0
ARC
  5
3C3
330
1F
100
AcDbEntity
  8
1
  6
Continuous
 62
     7
370
    13
100
AcDbCircle
 10
108.153483
 20
350.278784
 30
0.0
 40
0.1999999999999985
100
AcDbArc
 50
27.5
 51
97.5
  0
ARC
  5
3C4
330
1F
100
AcDbEntity
  8
1
  6
Continuous
 62
     7
370
    13
100
AcDbCircle
 10
107.895748
 20
350.244852
 30
0.0
 40
0.199999999999999
100
AcDbArc
 50
97.5
 51
187.5
  0
ARC
  5
3C5
330
1F
100
AcDbEntity
  8
1
  6
Continuous
 62
     7
370
    13
100
AcDbCircle
 10
107.63421
 20
349.933047
 30
0.0
 40
0.1
100
AcDbArc
 50
277.5
 51
7.5
  0
ARC
  5
3C6
330
1F
100
AcDbEntity
  8
1
  6
Continuous
 62
     7
370
    13
100
AcDbCircle
 10
107.514546
 20
349.917293
 30
0.0
 40
0.1
100
AcDbArc
 50
207.5
 51
277.5
  0
ARC
  5
3C7
330
1F
100
AcDbEntity
  8
1
  6
Continuous
 62
     7
370
    13
100
AcDbCircle
 10
107.062893
 20
350.135205
 30
0.0
 40
0.2
100
AcDbArc
 50
27.5
 51
97.5
  0
ARC
  5
3C8
330
1F
100
AcDbEntity
  8
1
  6
Continuous
 62
     7
370
    13
100
AcDbCircle
 10
106.805159
 20
350.101273
 30
0.0
 40
0.1999999999999993
100
AcDbArc
 50
97.5
 51
187.5
  0
ARC
  5
3C9
330
1F
100
AcDbEntity
  8
1
  6
Continuous
 62
     7
370
    13
100
AcDbCircle
 10
106.54362
 20
349.789468
 30
0.0
 40
0.1
100
AcDbArc
 50
277.5
 51
7.5
  0
ARC
  5
3CA
330
1F
100
AcDbEntity
  8
1
  6
Continuous
 62
     7
370
    13
100
AcDbCircle
 10
106.423956
 20
349.773714
 30
0.0
 40
0.1
100
AcDbArc
 50
207.5
 51
277.5
  0
ARC
  5
3CB
330
1F
100
AcDbEntity
  8
1
  6
Continuous
 62
     7
370
    13
100
AcDbCircle
 10
105.972304
 20
349.991626
 30
0.0
 40
0.2
100
AcDbArc
 50
27.5
 51
97.5
  0
ARC
  5
3CC
330
1F
100
AcDbEntity
  8
1
  6
Continuous
 62
     7
370
    13
100
AcDbCircle
 10
105.71457
 20
349.957695
 30
0.0
 40
0.2000000000000011
100
AcDbArc
 50
97.5
 51
187.5
  0
ARC
  5
3CD
330
1F
100
AcDbEntity
  8
1
  6
Continuous
 62
     7
370
    13
100
AcDbCircle
 10
105.453031
 20
349.645889
 30
0.0
 40
0.1
100
AcDbArc
 50
277.5
 51
7.5
  0
ARC
  5
3CE
330
1F
100
AcDbEntity
  8
1
  6
Continuous
 62
     7
370
    13
100
AcDbCircle
 10
105.333367
 20
349.630135
 30
0.0
 40
0.099999999999996
100
AcDbArc
 50
207.5
 51
277.5
  0
ARC
  5
3CF
330
1F
100
AcDbEntity
  8
1
  6
Continuous
 62
     7
370
    13
100
AcDbCircle
 10
104.881715
 20
349.848047
 30
0.0
 40
0.1999999999999967
100
AcDbArc
 50
27.5
 51
97.5
  0
ARC
  5
3D0
330
1F
100
AcDbEntity
  8
1
  6
Continuous
 62
     7
370
    13
100
AcDbCircle
 10
104.62398
 20
349.814116
 30
0.0
 40
0.1999999999999959
100
AcDbArc
 50
97.5
 51
187.5
  0
ARC
  5
3D1
330
1F
100
AcDbEntity
  8
1
  6
Continuous
 62
     7
370
    13
100
AcDbCircle
 10
104.362441
 20
349.502311
 30
0.0
 40
0.0999999999999997
100
AcDbArc
 50
277.5
 51
7.5
  0
ARC
  5
3D2
330
1F
100
AcDbEntity
  8
1
  6
Continuous
 62
     7
370
    13
100
AcDbCircle
 10
104.242778
 20
349.486557
 30
0.0
 40
0.100000000000004
100
AcDbArc
 50
207.5
 51
277.5
  0
ARC
  5
3D3
330
1F
100
AcDbEntity
  8
1
  6
Continuous
 62
     7
370
    13
100
AcDbCircle
 10
103.791125
 20
349.704468
 30
0.0
 40
0.1999999999999967
100
AcDbArc
 50
27.5
 51
97.5
  0
ARC
  5
3D4
330
1F
100
AcDbEntity
  8
1
  6
Continuous
 62
     7
370
    13
100
AcDbCircle
 10
103.533391
 20
349.670537
 30
0.0
 40
0.2000000000000027
100
AcDbArc
 50
97.5
 51
187.5
  0
ARC
  5
3D5
330
1F
100
AcDbEntity
  8
1
  6
Continuous
 62
     7
370
    13
100
AcDbCircle
 10
103.271852
 20
349.358732
 30
0.0
 40
0.1000000000000001
100
AcDbArc
 50
277.5
 51
7.5
  0
ARC
  5
3D6
330
1F
100
AcDbEntity
  8
1
  6
Continuous
 62
     7
370
    13
100
AcDbCircle
 10
103.152188
 20
349.342978
 30
0.0
 40
0.1000000000000049
100
AcDbArc
 50
207.5
 51
277.5
  0
ARC
  5
3D7
330
1F
100
AcDbEntity
  8
1
  6
Continuous
 62
     7
370
    13
100
AcDbCircle
 10
102.700536
 20
349.56089
 30
0.0
 40
0.200000000000003
100
AcDbArc
 50
27.5
 51
97.5
  0
ARC
  5
3D8
330
1F
100
AcDbEntity
  8
1
  6
Continuous
 62
     7
370
    13
100
AcDbCircle
 10
102.442802
 20
349.526958
 30
0.0
 40
0.200000000000003
100
AcDbArc
 50
97.5
 51
187.5
  0
ARC
  5
3D9
330
1F
100
AcDbEntity
  8
1
  6
Continuous
 62
     7
370
    13
100
AcDbCircle
 10
102.181263
 20
349.215153
 30
0.0
 40
0.1
100
AcDbArc
 50
277.5
 51
7.5
  0
ARC
  5
3DA
330
1F
100
AcDbEntity
  8
1
  6
Continuous
 62
     7
370
    13
100
AcDbCircle
 10
101.28759
 20
347.988007
 30
0.0
 40
1.000000000000003
100
AcDbArc
 50
97.5
 51
180.0
  0
ARC
  5
3DB
330
1F
100
AcDbEntity
  8
1
  6
Continuous
 62
     7
370
    13
100
AcDbCircle
 10
100.58759
 20
336.757888
 30
0.0
 40
0.3000000000000007
100
AcDbArc
 50
180.0
 51
270.0
  0
CIRCLE
  5
3DC
330
1F
100
AcDbEntity
  8
1
  6
Continuous
 62
     7
370
    13
100
AcDbCircle
 10
106.98759
 20
360.657888
 30
0.0
 40
4.4
  0
ARC
  5
3DD
330
1F
100
AcDbEntity
  8
1
  6
Continuous
 62
     7
370
    13
100
AcDbCircle
 10
101.057391
 20
336.757888
 30
0.0
 40
0.2999999999999972
100
AcDbArc
 50
270.0
 51
345.0
  0
ARC
  5
3DE
330
1F
100
AcDbEntity
  8
1
  6
Continuous
 62
     7
370
    13
100
AcDbCircle
 10
104.93759
 20
340.657888
 30
0.0
 40
0.5
100
AcDbArc
 50
270.0
 51
0.0
  0
ARC
  5
3DF
330
1F
100
AcDbEntity
  8
1
  6
Continuous
 62
     7
370
    13
100
AcDbCircle
 10
105.03759
 20
342.257888
 30
0.0
 40
0.4000000000000004
100
AcDbArc
 50
0.0
 51
90.0
  0
ARC
  5
3E0
330
1F
100
AcDbEntity
  8
1
  6
Continuous
 62
     7
370
    13
100
AcDbCircle
 10
104.162089
 20
342.257888
 30
0.0
 40
0.4000000000000057
100
AcDbArc
 50
90.0
 51
141.317813
  0
ARC
  5
3E1
330
1F
100
AcDbEntity
  8
1
  6
Continuous
 62
     7
370
    13
100
AcDbCircle
 10
103.53759
 20
342.757888
 30
0.0
 40
0.3999999999999999
100
AcDbArc
 50
128.682187
 51
321.317813
  0
ARC
  5
3E2
330
1F
100
AcDbEntity
  8
1
  6
Continuous
 62
     7
370
    13
100
AcDbCircle
 10
103.03759
 20
343.382388
 30
0.0
 40
0.3999999999999974
100
AcDbArc
 50
308.682187
 51
360.0
  0
ARC
  5
3E3
330
1F
100
AcDbEntity
  8
1
  6
Continuous
 62
     7
370
    13
100
AcDbCircle
 10
103.73759
 20
346.177961
 30
0.0
 40
0.3
100
AcDbArc
 50
93.964655
 51
180.0
  0
ARC
  5
3E4
330
1F
100
AcDbEntity
  8
1
  6
Continuous
 62
     7
370
    13
100
AcDbCircle
 10
104.43759
 20
346.527195
 30
0.0
 40
0.2999999999999992
100
AcDbArc
 50
3.964655
 51
183.964655
  0
ARC
  5
3E5
330
1F
100
AcDbEntity
  8
1
  6
Continuous
 62
     7
370
    13
100
AcDbCircle
 10
105.63759
 20
346.610364
 30
0.0
 40
0.2999999999999998
100
AcDbArc
 50
3.964655
 51
183.964655
  0
ARC
  5
3E6
330
1F
100
AcDbEntity
  8
1
  6
Continuous
 62
     7
370
    13
100
AcDbCircle
 10
106.83759
 20
346.693532
 30
0.0
 40
0.3000000000000004
100
AcDbArc
 50
3.964655
 51
183.964655
  0
ARC
  5
3E7
330
1F
100
AcDbEntity
  8
1
  6
Continuous
 62
     7
370
    13
100
AcDbCircle
 10
108.03759
 20
346.7767
 30
0.0
 40
0.3000000000000004
100
AcDbArc
 50
3.964655
 51
183.964655
  0
ARC
  5
3E8
330
1F
100
AcDbEntity
  8
1
  6
Continuous
 62
     7
370
    13
100
AcDbCircle
 10
109.23759
 20
346.859869
 30
0.0
 40
0.3000000000000004
100
AcDbArc
 50
3.964655
 51
183.964655
  0
ARC
  5
3E9
330
1F
100
AcDbEntity
  8
1
  6
Continuous
 62
     7
370
    13
100
AcDbCircle
 10
110.43759
 20
346.943037
 30
0.0
 40
0.3000000000000004
100
AcDbArc
 50
3.964655
 51
183.964655
  0
ARC
  5
3EA
330
1F
100
AcDbEntity
  8
1
  6
Continuous
 62
     7
370
    13
100
AcDbCircle
 10
111.63759
 20
347.026205
 30
0.0
 40
0.3000000000000004
100
AcDbArc
 50
3.964655
 51
183.964655
  0
ARC
  5
3EB
330
1F
100
AcDbEntity
  8
1
  6
Continuous
 62
     7
370
    13
100
AcDbCircle
 10
112.53759
 20
346.086183
 30
0.0
 40
0.9999999999999966
100
AcDbArc
 50
360.0
 51
93.964655
  0
ARC
  5
3EC
330
1F
100
AcDbEntity
  8
1
  6
Continuous
 62
     7
370
    13
100
AcDbCircle
 10
113.93759
 20
343.382388
 30
0.0
 40
0.3999999999999999
100
AcDbArc
 50
180.0
 51
231.317813
  0
ARC
  5
3ED
330
1F
100
AcDbEntity
  8
1
  6
Continuous
 62
     7
370
    13
100
AcDbCircle
 10
113.43759
 20
342.757888
 30
0.0
 40
0.3999999999999969
100
AcDbArc
 50
218.682187
 51
51.317813
  0
ARC
  5
3EE
330
1F
100
AcDbEntity
  8
1
  6
Continuous
 62
     7
370
    13
100
AcDbCircle
 10
112.81309
 20
342.257888
 30
0.0
 40
0.399999999999998
100
AcDbArc
 50
38.682187
 51
90.0
  0
ARC
  5
3EF
330
1F
100
AcDbEntity
  8
1
  6
Continuous
 62
     7
370
    13
100
AcDbCircle
 10
111.93759
 20
342.257888
 30
0.0
 40
0.4000000000000057
100
AcDbArc
 50
90.0
 51
180.0
  0
ARC
  5
3F0
330
1F
100
AcDbEntity
  8
1
  6
Continuous
 62
     7
370
    13
100
AcDbCircle
 10
112.03759
 20
340.657888
 30
0.0
 40
0.5
100
AcDbArc
 50
180.0
 51
270.0
  0
ARC
  5
3F1
330
1F
100
AcDbEntity
  8
1
  6
Continuous
 62
     7
370
    13
100
AcDbCircle
 10
115.48759
 20
340.657888
 30
0.0
 40
0.5
100
AcDbArc
 50
270.0
 51
0.0
  0
ARC
  5
3F2
330
1F
100
AcDbEntity
  8
1
  6
Continuous
 62
     7
370
    13
100
AcDbCircle
 10
115.98759
 20
342.357888
 30
0.0
 40
0.2999999999999972
100
AcDbArc
 50
90.0
 51
270.0
  0
ARC
  5
3F3
330
1F
100
AcDbEntity
  8
1
  6
Continuous
 62
     7
370
    13
100
AcDbCircle
 10
115.98759
 20
343.557888
 30
0.0
 40
0.2999999999999972
100
AcDbArc
 50
90.0
 51
270.0
  0
ARC
  5
3F4
330
1F
100
AcDbEntity
  8
1
  6
Continuous
 62
     7
370
    13
100
AcDbCircle
 10
115.98759
 20
344.757888
 30
0.0
 40
0.2999999999999972
100
AcDbArc
 50
90.0
 51
270.0
  0
ARC
  5
3F5
330
1F
100
AcDbEntity
  8
1
  6
Continuous
 62
     7
370
    13
100
AcDbCircle
 10
115.98759
 20
345.957888
 30
0.0
 40
0.2999999999999972
100
AcDbArc
 50
90.0
 51
270.0
  0
ARC
  5
3F6
330
1F
100
AcDbEntity
  8
1
  6
Continuous
 62
     7
370
    13
100
AcDbCircle
 10
115.98759
 20
347.157888
 30
0.0
 40
0.2999999999999972
100
AcDbArc
 50
90.0
 51
270.0
  0
ARC
  5
3F7
330
1F
100
AcDbEntity
  8
1
  6
Continuous
 62
     7
370
    13
100
AcDbCircle
 10
110.48759
 20
350.746533
 30
0.0
 40
5.5
100
AcDbArc
 50
0.0
 51
24.908863
  0
ARC
  5
3F8
330
1F
100
AcDbEntity
  8
1
  6
Continuous
 62
     7
370
    13
100
AcDbCircle
 10
116.284975
 20
357.256621
 30
0.0
 40
2.5
100
AcDbArc
 50
159.90594
 51
204.908863
  0
ARC
  5
3F9
330
1F
100
AcDbEntity
  8
1
  6
Continuous
 62
     7
370
    13
100
AcDbCircle
 10
106.98759
 20
360.657888
 30
0.0
 40
7.4
100
AcDbArc
 50
339.90594
 51
21.634278
  0
ARC
  5
3FA
330
1F
100
AcDbEntity
  8
1
  6
Continuous
 62
     7
370
    13
100
AcDbCircle
 10
116.190195
 20
364.307828
 30
0.0
 40
2.5
100
AcDbArc
 50
135.465286
 51
201.634278
  0
ARC
  5
3FB
330
1F
100
AcDbEntity
  8
1
  6
Continuous
 62
     7
370
    13
100
AcDbCircle
 10
110.48759
 20
369.918558
 30
0.0
 40
5.5
100
AcDbArc
 50
315.465286
 51
360.0
  0
ARC
  5
3FC
330
1F
100
AcDbEntity
  8
1
  6
Continuous
 62
     7
370
    13
100
AcDbCircle
 10
115.48759
 20
490.957888
 30
0.0
 40
0.5
100
AcDbArc
 50
0.0
 51
90.0
  0
ARC
  5
3FD
330
1F
100
AcDbEntity
  8
1
  6
Continuous
 62
     7
370
    13
100
AcDbCircle
 10
113.48759
 20
490.957888
 30
0.0
 40
0.5
100
AcDbArc
 50
90.0
 51
180.0
  0
ARC
  5
3FE
330
1F
100
AcDbEntity
  8
1
  6
Continuous
 62
     7
370
    13
100
AcDbCircle
 10
111.98759
 20
472.48137
 30
0.0
 40
1.0
100
AcDbArc
 50
245.0
 51
0.0
  0
ARC
  5
3FF
330
1F
100
AcDbEntity
  8
1
  6
Continuous
 62
     7
370
    13
100
AcDbCircle
 10
103.798848
 20
475.748154
 30
0.0
 40
0.5
100
AcDbArc
 50
142.702182
 51
245.0
  0
ARC
  5
400
330
1F
100
AcDbEntity
  8
1
  6
Continuous
 62
     7
370
    13
100
AcDbCircle
 10
105.78759
 20
474.233258
 30
0.0
 40
3.0
100
AcDbArc
 50
107.457603
 51
142.702182
  0
ARC
  5
401
330
1F
100
AcDbEntity
  8
1
  6
Continuous
 62
     7
370
    13
100
AcDbCircle
 10
104.73759
 20
477.572045
 30
0.0
 40
0.5
100
AcDbArc
 50
287.457603
 51
0.0
  0
ARC
  5
402
330
1F
100
AcDbEntity
  8
1
  6
Continuous
 62
     7
370
    13
100
AcDbCircle
 10
104.23759
 20
478.457888
 30
0.0
 40
1.0
100
AcDbArc
 50
0.0
 51
110.147886
  0
ARC
  5
403
330
1F
100
AcDbEntity
  8
1
  6
Continuous
 62
     7
370
    13
100
AcDbCircle
 10
105.78759
 20
474.233258
 30
0.0
 40
5.5
100
AcDbArc
 50
110.147886
 51
180.0
  0
ARC
  5
404
330
1F
100
AcDbEntity
  8
1
  6
Continuous
 62
     7
370
    13
100
AcDbCircle
 10
101.78759
 20
468.575519
 30
0.0
 40
1.5
100
AcDbArc
 50
180.0
 51
248.449005
  0
ARC
  5
405
330
1F
100
AcDbEntity
  8
1
  6
Continuous
 62
     7
370
    13
100
AcDbCircle
 10
105.295583
 20
477.457888
 30
0.0
 40
11.05
100
AcDbArc
 50
248.449005
 51
253.434105
  0
ARC
  5
406
330
1F
100
AcDbEntity
  8
1
  6
Continuous
 62
     7
370
    13
100
AcDbCircle
 10
102.28759
 20
467.345793
 30
0.0
 40
0.5
100
AcDbArc
 50
253.434105
 51
360.0
  0
ARC
  5
407
330
1F
100
AcDbEntity
  8
1
  6
Continuous
 62
     7
370
    13
100
AcDbCircle
 10
103.28759
 20
471.573046
 30
0.0
 40
0.5
100
AcDbArc
 50
65.0
 51
180.0
  0
ARC
  5
408
330
1F
100
AcDbEntity
  8
1
  6
Continuous
 62
     7
370
    13
100
AcDbCircle
 10
108.812451
 20
469.548449
 30
0.0
 40
0.3
100
AcDbArc
 50
155.0
 51
335.0
  0
ARC
  5
409
330
1F
100
AcDbEntity
  8
1
  6
Continuous
 62
     7
370
    13
100
AcDbCircle
 10
109.90002
 20
469.041308
 30
0.0
 40
0.3
100
AcDbArc
 50
155.0
 51
335.0
  0
ARC
  5
40A
330
1F
100
AcDbEntity
  8
1
  6
Continuous
 62
     7
370
    13
100
AcDbCircle
 10
110.98759
 20
468.534166
 30
0.0
 40
0.3
100
AcDbArc
 50
155.0
 51
335.0
  0
ARC
  5
40B
330
1F
100
AcDbEntity
  8
1
  6
Continuous
 62
     7
370
    13
100
AcDbCircle
 10
111.98759
 20
466.96448
 30
0.0
 40
1.0
100
AcDbArc
 50
0.0
 51
65.0
  0
ARC
  5
40C
330
1F
100
AcDbEntity
  8
1
  6
Continuous
 62
     7
370
    13
100
AcDbCircle
 10
110.48759
 20
369.918558
 30
0.0
 40
2.5
100
AcDbArc
 50
249.296294
 51
0.0
  0
ARC
  5
40D
330
1F
100
AcDbEntity
  8
1
  6
Continuous
 62
     7
370
    13
100
AcDbCircle
 10
106.98759
 20
360.657888
 30
0.0
 40
7.4
100
AcDbArc
 50
69.296294
 51
116.749588
  0
ARC
  5
40E
330
1F
100
AcDbEntity
  8
1
  6
Continuous
 62
     7
370
    13
100
AcDbCircle
 10
103.206817
 20
368.158939
 30
0.0
 40
1.0
100
AcDbArc
 50
195.0
 51
296.749588
  0
ARC
  5
40F
330
1F
100
AcDbEntity
  8
1
  6
Continuous
 62
     7
370
    13
100
AcDbCircle
 10
101.057391
 20
371.157888
 30
0.0
 40
0.3
100
AcDbArc
 50
15.0
 51
90.0
  0
ARC
  5
410
330
1F
100
AcDbEntity
  8
1
  6
Continuous
 62
     7
370
    13
100
AcDbCircle
 10
100.58759
 20
371.157888
 30
0.0
 40
0.3
100
AcDbArc
 50
90.0
 51
180.0
  0
ARC
  5
411
330
1F
100
AcDbEntity
  8
1
  6
Continuous
 62
     7
370
    13
100
AcDbCircle
 10
100.78759
 20
353.620934
 30
0.0
 40
0.5
100
AcDbArc
 50
180.0
 51
277.5
  0
ARC
  5
412
330
1F
100
AcDbEntity
  8
1
  6
Continuous
 62
     7
370
    13
100
AcDbCircle
 10
101.12039
 20
353.059571
 30
0.0
 40
0.1
100
AcDbArc
 50
7.5
 51
97.5
  0
ARC
  5
413
330
1F
100
AcDbEntity
  8
1
  6
Continuous
 62
     7
370
    13
100
AcDbCircle
 10
101.453718
 20
352.826081
 30
0.0
 40
0.2
100
AcDbArc
 50
187.5
 51
277.5
  0
ARC
  5
414
330
1F
100
AcDbEntity
  8
1
  6
Continuous
 62
     7
370
    13
100
AcDbCircle
 10
101.711452
 20
352.860013
 30
0.0
 40
0.2
100
AcDbArc
 50
277.5
 51
347.5
  0
ARC
  5
415
330
1F
100
AcDbEntity
  8
1
  6
Continuous
 62
     7
370
    13
100
AcDbCircle
 10
102.091315
 20
353.187396
 30
0.0
 40
0.1
100
AcDbArc
 50
97.5
 51
167.5
  0
ARC
  5
416
330
1F
100
AcDbEntity
  8
1
  6
Continuous
 62
     7
370
    13
100
AcDbCircle
 10
102.210979
 20
353.20315
 30
0.0
 40
0.1
100
AcDbArc
 50
7.5
 51
97.5
  0
ARC
  5
417
330
1F
100
AcDbEntity
  8
1
  6
Continuous
 62
     7
370
    13
100
AcDbCircle
 10
102.544307
 20
352.96966
 30
0.0
 40
0.2
100
AcDbArc
 50
187.5
 51
277.5
  0
CIRCLE
  5
418
102
{ACAD_REACTORS
330
57C
102
}
330
1F
100
AcDbEntity
  8
201
  6
Continuous
 62
     7
370
    18
100
AcDbCircle
 10
686.008229
 20
17.628697
 30
0.0
 40
2.4999999489
  0
CIRCLE
  5
419
102
{ACAD_REACTORS
330
57C
102
}
330
1F
100
AcDbEntity
  8
201
  6
Continuous
 62
     7
370
    18
100
AcDbCircle
 10
686.008229
 20
17.628697
 30
0.0
 40
4.9999998979
  0
ARC
  5
41A
102
{ACAD_REACTORS
330
57C
102
}
330
1F
100
AcDbEntity
  8
201
  6
Continuous
 62
     7
370
    18
100
AcDbCircle
 10
706.794708
 20
20.249738
 30
0.0
 40
1.119747443999987
100
AcDbArc
 50
142.813918
 51
167.152295
  0
ARC
  5
41B
102
{ACAD_REACTORS
330
57C
102
}
330
1F
100
AcDbEntity
  8
201
  6
Continuous
 62
     7
370
    18
100
AcDbCircle
 10
706.96261
 20
20.14223
 30
0.0
 40
1.309092072900012
100
AcDbArc
 50
164.197486
 51
195.802514
  0
ARC
  5
41C
102
{ACAD_REACTORS
330
57C
102
}
330
1F
100
AcDbEntity
  8
201
  6
Continuous
 62
     7
370
    18
100
AcDbCircle
 10
707.885953
 20
18.061665
 30
0.0
 40
1.50470251470002
100
AcDbArc
 50
25.956292
 51
59.483483
  0
ARC
  5
41D
102
{ACAD_REACTORS
330
57C
102
}
330
1F
100
AcDbEntity
  8
201
  6
Continuous
 62
     7
370
    18
100
AcDbCircle
 10
707.958158
 20
18.139522
 30
0.0
 40
1.406228711899986
100
AcDbArc
 50
335.386797
 51
24.391512
  0
ARC
  5
41E
102
{ACAD_REACTORS
330
57C
102
}
330
1F
100
AcDbEntity
  8
201
  6
Continuous
 62
     7
370
    18
100
AcDbCircle
 10
707.953519
 20
18.192929
 30
0.0
 40
1.433447488100001
100
AcDbArc
 50
315.890455
 51
333.522926
  0
ARC
  5
41F
102
{ACAD_REACTORS
330
57C
102
}
330
1F
100
AcDbEntity
  8
201
  6
Continuous
 62
     7
370
    18
100
AcDbCircle
 10
708.618977
 20
22.349828
 30
0.0
 40
2.698741017100013
100
AcDbArc
 50
240.0482
 51
251.377967
  0
ARC
  5
420
102
{ACAD_REACTORS
330
57C
102
}
330
1F
100
AcDbEntity
  8
201
  6
Continuous
 62
     7
370
    18
100
AcDbCircle
 10
705.210482
 20
13.423941
 30
0.0
 40
6.858773576299991
100
AcDbArc
 50
59.902027
 51
68.203648
  0
ARC
  5
421
102
{ACAD_REACTORS
330
57C
102
}
330
1F
100
AcDbEntity
  8
201
  6
Continuous
 62
     7
370
    18
100
AcDbCircle
 10
707.717192
 20
20.754213
 30
0.0
 40
0.8661276051999959
100
AcDbArc
 50
222.776039
 51
239.036243
  0
ARC
  5
422
102
{ACAD_REACTORS
330
57C
102
}
330
1F
100
AcDbEntity
  8
201
  6
Continuous
 62
     7
370
    18
100
AcDbCircle
 10
707.140017
 20
19.943156
 30
0.0
 40
1.580546684599998
100
AcDbArc
 50
121.214095
 51
141.525477
  0
ARC
  5
423
102
{ACAD_REACTORS
330
57C
102
}
330
1F
100
AcDbEntity
  8
201
  6
Continuous
 62
     7
370
    18
100
AcDbCircle
 10
707.250777
 20
12.557795
 30
0.0
 40
9.0679051661
100
AcDbArc
 50
78.682705
 51
87.31476
  0
ARC
  5
424
102
{ACAD_REACTORS
330
57C
102
}
330
1F
100
AcDbEntity
  8
201
  6
Continuous
 62
     7
370
    18
100
AcDbCircle
 10
707.519634
 20
19.253963
 30
0.0
 40
2.3669248153
100
AcDbArc
 50
86.221802
 51
120.42726
  0
ARC
  5
425
102
{ACAD_REACTORS
330
57C
102
}
330
1F
100
AcDbEntity
  8
201
  6
Continuous
 62
     7
370
    18
100
AcDbCircle
 10
706.900452
 20
20.10201
 30
0.0
 40
1.238521733999975
100
AcDbArc
 50
194.795219
 51
225.717655
  0
ARC
  5
426
102
{ACAD_REACTORS
330
57C
102
}
330
1F
100
AcDbEntity
  8
201
  6
Continuous
 62
     7
370
    18
100
AcDbCircle
 10
707.504483
 20
20.807688
 30
0.0
 40
2.166291629200011
100
AcDbArc
 50
227.311928
 51
242.704032
  0
ARC
  5
427
102
{ACAD_REACTORS
330
57C
102
}
330
1F
100
AcDbEntity
  8
201
  6
Continuous
 62
     7
370
    18
100
AcDbCircle
 10
711.359384
 20
28.341619
 30
0.0
 40
10.6291642039
100
AcDbArc
 50
242.86201
 51
247.104203
  0
ARC
  5
428
102
{ACAD_REACTORS
330
57C
102
}
330
1F
100
AcDbEntity
  8
201
  6
Continuous
 62
     7
370
    18
100
AcDbCircle
 10
700.563522
 20
2.549193
 30
0.0
 40
17.33160841330001
100
AcDbArc
 50
65.341467
 51
67.399777
  0
ARC
  5
429
102
{ACAD_REACTORS
330
57C
102
}
330
1F
100
AcDbEntity
  8
201
  6
Continuous
 62
     7
370
    18
100
AcDbCircle
 10
706.948488
 20
20.800713
 30
0.0
 40
3.258755990900007
100
AcDbArc
 50
247.530021
 51
280.757952
  0
ARC
  5
42A
102
{ACAD_REACTORS
330
57C
102
}
330
1F
100
AcDbEntity
  8
201
  6
Continuous
 62
     7
370
    18
100
AcDbCircle
 10
707.462506
 20
16.12909
 30
0.0
 40
4.642373736499997
100
AcDbArc
 50
70.262586
 51
82.952419
  0
ARC
  5
42B
102
{ACAD_REACTORS
330
57C
102
}
330
1F
100
AcDbEntity
  8
201
  6
Continuous
 62
     7
370
    18
100
AcDbCircle
 10
707.80347
 20
18.546454
 30
0.0
 40
2.201836557
100
AcDbArc
 50
84.040006
 51
103.342766
  0
ARC
  5
42C
102
{ACAD_REACTORS
330
57C
102
}
330
1F
100
AcDbEntity
  8
201
  6
Continuous
 62
     7
370
    18
100
AcDbCircle
 10
707.386443
 20
20.288789
 30
0.0
 40
0.410308973699998
100
AcDbArc
 50
102.828783
 51
149.225964
  0
ARC
  5
42D
102
{ACAD_REACTORS
330
57C
102
}
330
1F
100
AcDbEntity
  8
201
  6
Continuous
 62
     7
370
    18
100
AcDbCircle
 10
707.307222
 20
20.36801
 30
0.0
 40
0.3029626476000232
100
AcDbArc
 50
154.440035
 51
221.82017
  0
ARC
  5
42E
102
{ACAD_REACTORS
330
57C
102
}
330
1F
100
AcDbEntity
  8
201
  6
Continuous
 62
     7
370
    18
100
AcDbCircle
 10
707.580787
 20
18.759668
 30
0.0
 40
2.100726595300004
100
AcDbArc
 50
282.405836
 51
311.864443
  0
ARC
  5
42F
102
{ACAD_REACTORS
330
57C
102
}
330
1F
100
AcDbEntity
  8
201
  6
Continuous
 62
     7
370
    18
100
AcDbCircle
 10
707.125951
 20
21.377682
 30
0.0
 40
4.756794641099996
100
AcDbArc
 50
252.59392
 51
280.98166
  0
ARC
  5
430
102
{ACAD_REACTORS
330
57C
102
}
330
1F
100
AcDbEntity
  8
201
  6
Continuous
 62
     7
370
    18
100
AcDbCircle
 10
707.691945
 20
17.975975
 30
0.0
 40
0.3401689264999968
100
AcDbArc
 50
305.503221
 51
72.46529
  0
ARC
  5
431
102
{ACAD_REACTORS
330
57C
102
}
330
1F
100
AcDbEntity
  8
201
  6
Continuous
 62
     7
370
    18
100
AcDbCircle
 10
707.407635
 20
18.700801
 30
0.0
 40
1.111619360600005
100
AcDbArc
 50
277.709996
 51
295.688493
  0
ARC
  5
432
102
{ACAD_REACTORS
330
57C
102
}
330
1F
100
AcDbEntity
  8
201
  6
Continuous
 62
     7
370
    18
100
AcDbCircle
 10
735.47868
 20
18.061665
 30
0.0
 40
1.504702514800015
100
AcDbArc
 50
25.956292
 51
59.483483
  0
ARC
  5
433
102
{ACAD_REACTORS
330
57C
102
}
330
1F
100
AcDbEntity
  8
201
  6
Continuous
 62
     7
370
    18
100
AcDbCircle
 10
735.550885
 20
18.139522
 30
0.0
 40
1.406228711899983
100
AcDbArc
 50
335.386797
 51
24.391512
  0
ARC
  5
434
102
{ACAD_REACTORS
330
57C
102
}
330
1F
100
AcDbEntity
  8
201
  6
Continuous
 62
     7
370
    18
100
AcDbCircle
 10
735.546246
 20
18.192929
 30
0.0
 40
1.433447488100011
100
AcDbArc
 50
315.890455
 51
333.522926
  0
ARC
  5
435
102
{ACAD_REACTORS
330
57C
102
}
330
1F
100
AcDbEntity
  8
201
  6
Continuous
 62
     7
370
    18
100
AcDbCircle
 10
736.211704
 20
22.349828
 30
0.0
 40
2.698741017100013
100
AcDbArc
 50
240.0482
 51
251.377967
  0
ARC
  5
436
102
{ACAD_REACTORS
330
57C
102
}
330
1F
100
AcDbEntity
  8
201
  6
Continuous
 62
     7
370
    18
100
AcDbCircle
 10
732.803209
 20
13.423941
 30
0.0
 40
6.858773576300006
100
AcDbArc
 50
59.902027
 51
68.203648
  0
ARC
  5
437
102
{ACAD_REACTORS
330
57C
102
}
330
1F
100
AcDbEntity
  8
201
  6
Continuous
 62
     7
370
    18
100
AcDbCircle
 10
735.309919
 20
20.754213
 30
0.0
 40
0.8661276051999959
100
AcDbArc
 50
222.776039
 51
239.036243
  0
ARC
  5
438
102
{ACAD_REACTORS
330
57C
102
}
330
1F
100
AcDbEntity
  8
201
  6
Continuous
 62
     7
370
    18
100
AcDbCircle
 10
734.732744
 20
19.943156
 30
0.0
 40
1.580546684499988
100
AcDbArc
 50
121.214095
 51
141.525477
  0
ARC
  5
439
102
{ACAD_REACTORS
330
57C
102
}
330
1F
100
AcDbEntity
  8
201
  6
Continuous
 62
     7
370
    18
100
AcDbCircle
 10
734.387435
 20
20.249738
 30
0.0
 40
1.119747443999987
100
AcDbArc
 50
142.813918
 51
167.152295
  0
ARC
  5
43A
102
{ACAD_REACTORS
330
57C
102
}
330
1F
100
AcDbEntity
  8
201
  6
Continuous
 62
     7
370
    18
100
AcDbCircle
 10
734.843504
 20
12.557795
 30
0.0
 40
9.0679051661
100
AcDbArc
 50
78.682705
 51
87.31476
  0
ARC
  5
43B
102
{ACAD_REACTORS
330
57C
102
}
330
1F
100
AcDbEntity
  8
201
  6
Continuous
 62
     7
370
    18
100
AcDbCircle
 10
735.112361
 20
19.253963
 30
0.0
 40
2.3669248153
100
AcDbArc
 50
86.221802
 51
120.42726
  0
ARC
  5
43C
102
{ACAD_REACTORS
330
57C
102
}
330
1F
100
AcDbEntity
  8
201
  6
Continuous
 62
     7
370
    18
100
AcDbCircle
 10
734.555337
 20
20.14223
 30
0.0
 40
1.309092072900012
100
AcDbArc
 50
164.197486
 51
195.802514
  0
ARC
  5
43D
102
{ACAD_REACTORS
330
57C
102
}
330
1F
100
AcDbEntity
  8
201
  6
Continuous
 62
     7
370
    18
100
AcDbCircle
 10
734.493179
 20
20.10201
 30
0.0
 40
1.238521733999999
100
AcDbArc
 50
194.795219
 51
225.717655
  0
ARC
  5
43E
102
{ACAD_REACTORS
330
57C
102
}
330
1F
100
AcDbEntity
  8
201
  6
Continuous
 62
     7
370
    18
100
AcDbCircle
 10
735.09721
 20
20.807688
 30
0.0
 40
2.166291629200011
100
AcDbArc
 50
227.311928
 51
242.704032
  0
ARC
  5
43F
102
{ACAD_REACTORS
330
57C
102
}
330
1F
100
AcDbEntity
  8
201
  6
Continuous
 62
     7
370
    18
100
AcDbCircle
 10
738.952111
 20
28.341619
 30
0.0
 40
10.6291642039
100
AcDbArc
 50
242.86201
 51
247.104203
  0
ARC
  5
440
102
{ACAD_REACTORS
330
57C
102
}
330
1F
100
AcDbEntity
  8
201
  6
Continuous
 62
     7
370
    18
100
AcDbCircle
 10
728.156249
 20
2.549193
 30
0.0
 40
17.33160841330001
100
AcDbArc
 50
65.341467
 51
67.399777
  0
ARC
  5
441
102
{ACAD_REACTORS
330
57C
102
}
330
1F
100
AcDbEntity
  8
201
  6
Continuous
 62
     7
370
    18
100
AcDbCircle
 10
734.541215
 20
20.800713
 30
0.0
 40
3.258755990900001
100
AcDbArc
 50
247.530021
 51
280.757952
  0
ARC
  5
442
102
{ACAD_REACTORS
330
57C
102
}
330
1F
100
AcDbEntity
  8
201
  6
Continuous
 62
     7
370
    18
100
AcDbCircle
 10
735.055233
 20
16.12909
 30
0.0
 40
4.642373736499997
100
AcDbArc
 50
70.262586
 51
82.952419
  0
ARC
  5
443
102
{ACAD_REACTORS
330
57C
102
}
330
1F
100
AcDbEntity
  8
201
  6
Continuous
 62
     7
370
    18
100
AcDbCircle
 10
735.396197
 20
18.546454
 30
0.0
 40
2.201836556999999
100
AcDbArc
 50
84.040006
 51
103.342766
  0
ARC
  5
444
102
{ACAD_REACTORS
330
57C
102
}
330
1F
100
AcDbEntity
  8
201
  6
Continuous
 62
     7
370
    18
100
AcDbCircle
 10
734.97917
 20
20.288789
 30
0.0
 40
0.4103089736999994
100
AcDbArc
 50
102.828783
 51
149.225964
  0
ARC
  5
445
102
{ACAD_REACTORS
330
57C
102
}
330
1F
100
AcDbEntity
  8
201
  6
Continuous
 62
     7
370
    18
100
AcDbCircle
 10
734.899949
 20
20.36801
 30
0.0
 40
0.3029626476000232
100
AcDbArc
 50
154.440035
 51
221.82017
  0
ARC
  5
446
102
{ACAD_REACTORS
330
57C
102
}
330
1F
100
AcDbEntity
  8
201
  6
Continuous
 62
     7
370
    18
100
AcDbCircle
 10
735.173514
 20
18.759668
 30
0.0
 40
2.100726595300005
100
AcDbArc
 50
282.405836
 51
311.864443
  0
ARC
  5
447
102
{ACAD_REACTORS
330
57C
102
}
330
1F
100
AcDbEntity
  8
201
  6
Continuous
 62
     7
370
    18
100
AcDbCircle
 10
734.718678
 20
21.377682
 30
0.0
 40
4.756794641099997
100
AcDbArc
 50
252.59392
 51
280.98166
  0
ARC
  5
448
102
{ACAD_REACTORS
330
57C
102
}
330
1F
100
AcDbEntity
  8
201
  6
Continuous
 62
     7
370
    18
100
AcDbCircle
 10
735.284672
 20
17.975975
 30
0.0
 40
0.3401689264999965
100
AcDbArc
 50
305.503221
 51
72.46529
  0
ARC
  5
449
102
{ACAD_REACTORS
330
57C
102
}
330
1F
100
AcDbEntity
  8
201
  6
Continuous
 62
     7
370
    18
100
AcDbCircle
 10
735.000362
 20
18.700801
 30
0.0
 40
1.111619360600005
100
AcDbArc
 50
277.709996
 51
295.688493
  0
ELLIPSE
  5
44A
330
1F
100
AcDbEntity
  8
1
  6
Continuous
 62
     7
370
    13
100
AcDbEllipse
 10
186.007115
 20
421.307888
 30
0.0
 11
5.10000002274446
 21
0.0
 31
0.0
210
0.0
220
0.0
230
1.0
 40
1.0
 41
3.082735147774027
 42
3.141592653589793
  0
ELLIPSE
  5
44B
330
1F
100
AcDbEntity
  8
1
  6
Continuous
 62
     7
370
    13
100
AcDbEllipse
 10
652.007115
 20
421.307888
 30
0.0
 11
0.08203439764314156
 21
5.099340067340643
 31
0.0
210
0.0
220
0.0
230
1.0
 40
1.0
 41
4.669617343519889
 42
4.728474850865199
  0
ELLIPSE
  5
44C
330
1F
100
AcDbEntity
  8
1
  6
Continuous
 62
     7
370
    13
100
AcDbEllipse
 10
652.007116
 20
421.307888
 30
0.0
 11
5.098458375062501
 21
0.1254104394210323
 31
0.0
210
0.0
220
0.0
230
1.0
 40
1.0
 41
3.116999896416605
 42
3.175857399207096
  0
ELLIPSE
  5
44D
330
1F
100
AcDbEntity
  8
1
  6
Continuous
 62
     7
370
    13
100
AcDbEllipse
 10
186.007115
 20
421.307888
 30
0.0
 11
5.100000017160128
 21
0.0
 31
0.0
210
0.0
220
0.0
230
1.0
 40
1.0
 41
6.224327801331578
 42
6.283185307179586
  0
ELLIPSE
  5
44E
330
1F
100
AcDbEntity
  8
1
  6
Continuous
 62
     7
370
    13
100
AcDbEllipse
 10
186.007115
 20
421.307888
 30
0.0
 11
5.974422339878290E-15
 21
5.09999998336037
 31
0.0
210
0.0
220
0.0
230
1.0
 40
1.0
 41
1.570796326794897
 42
1.629653832934064
  0
ELLIPSE
  5
44F
330
1F
100
AcDbEntity
  8
1
  6
Continuous
 62
     7
370
    13
100
AcDbEllipse
 10
652.007116
 20
421.307888
 30
0.0
 11
-5.098584039666381
 21
0.120210683629305
 31
0.0
210
0.0
220
0.0
230
1.0
 40
1.0
 41
6.247900705505013
 42
6.306758205897808
  0
ELLIPSE
  5
450
330
1F
100
AcDbEntity
  8
1
  6
Continuous
 62
     7
370
    13
100
AcDbEllipse
 10
186.007115
 20
421.307888
 30
0.0
 11
5.100000017158821
 21
0.0
 31
0.0
210
0.0
220
0.0
230
1.0
 40
1.0
 41
0.0
 42
0.0588575058480157
  0
ELLIPSE
  5
451
330
1F
100
AcDbEntity
  8
1
  6
Continuous
 62
     7
370
    13
100
AcDbEllipse
 10
652.007115
 20
421.307888
 30
0.0
 11
-0.08541157764860297
 21
5.099284610238637
 31
0.0
210
0.0
220
0.0
230
1.0
 40
1.0
 41
4.695640828397634
 42
4.754498335845894
  0
SPLINE
  5
452
330
1F
100
AcDbEntity
  8
1
  6
Continuous
 62
     7
370
    13
100
AcDbSpline
210
0.0
220
0.0
230
1.0
 70
    24
 71
     3
 72
     8
 73
     4
 74
     0
 42
0.000000001
 43
0.0000000001
 40
0.0
 40
0.0
 40
0.0
 40
0.0
 40
1.0
 40
1.0
 40
1.0
 40
1.0
 10
243.9695250555349
 20
424.3578884429857
 30
0.0
 10
243.9695250555351
 20
424.2818061276979
 30
0.0
 10
243.9695250555349
 20
424.20572381241
 30
0.0
 10
243.9695250555349
 20
424.1296414971223
 30
0.0
  0
SPLINE
  5
453
330
1F
100
AcDbEntity
  8
1
  6
Continuous
 62
     7
370
    13
100
AcDbSpline
210
0.0
220
0.0
230
1.0
 70
    24
 71
     3
 72
     8
 73
     4
 74
     0
 42
0.000000001
 43
0.0000000001
 40
0.0
 40
0.0
 40
0.0
 40
0.0
 40
1.0
 40
1.0
 40
1.0
 40
1.0
 10
243.9695250555349
 20
424.1296414971223
 30
0.0
 10
243.6229278414458
 20
423.4072821814175
 30
0.0
 10
243.2763306273569
 20
422.6849228657127
 30
0.0
 10
242.9297334132683
 20
421.9625635500079
 30
0.0
  0
SPLINE
  5
454
330
1F
100
AcDbEntity
  8
1
  6
Continuous
 62
     7
370
    13
100
AcDbSpline
210
0.0
220
0.0
230
1.0
 70
    24
 71
     3
 72
     8
 73
     4
 74
     0
 42
0.000000001
 43
0.0000000001
 40
0.0
 40
0.0
 40
0.0
 40
0.0
 40
1.0
 40
1.0
 40
1.0
 40
1.0
 10
242.4142757271937
 20
424.1296414971223
 30
0.0
 10
242.4142757271935
 20
424.20572381241
 30
0.0
 10
242.4142757271939
 20
424.2818061276979
 30
0.0
 10
242.4142757271937
 20
424.3578884429857
 30
0.0
  0
SPLINE
  5
455
330
1F
100
AcDbEntity
  8
1
  6
Continuous
 62
     7
370
    13
100
AcDbSpline
210
0.0
220
0.0
230
1.0
 70
    24
 71
     3
 72
     8
 73
     4
 74
     0
 42
0.000000001
 43
0.0000000001
 40
0.0
 40
0.0
 40
0.0
 40
0.0
 40
1.0
 40
1.0
 40
1.0
 40
1.0
 10
242.4142757271937
 20
424.3578884429857
 30
0.0
 10
242.9326921699736
 20
424.3578884429857
 30
0.0
 10
243.4511086127544
 20
424.3578884429857
 30
0.0
 10
243.9695250555349
 20
424.3578884429857
 30
0.0
  0
SPLINE
  5
456
330
1F
100
AcDbEntity
  8
1
  6
Continuous
 62
     7
370
    13
100
AcDbSpline
210
0.0
220
0.0
230
1.0
 70
    24
 71
     3
 72
     8
 73
     4
 74
     0
 42
0.000000001
 43
0.0000000001
 40
0.0
 40
0.0
 40
0.0
 40
0.0
 40
1.0
 40
1.0
 40
1.0
 40
1.0
 10
242.9297334132683
 20
421.9625635500079
 30
0.0
 10
242.828290326218
 20
421.9625635500079
 30
0.0
 10
242.7268472391677
 20
421.9625635500079
 30
0.0
 10
242.625404152117
 20
421.9625635500079
 30
0.0
  0
SPLINE
  5
457
330
1F
100
AcDbEntity
  8
1
  6
Continuous
 62
     7
370
    13
100
AcDbSpline
210
0.0
220
0.0
230
1.0
 70
    24
 71
     3
 72
     8
 73
     4
 74
     0
 42
0.000000001
 43
0.0000000001
 40
0.0
 40
0.0
 40
0.0
 40
0.0
 40
1.0
 40
1.0
 40
1.0
 40
1.0
 10
242.625404152117
 20
421.9625635500079
 30
0.0
 10
242.9787642386762
 20
422.6849228657127
 30
0.0
 10
243.3321243252347
 20
423.4072821814175
 30
0.0
 10
243.6854844117937
 20
424.1296414971223
 30
0.0
  0
SPLINE
  5
458
330
1F
100
AcDbEntity
  8
1
  6
Continuous
 62
     7
370
    13
100
AcDbSpline
210
0.0
220
0.0
230
1.0
 70
    24
 71
     3
 72
     8
 73
     4
 74
     0
 42
0.000000001
 43
0.0000000001
 40
0.0
 40
0.0
 40
0.0
 40
0.0
 40
1.0
 40
1.0
 40
1.0
 40
1.0
 10
243.6854844117937
 20
424.1296414971223
 30
0.0
 10
243.2617481835935
 20
424.1296414971223
 30
0.0
 10
242.8380119553934
 20
424.1296414971223
 30
0.0
 10
242.4142757271937
 20
424.1296414971223
 30
0.0
  0
SPLINE
  5
459
330
1F
100
AcDbEntity
  8
1
  6
Continuous
 62
     7
370
    13
100
AcDbSpline
210
0.0
220
0.0
230
1.0
 70
    24
 71
     3
 72
     8
 73
     4
 74
     0
 42
0.000000001
 43
0.0000000001
 40
0.0
 40
0.0
 40
0.0
 40
0.0
 40
1.0
 40
1.0
 40
1.0
 40
1.0
 10
221.5173371824877
 20
419.727545090477
 30
0.0
 10
221.5421251180583
 20
419.8379640762007
 30
0.0
 10
221.566913053629
 20
419.9483830619245
 30
0.0
 10
221.5917009891996
 20
420.0588020476481
 30
0.0
  0
SPLINE
  5
45A
330
1F
100
AcDbEntity
  8
1
  6
Continuous
 62
     7
370
    13
100
AcDbSpline
210
0.0
220
0.0
230
1.0
 70
    24
 71
     3
 72
     8
 73
     4
 74
     0
 42
0.000000001
 43
0.0000000001
 40
0.0
 40
0.0
 40
0.0
 40
0.0
 40
1.0
 40
1.0
 40
1.0
 40
1.0
 10
219.9168252516664
 20
417.3817050060203
 30
0.0
 10
219.9010511108484
 20
417.2743845122429
 30
0.0
 10
219.8852769700305
 20
417.1670640184656
 30
0.0
 10
219.869502829213
 20
417.0597435246882
 30
0.0
  0
SPLINE
  5
45B
330
1F
100
AcDbEntity
  8
1
  6
Continuous
 62
     7
370
    13
100
AcDbSpline
210
0.0
220
0.0
230
1.0
 70
     8
 71
     3
 72
    27
 73
    23
 74
     0
 42
0.000000001
 43
0.0000000001
 40
0.0
 40
0.0
 40
0.0
 40
0.0
 40
0.0331218732780664
 40
0.0807671562836625
 40
0.1316572659884564
 40
0.184078116883587
 40
0.2331546220983441
 40
0.2765004812648899
 40
0.3252898791547804
 40
0.3765317229264858
 40
0.4331689692140865
 40
0.5014952924438022
 40
0.5737629502388777
 40
0.6225045229661784
 40
0.6853022286775501
 40
0.7336023038850219
 40
0.7770686598827959
 40
0.8222169235325643
 40
0.86777321730243
 40
0.9138424513377444
 40
0.9625459596118954
 40
1.0
 40
1.0
 40
1.0
 40
1.0
 10
219.869502829213
 20
417.0597435246882
 30
0.0
 10
219.9357653615069
 20
417.0383411533553
 30
0.0
 10
220.0986176470806
 20
416.9917741584463
 30
0.0
 10
220.36961249097
 20
416.9350179690945
 30
0.0
 10
220.6862779802928
 20
416.9087835197914
 30
0.0
 10
221.0072381046237
 20
416.9353496258767
 30
0.0
 10
221.2985366826215
 20
417.0365860361129
 30
0.0
 10
221.539012691575
 20
417.2178650870165
 30
0.0
 10
221.7046138811432
 20
417.4794120089131
 30
0.0
 10
221.7578107704654
 20
417.8099149235923
 30
0.0
 10
221.7035895159966
 20
418.1857111598246
 30
0.0
 10
221.4339238963651
 20
418.5276177563431
 30
0.0
 10
221.0720212298245
 20
418.7040512115252
 30
0.0
 10
220.7187532904032
 20
418.8522268969404
 30
0.0
 10
220.4055887815073
 20
418.9923748775167
 30
0.0
 10
220.2124013642349
 20
419.2785102968191
 30
0.0
 10
220.2299851765839
 20
419.5868768374607
 30
0.0
 10
220.4290360415351
 20
419.8114368275938
 30
0.0
 10
220.7097662643212
 20
419.905592058247
 30
0.0
 10
221.0073939742188
 20
419.8951318673733
 30
0.0
 10
221.2788677025461
 20
419.8299099511123
 30
0.0
 10
221.4461431983673
 20
419.7622397235649
 30
0.0
 10
221.5173371824877
 20
419.727545090477
 30
0.0
  0
SPLINE
  5
45C
330
1F
100
AcDbEntity
  8
1
  6
Continuous
 62
     7
370
    13
100
AcDbSpline
210
0.0
220
0.0
230
1.0
 70
     8
 71
     3
 72
    26
 73
    22
 74
     0
 42
0.000000001
 43
0.0000000001
 40
0.0
 40
0.0
 40
0.0
 40
0.0
 40
0.0620803739715826
 40
0.1371884670100396
 40
0.1934433323953483
 40
0.2516707000808674
 40
0.3135665125206384
 40
0.3741917141829967
 40
0.431039801368331
 40
0.4723637742696398
 40
0.5249717533868072
 40
0.5831868909707286
 40
0.642247603753359
 40
0.6835510956556665
 40
0.7224213238236077
 40
0.7623877538928806
 40
0.8033524978591337
 40
0.8491800024860274
 40
0.8954329914020149
 40
0.9457120470818325
 40
1.0
 40
1.0
 40
1.0
 40
1.0
 10
221.5917009891996
 20
420.0588020476481
 30
0.0
 10
221.4670431330144
 20
420.1032896007221
 30
0.0
 10
221.1883875663285
 20
420.175594060601
 30
0.0
 10
220.77750201892
 20
420.2197024413579
 30
0.0
 10
220.379311161051
 20
420.1471284970881
 30
0.0
 10
220.0465901741016
 20
419.9549937856132
 30
0.0
 10
219.8437343156355
 20
419.6115030555402
 30
0.0
 10
219.8169179695779
 20
419.2229922236374
 30
0.0
 10
219.9421881003537
 20
418.8959127619943
 30
0.0
 10
220.1871649475425
 20
418.6828894417004
 30
0.0
 10
220.476105238761
 20
418.541291456767
 30
0.0
 10
220.8030278938975
 20
418.395218908751
 30
0.0
 10
221.1075865993972
 20
418.2567545134789
 30
0.0
 10
221.3269545715276
 20
418.0389809056435
 30
0.0
 10
221.3618035928083
 20
417.7766998318913
 30
0.0
 10
221.313915647143
 20
417.5219236233264
 30
0.0
 10
221.1257877491365
 20
417.3125774856899
 30
0.0
 10
220.8522894841468
 20
417.2166159794551
 30
0.0
 10
220.5493374678854
 20
417.2204219467751
 30
0.0
 10
220.235238654833
 20
417.2766775778962
 30
0.0
 10
220.0245019342747
 20
417.3405706780041
 30
0.0
 10
219.9168252516664
 20
417.3817050060203
 30
0.0
  0
SPLINE
  5
45D
330
1F
100
AcDbEntity
  8
1
  6
Continuous
 62
     7
370
    13
100
AcDbSpline
210
0.0
220
0.0
230
1.0
 70
    24
 71
     3
 72
     8
 73
     4
 74
     0
 42
0.000000001
 43
0.0000000001
 40
0.0
 40
0.0
 40
0.0
 40
0.0
 40
1.0
 40
1.0
 40
1.0
 40
1.0
 10
229.3744009061573
 20
424.3578884429857
 30
0.0
 10
229.4667563833262
 20
424.3578884429857
 30
0.0
 10
229.5591118604949
 20
424.3578884429857
 30
0.0
 10
229.6514673376635
 20
424.3578884429857
 30
0.0
  0
SPLINE
  5
45E
330
1F
100
AcDbEntity
  8
1
  6
Continuous
 62
     7
370
    13
100
AcDbSpline
210
0.0
220
0.0
230
1.0
 70
    24
 71
     3
 72
     8
 73
     4
 74
     0
 42
0.000000001
 43
0.0000000001
 40
0.0
 40
0.0
 40
0.0
 40
0.0
 40
1.0
 40
1.0
 40
1.0
 40
1.0
 10
229.3744009061573
 20
421.9625635500079
 30
0.0
 10
229.3744009061573
 20
422.7610051810005
 30
0.0
 10
229.3744009061573
 20
423.5594468119931
 30
0.0
 10
229.3744009061573
 20
424.3578884429857
 30
0.0
  0
SPLINE
  5
45F
330
1F
100
AcDbEntity
  8
1
  6
Continuous
 62
     7
370
    13
100
AcDbSpline
210
0.0
220
0.0
230
1.0
 70
    24
 71
     3
 72
     8
 73
     4
 74
     0
 42
0.000000001
 43
0.0000000001
 40
0.0
 40
0.0
 40
0.0
 40
0.0
 40
1.0
 40
1.0
 40
1.0
 40
1.0
 10
229.6514673376635
 20
421.9625635500079
 30
0.0
 10
229.5591118604946
 20
421.9625635500079
 30
0.0
 10
229.4667563833262
 20
421.9625635500079
 30
0.0
 10
229.3744009061573
 20
421.9625635500079
 30
0.0
  0
SPLINE
  5
460
330
1F
100
AcDbEntity
  8
1
  6
Continuous
 62
     7
370
    13
100
AcDbSpline
210
0.0
220
0.0
230
1.0
 70
    24
 71
     3
 72
     8
 73
     4
 74
     0
 42
0.000000001
 43
0.0000000001
 40
0.0
 40
0.0
 40
0.0
 40
0.0
 40
1.0
 40
1.0
 40
1.0
 40
1.0
 10
229.6514673376635
 20
424.3578884429857
 30
0.0
 10
229.6514673376635
 20
423.5594468119931
 30
0.0
 10
229.6514673376635
 20
422.7610051810005
 30
0.0
 10
229.6514673376635
 20
421.9625635500079
 30
0.0
  0
SPLINE
  5
461
330
1F
100
AcDbEntity
  8
1
  6
Continuous
 62
     7
370
    13
100
AcDbSpline
210
0.0
220
0.0
230
1.0
 70
     8
 71
     3
 72
    23
 73
    19
 74
     0
 42
0.000000001
 43
0.0000000001
 40
0.0
 40
0.0
 40
0.0
 40
0.0
 40
0.0268944145426543
 40
0.094966890771539
 40
0.1548032280813871
 40
0.2111882442363654
 40
0.2947783075752518
 40
0.3587697983740058
 40
0.4436774931589028
 40
0.514452334315457
 40
0.595528177153662
 40
0.6861953324509564
 40
0.7507084135114535
 40
0.797186242581851
 40
0.8507155606280705
 40
0.8970877987730234
 40
0.9433775604241853
 40
1.0
 40
1.0
 40
1.0
 40
1.0
 10
240.6200011249892
 20
422.0354757688253
 30
0.0
 10
240.6602197660698
 20
422.0224920350327
 30
0.0
 10
240.8031285172941
 20
421.9808026479387
 30
0.0
 10
241.0420520317494
 20
421.9318591927802
 30
0.0
 10
241.3328663641885
 20
421.9229622538279
 30
0.0
 10
241.6434466586168
 20
421.980331828056
 30
0.0
 10
241.925134847056
 20
422.1783485355754
 30
0.0
 10
242.0493384695522
 20
422.5343890171384
 30
0.0
 10
242.0031706914938
 20
422.8998119355486
 30
0.0
 10
241.7327062718976
 20
423.1794709313542
 30
0.0
 10
241.3854804504461
 20
423.3331938272291
 30
0.0
 10
241.020362535772
 20
423.4536422691546
 30
0.0
 10
240.8536191421863
 20
423.7681357294571
 30
0.0
 10
240.9458801804183
 20
424.0334977126782
 30
0.0
 10
241.1599281725115
 20
424.1555472819717
 30
0.0
 10
241.3914220473458
 20
424.1712769500966
 30
0.0
 10
241.6243367104142
 20
424.1322983679951
 30
0.0
 10
241.7754326276293
 20
424.0772237271447
 30
0.0
 10
241.8563387484162
 20
424.0370746801888
 30
0.0
  0
SPLINE
  5
462
330
1F
100
AcDbEntity
  8
1
  6
Continuous
 62
     7
370
    13
100
AcDbSpline
210
0.0
220
0.0
230
1.0
 70
    24
 71
     3
 72
     8
 73
     4
 74
     0
 42
0.000000001
 43
0.0000000001
 40
0.0
 40
0.0
 40
0.0
 40
0.0
 40
1.0
 40
1.0
 40
1.0
 40
1.0
 10
240.6555062054568
 20
422.2770371198642
 30
0.0
 10
240.6436711786342
 20
422.1965166695179
 30
0.0
 10
240.6318361518116
 20
422.1159962191716
 30
0.0
 10
240.6200011249892
 20
422.0354757688253
 30
0.0
  0
SPLINE
  5
463
330
1F
100
AcDbEntity
  8
1
  6
Continuous
 62
     7
370
    13
100
AcDbSpline
210
0.0
220
0.0
230
1.0
 70
    24
 71
     3
 72
     8
 73
     4
 74
     0
 42
0.000000001
 43
0.0000000001
 40
0.0
 40
0.0
 40
0.0
 40
0.0
 40
1.0
 40
1.0
 40
1.0
 40
1.0
 10
241.856338748416
 20
424.0370746801888
 30
0.0
 10
241.8749366477089
 20
424.1199198679466
 30
0.0
 10
241.8935345470009
 20
424.2027650557044
 30
0.0
 10
241.9121324462938
 20
424.2856102434623
 30
0.0
  0
SPLINE
  5
464
330
1F
100
AcDbEntity
  8
1
  6
Continuous
 62
     7
370
    13
100
AcDbSpline
210
0.0
220
0.0
230
1.0
 70
     8
 71
     3
 72
    22
 73
    18
 74
     0
 42
0.000000001
 43
0.0000000001
 40
0.0
 40
0.0
 40
0.0
 40
0.0
 40
0.0854456343828197
 40
0.1948487077050177
 40
0.2600151854528148
 40
0.3155674150874168
 40
0.3915212945143586
 40
0.4741593327113103
 40
0.5491130553633079
 40
0.6255509720887231
 40
0.6894560184165504
 40
0.7403578395138207
 40
0.790081780689924
 40
0.8307471763651747
 40
0.8843993518703028
 40
0.9349674267075944
 40
1.0
 40
1.0
 40
1.0
 40
1.0
 10
241.9121324462938
 20
424.2856102434623
 30
0.0
 10
241.7825388887744
 20
424.3359317870147
 30
0.0
 10
241.4880343517692
 20
424.4016662175708
 30
0.0
 10
241.0594390220486
 20
424.3947235933741
 30
0.0
 10
240.7372187199629
 20
424.1933356190621
 30
0.0
 10
240.588728436228
 20
423.9114232710631
 30
0.0
 10
240.5755082919603
 20
423.5501425780931
 30
0.0
 10
240.832699471265
 20
423.246143885102
 30
0.0
 10
241.1755555050702
 20
423.1021454666966
 30
0.0
 10
241.4849291199474
 20
422.9749131170086
 30
0.0
 10
241.7356689031063
 20
422.7642106356504
 30
0.0
 10
241.7414857015445
 20
422.4838460672369
 30
0.0
 10
241.6316589049048
 20
422.2771510700122
 30
0.0
 10
241.4241743299343
 20
422.1637656865032
 30
0.0
 10
241.1914644206987
 20
422.1494613894436
 30
0.0
 10
240.9269132217792
 20
422.1892568328807
 30
0.0
 10
240.7520569828787
 20
422.2395402624335
 30
0.0
 10
240.6555062054568
 20
422.2770371198642
 30
0.0
  0
SPLINE
  5
465
330
1F
100
AcDbEntity
  8
1
  6
Continuous
 62
     7
370
    13
100
AcDbSpline
210
0.0
220
0.0
230
1.0
 70
    24
 71
     3
 72
     8
 73
     4
 74
     0
 42
0.000000001
 43
0.0000000001
 40
0.0
 40
0.0
 40
0.0
 40
0.0
 40
1.0
 40
1.0
 40
1.0
 40
1.0
 10
237.2001010528023
 20
424.3578884429857
 30
0.0
 10
237.2001010528023
 20
423.5594468119931
 30
0.0
 10
237.200101052802
 20
422.7610051810005
 30
0.0
 10
237.2001010528023
 20
421.9625635500079
 30
0.0
  0
SPLINE
  5
466
330
1F
100
AcDbEntity
  8
1
  6
Continuous
 62
     7
370
    13
100
AcDbSpline
210
0.0
220
0.0
230
1.0
 70
    24
 71
     3
 72
     8
 73
     4
 74
     0
 42
0.000000001
 43
0.0000000001
 40
0.0
 40
0.0
 40
0.0
 40
0.0
 40
1.0
 40
1.0
 40
1.0
 40
1.0
 10
236.9230346212958
 20
421.9625635500079
 30
0.0
 10
236.923034621296
 20
422.7610051810005
 30
0.0
 10
236.923034621296
 20
423.5594468119931
 30
0.0
 10
236.9230346212958
 20
424.3578884429857
 30
0.0
  0
SPLINE
  5
467
330
1F
100
AcDbEntity
  8
1
  6
Continuous
 62
     7
370
    13
100
AcDbSpline
210
0.0
220
0.0
230
1.0
 70
    24
 71
     3
 72
     8
 73
     4
 74
     0
 42
0.000000001
 43
0.0000000001
 40
0.0
 40
0.0
 40
0.0
 40
0.0
 40
1.0
 40
1.0
 40
1.0
 40
1.0
 10
237.2001010528023
 20
421.9625635500079
 30
0.0
 10
237.1077455756336
 20
421.9625635500079
 30
0.0
 10
237.0153900984645
 20
421.9625635500079
 30
0.0
 10
236.9230346212958
 20
421.9625635500079
 30
0.0
  0
SPLINE
  5
468
330
1F
100
AcDbEntity
  8
1
  6
Continuous
 62
     7
370
    13
100
AcDbSpline
210
0.0
220
0.0
230
1.0
 70
    24
 71
     3
 72
     8
 73
     4
 74
     0
 42
0.000000001
 43
0.0000000001
 40
0.0
 40
0.0
 40
0.0
 40
0.0
 40
1.0
 40
1.0
 40
1.0
 40
1.0
 10
236.9230346212958
 20
424.3578884429857
 30
0.0
 10
237.0153900984643
 20
424.3578884429857
 30
0.0
 10
237.1077455756336
 20
424.3578884429857
 30
0.0
 10
237.2001010528023
 20
424.3578884429857
 30
0.0
  0
SPLINE
  5
469
330
1F
100
AcDbEntity
  8
1
  6
Continuous
 62
     7
370
    13
100
AcDbSpline
210
0.0
220
0.0
230
1.0
 70
     8
 71
     3
 72
    12
 73
     8
 74
     0
 42
0.000000001
 43
0.0000000001
 40
0.0
 40
0.0
 40
0.0
 40
0.0
 40
0.0586048262488468
 40
0.0586048262488468
 40
0.6236438114015257
 40
0.6236438114015257
 40
1.0
 40
1.0
 40
1.0
 40
1.0
 10
216.6346772372465
 20
419.896553742095
 30
0.0
 10
216.55355308447
 20
419.9024690449016
 30
0.0
 10
216.4901748401128
 20
419.9050041746758
 30
0.0
 10
216.0135704425502
 20
419.9050041746758
 30
0.0
 10
215.691608961218
 20
419.746981085413
 30
0.0
 10
215.3368176003538
 20
419.2190177507937
 30
0.0
 10
215.2437360344309
 20
418.9458800767442
 30
0.0
 10
215.2031739580426
 20
418.6095528600245
 30
0.0
  0
SPLINE
  5
46A
330
1F
100
AcDbEntity
  8
1
  6
Continuous
 62
     7
370
    13
100
AcDbSpline
210
0.0
220
0.0
230
1.0
 70
    24
 71
     3
 72
     8
 73
     4
 74
     0
 42
0.000000001
 43
0.0000000001
 40
0.0
 40
0.0
 40
0.0
 40
0.0
 40
1.0
 40
1.0
 40
1.0
 40
1.0
 10
216.6524231456661
 20
420.1956990554586
 30
0.0
 10
216.6465078428594
 20
420.0959839510041
 30
0.0
 10
216.640592540053
 20
419.9962688465495
 30
0.0
 10
216.6346772372465
 20
419.896553742095
 30
0.0
  0
SPLINE
  5
46B
330
1F
100
AcDbEntity
  8
1
  6
Continuous
 62
     7
370
    13
100
AcDbSpline
210
0.0
220
0.0
230
1.0
 70
     8
 71
     3
 72
    26
 73
    22
 74
     0
 42
0.000000001
 43
0.0000000001
 40
0.0
 40
0.0
 40
0.0
 40
0.0
 40
0.0384571126652211
 40
0.0769296596363127
 40
0.1067064850199875
 40
0.1549048511160704
 40
0.1971911363936526
 40
0.271396680569421
 40
0.3270219841038873
 40
0.3703328975041003
 40
0.4074891906090166
 40
0.4560554372037438
 40
0.5024783597262391
 40
0.5553202760537355
 40
0.5993643214840179
 40
0.649189721580288
 40
0.7410346574687432
 40
0.8340187375810575
 40
0.8973689086303174
 40
0.9438898244818499
 40
1.0
 40
1.0
 40
1.0
 40
1.0
 10
215.2031739580426
 20
418.6095528600245
 30
0.0
 10
215.2782178085798
 20
418.7064616107835
 30
0.0
 10
215.4485348072965
 20
418.862035224906
 30
0.0
 10
215.7626975118345
 20
418.9757740377063
 30
0.0
 10
216.1174526854559
 20
418.9889816447724
 30
0.0
 10
216.4783076777172
 20
418.8792702038406
 30
0.0
 10
216.8561695661891
 20
418.524666388321
 30
0.0
 10
216.9518661428884
 20
417.9730352323797
 30
0.0
 10
216.8352763653339
 20
417.4483984563103
 30
0.0
 10
216.5580867581148
 20
417.1246769099625
 30
0.0
 10
216.2057987901169
 20
416.9380849538173
 30
0.0
 10
215.7997881319507
 20
416.8992281592198
 30
0.0
 10
215.3476768823548
 20
416.9779260674399
 30
0.0
 10
215.0039806523919
 20
417.2856806050879
 30
0.0
 10
214.8424219135466
 20
417.707623062703
 30
0.0
 10
214.7784565322743
 20
418.2696072072939
 30
0.0
 10
214.8482760215509
 20
418.9831488386441
 30
0.0
 10
215.1639068839561
 20
419.6982377569796
 30
0.0
 10
215.6765113974855
 20
420.0769744100701
 30
0.0
 10
216.1709747237133
 20
420.1999104803559
 30
0.0
 10
216.4792911251669
 20
420.2121735715129
 30
0.0
 10
216.6524231456665
 20
420.1956990554586
 30
0.0
  0
SPLINE
  5
46C
330
1F
100
AcDbEntity
  8
1
  6
Continuous
 62
     7
370
    13
100
AcDbSpline
210
0.0
220
0.0
230
1.0
 70
    11
 71
     3
 72
    20
 73
    16
 74
     0
 42
0.000000001
 43
0.0000000001
 40
0.0
 40
0.0
 40
0.0
 40
0.0
 40
0.0625
 40
0.125
 40
0.21875
 40
0.3125
 40
0.375
 40
0.5
 40
0.5625
 40
0.65625
 40
0.75
 40
0.8125
 40
0.90625
 40
0.96875
 40
1.0
 40
1.0
 40
1.0
 40
1.0
 10
216.0472155868671
 20
418.6651158862543
 30
0.0
 10
215.9566708127134
 20
418.6863428969348
 30
0.0
 10
215.7679387927411
 20
418.6945999433954
 30
0.0
 10
215.4476629203996
 20
418.589047610924
 30
0.0
 10
215.2045603117318
 20
418.2748513760774
 30
0.0
 10
215.1809128103553
 20
417.8921599433114
 30
0.0
 10
215.2636173987738
 20
417.4710950386984
 30
0.0
 10
215.5878061504564
 20
417.2085895049383
 30
0.0
 10
216.0183898255105
 20
417.1992174209731
 30
0.0
 10
216.3848042622411
 20
417.3600081763345
 30
0.0
 10
216.5392098319281
 20
417.7257969724878
 30
0.0
 10
216.5466909538061
 20
418.095822930383
 30
0.0
 10
216.4502705829812
 20
418.4292955975869
 30
0.0
 10
216.2254392083001
 20
418.6098379993057
 30
0.0
 10
216.0924879739439
 20
418.6545023809141
 30
0.0
 10
216.0472155868671
 20
418.6651158862543
 30
0.0
  0
SPLINE
  5
46D
330
1F
100
AcDbEntity
  8
1
  6
Continuous
 62
     7
370
    13
100
AcDbSpline
210
0.0
220
0.0
230
1.0
 70
    24
 71
     3
 72
     8
 73
     4
 74
     0
 42
0.000000001
 43
0.0000000001
 40
0.0
 40
0.0
 40
0.0
 40
0.0
 40
1.0
 40
1.0
 40
1.0
 40
1.0
 10
232.8071151105647
 20
418.1118223810097
 30
0.0
 10
232.8071151105647
 20
418.2056221826576
 30
0.0
 10
232.8071151105647
 20
418.2994219843056
 30
0.0
 10
232.8071151105647
 20
418.3932217859535
 30
0.0
  0
SPLINE
  5
46E
330
1F
100
AcDbEntity
  8
1
  6
Continuous
 62
     7
370
    13
100
AcDbSpline
210
0.0
220
0.0
230
1.0
 70
    24
 71
     3
 72
     8
 73
     4
 74
     0
 42
0.000000001
 43
0.0000000001
 40
0.0
 40
0.0
 40
0.0
 40
0.0
 40
1.0
 40
1.0
 40
1.0
 40
1.0
 10
233.8727146590155
 20
418.1118223810097
 30
0.0
 10
233.5175148095319
 20
418.1118223810097
 30
0.0
 10
233.1623149600483
 20
418.1118223810097
 30
0.0
 10
232.8071151105647
 20
418.1118223810097
 30
0.0
  0
SPLINE
  5
46F
330
1F
100
AcDbEntity
  8
1
  6
Continuous
 62
     7
370
    13
100
AcDbSpline
210
0.0
220
0.0
230
1.0
 70
    24
 71
     3
 72
     8
 73
     4
 74
     0
 42
0.000000001
 43
0.0000000001
 40
0.0
 40
0.0
 40
0.0
 40
0.0
 40
1.0
 40
1.0
 40
1.0
 40
1.0
 10
233.8727146590155
 20
418.3932217859535
 30
0.0
 10
233.8727146590155
 20
418.2994219843056
 30
0.0
 10
233.8727146590155
 20
418.2056221826576
 30
0.0
 10
233.8727146590155
 20
418.1118223810097
 30
0.0
  0
SPLINE
  5
470
330
1F
100
AcDbEntity
  8
1
  6
Continuous
 62
     7
370
    13
100
AcDbSpline
210
0.0
220
0.0
230
1.0
 70
    24
 71
     3
 72
     8
 73
     4
 74
     0
 42
0.000000001
 43
0.0000000001
 40
0.0
 40
0.0
 40
0.0
 40
0.0
 40
1.0
 40
1.0
 40
1.0
 40
1.0
 10
232.8071151105647
 20
418.3932217859535
 30
0.0
 10
233.162314960048
 20
418.3932217859535
 30
0.0
 10
233.5175148095319
 20
418.3932217859535
 30
0.0
 10
233.8727146590155
 20
418.3932217859535
 30
0.0
  0
SPLINE
  5
471
330
1F
100
AcDbEntity
  8
1
  6
Continuous
 62
     7
370
    13
100
AcDbSpline
210
0.0
220
0.0
230
1.0
 70
    24
 71
     3
 72
     8
 73
     4
 74
     0
 42
0.000000001
 43
0.0000000001
 40
0.0
 40
0.0
 40
0.0
 40
0.0
 40
1.0
 40
1.0
 40
1.0
 40
1.0
 10
227.5091161430178
 20
422.2770371198642
 30
0.0
 10
227.4972811161954
 20
422.1965166695179
 30
0.0
 10
227.4854460893724
 20
422.1159962191716
 30
0.0
 10
227.4736110625502
 20
422.0354757688253
 30
0.0
  0
SPLINE
  5
472
330
1F
100
AcDbEntity
  8
1
  6
Continuous
 62
     7
370
    13
100
AcDbSpline
210
0.0
220
0.0
230
1.0
 70
     8
 71
     3
 72
    31
 73
    27
 74
     0
 42
0.000000001
 43
0.0000000001
 40
0.0
 40
0.0
 40
0.0
 40
0.0
 40
0.05117697716181
 40
0.09882070832079
 40
0.1433514180341
 40
0.1979964188491
 40
0.2476204636104
 40
0.2935483453498999
 40
0.3448480221779
 40
0.3913825489536999
 40
0.4403085479924
 40
0.4840455395393
 40
0.5266139642747
 40
0.5727401313752
 40
0.600033649838
 40
0.6415791079568
 40
0.6975129005006
 40
0.7352302778399
 40
0.7616251088757
 40
0.7798300858304
 40
0.8027551350539
 40
0.8316168751882
 40
0.8749860657321
 40
0.9141275100891
 40
0.9556037715215
 40
1.0
 40
1.0
 40
1.0
 40
1.0
 10
245.7538796979806
 20
430.2188422617655
 30
0.0
 10
245.8885986926668
 20
430.1804450572438
 30
0.0
 10
246.1518598386409
 20
430.1147661707233
 30
0.0
 10
246.5404120430704
 20
430.0533961164717
 30
0.0
 10
246.9428670324752
 20
430.0319982810009
 30
0.0
 10
247.3510580091717
 20
430.0576572580173
 30
0.0
 10
247.7556055225677
 20
430.1432120400062
 30
0.0
 10
248.1302550494137
 20
430.2949069707191
 30
0.0
 10
248.4579300194151
 20
430.5266467594245
 30
0.0
 10
248.6780090990766
 20
430.8773331720502
 30
0.0
 10
248.7344319407308
 20
431.262934657964
 30
0.0
 10
248.6817473912554
 20
431.6356669489705
 30
0.0
 10
248.5047700952841
 20
431.9605224688577
 30
0.0
 10
248.2700977737505
 20
432.1830407956223
 30
0.0
 10
247.9960686689701
 20
432.3397346613621
 30
0.0
 10
247.6884534343178
 20
432.4891425188084
 30
0.0
 10
247.3471566151455
 20
432.6338944916195
 30
0.0
 10
247.0497247357117
 20
432.7736570016428
 30
0.0
 10
246.863099629569
 20
432.9074215717579
 30
0.0
 10
246.7783529159848
 20
433.0866372815223
 30
0.0
 10
246.8681895950411
 20
433.2866547662941
 30
0.0
 10
247.1272605045433
 20
433.3791793240969
 30
0.0
 10
247.4303700772386
 20
433.399341770182
 30
0.0
 10
247.7710060939154
 20
433.3772919242456
 30
0.0
 10
248.1076399214873
 20
433.310417622676
 30
0.0
 10
248.3325125444888
 20
433.2389620572667
 30
0.0
 10
248.4466796979806
 20
433.1972422617654
 30
0.0
  0
SPLINE
  5
473
330
1F
100
AcDbEntity
  8
1
  6
Continuous
 62
     7
370
    13
100
AcDbSpline
210
0.0
220
0.0
230
1.0
 70
     8
 71
     3
 72
    34
 73
    30
 74
     0
 42
0.000000001
 43
0.0000000001
 40
0.0
 40
0.0
 40
0.0
 40
0.0
 40
0.0575833128097
 40
0.1025408339135
 40
0.1349939592279
 40
0.1855975793778
 40
0.2314477737885
 40
0.2740461502538001
 40
0.3215332396795
 40
0.3654460830503
 40
0.4118491679708001
 40
0.4541755529757
 40
0.4960262390707
 40
0.5422154726622
 40
0.5698439052964
 40
0.6117525581037
 40
0.6680869398593
 40
0.7058852970821
 40
0.7320386844257
 40
0.7495672543046
 40
0.7649235300939
 40
0.783472047155
 40
0.8090204255813
 40
0.8295719421955
 40
0.8514913171591
 40
0.8749297765568
 40
0.9159746196449
 40
0.9574401840798
 40
1.0
 40
1.0
 40
1.0
 40
1.0
 10
248.4466796979806
 20
433.9316422617654
 30
0.0
 10
248.2910293159003
 20
433.9577174837455
 30
0.0
 10
248.0137216635435
 20
434.006554688468
 30
0.0
 10
247.6464396268266
 20
434.0549923928168
 30
0.0
 10
247.2955078098882
 20
434.0775621798567
 30
0.0
 10
246.9412386623869
 20
434.0506039824887
 30
0.0
 10
246.5677214336758
 20
433.9636793413866
 30
0.0
 10
246.226532597504
 20
433.8076068946039
 30
0.0
 10
245.9329788056038
 20
433.5752906781561
 30
0.0
 10
245.7396978107685
 20
433.2390194583748
 30
0.0
 10
245.6881425899224
 20
432.8718792160214
 30
0.0
 10
245.7418297232228
 20
432.5112028689394
 30
0.0
 10
245.9245011205758
 20
432.1951479581563
 30
0.0
 10
246.1636579535529
 20
431.9788214823318
 30
0.0
 10
246.4416965661204
 20
431.8243160191051
 30
0.0
 10
246.7549506711948
 20
431.6785836254004
 30
0.0
 10
247.1013648994789
 20
431.5394400098872
 30
0.0
 10
247.4019323331864
 20
431.402875395981
 30
0.0
 10
247.5891261267333
 20
431.2759210495269
 30
0.0
 10
247.6702315704378
 20
431.1201223386959
 30
0.0
 10
247.6174805360256
 20
430.9752722350304
 30
0.0
 10
247.4799421880123
 20
430.8783179058517
 30
0.0
 10
247.3109115159527
 20
430.8219707064505
 30
0.0
 10
247.1278491371469
 20
430.7846041955809
 30
0.0
 10
246.9479752210806
 20
430.7640547105062
 30
0.0
 10
246.7109231223025
 20
430.7551220323148
 30
0.0
 10
246.419894624231
 20
430.7726313537075
 30
0.0
 10
246.0822007957821
 20
430.8383864939066
 30
0.0
 10
245.8624942357579
 20
430.9104083717856
 30
0.0
 10
245.7538796979806
 20
430.9532422617655
 30
0.0
  0
SPLINE
  5
474
330
1F
100
AcDbEntity
  8
1
  6
Continuous
 62
     7
370
    13
100
AcDbSpline
210
0.0
220
0.0
230
1.0
 70
     8
 71
     3
 72
    34
 73
    30
 74
     0
 42
0.000000001
 43
0.0000000001
 40
0.0
 40
0.0
 40
0.0
 40
0.0
 40
0.05099519132148
 40
0.09846968709015
 40
0.1428422191827
 40
0.1973612415491
 40
0.2470092117413
 40
0.2930898074409001
 40
0.3451926206244
 40
0.3918903851211
 40
0.4404084586904999
 40
0.4843378325005
 40
0.5270319964153
 40
0.573287924076
 40
0.601245364858
 40
0.6431011882441
 40
0.6989888094839
 40
0.7365722108536
 40
0.7628732847587
 40
0.7810135957792
 40
0.7932605798833
 40
0.807603684232
 40
0.826727945204
 40
0.8423607850887
 40
0.8583205060057
 40
0.874792916106
 40
0.9114169902115
 40
0.9529867515048
 40
1.0
 40
1.0
 40
1.0
 40
1.0
 10
223.2730796979806
 20
430.2188422617655
 30
0.0
 10
223.4082733472919
 20
430.1798826503262
 30
0.0
 10
223.67248800988
 20
430.1131488632971
 30
0.0
 10
224.0625516741066
 20
430.0503764504878
 30
0.0
 10
224.4668873828013
 20
430.0276902703245
 30
0.0
 10
224.8776594235774
 20
430.0523768818306
 30
0.0
 10
225.285853532877
 20
430.1371340269053
 30
0.0
 10
225.6666674570668
 20
430.2892550483598
 30
0.0
 10
226.00163696118
 20
430.5209327556155
 30
0.0
 10
226.230570917777
 20
430.8718646379231
 30
0.0
 10
226.2904590896547
 20
431.2604237866989
 30
0.0
 10
226.237809541834
 20
431.6359715918067
 30
0.0
 10
226.0593781288864
 20
431.9649295351751
 30
0.0
 10
225.8202674481075
 20
432.1902567743654
 30
0.0
 10
225.5415286392422
 20
432.3497935205002
 30
0.0
 10
225.2296869934301
 20
432.5027342012966
 30
0.0
 10
224.8861247470426
 20
432.6497419657308
 30
0.0
 10
224.586507349636
 20
432.7911853896329
 30
0.0
 10
224.4014626173772
 20
432.9260323993151
 30
0.0
 10
224.3258294779605
 20
433.077989397827
 30
0.0
 10
224.3652340611384
 20
433.204129124578
 30
0.0
 10
224.4655451588574
 20
433.2874504596826
 30
0.0
 10
224.5915103508067
 20
433.3395415839931
 30
0.0
 10
224.7269528315029
 20
433.3761670244893
 30
0.0
 10
224.8584287189747
 20
433.3965807780613
 30
0.0
 10
225.0492621827613
 20
433.4051649478931
 30
0.0
 10
225.3107920974329
 20
433.3825156104294
 30
0.0
 10
225.6499079284937
 20
433.3124134804074
 30
0.0
 10
225.8840972111305
 20
433.2395866366812
 30
0.0
 10
226.0066796979808
 20
433.1972422617654
 30
0.0
  0
SPLINE
  5
475
330
1F
100
AcDbEntity
  8
1
  6
Continuous
 62
     7
370
    13
100
AcDbSpline
210
0.0
220
0.0
230
1.0
 70
     8
 71
     3
 72
    34
 73
    30
 74
     0
 42
0.000000001
 43
0.0000000001
 40
0.0
 40
0.0
 40
0.0
 40
0.0
 40
0.0581665327384699
 40
0.1032907936603999
 40
0.1354974954379
 40
0.1873897458913
 40
0.233927286507
 40
0.2765733117757
 40
0.3234686771832
 40
0.3675737956581999
 40
0.4151170560045
 40
0.4576430208514
 40
0.4993353760181001
 40
0.5450227104432
 40
0.5715339779161
 40
0.6131100446511
 40
0.6698859078416
 40
0.7073551006729
 40
0.7334425945535
 40
0.7512364258061
 40
0.7668755276264
 40
0.7853706066199
 40
0.8105864165275
 40
0.829834548316
 40
0.8512927642747
 40
0.8751060513428
 40
0.9160930455622
 40
0.9575001681611
 40
1.0
 40
1.0
 40
1.0
 40
1.0
 10
226.0066796979808
 20
433.9316422617654
 30
0.0
 10
225.848881092719
 20
433.9590976094575
 30
0.0
 10
225.5686143817807
 20
434.010987529252
 30
0.0
 10
225.1985839332925
 20
434.0628706007337
 30
0.0
 10
224.8427433614164
 20
434.0877826114997
 30
0.0
 10
224.481903095097
 20
434.0622003779071
 30
0.0
 10
224.1001326257627
 20
433.9786824934572
 30
0.0
 10
223.7544044784995
 20
433.8272942649182
 30
0.0
 10
223.4580953606303
 20
433.5960321291632
 30
0.0
 10
223.2660590475712
 20
433.2541554279398
 30
0.0
 10
223.2148005901468
 20
432.8813366677784
 30
0.0
 10
223.2659134803216
 20
432.5153883794031
 30
0.0
 10
223.4459521494559
 20
432.1972081751703
 30
0.0
 10
223.681534752846
 20
431.9816597954591
 30
0.0
 10
223.9561745342193
 20
431.8289547930333
 30
0.0
 10
224.2682299976414
 20
431.6833481639065
 30
0.0
 10
224.6154367905213
 20
431.5427783226662
 30
0.0
 10
224.9162517589577
 20
431.4029147985909
 30
0.0
 10
225.1024481678483
 20
431.2722328185982
 30
0.0
 10
225.1808276290512
 20
431.1133861983706
 30
0.0
 10
225.1293256691519
 20
430.9664584323215
 30
0.0
 10
224.9927868828715
 20
430.8669335903703
 30
0.0
 10
224.8274162570346
 20
430.810917981902
 30
0.0
 10
224.6487712399963
 20
430.7762612807703
 30
0.0
 10
224.4715901052749
 20
430.7584144559365
 30
0.0
 10
224.2337715722064
 20
430.7510444592521
 30
0.0
 10
223.9406845010271
 20
430.769413391603
 30
0.0
 10
223.6020877321392
 20
430.8367548437021
 30
0.0
 10
223.3819041943565
 20
430.9099135560347
 30
0.0
 10
223.2730796979806
 20
430.9532422617655
 30
0.0
  0
SPLINE
  5
476
330
1F
100
AcDbEntity
  8
1
  6
Continuous
 62
     7
370
    13
100
AcDbSpline
210
0.0
220
0.0
230
1.0
 70
    24
 71
     3
 72
     8
 73
     4
 74
     0
 42
0.000000001
 43
0.0000000001
 40
0.0
 40
0.0
 40
0.0
 40
0.0
 40
1.0
 40
1.0
 40
1.0
 40
1.0
 10
241.7104775205387
 20
420.1551055147906
 30
0.0
 10
241.7104775205387
 20
420.0536216631205
 30
0.0
 10
241.7104775205387
 20
419.9521378114504
 30
0.0
 10
241.7104775205387
 20
419.8506539597803
 30
0.0
  0
SPLINE
  5
477
330
1F
100
AcDbEntity
  8
1
  6
Continuous
 62
     7
370
    13
100
AcDbSpline
210
0.0
220
0.0
230
1.0
 70
    24
 71
     3
 72
     8
 73
     4
 74
     0
 42
0.000000001
 43
0.0000000001
 40
0.0
 40
0.0
 40
0.0
 40
0.0
 40
1.0
 40
1.0
 40
1.0
 40
1.0
 10
240.0241541852873
 20
416.9600555847107
 30
0.0
 10
240.0241541852873
 20
418.0250722280707
 30
0.0
 10
240.0241541852873
 20
419.0900888714307
 30
0.0
 10
240.0241541852873
 20
420.1551055147906
 30
0.0
  0
SPLINE
  5
478
330
1F
100
AcDbEntity
  8
1
  6
Continuous
 62
     7
370
    13
100
AcDbSpline
210
0.0
220
0.0
230
1.0
 70
    24
 71
     3
 72
     8
 73
     4
 74
     0
 42
0.000000001
 43
0.0000000001
 40
0.0
 40
0.0
 40
0.0
 40
0.0
 40
1.0
 40
1.0
 40
1.0
 40
1.0
 10
241.7781334216518
 20
416.9600555847107
 30
0.0
 10
241.1934736761971
 20
416.9600555847107
 30
0.0
 10
240.6088139307422
 20
416.9600555847107
 30
0.0
 10
240.0241541852873
 20
416.9600555847107
 30
0.0
  0
SPLINE
  5
479
330
1F
100
AcDbEntity
  8
1
  6
Continuous
 62
     7
370
    13
100
AcDbSpline
210
0.0
220
0.0
230
1.0
 70
    24
 71
     3
 72
     8
 73
     4
 74
     0
 42
0.000000001
 43
0.0000000001
 40
0.0
 40
0.0
 40
0.0
 40
0.0
 40
1.0
 40
1.0
 40
1.0
 40
1.0
 10
241.7781334216518
 20
417.264507139721
 30
0.0
 10
241.7781334216518
 20
417.1630232880509
 30
0.0
 10
241.7781334216518
 20
417.0615394363808
 30
0.0
 10
241.7781334216518
 20
416.9600555847107
 30
0.0
  0
SPLINE
  5
47A
330
1F
100
AcDbEntity
  8
1
  6
Continuous
 62
     7
370
    13
100
AcDbSpline
210
0.0
220
0.0
230
1.0
 70
    24
 71
     3
 72
     8
 73
     4
 74
     0
 42
0.000000001
 43
0.0000000001
 40
0.0
 40
0.0
 40
0.0
 40
0.0
 40
1.0
 40
1.0
 40
1.0
 40
1.0
 10
240.3937245451191
 20
417.264507139721
 30
0.0
 10
240.8551941706301
 20
417.264507139721
 30
0.0
 10
241.3166637961409
 20
417.264507139721
 30
0.0
 10
241.7781334216518
 20
417.264507139721
 30
0.0
  0
SPLINE
  5
47B
330
1F
100
AcDbEntity
  8
1
  6
Continuous
 62
     7
370
    13
100
AcDbSpline
210
0.0
220
0.0
230
1.0
 70
    24
 71
     3
 72
     8
 73
     4
 74
     0
 42
0.000000001
 43
0.0000000001
 40
0.0
 40
0.0
 40
0.0
 40
0.0
 40
1.0
 40
1.0
 40
1.0
 40
1.0
 10
240.3937245451191
 20
418.4281886388713
 30
0.0
 10
240.3937245451191
 20
418.0402948058212
 30
0.0
 10
240.3937245451191
 20
417.6524009727711
 30
0.0
 10
240.3937245451191
 20
417.264507139721
 30
0.0
  0
SPLINE
  5
47C
330
1F
100
AcDbEntity
  8
1
  6
Continuous
 62
     7
370
    13
100
AcDbSpline
210
0.0
220
0.0
230
1.0
 70
    24
 71
     3
 72
     8
 73
     4
 74
     0
 42
0.000000001
 43
0.0000000001
 40
0.0
 40
0.0
 40
0.0
 40
0.0
 40
1.0
 40
1.0
 40
1.0
 40
1.0
 10
241.6453587157169
 20
418.4281886388713
 30
0.0
 10
241.2281473255178
 20
418.4281886388713
 30
0.0
 10
240.8109359353185
 20
418.4281886388713
 30
0.0
 10
240.3937245451191
 20
418.4281886388713
 30
0.0
  0
SPLINE
  5
47D
330
1F
100
AcDbEntity
  8
1
  6
Continuous
 62
     7
370
    13
100
AcDbSpline
210
0.0
220
0.0
230
1.0
 70
    24
 71
     3
 72
     8
 73
     4
 74
     0
 42
0.000000001
 43
0.0000000001
 40
0.0
 40
0.0
 40
0.0
 40
0.0
 40
1.0
 40
1.0
 40
1.0
 40
1.0
 10
241.6453587157169
 20
418.7326401938816
 30
0.0
 10
241.6453587157169
 20
418.6311563422115
 30
0.0
 10
241.6453587157169
 20
418.5296724905414
 30
0.0
 10
241.6453587157169
 20
418.4281886388713
 30
0.0
  0
SPLINE
  5
47E
330
1F
100
AcDbEntity
  8
1
  6
Continuous
 62
     7
370
    13
100
AcDbSpline
210
0.0
220
0.0
230
1.0
 70
    24
 71
     3
 72
     8
 73
     4
 74
     0
 42
0.000000001
 43
0.0000000001
 40
0.0
 40
0.0
 40
0.0
 40
0.0
 40
1.0
 40
1.0
 40
1.0
 40
1.0
 10
240.3937245451191
 20
418.7326401938816
 30
0.0
 10
240.8109359353185
 20
418.7326401938816
 30
0.0
 10
241.2281473255178
 20
418.7326401938816
 30
0.0
 10
241.6453587157169
 20
418.7326401938816
 30
0.0
  0
SPLINE
  5
47F
330
1F
100
AcDbEntity
  8
1
  6
Continuous
 62
     7
370
    13
100
AcDbSpline
210
0.0
220
0.0
230
1.0
 70
    24
 71
     3
 72
     8
 73
     4
 74
     0
 42
0.000000001
 43
0.0000000001
 40
0.0
 40
0.0
 40
0.0
 40
0.0
 40
1.0
 40
1.0
 40
1.0
 40
1.0
 10
240.3937245451191
 20
419.8506539597803
 30
0.0
 10
240.3937245451191
 20
419.4779827044807
 30
0.0
 10
240.3937245451191
 20
419.1053114491812
 30
0.0
 10
240.3937245451191
 20
418.7326401938816
 30
0.0
  0
SPLINE
  5
480
330
1F
100
AcDbEntity
  8
1
  6
Continuous
 62
     7
370
    13
100
AcDbSpline
210
0.0
220
0.0
230
1.0
 70
    24
 71
     3
 72
     8
 73
     4
 74
     0
 42
0.000000001
 43
0.0000000001
 40
0.0
 40
0.0
 40
0.0
 40
0.0
 40
1.0
 40
1.0
 40
1.0
 40
1.0
 10
240.0241541852873
 20
420.1551055147906
 30
0.0
 10
240.5862619637047
 20
420.1551055147906
 30
0.0
 10
241.1483697421216
 20
420.1551055147906
 30
0.0
 10
241.7104775205387
 20
420.1551055147906
 30
0.0
  0
SPLINE
  5
481
330
1F
100
AcDbEntity
  8
1
  6
Continuous
 62
     7
370
    13
100
AcDbSpline
210
0.0
220
0.0
230
1.0
 70
    24
 71
     3
 72
     8
 73
     4
 74
     0
 42
0.000000001
 43
0.0000000001
 40
0.0
 40
0.0
 40
0.0
 40
0.0
 40
1.0
 40
1.0
 40
1.0
 40
1.0
 10
252.66844194878
 20
420.1537387851396
 30
0.0
 10
252.8239299082689
 20
420.1537387851397
 30
0.0
 10
252.9794178677571
 20
420.1537387851397
 30
0.0
 10
253.1349058272456
 20
420.1537387851397
 30
0.0
  0
SPLINE
  5
482
330
1F
100
AcDbEntity
  8
1
  6
Continuous
 62
     7
370
    13
100
AcDbSpline
210
0.0
220
0.0
230
1.0
 70
    24
 71
     3
 72
     8
 73
     4
 74
     0
 42
0.000000001
 43
0.0000000001
 40
0.0
 40
0.0
 40
0.0
 40
0.0
 40
1.0
 40
1.0
 40
1.0
 40
1.0
 10
252.4098587118045
 20
418.383373159442
 30
0.0
 10
252.732665236395
 20
418.383373159442
 30
0.0
 10
253.0554717609849
 20
418.383373159442
 30
0.0
 10
253.3782782855754
 20
418.383373159442
 30
0.0
  0
SPLINE
  5
483
330
1F
100
AcDbEntity
  8
1
  6
Continuous
 62
     7
370
    13
100
AcDbSpline
210
0.0
220
0.0
230
1.0
 70
     8
 71
     3
 72
    10
 73
     6
 74
     0
 42
0.000000001
 43
0.0000000001
 40
0.0
 40
0.0
 40
0.0
 40
0.0
 40
0.4509022120591955
 40
0.4509022120591955
 40
1.0
 40
1.0
 40
1.0
 40
1.0
 10
252.89829371498
 20
419.8385376498723
 30
0.0
 10
252.8442109464623
 20
419.656853349383
 30
0.0
 10
252.7782975723315
 20
419.4506627944091
 30
0.0
 10
252.605878857886
 20
418.9409031169157
 30
0.0
 10
252.5067570053989
 20
418.6625191156976
 30
0.0
 10
252.4098587118045
 20
418.383373159442
 30
0.0
  0
SPLINE
  5
484
330
1F
100
AcDbEntity
  8
1
  6
Continuous
 62
     7
370
    13
100
AcDbSpline
210
0.0
220
0.0
230
1.0
 70
    24
 71
     3
 72
     8
 73
     4
 74
     0
 42
0.000000001
 43
0.0000000001
 40
0.0
 40
0.0
 40
0.0
 40
0.0
 40
1.0
 40
1.0
 40
1.0
 40
1.0
 10
253.8810790241385
 20
416.9611653560772
 30
0.0
 10
253.7503790002211
 20
417.3338294328947
 30
0.0
 10
253.6196789763022
 20
417.7064935097122
 30
0.0
 10
253.4889789523848
 20
418.0791575865297
 30
0.0
  0
SPLINE
  5
485
330
1F
100
AcDbEntity
  8
1
  6
Continuous
 62
     7
370
    13
100
AcDbSpline
210
0.0
220
0.0
230
1.0
 70
    24
 71
     3
 72
     8
 73
     4
 74
     0
 42
0.000000001
 43
0.0000000001
 40
0.0
 40
0.0
 40
0.0
 40
0.0
 40
1.0
 40
1.0
 40
1.0
 40
1.0
 10
251.9070579732411
 20
416.9611653560772
 30
0.0
 10
251.7822732521302
 20
416.9611653560772
 30
0.0
 10
251.6574885310188
 20
416.9611653560772
 30
0.0
 10
251.5327038099074
 20
416.9611653560772
 30
0.0
  0
SPLINE
  5
486
330
1F
100
AcDbEntity
  8
1
  6
Continuous
 62
     7
370
    13
100
AcDbSpline
210
0.0
220
0.0
230
1.0
 70
    24
 71
     3
 72
     8
 73
     4
 74
     0
 42
0.000000001
 43
0.0000000001
 40
0.0
 40
0.0
 40
0.0
 40
0.0
 40
1.0
 40
1.0
 40
1.0
 40
1.0
 10
251.5327038099074
 20
416.9611653560772
 30
0.0
 10
251.9112831895318
 20
418.0253564990981
 30
0.0
 10
252.2898625691565
 20
419.0895476421189
 30
0.0
 10
252.66844194878
 20
420.1537387851397
 30
0.0
  0
SPLINE
  5
487
330
1F
100
AcDbEntity
  8
1
  6
Continuous
 62
     7
370
    13
100
AcDbSpline
210
0.0
220
0.0
230
1.0
 70
    24
 71
     3
 72
     8
 73
     4
 74
     0
 42
0.000000001
 43
0.0000000001
 40
0.0
 40
0.0
 40
0.0
 40
0.0
 40
1.0
 40
1.0
 40
1.0
 40
1.0
 10
253.4889789523848
 20
418.0791575865297
 30
0.0
 10
253.092371983255
 20
418.0791575865297
 30
0.0
 10
252.6957650141244
 20
418.0791575865297
 30
0.0
 10
252.2991580449948
 20
418.0791575865297
 30
0.0
  0
SPLINE
  5
488
330
1F
100
AcDbEntity
  8
1
  6
Continuous
 62
     7
370
    13
100
AcDbSpline
210
0.0
220
0.0
230
1.0
 70
    24
 71
     3
 72
     8
 73
     4
 74
     0
 42
0.000000001
 43
0.0000000001
 40
0.0
 40
0.0
 40
0.0
 40
0.0
 40
1.0
 40
1.0
 40
1.0
 40
1.0
 10
252.2991580449948
 20
418.0791575865297
 30
0.0
 10
252.1684580210772
 20
417.7064935097122
 30
0.0
 10
252.0377579971592
 20
417.3338294328947
 30
0.0
 10
251.9070579732411
 20
416.9611653560772
 30
0.0
  0
SPLINE
  5
489
330
1F
100
AcDbEntity
  8
1
  6
Continuous
 62
     7
370
    13
100
AcDbSpline
210
0.0
220
0.0
230
1.0
 70
     8
 71
     3
 72
    10
 73
     6
 74
     0
 42
0.000000001
 43
0.0000000001
 40
0.0
 40
0.0
 40
0.0
 40
0.0
 40
0.5657227368342764
 40
0.5657227368342764
 40
1.0
 40
1.0
 40
1.0
 40
1.0
 10
253.3782782855754
 20
418.383373159442
 30
0.0
 10
253.2836334406691
 20
418.6633641589557
 30
0.0
 10
253.1889885957633
 20
418.9433551584693
 30
0.0
 10
253.0216896014961
 20
419.4382813498409
 30
0.0
 10
252.95575665653
 20
419.6433326572536
 30
0.0
 10
252.89829371498
 20
419.8385376498723
 30
0.0
  0
SPLINE
  5
48A
330
1F
100
AcDbEntity
  8
1
  6
Continuous
 62
     7
370
    13
100
AcDbSpline
210
0.0
220
0.0
230
1.0
 70
    24
 71
     3
 72
     8
 73
     4
 74
     0
 42
0.000000001
 43
0.0000000001
 40
0.0
 40
0.0
 40
0.0
 40
0.0
 40
1.0
 40
1.0
 40
1.0
 40
1.0
 10
254.2799394419567
 20
416.9611653560772
 30
0.0
 10
254.146985969351
 20
416.9611653560772
 30
0.0
 10
254.0140324967443
 20
416.9611653560772
 30
0.0
 10
253.8810790241385
 20
416.9611653560772
 30
0.0
  0
SPLINE
  5
48B
330
1F
100
AcDbEntity
  8
1
  6
Continuous
 62
     7
370
    13
100
AcDbSpline
210
0.0
220
0.0
230
1.0
 70
    24
 71
     3
 72
     8
 73
     4
 74
     0
 42
0.000000001
 43
0.0000000001
 40
0.0
 40
0.0
 40
0.0
 40
0.0
 40
1.0
 40
1.0
 40
1.0
 40
1.0
 10
253.1349058272456
 20
420.1537387851397
 30
0.0
 10
253.5165836988156
 20
419.0895476421189
 30
0.0
 10
253.8982615703865
 20
418.0253564990981
 30
0.0
 10
254.2799394419567
 20
416.9611653560772
 30
0.0
  0
SPLINE
  5
48C
330
1F
100
AcDbEntity
  8
1
  6
Continuous
 62
     7
370
    13
100
AcDbSpline
210
0.0
220
0.0
230
1.0
 70
    24
 71
     3
 72
     8
 73
     4
 74
     0
 42
0.000000001
 43
0.0000000001
 40
0.0
 40
0.0
 40
0.0
 40
0.0
 40
1.0
 40
1.0
 40
1.0
 40
1.0
 10
230.2740742844356
 20
424.3578884429857
 30
0.0
 10
230.2740742844356
 20
423.5594468119931
 30
0.0
 10
230.2740742844356
 20
422.7610051810005
 30
0.0
 10
230.2740742844356
 20
421.9625635500079
 30
0.0
  0
SPLINE
  5
48D
330
1F
100
AcDbEntity
  8
1
  6
Continuous
 62
     7
370
    13
100
AcDbSpline
210
0.0
220
0.0
230
1.0
 70
    24
 71
     3
 72
     8
 73
     4
 74
     0
 42
0.000000001
 43
0.0000000001
 40
0.0
 40
0.0
 40
0.0
 40
0.0
 40
1.0
 40
1.0
 40
1.0
 40
1.0
 10
230.2740742844356
 20
421.9625635500079
 30
0.0
 10
230.3619916265462
 20
421.9625635500079
 30
0.0
 10
230.4499089686563
 20
421.9625635500079
 30
0.0
 10
230.5378263107667
 20
421.9625635500079
 30
0.0
  0
SPLINE
  5
48E
330
1F
100
AcDbEntity
  8
1
  6
Continuous
 62
     7
370
    13
100
AcDbSpline
210
0.0
220
0.0
230
1.0
 70
    24
 71
     3
 72
     8
 73
     4
 74
     0
 42
0.000000001
 43
0.0000000001
 40
0.0
 40
0.0
 40
0.0
 40
0.0
 40
1.0
 40
1.0
 40
1.0
 40
1.0
 10
230.5378263107667
 20
421.9625635500079
 30
0.0
 10
230.5378263107667
 20
422.6274384497174
 30
0.0
 10
230.5378263107667
 20
423.292313349427
 30
0.0
 10
230.5378263107667
 20
423.9571882491366
 30
0.0
  0
SPLINE
  5
48F
330
1F
100
AcDbEntity
  8
1
  6
Continuous
 62
     7
370
    13
100
AcDbSpline
210
0.0
220
0.0
230
1.0
 70
     8
 71
     3
 72
    10
 73
     6
 74
     0
 42
0.000000001
 43
0.0000000001
 40
0.0
 40
0.0
 40
0.0
 40
0.0
 40
0.2641963461272073
 40
0.2641963461272073
 40
1.0
 40
1.0
 40
1.0
 40
1.0
 10
230.5378263107667
 20
423.9571882491366
 30
0.0
 10
230.6189807804067
 20
423.7029465122165
 30
0.0
 10
230.6908920022925
 20
423.4938233991301
 30
0.0
 10
230.929861574263
 20
422.8742832948735
 30
0.0
 10
231.1056962584842
 20
422.4184234224407
 30
0.0
 10
231.2815309427049
 20
421.9625635500079
 30
0.0
  0
SPLINE
  5
490
330
1F
100
AcDbEntity
  8
1
  6
Continuous
 62
     7
370
    13
100
AcDbSpline
210
0.0
220
0.0
230
1.0
 70
    24
 71
     3
 72
     8
 73
     4
 74
     0
 42
0.000000001
 43
0.0000000001
 40
0.0
 40
0.0
 40
0.0
 40
0.0
 40
1.0
 40
1.0
 40
1.0
 40
1.0
 10
231.2815309427049
 20
421.9625635500079
 30
0.0
 10
231.3884705765136
 20
421.9626392529841
 30
0.0
 10
231.4954102103223
 20
421.9627149559603
 30
0.0
 10
231.6023498441312
 20
421.9627906589366
 30
0.0
  0
SPLINE
  5
491
330
1F
100
AcDbEntity
  8
1
  6
Continuous
 62
     7
370
    13
100
AcDbSpline
210
0.0
220
0.0
230
1.0
 70
    24
 71
     3
 72
     8
 73
     4
 74
     0
 42
0.000000001
 43
0.0000000001
 40
0.0
 40
0.0
 40
0.0
 40
0.0
 40
1.0
 40
1.0
 40
1.0
 40
1.0
 10
232.3232195042245
 20
423.9569611402079
 30
0.0
 10
232.323009877337
 20
423.2921619434745
 30
0.0
 10
232.3228002504482
 20
422.6273627467412
 30
0.0
 10
232.3225906235596
 20
421.9625635500079
 30
0.0
  0
SPLINE
  5
492
330
1F
100
AcDbEntity
  8
1
  6
Continuous
 62
     7
370
    13
100
AcDbSpline
210
0.0
220
0.0
230
1.0
 70
    24
 71
     3
 72
     8
 73
     4
 74
     0
 42
0.000000001
 43
0.0000000001
 40
0.0
 40
0.0
 40
0.0
 40
0.0
 40
1.0
 40
1.0
 40
1.0
 40
1.0
 10
232.3225906235596
 20
421.9625635500079
 30
0.0
 10
232.415157440493
 20
421.9625635500079
 30
0.0
 10
232.5077242574264
 20
421.9625635500079
 30
0.0
 10
232.6002910743603
 20
421.9625635500079
 30
0.0
  0
SPLINE
  5
493
330
1F
100
AcDbEntity
  8
1
  6
Continuous
 62
     7
370
    13
100
AcDbSpline
210
0.0
220
0.0
230
1.0
 70
    24
 71
     3
 72
     8
 73
     4
 74
     0
 42
0.000000001
 43
0.0000000001
 40
0.0
 40
0.0
 40
0.0
 40
0.0
 40
1.0
 40
1.0
 40
1.0
 40
1.0
 10
232.6002910743603
 20
421.9625635500079
 30
0.0
 10
232.6002910743601
 20
422.7610051810005
 30
0.0
 10
232.6002910743603
 20
423.5594468119931
 30
0.0
 10
232.6002910743603
 20
424.3578884429857
 30
0.0
  0
SPLINE
  5
494
330
1F
100
AcDbEntity
  8
1
  6
Continuous
 62
     7
370
    13
100
AcDbSpline
210
0.0
220
0.0
230
1.0
 70
    24
 71
     3
 72
     8
 73
     4
 74
     0
 42
0.000000001
 43
0.0000000001
 40
0.0
 40
0.0
 40
0.0
 40
0.0
 40
1.0
 40
1.0
 40
1.0
 40
1.0
 10
232.6002910743603
 20
424.3578884429857
 30
0.0
 10
232.4768686517826
 20
424.3578884429857
 30
0.0
 10
232.3534462292042
 20
424.3578884429857
 30
0.0
 10
232.2300238066262
 20
424.3578884429857
 30
0.0
  0
SPLINE
  5
495
330
1F
100
AcDbEntity
  8
1
  6
Continuous
 62
     7
370
    13
100
AcDbSpline
210
0.0
220
0.0
230
1.0
 70
    24
 71
     3
 72
     8
 73
     4
 74
     0
 42
0.000000001
 43
0.0000000001
 40
0.0
 40
0.0
 40
0.0
 40
0.0
 40
1.0
 40
1.0
 40
1.0
 40
1.0
 10
230.6595580152276
 20
424.3578884429857
 30
0.0
 10
230.5310634382971
 20
424.3578884429857
 30
0.0
 10
230.4025688613663
 20
424.3578884429857
 30
0.0
 10
230.2740742844356
 20
424.3578884429857
 30
0.0
  0
SPLINE
  5
496
330
1F
100
AcDbEntity
  8
1
  6
Continuous
 62
     7
370
    13
100
AcDbSpline
210
0.0
220
0.0
230
1.0
 70
    24
 71
     3
 72
     8
 73
     4
 74
     0
 42
0.000000001
 43
0.0000000001
 40
0.0
 40
0.0
 40
0.0
 40
0.0
 40
1.0
 40
1.0
 40
1.0
 40
1.0
 10
237.6748030191248
 20
418.3833666043837
 30
0.0
 10
237.9978599469414
 20
418.3833666043837
 30
0.0
 10
238.3209168747576
 20
418.3833666043837
 30
0.0
 10
238.6439738025743
 20
418.3833666043837
 30
0.0
  0
SPLINE
  5
497
330
1F
100
AcDbEntity
  8
1
  6
Continuous
 62
     7
370
    13
100
AcDbSpline
210
0.0
220
0.0
230
1.0
 70
    24
 71
     3
 72
     8
 73
     4
 74
     0
 42
0.000000001
 43
0.0000000001
 40
0.0
 40
0.0
 40
0.0
 40
0.0
 40
1.0
 40
1.0
 40
1.0
 40
1.0
 10
237.1716122545939
 20
416.9600555847107
 30
0.0
 10
237.0467307371221
 20
416.9600555847107
 30
0.0
 10
236.9218492196504
 20
416.9600555847107
 30
0.0
 10
236.7969677021788
 20
416.9600555847107
 30
0.0
  0
SPLINE
  5
498
330
1F
100
AcDbEntity
  8
1
  6
Continuous
 62
     7
370
    13
100
AcDbSpline
210
0.0
220
0.0
230
1.0
 70
    24
 71
     3
 72
     8
 73
     4
 74
     0
 42
0.000000001
 43
0.0000000001
 40
0.0
 40
0.0
 40
0.0
 40
0.0
 40
1.0
 40
1.0
 40
1.0
 40
1.0
 10
239.147164567105
 20
416.9600555847107
 30
0.0
 10
239.0163631582857
 20
417.3330087395983
 30
0.0
 10
238.8855617494663
 20
417.7059618944859
 30
0.0
 10
238.7547603406475
 20
418.0789150493734
 30
0.0
  0
SPLINE
  5
499
330
1F
100
AcDbEntity
  8
1
  6
Continuous
 62
     7
370
    13
100
AcDbSpline
210
0.0
220
0.0
230
1.0
 70
    24
 71
     3
 72
     8
 73
     4
 74
     0
 42
0.000000001
 43
0.0000000001
 40
0.0
 40
0.0
 40
0.0
 40
0.0
 40
1.0
 40
1.0
 40
1.0
 40
1.0
 10
237.5640164810516
 20
418.0789150493734
 30
0.0
 10
237.4332150722324
 20
417.7059618944859
 30
0.0
 10
237.3024136634129
 20
417.3330087395983
 30
0.0
 10
237.1716122545939
 20
416.9600555847107
 30
0.0
  0
SPLINE
  5
49A
330
1F
100
AcDbEntity
  8
1
  6
Continuous
 62
     7
370
    13
100
AcDbSpline
210
0.0
220
0.0
230
1.0
 70
    24
 71
     3
 72
     8
 73
     4
 74
     0
 42
0.000000001
 43
0.0000000001
 40
0.0
 40
0.0
 40
0.0
 40
0.0
 40
1.0
 40
1.0
 40
1.0
 40
1.0
 10
238.7547603406475
 20
418.0789150493734
 30
0.0
 10
238.3578457207819
 20
418.0789150493734
 30
0.0
 10
237.960931100917
 20
418.0789150493734
 30
0.0
 10
237.5640164810516
 20
418.0789150493734
 30
0.0
  0
SPLINE
  5
49B
330
1F
100
AcDbEntity
  8
1
  6
Continuous
 62
     7
370
    13
100
AcDbSpline
210
0.0
220
0.0
230
1.0
 70
    24
 71
     3
 72
     8
 73
     4
 74
     0
 42
0.000000001
 43
0.0000000001
 40
0.0
 40
0.0
 40
0.0
 40
0.0
 40
1.0
 40
1.0
 40
1.0
 40
1.0
 10
239.5463343836744
 20
416.9600555847107
 30
0.0
 10
239.4132777781509
 20
416.9600555847107
 30
0.0
 10
239.280221172628
 20
416.9600555847107
 30
0.0
 10
239.147164567105
 20
416.9600555847107
 30
0.0
  0
SPLINE
  5
49C
330
1F
100
AcDbEntity
  8
1
  6
Continuous
 62
     7
370
    13
100
AcDbSpline
210
0.0
220
0.0
230
1.0
 70
    24
 71
     3
 72
     8
 73
     4
 74
     0
 42
0.000000001
 43
0.0000000001
 40
0.0
 40
0.0
 40
0.0
 40
0.0
 40
1.0
 40
1.0
 40
1.0
 40
1.0
 10
238.400412558566
 20
420.1551055147906
 30
0.0
 10
238.7823865002686
 20
419.0900888714307
 30
0.0
 10
239.1643604419713
 20
418.0250722280707
 30
0.0
 10
239.5463343836744
 20
416.9600555847107
 30
0.0
  0
SPLINE
  5
49D
330
1F
100
AcDbEntity
  8
1
  6
Continuous
 62
     7
370
    13
100
AcDbSpline
210
0.0
220
0.0
230
1.0
 70
    24
 71
     3
 72
     8
 73
     4
 74
     0
 42
0.000000001
 43
0.0000000001
 40
0.0
 40
0.0
 40
0.0
 40
0.0
 40
1.0
 40
1.0
 40
1.0
 40
1.0
 10
237.9335868408835
 20
420.1551055147906
 30
0.0
 10
238.0891954134445
 20
420.1551055147906
 30
0.0
 10
238.2448039860051
 20
420.1551055147906
 30
0.0
 10
238.400412558566
 20
420.1551055147906
 30
0.0
  0
SPLINE
  5
49E
330
1F
100
AcDbEntity
  8
1
  6
Continuous
 62
     7
370
    13
100
AcDbSpline
210
0.0
220
0.0
230
1.0
 70
    24
 71
     3
 72
     8
 73
     4
 74
     0
 42
0.000000001
 43
0.0000000001
 40
0.0
 40
0.0
 40
0.0
 40
0.0
 40
1.0
 40
1.0
 40
1.0
 40
1.0
 10
236.7969677021788
 20
416.9600555847107
 30
0.0
 10
237.1758407484136
 20
418.0250722280707
 30
0.0
 10
237.5547137946488
 20
419.0900888714307
 30
0.0
 10
237.9335868408835
 20
420.1551055147906
 30
0.0
  0
SPLINE
  5
49F
330
1F
100
AcDbEntity
  8
1
  6
Continuous
 62
     7
370
    13
100
AcDbSpline
210
0.0
220
0.0
230
1.0
 70
     8
 71
     3
 72
    10
 73
     6
 74
     0
 42
0.000000001
 43
0.0000000001
 40
0.0
 40
0.0
 40
0.0
 40
0.0
 40
0.4509022120591971
 40
0.4509022120591971
 40
1.0
 40
1.0
 40
1.0
 40
1.0
 10
238.1636169046693
 20
419.8396598758494
 30
0.0
 10
238.1094921837783
 20
419.6578346416072
 30
0.0
 10
238.0435276801928
 20
419.4514841432114
 30
0.0
 10
237.870975219372
 20
418.9413290416539
 30
0.0
 10
237.7717764773873
 20
418.6627290960644
 30
0.0
 10
237.6748030191248
 20
418.3833666043837
 30
0.0
  0
SPLINE
  5
4A0
330
1F
100
AcDbEntity
  8
1
  6
Continuous
 62
     7
370
    13
100
AcDbSpline
210
0.0
220
0.0
230
1.0
 70
     8
 71
     3
 72
    10
 73
     6
 74
     0
 42
0.000000001
 43
0.0000000001
 40
0.0
 40
0.0
 40
0.0
 40
0.0
 40
0.5657227368343445
 40
0.5657227368343445
 40
1.0
 40
1.0
 40
1.0
 40
1.0
 10
238.6439738025743
 20
418.3833666043837
 30
0.0
 10
238.5492555410158
 20
418.6635747948283
 30
0.0
 10
238.4545372794567
 20
418.9437829852729
 30
0.0
 10
238.2871085102173
 20
419.4390930942719
 30
0.0
 10
238.2211244206154
 20
419.6443034613845
 30
0.0
 10
238.1636169046693
 20
419.8396598758494
 30
0.0
  0
SPLINE
  5
4A1
330
1F
100
AcDbEntity
  8
1
  6
Continuous
 62
     7
370
    13
100
AcDbSpline
210
0.0
220
0.0
230
1.0
 70
     8
 71
     3
 72
    17
 73
    13
 74
     0
 42
0.000000001
 43
0.0000000001
 40
0.0
 40
0.0
 40
0.0
 40
0.0
 40
0.0745363494132237
 40
0.1531865831979924
 40
0.2301535643461216
 40
0.3226283940609411
 40
0.4721387131864029
 40
0.6095777378964046
 40
0.7105852849830552
 40
0.79623042990405
 40
0.8880393352695606
 40
1.0
 40
1.0
 40
1.0
 40
1.0
 10
239.3576687105054
 20
424.0218582171312
 30
0.0
 10
239.2661908348805
 20
424.0687334218389
 30
0.0
 10
239.0731860087504
 20
424.1393698817934
 30
0.0
 10
238.7609931601347
 20
424.1815372285171
 30
0.0
 10
238.4220112450483
 20
424.1072422082798
 30
0.0
 10
238.1016437575859
 20
423.7880080421083
 30
0.0
 10
237.9623311201113
 20
423.2731135973126
 30
0.0
 10
238.0159659480869
 20
422.7416375892365
 30
0.0
 10
238.2395638367528
 20
422.3447464032946
 30
0.0
 10
238.5840910207342
 20
422.1542610873883
 30
0.0
 10
238.9861725960707
 20
422.1497296593799
 30
0.0
 10
239.2482854983562
 20
422.2174095603929
 30
0.0
 10
239.3912717330909
 20
422.2840113320989
 30
0.0
  0
SPLINE
  5
4A2
330
1F
100
AcDbEntity
  8
1
  6
Continuous
 62
     7
370
    13
100
AcDbSpline
210
0.0
220
0.0
230
1.0
 70
    24
 71
     3
 72
     8
 73
     4
 74
     0
 42
0.000000001
 43
0.0000000001
 40
0.0
 40
0.0
 40
0.0
 40
0.0
 40
1.0
 40
1.0
 40
1.0
 40
1.0
 10
239.4470654309687
 20
424.2431309507599
 30
0.0
 10
239.4172665241475
 20
424.1693733728837
 30
0.0
 10
239.3874676173266
 20
424.0956157950075
 30
0.0
 10
239.3576687105056
 20
424.0218582171312
 30
0.0
  0
SPLINE
  5
4A3
330
1F
100
AcDbEntity
  8
1
  6
Continuous
 62
     7
370
    13
100
AcDbSpline
210
0.0
220
0.0
230
1.0
 70
     8
 71
     3
 72
    19
 73
    15
 74
     0
 42
0.000000001
 43
0.0000000001
 40
0.0
 40
0.0
 40
0.0
 40
0.0
 40
0.0508761137360507
 40
0.1249499930249103
 40
0.2029120459868269
 40
0.2922218127494267
 40
0.3810577288411748
 40
0.4692342212224855
 40
0.574453304791029
 40
0.6790459554094821
 40
0.7672778763057205
 40
0.8377277975399717
 40
0.9125410751061204
 40
1.0
 40
1.0
 40
1.0
 40
1.0
 10
239.4603798361441
 20
422.0621045791761
 30
0.0
 10
239.3805151146476
 20
422.0299410412873
 30
0.0
 10
239.1814299834724
 20
421.9658010393653
 30
0.0
 10
238.8420971505039
 20
421.9123497469135
 30
0.0
 10
238.4320254677969
 20
421.9553254992365
 30
0.0
 10
238.0447850062286
 20
422.1755174965152
 30
0.0
 10
237.7822531577693
 20
422.5546222127298
 30
0.0
 10
237.6798401818328
 20
423.0250300384811
 30
0.0
 10
237.7111110892445
 20
423.5313496893032
 30
0.0
 10
237.9177574138226
 20
424.0039288639202
 30
0.0
 10
238.2696885379622
 20
424.2984004361438
 30
0.0
 10
238.6552106677987
 20
424.4030835873895
 30
0.0
 10
239.0517326076009
 20
424.3869664307206
 30
0.0
 10
239.3103535047961
 20
424.3078601419232
 30
0.0
 10
239.4470654309687
 20
424.2431309507599
 30
0.0
  0
SPLINE
  5
4A4
330
1F
100
AcDbEntity
  8
1
  6
Continuous
 62
     7
370
    13
100
AcDbSpline
210
0.0
220
0.0
230
1.0
 70
    24
 71
     3
 72
     8
 73
     4
 74
     0
 42
0.000000001
 43
0.0000000001
 40
0.0
 40
0.0
 40
0.0
 40
0.0
 40
1.0
 40
1.0
 40
1.0
 40
1.0
 10
239.3912717330909
 20
422.2840113320989
 30
0.0
 10
239.4143077674422
 20
422.2100424144579
 30
0.0
 10
239.4373438017931
 20
422.1360734968171
 30
0.0
 10
239.4603798361441
 20
422.0621045791761
 30
0.0
  0
SPLINE
  5
4A5
330
1F
100
AcDbEntity
  8
1
  6
Continuous
 62
     7
370
    13
100
AcDbSpline
210
0.0
220
0.0
230
1.0
 70
     8
 71
     3
 72
    10
 73
     6
 74
     0
 42
0.000000001
 43
0.0000000001
 40
0.0
 40
0.0
 40
0.0
 40
0.0
 40
0.5657227368342764
 40
0.5657227368342764
 40
1.0
 40
1.0
 40
1.0
 40
1.0
 10
256.253115449596
 20
418.383373159442
 30
0.0
 10
256.1584706046906
 20
418.6633641589557
 30
0.0
 10
256.0638257597839
 20
418.9433551584693
 30
0.0
 10
255.8965267655181
 20
419.4382813498409
 30
0.0
 10
255.8305938205515
 20
419.6433326572536
 30
0.0
 10
255.7731308790013
 20
419.8385376498723
 30
0.0
  0
SPLINE
  5
4A6
330
1F
100
AcDbEntity
  8
1
  6
Continuous
 62
     7
370
    13
100
AcDbSpline
210
0.0
220
0.0
230
1.0
 70
    24
 71
     3
 72
     8
 73
     4
 74
     0
 42
0.000000001
 43
0.0000000001
 40
0.0
 40
0.0
 40
0.0
 40
0.0
 40
1.0
 40
1.0
 40
1.0
 40
1.0
 10
255.2846958758253
 20
418.383373159442
 30
0.0
 10
255.6075024004161
 20
418.383373159442
 30
0.0
 10
255.9303089250062
 20
418.383373159442
 30
0.0
 10
256.253115449596
 20
418.383373159442
 30
0.0
  0
SPLINE
  5
4A7
330
1F
100
AcDbEntity
  8
1
  6
Continuous
 62
     7
370
    13
100
AcDbSpline
210
0.0
220
0.0
230
1.0
 70
     8
 71
     3
 72
    10
 73
     6
 74
     0
 42
0.000000001
 43
0.0000000001
 40
0.0
 40
0.0
 40
0.0
 40
0.0
 40
0.4509022120592698
 40
0.4509022120592698
 40
1.0
 40
1.0
 40
1.0
 40
1.0
 10
255.7731308790013
 20
419.8385376498723
 30
0.0
 10
255.7190481104838
 20
419.656853349383
 30
0.0
 10
255.6531347363526
 20
419.4506627944091
 30
0.0
 10
255.4807160219064
 20
418.9409031169158
 30
0.0
 10
255.3815941694202
 20
418.6625191156976
 30
0.0
 10
255.2846958758253
 20
418.383373159442
 30
0.0
  0
SPLINE
  5
4A8
330
1F
100
AcDbEntity
  8
1
  6
Continuous
 62
     7
370
    13
100
AcDbSpline
210
0.0
220
0.0
230
1.0
 70
    24
 71
     3
 72
     8
 73
     4
 74
     0
 42
0.000000001
 43
0.0000000001
 40
0.0
 40
0.0
 40
0.0
 40
0.0
 40
1.0
 40
1.0
 40
1.0
 40
1.0
 10
254.781895137262
 20
416.9611653560772
 30
0.0
 10
254.6571104161513
 20
416.9611653560772
 30
0.0
 10
254.5323256950397
 20
416.9611653560772
 30
0.0
 10
254.4075409739283
 20
416.9611653560772
 30
0.0
  0
SPLINE
  5
4A9
330
1F
100
AcDbEntity
  8
1
  6
Continuous
 62
     7
370
    13
100
AcDbSpline
210
0.0
220
0.0
230
1.0
 70
    24
 71
     3
 72
     8
 73
     4
 74
     0
 42
0.000000001
 43
0.0000000001
 40
0.0
 40
0.0
 40
0.0
 40
0.0
 40
1.0
 40
1.0
 40
1.0
 40
1.0
 10
254.4075409739283
 20
416.9611653560772
 30
0.0
 10
254.7861203535529
 20
418.025356499098
 30
0.0
 10
255.1646997331762
 20
419.0895476421189
 30
0.0
 10
255.5432791128006
 20
420.1537387851397
 30
0.0
  0
SPLINE
  5
4AA
330
1F
100
AcDbEntity
  8
1
  6
Continuous
 62
     7
370
    13
100
AcDbSpline
210
0.0
220
0.0
230
1.0
 70
    24
 71
     3
 72
     8
 73
     4
 74
     0
 42
0.000000001
 43
0.0000000001
 40
0.0
 40
0.0
 40
0.0
 40
0.0
 40
1.0
 40
1.0
 40
1.0
 40
1.0
 10
255.5432791128006
 20
420.1537387851397
 30
0.0
 10
255.6987670722897
 20
420.1537387851397
 30
0.0
 10
255.8542550317775
 20
420.1537387851396
 30
0.0
 10
256.0097429912663
 20
420.1537387851397
 30
0.0
  0
SPLINE
  5
4AB
330
1F
100
AcDbEntity
  8
1
  6
Continuous
 62
     7
370
    13
100
AcDbSpline
210
0.0
220
0.0
230
1.0
 70
    24
 71
     3
 72
     8
 73
     4
 74
     0
 42
0.000000001
 43
0.0000000001
 40
0.0
 40
0.0
 40
0.0
 40
0.0
 40
1.0
 40
1.0
 40
1.0
 40
1.0
 10
256.0097429912663
 20
420.1537387851397
 30
0.0
 10
256.3914208628367
 20
419.0895476421189
 30
0.0
 10
256.7730987344074
 20
418.0253564990981
 30
0.0
 10
257.1547766059776
 20
416.9611653560772
 30
0.0
  0
SPLINE
  5
4AC
330
1F
100
AcDbEntity
  8
1
  6
Continuous
 62
     7
370
    13
100
AcDbSpline
210
0.0
220
0.0
230
1.0
 70
    24
 71
     3
 72
     8
 73
     4
 74
     0
 42
0.000000001
 43
0.0000000001
 40
0.0
 40
0.0
 40
0.0
 40
0.0
 40
1.0
 40
1.0
 40
1.0
 40
1.0
 10
257.1547766059776
 20
416.9611653560772
 30
0.0
 10
257.0218231333716
 20
416.9611653560772
 30
0.0
 10
256.8888696607656
 20
416.9611653560772
 30
0.0
 10
256.7559161881591
 20
416.9611653560772
 30
0.0
  0
SPLINE
  5
4AD
330
1F
100
AcDbEntity
  8
1
  6
Continuous
 62
     7
370
    13
100
AcDbSpline
210
0.0
220
0.0
230
1.0
 70
    24
 71
     3
 72
     8
 73
     4
 74
     0
 42
0.000000001
 43
0.0000000001
 40
0.0
 40
0.0
 40
0.0
 40
0.0
 40
1.0
 40
1.0
 40
1.0
 40
1.0
 10
256.7559161881591
 20
416.9611653560772
 30
0.0
 10
256.6252161642411
 20
417.3338294328947
 30
0.0
 10
256.4945161403239
 20
417.7064935097122
 30
0.0
 10
256.3638161164056
 20
418.0791575865297
 30
0.0
  0
SPLINE
  5
4AE
330
1F
100
AcDbEntity
  8
1
  6
Continuous
 62
     7
370
    13
100
AcDbSpline
210
0.0
220
0.0
230
1.0
 70
    24
 71
     3
 72
     8
 73
     4
 74
     0
 42
0.000000001
 43
0.0000000001
 40
0.0
 40
0.0
 40
0.0
 40
0.0
 40
1.0
 40
1.0
 40
1.0
 40
1.0
 10
256.3638161164056
 20
418.0791575865297
 30
0.0
 10
255.9672091472758
 20
418.0791575865297
 30
0.0
 10
255.5706021781457
 20
418.0791575865297
 30
0.0
 10
255.1739952090155
 20
418.0791575865297
 30
0.0
  0
SPLINE
  5
4AF
330
1F
100
AcDbEntity
  8
1
  6
Continuous
 62
     7
370
    13
100
AcDbSpline
210
0.0
220
0.0
230
1.0
 70
    24
 71
     3
 72
     8
 73
     4
 74
     0
 42
0.000000001
 43
0.0000000001
 40
0.0
 40
0.0
 40
0.0
 40
0.0
 40
1.0
 40
1.0
 40
1.0
 40
1.0
 10
255.1739952090155
 20
418.0791575865297
 30
0.0
 10
255.0432951850974
 20
417.7064935097122
 30
0.0
 10
254.9125951611796
 20
417.3338294328947
 30
0.0
 10
254.781895137262
 20
416.9611653560772
 30
0.0
  0
SPLINE
  5
4B0
330
1F
100
AcDbEntity
  8
1
  6
Continuous
 62
     7
370
    13
100
AcDbSpline
210
0.0
220
0.0
230
1.0
 70
    11
 71
     3
 72
    25
 73
    21
 74
     0
 42
0.000000001
 43
0.0000000001
 40
0.0
 40
0.0
 40
0.0
 40
0.0
 40
0.0625
 40
0.125
 40
0.1875
 40
0.25
 40
0.3125
 40
0.359375
 40
0.40625
 40
0.46875
 40
0.5
 40
0.5625
 40
0.625
 40
0.65625
 40
0.75
 40
0.8125
 40
0.875
 40
0.90625
 40
0.953125
 40
1.0
 40
1.0
 40
1.0
 40
1.0
 10
231.5306519395991
 20
420.1814801459757
 30
0.0
 10
231.3465935935519
 20
420.2185512585159
 30
0.0
 10
230.9637690642347
 20
420.2016032356171
 30
0.0
 10
230.4570435100503
 20
419.9005226672343
 30
0.0
 10
230.2508759367755
 20
419.3405243346149
 30
0.0
 10
230.1874126682872
 20
418.7955801544475
 30
0.0
 10
230.192112105734
 20
418.2793495031735
 30
0.0
 10
230.2502970584958
 20
417.8176089659749
 30
0.0
 10
230.394427035639
 20
417.370063653271
 30
0.0
 10
230.6912112728513
 20
417.0426135758871
 30
0.0
 10
231.1464287512336
 20
416.9026365855875
 30
0.0
 10
231.6241348467591
 20
416.9077665344239
 30
0.0
 10
232.0448694050588
 20
417.1701310345791
 30
0.0
 10
232.3196858094346
 20
417.6714519242631
 30
0.0
 10
232.3949485314884
 20
418.2335185216166
 30
0.0
 10
232.3923897361593
 20
418.882655723275
 30
0.0
 10
232.3224168016214
 20
419.348201474196
 30
0.0
 10
232.1719802602225
 20
419.7386792201243
 30
0.0
 10
231.9365100597675
 20
420.046831878272
 30
0.0
 10
231.6686956991345
 20
420.1536768115706
 30
0.0
 10
231.5306519395991
 20
420.1814801459757
 30
0.0
  0
SPLINE
  5
4B1
330
1F
100
AcDbEntity
  8
1
  6
Continuous
 62
     7
370
    13
100
AcDbSpline
210
0.0
220
0.0
230
1.0
 70
    11
 71
     3
 72
    23
 73
    19
 74
     0
 42
0.000000001
 43
0.0000000001
 40
0.0
 40
0.0
 40
0.0
 40
0.0
 40
0.0625
 40
0.109375
 40
0.15625
 40
0.21875
 40
0.3125
 40
0.375
 40
0.46875
 40
0.53125
 40
0.59375
 40
0.65625
 40
0.71875
 40
0.78125
 40
0.84375
 40
0.90625
 40
0.953125
 40
1.0
 40
1.0
 40
1.0
 40
1.0
 10
231.8606666615046
 20
419.5357202708907
 30
0.0
 10
231.795371524445
 20
419.662562751128
 30
0.0
 10
231.6203155988724
 20
419.8612190617458
 30
0.0
 10
231.2507380031541
 20
419.9213080846301
 30
0.0
 10
230.8882661131116
 20
419.8138509215557
 30
0.0
 10
230.6277636153805
 20
419.4035867942889
 30
0.0
 10
230.5723086280814
 20
418.9056947626616
 30
0.0
 10
230.5668267772515
 20
418.3397988513423
 30
0.0
 10
230.5983279634214
 20
417.8475462477626
 30
0.0
 10
230.8058323032511
 20
417.3691746124834
 30
0.0
 10
231.2202958376757
 20
417.1733827425402
 30
0.0
 10
231.6665668244844
 20
417.2718669884246
 30
0.0
 10
231.9284239442969
 20
417.6528026363919
 30
0.0
 10
231.9960764245957
 20
418.0692088385709
 30
0.0
 10
232.0210420717991
 20
418.4947202286777
 30
0.0
 10
232.0123482876675
 20
418.88375324795
 30
0.0
 10
231.9685017969271
 20
419.2353345283439
 30
0.0
 10
231.9096380142993
 20
419.4405884107127
 30
0.0
 10
231.8606666615046
 20
419.5357202708907
 30
0.0
  0
SPLINE
  5
4B2
330
1F
100
AcDbEntity
  8
1
  6
Continuous
 62
     7
370
    13
100
AcDbSpline
210
0.0
220
0.0
230
1.0
 70
    24
 71
     3
 72
     8
 73
     4
 74
     0
 42
0.000000001
 43
0.0000000001
 40
0.0
 40
0.0
 40
0.0
 40
0.0
 40
1.0
 40
1.0
 40
1.0
 40
1.0
 10
222.9479954184333
 20
416.9625635500079
 30
0.0
 10
222.8127884971389
 20
416.9625635500079
 30
0.0
 10
222.677581575845
 20
416.9625635500079
 30
0.0
 10
222.5423746545508
 20
416.9625635500079
 30
0.0
  0
SPLINE
  5
4B3
330
1F
100
AcDbEntity
  8
1
  6
Continuous
 62
     7
370
    13
100
AcDbSpline
210
0.0
220
0.0
230
1.0
 70
    24
 71
     3
 72
     8
 73
     4
 74
     0
 42
0.000000001
 43
0.0000000001
 40
0.0
 40
0.0
 40
0.0
 40
0.0
 40
1.0
 40
1.0
 40
1.0
 40
1.0
 10
222.2609752496065
 20
419.8509214061581
 30
0.0
 10
222.2609752496065
 20
419.9523265971288
 30
0.0
 10
222.2609752496065
 20
420.0537317880996
 30
0.0
 10
222.2609752496065
 20
420.1551369790703
 30
0.0
  0
SPLINE
  5
4B4
330
1F
100
AcDbEntity
  8
1
  6
Continuous
 62
     7
370
    13
100
AcDbSpline
210
0.0
220
0.0
230
1.0
 70
    24
 71
     3
 72
     8
 73
     4
 74
     0
 42
0.000000001
 43
0.0000000001
 40
0.0
 40
0.0
 40
0.0
 40
0.0
 40
1.0
 40
1.0
 40
1.0
 40
1.0
 10
222.2609752496065
 20
420.1551369790703
 30
0.0
 10
222.9519389536379
 20
420.1551369790703
 30
0.0
 10
223.6429026576691
 20
420.1551369790703
 30
0.0
 10
224.3338663617004
 20
420.1551369790703
 30
0.0
  0
SPLINE
  5
4B5
330
1F
100
AcDbEntity
  8
1
  6
Continuous
 62
     7
370
    13
100
AcDbSpline
210
0.0
220
0.0
230
1.0
 70
    24
 71
     3
 72
     8
 73
     4
 74
     0
 42
0.000000001
 43
0.0000000001
 40
0.0
 40
0.0
 40
0.0
 40
0.0
 40
1.0
 40
1.0
 40
1.0
 40
1.0
 10
224.3338663617004
 20
420.1551369790703
 30
0.0
 10
224.3338663617004
 20
420.0537317880996
 30
0.0
 10
224.3338663617004
 20
419.9523265971288
 30
0.0
 10
224.3338663617004
 20
419.8509214061581
 30
0.0
  0
SPLINE
  5
4B6
330
1F
100
AcDbEntity
  8
1
  6
Continuous
 62
     7
370
    13
100
AcDbSpline
210
0.0
220
0.0
230
1.0
 70
    24
 71
     3
 72
     8
 73
     4
 74
     0
 42
0.000000001
 43
0.0000000001
 40
0.0
 40
0.0
 40
0.0
 40
0.0
 40
1.0
 40
1.0
 40
1.0
 40
1.0
 10
224.3338663617004
 20
419.8509214061581
 30
0.0
 10
223.8719093806115
 20
418.888135454108
 30
0.0
 10
223.4099523995224
 20
417.9253495020579
 30
0.0
 10
222.9479954184333
 20
416.9625635500079
 30
0.0
  0
SPLINE
  5
4B7
330
1F
100
AcDbEntity
  8
1
  6
Continuous
 62
     7
370
    13
100
AcDbSpline
210
0.0
220
0.0
230
1.0
 70
    24
 71
     3
 72
     8
 73
     4
 74
     0
 42
0.000000001
 43
0.0000000001
 40
0.0
 40
0.0
 40
0.0
 40
0.0
 40
1.0
 40
1.0
 40
1.0
 40
1.0
 10
222.5423746545508
 20
416.9625635500079
 30
0.0
 10
223.0133454303923
 20
417.9253495020579
 30
0.0
 10
223.4843162062342
 20
418.888135454108
 30
0.0
 10
223.9552869820762
 20
419.8509214061581
 30
0.0
  0
SPLINE
  5
4B8
330
1F
100
AcDbEntity
  8
1
  6
Continuous
 62
     7
370
    13
100
AcDbSpline
210
0.0
220
0.0
230
1.0
 70
    24
 71
     3
 72
     8
 73
     4
 74
     0
 42
0.000000001
 43
0.0000000001
 40
0.0
 40
0.0
 40
0.0
 40
0.0
 40
1.0
 40
1.0
 40
1.0
 40
1.0
 10
223.9552869820762
 20
419.8509214061581
 30
0.0
 10
223.3905164045867
 20
419.8509214061581
 30
0.0
 10
222.8257458270967
 20
419.8509214061581
 30
0.0
 10
222.2609752496065
 20
419.8509214061581
 30
0.0
  0
SPLINE
  5
4B9
330
1F
100
AcDbEntity
  8
1
  6
Continuous
 62
     7
370
    13
100
AcDbSpline
210
0.0
220
0.0
230
1.0
 70
    24
 71
     3
 72
     8
 73
     4
 74
     0
 42
0.000000001
 43
0.0000000001
 40
0.0
 40
0.0
 40
0.0
 40
0.0
 40
1.0
 40
1.0
 40
1.0
 40
1.0
 10
217.5625347346289
 20
416.9625635500079
 30
0.0
 10
217.5625347346289
 20
418.0267546930287
 30
0.0
 10
217.5625347346289
 20
419.0909458360495
 30
0.0
 10
217.5625347346289
 20
420.1551369790703
 30
0.0
  0
SPLINE
  5
4BA
330
1F
100
AcDbEntity
  8
1
  6
Continuous
 62
     7
370
    13
100
AcDbSpline
210
0.0
220
0.0
230
1.0
 70
    24
 71
     3
 72
     8
 73
     4
 74
     0
 42
0.000000001
 43
0.0000000001
 40
0.0
 40
0.0
 40
0.0
 40
0.0
 40
1.0
 40
1.0
 40
1.0
 40
1.0
 10
217.9318186384135
 20
419.8509214061581
 30
0.0
 10
217.9318186384135
 20
419.4785390104266
 30
0.0
 10
217.9318186384135
 20
419.1061566146951
 30
0.0
 10
217.9318186384135
 20
418.7337742189637
 30
0.0
  0
SPLINE
  5
4BB
330
1F
100
AcDbEntity
  8
1
  6
Continuous
 62
     7
370
    13
100
AcDbSpline
210
0.0
220
0.0
230
1.0
 70
    24
 71
     3
 72
     8
 73
     4
 74
     0
 42
0.000000001
 43
0.0000000001
 40
0.0
 40
0.0
 40
0.0
 40
0.0
 40
1.0
 40
1.0
 40
1.0
 40
1.0
 10
219.3151544519063
 20
416.9625635500079
 30
0.0
 10
218.7309478794803
 20
416.9625635500079
 30
0.0
 10
218.1467413070544
 20
416.9625635500079
 30
0.0
 10
217.5625347346289
 20
416.9625635500079
 30
0.0
  0
SPLINE
  5
4BC
330
1F
100
AcDbEntity
  8
1
  6
Continuous
 62
     7
370
    13
100
AcDbSpline
210
0.0
220
0.0
230
1.0
 70
    24
 71
     3
 72
     8
 73
     4
 74
     0
 42
0.000000001
 43
0.0000000001
 40
0.0
 40
0.0
 40
0.0
 40
0.0
 40
1.0
 40
1.0
 40
1.0
 40
1.0
 10
219.3151544519063
 20
417.2667791229201
 30
0.0
 10
219.3151544519063
 20
417.1653739319494
 30
0.0
 10
219.3151544519063
 20
417.0639687409786
 30
0.0
 10
219.3151544519063
 20
416.9625635500079
 30
0.0
  0
SPLINE
  5
4BD
330
1F
100
AcDbEntity
  8
1
  6
Continuous
 62
     7
370
    13
100
AcDbSpline
210
0.0
220
0.0
230
1.0
 70
    24
 71
     3
 72
     8
 73
     4
 74
     0
 42
0.000000001
 43
0.0000000001
 40
0.0
 40
0.0
 40
0.0
 40
0.0
 40
1.0
 40
1.0
 40
1.0
 40
1.0
 10
217.9318186384135
 20
417.2667791229201
 30
0.0
 10
218.3929305762443
 20
417.2667791229201
 30
0.0
 10
218.8540425140757
 20
417.2667791229201
 30
0.0
 10
219.3151544519063
 20
417.2667791229201
 30
0.0
  0
SPLINE
  5
4BE
330
1F
100
AcDbEntity
  8
1
  6
Continuous
 62
     7
370
    13
100
AcDbSpline
210
0.0
220
0.0
230
1.0
 70
    24
 71
     3
 72
     8
 73
     4
 74
     0
 42
0.000000001
 43
0.0000000001
 40
0.0
 40
0.0
 40
0.0
 40
0.0
 40
1.0
 40
1.0
 40
1.0
 40
1.0
 10
217.9318186384135
 20
418.4295586460514
 30
0.0
 10
217.9318186384135
 20
418.0419654716743
 30
0.0
 10
217.9318186384135
 20
417.6543722972972
 30
0.0
 10
217.9318186384135
 20
417.2667791229201
 30
0.0
  0
SPLINE
  5
4BF
330
1F
100
AcDbEntity
  8
1
  6
Continuous
 62
     7
370
    13
100
AcDbSpline
210
0.0
220
0.0
230
1.0
 70
    24
 71
     3
 72
     8
 73
     4
 74
     0
 42
0.000000001
 43
0.0000000001
 40
0.0
 40
0.0
 40
0.0
 40
0.0
 40
1.0
 40
1.0
 40
1.0
 40
1.0
 10
219.1824826603861
 20
418.4295586460514
 30
0.0
 10
218.7655946530622
 20
418.4295586460514
 30
0.0
 10
218.3487066457376
 20
418.4295586460514
 30
0.0
 10
217.9318186384135
 20
418.4295586460514
 30
0.0
  0
SPLINE
  5
4C0
330
1F
100
AcDbEntity
  8
1
  6
Continuous
 62
     7
370
    13
100
AcDbSpline
210
0.0
220
0.0
230
1.0
 70
    24
 71
     3
 72
     8
 73
     4
 74
     0
 42
0.000000001
 43
0.0000000001
 40
0.0
 40
0.0
 40
0.0
 40
0.0
 40
1.0
 40
1.0
 40
1.0
 40
1.0
 10
219.1824826603861
 20
418.7337742189637
 30
0.0
 10
219.1824826603861
 20
418.6323690279929
 30
0.0
 10
219.1824826603861
 20
418.5309638370222
 30
0.0
 10
219.1824826603861
 20
418.4295586460514
 30
0.0
  0
SPLINE
  5
4C1
330
1F
100
AcDbEntity
  8
1
  6
Continuous
 62
     7
370
    13
100
AcDbSpline
210
0.0
220
0.0
230
1.0
 70
    24
 71
     3
 72
     8
 73
     4
 74
     0
 42
0.000000001
 43
0.0000000001
 40
0.0
 40
0.0
 40
0.0
 40
0.0
 40
1.0
 40
1.0
 40
1.0
 40
1.0
 10
217.9318186384135
 20
418.7337742189637
 30
0.0
 10
218.3487066457376
 20
418.7337742189637
 30
0.0
 10
218.7655946530622
 20
418.7337742189637
 30
0.0
 10
219.1824826603861
 20
418.7337742189637
 30
0.0
  0
SPLINE
  5
4C2
330
1F
100
AcDbEntity
  8
1
  6
Continuous
 62
     7
370
    13
100
AcDbSpline
210
0.0
220
0.0
230
1.0
 70
    24
 71
     3
 72
     8
 73
     4
 74
     0
 42
0.000000001
 43
0.0000000001
 40
0.0
 40
0.0
 40
0.0
 40
0.0
 40
1.0
 40
1.0
 40
1.0
 40
1.0
 10
219.2475509912595
 20
419.8509214061581
 30
0.0
 10
218.8089735403105
 20
419.8509214061581
 30
0.0
 10
218.3703960893623
 20
419.8509214061581
 30
0.0
 10
217.9318186384135
 20
419.8509214061581
 30
0.0
  0
SPLINE
  5
4C3
330
1F
100
AcDbEntity
  8
1
  6
Continuous
 62
     7
370
    13
100
AcDbSpline
210
0.0
220
0.0
230
1.0
 70
    24
 71
     3
 72
     8
 73
     4
 74
     0
 42
0.000000001
 43
0.0000000001
 40
0.0
 40
0.0
 40
0.0
 40
0.0
 40
1.0
 40
1.0
 40
1.0
 40
1.0
 10
219.2475509912595
 20
420.1551369790703
 30
0.0
 10
219.2475509912595
 20
420.0537317880996
 30
0.0
 10
219.2475509912595
 20
419.9523265971288
 30
0.0
 10
219.2475509912595
 20
419.8509214061581
 30
0.0
  0
SPLINE
  5
4C4
330
1F
100
AcDbEntity
  8
1
  6
Continuous
 62
     7
370
    13
100
AcDbSpline
210
0.0
220
0.0
230
1.0
 70
    24
 71
     3
 72
     8
 73
     4
 74
     0
 42
0.000000001
 43
0.0000000001
 40
0.0
 40
0.0
 40
0.0
 40
0.0
 40
1.0
 40
1.0
 40
1.0
 40
1.0
 10
217.5625347346289
 20
420.1551369790703
 30
0.0
 10
218.1242068201726
 20
420.1551369790703
 30
0.0
 10
218.685878905716
 20
420.1551369790703
 30
0.0
 10
219.2475509912595
 20
420.1551369790703
 30
0.0
  0
SPLINE
  5
4C5
330
1F
100
AcDbEntity
  8
1
  6
Continuous
 62
     7
370
    13
100
AcDbSpline
210
0.0
220
0.0
230
1.0
 70
    24
 71
     3
 72
     8
 73
     4
 74
     0
 42
0.000000001
 43
0.0000000001
 40
0.0
 40
0.0
 40
0.0
 40
0.0
 40
1.0
 40
1.0
 40
1.0
 40
1.0
 10
227.8162896282875
 20
417.2219918302414
 30
0.0
 10
227.8103743254808
 20
417.1219950447008
 30
0.0
 10
227.8044590226744
 20
417.0219982591602
 30
0.0
 10
227.7985437198677
 20
416.9220014736196
 30
0.0
  0
SPLINE
  5
4C6
330
1F
100
AcDbEntity
  8
1
  6
Continuous
 62
     7
370
    13
100
AcDbSpline
210
0.0
220
0.0
230
1.0
 70
     8
 71
     3
 72
    29
 73
    25
 74
     0
 42
0.000000001
 43
0.0000000001
 40
0.0
 40
0.0
 40
0.0
 40
0.0
 40
0.0220198315228209
 40
0.0528665739481579
 40
0.0845436176572639
 40
0.1269694167421046
 40
0.1720516975729314
 40
0.2301898575126452
 40
0.2966935480368574
 40
0.3589778430655056
 40
0.4160962805292825
 40
0.4725594640703267
 40
0.5193425276829391
 40
0.5683830459679553
 40
0.6231096748618987
 40
0.6825028029845832
 40
0.7216293475584179
 40
0.7603437571219888
 40
0.8085513514658289
 40
0.8472894644680757
 40
0.896007938931291
 40
0.9314466328951112
 40
0.9679151040161202
 40
1.0
 40
1.0
 40
1.0
 40
1.0
 10
227.7985437198677
 20
416.9220014736196
 30
0.0
 10
227.865343022452
 20
416.9183889864794
 30
0.0
 10
228.0254863980365
 20
416.915511519093
 30
0.0
 10
228.2822407249672
 20
416.9273574774019
 30
0.0
 10
228.5957620936375
 20
416.989335685894
 30
0.0
 10
228.930656128528
 20
417.1395783527086
 30
0.0
 10
229.2587303460546
 20
417.4468875670215
 30
0.0
 10
229.5069534356144
 20
417.9067596558374
 30
0.0
 10
229.6412756606285
 20
418.4627993296393
 30
0.0
 10
229.6606437934946
 20
419.0287061724397
 30
0.0
 10
229.5857112744832
 20
419.5615481140909
 30
0.0
 10
229.3174653411746
 20
419.9995347187491
 30
0.0
 10
228.8802302907478
 20
420.1988904329667
 30
0.0
 10
228.4166931150474
 20
420.2189717651723
 30
0.0
 10
227.9299757588056
 20
420.0565364945944
 30
0.0
 10
227.6175354178488
 20
419.6723646788617
 30
0.0
 10
227.5295638417336
 20
419.2593362578243
 30
0.0
 10
227.5414727608998
 20
418.8749058775046
 30
0.0
 10
227.6794692675742
 20
418.5028477141543
 30
0.0
 10
228.0014735742355
 20
418.2264779312383
 30
0.0
 10
228.3722752089998
 20
418.1210366693819
 30
0.0
 10
228.7419161707265
 20
418.1507941845909
 30
0.0
 10
229.0372526565296
 20
418.2856677854457
 30
0.0
 10
229.1859129037653
 20
418.4284174850218
 30
0.0
 10
229.2477929074913
 20
418.5081476690538
 30
0.0
  0
SPLINE
  5
4C7
330
1F
100
AcDbEntity
  8
1
  6
Continuous
 62
     7
370
    13
100
AcDbSpline
210
0.0
220
0.0
230
1.0
 70
     8
 71
     3
 72
    12
 73
     8
 74
     0
 42
0.000000001
 43
0.0000000001
 40
0.0
 40
0.0
 40
0.0
 40
0.0
 40
0.3723926264519485
 40
0.3723926264519485
 40
0.9340517646009996
 40
0.9340517646009996
 40
1.0
 40
1.0
 40
1.0
 40
1.0
 10
229.2477929074913
 20
418.5081476690538
 30
0.0
 10
229.2072308311029
 20
418.1718204523341
 30
0.0
 10
229.1135000367554
 20
417.8991219904802
 30
0.0
 10
228.7593579043158
 20
417.3707194436652
 30
0.0
 10
228.4373964229836
 20
417.2126963544024
 30
0.0
 10
227.9548767226148
 20
417.2126963544024
 30
0.0
 10
227.8914984782576
 20
417.2152314841767
 30
0.0
 10
227.8162896282875
 20
417.2219918302414
 30
0.0
  0
SPLINE
  5
4C8
330
1F
100
AcDbEntity
  8
1
  6
Continuous
 62
     7
370
    13
100
AcDbSpline
210
0.0
220
0.0
230
1.0
 70
    11
 71
     3
 72
    21
 73
    17
 74
     0
 42
0.000000001
 43
0.0000000001
 40
0.0
 40
0.0
 40
0.0
 40
0.0
 40
0.0625
 40
0.125
 40
0.1875
 40
0.28125
 40
0.34375
 40
0.4375
 40
0.5
 40
0.5625
 40
0.625
 40
0.71875
 40
0.8125
 40
0.875
 40
0.9375
 40
1.0
 40
1.0
 40
1.0
 40
1.0
 10
228.8613756230872
 20
419.8531766754433
 30
0.0
 10
228.7750743140285
 20
419.8886797983421
 30
0.0
 10
228.5872963809023
 20
419.9193224575202
 30
0.0
 10
228.3064377395313
 20
419.8791454392273
 30
0.0
 10
228.0251086830145
 20
419.6795480980647
 30
0.0
 10
227.9097500668329
 20
419.3581931533492
 30
0.0
 10
227.9074371002542
 20
418.985156960123
 30
0.0
 10
228.0191039391435
 20
418.6627857074398
 30
0.0
 10
228.2947372383747
 20
418.4604145472869
 30
0.0
 10
228.5779603633801
 20
418.4195285679788
 30
0.0
 10
228.9090867086593
 20
418.4717646658746
 30
0.0
 10
229.205159790198
 20
418.7421370796142
 30
0.0
 10
229.2719950018334
 20
419.1241973691144
 30
0.0
 10
229.237842356482
 20
419.4505309113484
 30
0.0
 10
229.1051042352543
 20
419.7063037201273
 30
0.0
 10
228.9476769321458
 20
419.8176735525445
 30
0.0
 10
228.8613756230872
 20
419.8531766754433
 30
0.0
  0
SPLINE
  5
4C9
330
1F
100
AcDbEntity
  8
1
  6
Continuous
 62
     7
370
    13
100
AcDbSpline
210
0.0
220
0.0
230
1.0
 70
    11
 71
     3
 72
    25
 73
    21
 74
     0
 42
0.000000001
 43
0.0000000001
 40
0.0
 40
0.0
 40
0.0
 40
0.0
 40
0.0625
 40
0.125
 40
0.1875
 40
0.25
 40
0.3125
 40
0.359375
 40
0.40625
 40
0.46875
 40
0.5
 40
0.5625
 40
0.625
 40
0.65625
 40
0.75
 40
0.8125
 40
0.875
 40
0.90625
 40
0.953125
 40
1.0
 40
1.0
 40
1.0
 40
1.0
 10
250.3762367815904
 20
420.1800819520449
 30
0.0
 10
250.1921784355431
 20
420.2171530645852
 30
0.0
 10
249.809353906227
 20
420.2002050416863
 30
0.0
 10
249.3026283520406
 20
419.8991244733037
 30
0.0
 10
249.0964607787672
 20
419.3391261406842
 30
0.0
 10
249.0329975102787
 20
418.7941819605168
 30
0.0
 10
249.0376969477252
 20
418.2779513092429
 30
0.0
 10
249.0958819004871
 20
417.8162107720442
 30
0.0
 10
249.2400118776303
 20
417.3686654593403
 30
0.0
 10
249.5367961148427
 20
417.0412153819564
 30
0.0
 10
249.9920135932251
 20
416.9012383916568
 30
0.0
 10
250.4697196887501
 20
416.9063683404932
 30
0.0
 10
250.8904542470505
 20
417.1687328406484
 30
0.0
 10
251.1652706514256
 20
417.6700537303324
 30
0.0
 10
251.2405333734803
 20
418.2321203276859
 30
0.0
 10
251.2379745781503
 20
418.8812575293443
 30
0.0
 10
251.1680016436124
 20
419.3468032802653
 30
0.0
 10
251.0175651022135
 20
419.7372810261936
 30
0.0
 10
250.7820949017594
 20
420.0454336843413
 30
0.0
 10
250.5142805411258
 20
420.1522786176398
 30
0.0
 10
250.3762367815904
 20
420.1800819520449
 30
0.0
  0
SPLINE
  5
4CA
330
1F
100
AcDbEntity
  8
1
  6
Continuous
 62
     7
370
    13
100
AcDbSpline
210
0.0
220
0.0
230
1.0
 70
    11
 71
     3
 72
    23
 73
    19
 74
     0
 42
0.000000001
 43
0.0000000001
 40
0.0
 40
0.0
 40
0.0
 40
0.0
 40
0.0625
 40
0.109375
 40
0.15625
 40
0.21875
 40
0.3125
 40
0.375
 40
0.46875
 40
0.53125
 40
0.59375
 40
0.65625
 40
0.71875
 40
0.78125
 40
0.84375
 40
0.90625
 40
0.953125
 40
1.0
 40
1.0
 40
1.0
 40
1.0
 10
250.7062515034959
 20
419.53432207696
 30
0.0
 10
250.6409563664363
 20
419.6611645571974
 30
0.0
 10
250.4659004408634
 20
419.8598208678152
 30
0.0
 10
250.0963228451454
 20
419.9199098906994
 30
0.0
 10
249.733850955103
 20
419.812452727625
 30
0.0
 10
249.4733484573715
 20
419.4021886003582
 30
0.0
 10
249.4178934700722
 20
418.9042965687309
 30
0.0
 10
249.4124116192423
 20
418.3384006574116
 30
0.0
 10
249.4439128054128
 20
417.8461480538319
 30
0.0
 10
249.6514171452421
 20
417.3677764185527
 30
0.0
 10
250.0658806796669
 20
417.1719845486095
 30
0.0
 10
250.5121516664754
 20
417.2704687944939
 30
0.0
 10
250.7740087862881
 20
417.6514044424612
 30
0.0
 10
250.841661266587
 20
418.0678106446402
 30
0.0
 10
250.8666269137898
 20
418.4933220347471
 30
0.0
 10
250.8579331296597
 20
418.8823550540193
 30
0.0
 10
250.8140866389181
 20
419.2339363344132
 30
0.0
 10
250.7552228562906
 20
419.439190216782
 30
0.0
 10
250.7062515034959
 20
419.53432207696
 30
0.0
  0
SPLINE
  5
4CB
330
1F
100
AcDbEntity
  8
1
  6
Continuous
 62
     7
370
    13
100
AcDbSpline
210
0.0
220
0.0
230
1.0
 70
     8
 71
     3
 72
    10
 73
     6
 74
     0
 42
0.000000001
 43
0.0000000001
 40
0.0
 40
0.0
 40
0.0
 40
0.0
 40
0.4509022120591983
 40
0.4509022120591983
 40
1.0
 40
1.0
 40
1.0
 40
1.0
 10
233.9862572511861
 20
424.1213992462994
 30
0.0
 10
233.945680016366
 20
423.9850850980754
 30
0.0
 10
233.8962265114292
 20
423.8303843903236
 30
0.0
 10
233.7668641497151
 20
423.4479217556913
 30
0.0
 10
233.69249497827
 20
423.2390557287255
 30
0.0
 10
233.6197940992168
 20
423.0296180219194
 30
0.0
  0
SPLINE
  5
4CC
330
1F
100
AcDbEntity
  8
1
  6
Continuous
 62
     7
370
    13
100
AcDbSpline
210
0.0
220
0.0
230
1.0
 70
    24
 71
     3
 72
     8
 73
     4
 74
     0
 42
0.000000001
 43
0.0000000001
 40
0.0
 40
0.0
 40
0.0
 40
0.0
 40
1.0
 40
1.0
 40
1.0
 40
1.0
 10
233.6197940992168
 20
423.0296180219194
 30
0.0
 10
233.8619894695494
 20
423.0296180219194
 30
0.0
 10
234.1041848398825
 20
423.0296180219194
 30
0.0
 10
234.3463802102154
 20
423.0296180219194
 30
0.0
  0
SPLINE
  5
4CD
330
1F
100
AcDbEntity
  8
1
  6
Continuous
 62
     7
370
    13
100
AcDbSpline
210
0.0
220
0.0
230
1.0
 70
    24
 71
     3
 72
     8
 73
     4
 74
     0
 42
0.000000001
 43
0.0000000001
 40
0.0
 40
0.0
 40
0.0
 40
0.0
 40
1.0
 40
1.0
 40
1.0
 40
1.0
 10
233.2425526192481
 20
421.9625635500079
 30
0.0
 10
233.1489291034914
 20
421.9625635500079
 30
0.0
 10
233.0553055877347
 20
421.9625635500079
 30
0.0
 10
232.9616820719776
 20
421.9625635500079
 30
0.0
  0
SPLINE
  5
4CE
330
1F
100
AcDbEntity
  8
1
  6
Continuous
 62
     7
370
    13
100
AcDbSpline
210
0.0
220
0.0
230
1.0
 70
    24
 71
     3
 72
     8
 73
     4
 74
     0
 42
0.000000001
 43
0.0000000001
 40
0.0
 40
0.0
 40
0.0
 40
0.0
 40
1.0
 40
1.0
 40
1.0
 40
1.0
 10
232.9616820719776
 20
421.9625635500079
 30
0.0
 10
233.2457227157184
 20
422.7610051810005
 30
0.0
 10
233.5297633594597
 20
423.5594468119931
 30
0.0
 10
233.8138040032007
 20
424.3578884429857
 30
0.0
  0
SPLINE
  5
4CF
330
1F
100
AcDbEntity
  8
1
  6
Continuous
 62
     7
370
    13
100
AcDbSpline
210
0.0
220
0.0
230
1.0
 70
    24
 71
     3
 72
     8
 73
     4
 74
     0
 42
0.000000001
 43
0.0000000001
 40
0.0
 40
0.0
 40
0.0
 40
0.0
 40
1.0
 40
1.0
 40
1.0
 40
1.0
 10
233.8138040032007
 20
424.3578884429857
 30
0.0
 10
233.9304635533086
 20
424.3578884429857
 30
0.0
 10
234.0471231034172
 20
424.3578884429857
 30
0.0
 10
234.1637826535246
 20
424.3578884429857
 30
0.0
  0
SPLINE
  5
4D0
330
1F
100
AcDbEntity
  8
1
  6
Continuous
 62
     7
370
    13
100
AcDbSpline
210
0.0
220
0.0
230
1.0
 70
    24
 71
     3
 72
     8
 73
     4
 74
     0
 42
0.000000001
 43
0.0000000001
 40
0.0
 40
0.0
 40
0.0
 40
0.0
 40
1.0
 40
1.0
 40
1.0
 40
1.0
 10
234.1637826535246
 20
424.3578884429857
 30
0.0
 10
234.4501480346772
 20
423.5594468119931
 30
0.0
 10
234.73651341583
 20
422.7610051810005
 30
0.0
 10
235.0228787969828
 20
421.9625635500079
 30
0.0
  0
SPLINE
  5
4D1
330
1F
100
AcDbEntity
  8
1
  6
Continuous
 62
     7
370
    13
100
AcDbSpline
210
0.0
220
0.0
230
1.0
 70
    24
 71
     3
 72
     8
 73
     4
 74
     0
 42
0.000000001
 43
0.0000000001
 40
0.0
 40
0.0
 40
0.0
 40
0.0
 40
1.0
 40
1.0
 40
1.0
 40
1.0
 10
235.0228787969828
 20
421.9625635500079
 30
0.0
 10
234.9231264280498
 20
421.9625635500079
 30
0.0
 10
234.8233740591175
 20
421.9625635500079
 30
0.0
 10
234.7236216901841
 20
421.9625635500079
 30
0.0
  0
SPLINE
  5
4D2
330
1F
100
AcDbEntity
  8
1
  6
Continuous
 62
     7
370
    13
100
AcDbSpline
210
0.0
220
0.0
230
1.0
 70
    24
 71
     3
 72
     8
 73
     4
 74
     0
 42
0.000000001
 43
0.0000000001
 40
0.0
 40
0.0
 40
0.0
 40
0.0
 40
1.0
 40
1.0
 40
1.0
 40
1.0
 10
234.7236216901841
 20
421.9625635500079
 30
0.0
 10
234.6255600393688
 20
422.2421660586906
 30
0.0
 10
234.5274983885534
 20
422.5217685673733
 30
0.0
 10
234.4294367377379
 20
422.8013710760559
 30
0.0
  0
SPLINE
  5
4D3
330
1F
100
AcDbEntity
  8
1
  6
Continuous
 62
     7
370
    13
100
AcDbSpline
210
0.0
220
0.0
230
1.0
 70
    24
 71
     3
 72
     8
 73
     4
 74
     0
 42
0.000000001
 43
0.0000000001
 40
0.0
 40
0.0
 40
0.0
 40
0.0
 40
1.0
 40
1.0
 40
1.0
 40
1.0
 10
234.4294367377379
 20
422.8013710760559
 30
0.0
 10
234.1318703490566
 20
422.8013710760559
 30
0.0
 10
233.8343039603754
 20
422.8013710760559
 30
0.0
 10
233.5367375716942
 20
422.8013710760559
 30
0.0
  0
SPLINE
  5
4D4
330
1F
100
AcDbEntity
  8
1
  6
Continuous
 62
     7
370
    13
100
AcDbSpline
210
0.0
220
0.0
230
1.0
 70
    24
 71
     3
 72
     8
 73
     4
 74
     0
 42
0.000000001
 43
0.0000000001
 40
0.0
 40
0.0
 40
0.0
 40
0.0
 40
1.0
 40
1.0
 40
1.0
 40
1.0
 10
233.5367375716942
 20
422.8013710760559
 30
0.0
 10
233.4386759208786
 20
422.5217685673733
 30
0.0
 10
233.3406142700633
 20
422.2421660586906
 30
0.0
 10
233.2425526192481
 20
421.9625635500079
 30
0.0
  0
SPLINE
  5
4D5
330
1F
100
AcDbEntity
  8
1
  6
Continuous
 62
     7
370
    13
100
AcDbSpline
210
0.0
220
0.0
230
1.0
 70
     8
 71
     3
 72
    10
 73
     6
 74
     0
 42
0.000000001
 43
0.0000000001
 40
0.0
 40
0.0
 40
0.0
 40
0.0
 40
0.5657227368342154
 40
0.5657227368342154
 40
1.0
 40
1.0
 40
1.0
 40
1.0
 10
234.3463802102154
 20
423.0296180219194
 30
0.0
 10
234.2753700492795
 20
423.2396897480196
 30
0.0
 10
234.2043598883448
 20
423.4497614741198
 30
0.0
 10
234.0788387517319
 20
423.8210948366002
 30
0.0
 10
234.0293705631828
 20
423.9749407893704
 30
0.0
 10
233.9862572511861
 20
424.1213992462994
 30
0.0
  0
SPLINE
  5
4D6
330
1F
100
AcDbEntity
  8
1
  6
Continuous
 62
     7
370
    13
100
AcDbSpline
210
0.0
220
0.0
230
1.0
 70
    11
 71
     3
 72
    23
 73
    19
 74
     0
 42
0.000000001
 43
0.0000000001
 40
0.0
 40
0.0
 40
0.0
 40
0.0
 40
0.0625
 40
0.109375
 40
0.15625
 40
0.21875
 40
0.3125
 40
0.375
 40
0.46875
 40
0.53125
 40
0.59375
 40
0.65625
 40
0.71875
 40
0.78125
 40
0.84375
 40
0.90625
 40
0.953125
 40
1.0
 40
1.0
 40
1.0
 40
1.0
 10
246.6120169180524
 20
419.53432207696
 30
0.0
 10
246.5467217809929
 20
419.6611645571974
 30
0.0
 10
246.3716658554206
 20
419.8598208678152
 30
0.0
 10
246.0020882597015
 20
419.9199098906994
 30
0.0
 10
245.6396163696596
 20
419.812452727625
 30
0.0
 10
245.379113871928
 20
419.4021886003582
 30
0.0
 10
245.3236588846292
 20
418.9042965687309
 30
0.0
 10
245.318177033799
 20
418.3384006574116
 30
0.0
 10
245.3496782199691
 20
417.8461480538319
 30
0.0
 10
245.5571825597986
 20
417.3677764185527
 30
0.0
 10
245.971646094223
 20
417.1719845486095
 30
0.0
 10
246.4179170810319
 20
417.2704687944939
 30
0.0
 10
246.6797742008446
 20
417.6514044424612
 30
0.0
 10
246.7474266811435
 20
418.0678106446402
 30
0.0
 10
246.7723923283473
 20
418.4933220347471
 30
0.0
 10
246.7636985442157
 20
418.8823550540193
 30
0.0
 10
246.7198520534747
 20
419.2339363344132
 30
0.0
 10
246.660988270847
 20
419.439190216782
 30
0.0
 10
246.6120169180524
 20
419.53432207696
 30
0.0
  0
SPLINE
  5
4D7
330
1F
100
AcDbEntity
  8
1
  6
Continuous
 62
     7
370
    13
100
AcDbSpline
210
0.0
220
0.0
230
1.0
 70
    11
 71
     3
 72
    25
 73
    21
 74
     0
 42
0.000000001
 43
0.0000000001
 40
0.0
 40
0.0
 40
0.0
 40
0.0
 40
0.0625
 40
0.125
 40
0.1875
 40
0.25
 40
0.3125
 40
0.359375
 40
0.40625
 40
0.46875
 40
0.5
 40
0.5625
 40
0.625
 40
0.65625
 40
0.75
 40
0.8125
 40
0.875
 40
0.90625
 40
0.953125
 40
1.0
 40
1.0
 40
1.0
 40
1.0
 10
246.282002196146
 20
420.1800819520449
 30
0.0
 10
246.0979438500987
 20
420.2171530645852
 30
0.0
 10
245.7151193207827
 20
420.2002050416864
 30
0.0
 10
245.2083937665967
 20
419.8991244733037
 30
0.0
 10
245.0022261933232
 20
419.3391261406842
 30
0.0
 10
244.9387629248343
 20
418.7941819605168
 30
0.0
 10
244.9434623622809
 20
418.2779513092429
 30
0.0
 10
245.0016473150429
 20
417.8162107720442
 30
0.0
 10
245.1457772921861
 20
417.3686654593403
 30
0.0
 10
245.4425615293986
 20
417.0412153819564
 30
0.0
 10
245.8977790077809
 20
416.9012383916568
 30
0.0
 10
246.3754851033055
 20
416.9063683404932
 30
0.0
 10
246.7962196616064
 20
417.1687328406484
 30
0.0
 10
247.0710360659814
 20
417.6700537303324
 30
0.0
 10
247.1462987880357
 20
418.2321203276859
 30
0.0
 10
247.1437399927063
 20
418.8812575293443
 30
0.0
 10
247.073767058168
 20
419.3468032802653
 30
0.0
 10
246.9233305167691
 20
419.7372810261936
 30
0.0
 10
246.687860316315
 20
420.0454336843413
 30
0.0
 10
246.4200459556814
 20
420.1522786176398
 30
0.0
 10
246.282002196146
 20
420.1800819520449
 30
0.0
  0
SPLINE
  5
4D8
330
1F
100
AcDbEntity
  8
1
  6
Continuous
 62
     7
370
    13
100
AcDbSpline
210
0.0
220
0.0
230
1.0
 70
    11
 71
     3
 72
    36
 73
    32
 74
     0
 42
0.000000001
 43
0.0000000001
 40
0.0
 40
0.0
 40
0.0
 40
0.0
 40
0.0078125
 40
0.015625
 40
0.03125
 40
0.0546875
 40
0.09375
 40
0.125
 40
0.1875
 40
0.234375
 40
0.28125
 40
0.34375
 40
0.375
 40
0.4375
 40
0.5
 40
0.5625
 40
0.59375
 40
0.640625
 40
0.6875
 40
0.71875
 40
0.765625
 40
0.8125
 40
0.84375
 40
0.890625
 40
0.921875
 40
0.953125
 40
0.96875
 40
0.98046875
 40
0.98828125
 40
0.994140625
 40
1.0
 40
1.0
 40
1.0
 40
1.0
 10
243.3701453414688
 20
418.4854612854833
 30
0.0
 10
243.3597095739755
 20
418.4880542436856
 30
0.0
 10
243.3369501728114
 20
418.4863035597563
 30
0.0
 10
243.297655541235
 20
418.4685628330735
 30
0.0
 10
243.2346941146796
 20
418.4511144278969
 30
0.0
 10
243.1353559610796
 20
418.4080659227076
 30
0.0
 10
243.01801937087
 20
418.3518369139952
 30
0.0
 10
242.8673026654208
 20
418.2451107233467
 30
0.0
 10
242.7360143081176
 20
418.091934030791
 30
0.0
 10
242.6759652482365
 20
417.8798297802625
 30
0.0
 10
242.6794784875356
 20
417.6608709801056
 30
0.0
 10
242.7581014877117
 20
417.4735284173961
 30
0.0
 10
242.9220776667333
 20
417.3260891396292
 30
0.0
 10
243.1206793113864
 20
417.2305674098004
 30
0.0
 10
243.3819627866945
 20
417.2005790831195
 30
0.0
 10
243.5995465660843
 20
417.2245759065946
 30
0.0
 10
243.7828926167616
 20
417.2960026416423
 30
0.0
 10
243.9275256693414
 20
417.3949743618475
 30
0.0
 10
244.0354025853181
 20
417.5343042500148
 30
0.0
 10
244.0864672921567
 20
417.703811512871
 30
0.0
 10
244.0873547311058
 20
417.8795950131401
 30
0.0
 10
244.0297741860848
 20
418.0472939039281
 30
0.0
 10
243.919972999564
 20
418.1843588318461
 30
0.0
 10
243.7957942962155
 20
418.2729608547089
 30
0.0
 10
243.6648797040307
 20
418.3496447230797
 30
0.0
 10
243.5676789299246
 20
418.3966911078948
 30
0.0
 10
243.4948311522476
 20
418.4331383406237
 30
0.0
 10
243.4496715635849
 20
418.4511124726741
 30
0.0
 10
243.4176225940615
 20
418.4658347494134
 30
0.0
 10
243.3925638936039
 20
418.4757252918404
 30
0.0
 10
243.3779721670888
 20
418.4835165668316
 30
0.0
 10
243.3701453414688
 20
418.4854612854833
 30
0.0
  0
SPLINE
  5
4D9
330
1F
100
AcDbEntity
  8
1
  6
Continuous
 62
     7
370
    13
100
AcDbSpline
210
0.0
220
0.0
230
1.0
 70
     8
 71
     3
 72
    22
 73
    18
 74
     0
 42
0.000000001
 43
0.0000000001
 40
0.0
 40
0.0
 40
0.0
 40
0.0
 40
0.0821256256611507
 40
0.0821256256611507
 40
0.2080540140185465
 40
0.2080540140185465
 40
0.359774963846734
 40
0.359774963846734
 40
0.511159150122879
 40
0.511159150122879
 40
0.6647827474385567
 40
0.6647827474385567
 40
0.8131535178331956
 40
0.8131535178331956
 40
0.9510334256746779
 40
0.9510334256746779
 40
1.0
 40
1.0
 40
1.0
 40
1.0
 10
243.0323046885415
 20
418.6176251619888
 30
0.0
 10
242.8394853703685
 20
418.7030407371445
 30
0.0
 10
242.6990993755579
 20
418.7901477098279
 30
0.0
 10
242.4741408779876
 20
419.0151062073985
 30
0.0
 10
242.4073333020065
 20
419.189317526397
 30
0.0
 10
242.4073333020065
 20
419.6536061477876
 30
0.0
 10
242.4995144672735
 20
419.8506539597803
 30
0.0
 10
242.8661403927841
 20
420.1311143451939
 30
0.0
 10
243.1008062884187
 20
420.2007732480421
 30
0.0
 10
243.6767271466463
 20
420.2007732480421
 30
0.0
 10
243.9143684993072
 20
420.1297345518731
 30
0.0
 10
244.2767892889001
 20
419.8521002772769
 30
0.0
 10
244.3651259404754
 20
419.6578346416072
 30
0.0
 10
244.3651259404754
 20
419.1732492498825
 30
0.0
 10
244.2720990764442
 20
418.9846584255289
 30
0.0
 10
244.0188243175031
 20
418.7898316878819
 30
0.0
 10
243.9169055955991
 20
418.7292573988259
 30
0.0
 10
243.7790566970808
 20
418.6599101001847
 30
0.0
  0
SPLINE
  5
4DA
330
1F
100
AcDbEntity
  8
1
  6
Continuous
 62
     7
370
    13
100
AcDbSpline
210
0.0
220
0.0
230
1.0
 70
     8
 71
     3
 72
    19
 73
    15
 74
     0
 42
0.000000001
 43
0.0000000001
 40
0.0
 40
0.0
 40
0.0
 40
0.0
 40
0.0308055577867394
 40
0.1038706109990114
 40
0.1665418969361455
 40
0.2629499595775429
 40
0.3250899351954195
 40
0.4030741072290692
 40
0.5179636627132996
 40
0.6270935058857909
 40
0.7352215248482707
 40
0.8362913063462776
 40
0.919789758883548
 40
1.0
 40
1.0
 40
1.0
 40
1.0
 10
243.7790566970808
 20
418.6599101001847
 30
0.0
 10
243.8312959815519
 20
418.6391291148882
 30
0.0
 10
244.0003460533265
 20
418.558983285074
 30
0.0
 10
244.267554128956
 20
418.3989799963212
 30
0.0
 10
244.4808589617629
 20
418.0172320272619
 30
0.0
 10
244.4695346966719
 20
417.5904166086107
 30
0.0
 10
244.261989663613
 20
417.2017731595574
 30
0.0
 10
243.8544024460915
 20
416.9417147858816
 30
0.0
 10
243.2971538373716
 20
416.8853197414425
 30
0.0
 10
242.6849225097492
 20
417.0107687877401
 30
0.0
 10
242.2750606692755
 20
417.4910583078844
 30
0.0
 10
242.2883136349813
 20
418.0712519631883
 30
0.0
 10
242.6157311079879
 20
418.4616393257903
 30
0.0
 10
242.8793744475564
 20
418.5831343218035
 30
0.0
 10
243.0323046885415
 20
418.6176251619888
 30
0.0
  0
SPLINE
  5
4DB
330
1F
100
AcDbEntity
  8
1
  6
Continuous
 62
     7
370
    13
100
AcDbSpline
210
0.0
220
0.0
230
1.0
 70
    11
 71
     3
 72
    38
 73
    34
 74
     0
 42
0.000000001
 43
0.0000000001
 40
0.0
 40
0.0
 40
0.0
 40
0.0
 40
0.005859375
 40
0.01171875
 40
0.0234375
 40
0.0390625
 40
0.0625
 40
0.09375
 40
0.125
 40
0.171875
 40
0.21875
 40
0.28125
 40
0.3125
 40
0.359375
 40
0.40625
 40
0.46875
 40
0.515625
 40
0.5625
 40
0.609375
 40
0.65625
 40
0.703125
 40
0.75
 40
0.796875
 40
0.84375
 40
0.875
 40
0.90625
 40
0.9375
 40
0.953125
 40
0.96875
 40
0.98046875
 40
0.98828125
 40
0.994140625
 40
1.0
 40
1.0
 40
1.0
 40
1.0
 10
243.4794118784278
 20
418.7837773090956
 30
0.0
 10
243.4863818033046
 20
418.7824392681277
 30
0.0
 10
243.5014050298938
 20
418.7838112255334
 30
0.0
 10
243.5255539271607
 20
418.7992785710651
 30
0.0
 10
243.5628350540938
 20
418.8145980843642
 30
0.0
 10
243.6163022541699
 20
418.8455336484896
 30
0.0
 10
243.6900371793618
 20
418.8882331181772
 30
0.0
 10
243.7743265639249
 20
418.9501565578582
 30
0.0
 10
243.8723604861821
 20
419.0397902143483
 30
0.0
 10
243.959794815957
 20
419.1675061644329
 30
0.0
 10
244.0047465190297
 20
419.3557087882303
 30
0.0
 10
243.9919209421212
 20
419.5292407146588
 30
0.0
 10
243.9219042284113
 20
419.6879160122954
 30
0.0
 10
243.8099154071675
 20
419.796177134474
 30
0.0
 10
243.6369495106999
 20
419.8797074416526
 30
0.0
 10
243.4471435214437
 20
419.9089668454951
 30
0.0
 10
243.257063909081
 20
419.9024939596187
 30
0.0
 10
243.0895509330174
 20
419.8633564725359
 30
0.0
 10
242.937449513408
 20
419.7812697096859
 30
0.0
 10
242.8187653714206
 20
419.6509238712861
 30
0.0
 10
242.7749819058027
 20
419.4813049315831
 30
0.0
 10
242.7747660299702
 20
419.309668111668
 30
0.0
 10
242.8382040593959
 20
419.1422199909204
 30
0.0
 10
242.9513923241744
 20
419.0382580772475
 30
0.0
 10
243.0636405301407
 20
418.9673750231551
 30
0.0
 10
243.1643494099933
 20
418.9143103408626
 30
0.0
 10
243.2504863112179
 20
418.8747483887333
 30
0.0
 10
243.3203050347707
 20
418.8452257649921
 30
0.0
 10
243.3686132260717
 20
418.8256304921211
 30
0.0
 10
243.4084084110219
 20
418.8103619187184
 30
0.0
 10
243.4371110704215
 20
418.7990840393211
 30
0.0
 10
243.4595854806328
 20
418.7918394713404
 30
0.0
 10
243.472441953551
 20
418.7851153500634
 30
0.0
 10
243.4794118784278
 20
418.7837773090956
 30
0.0
  0
SPLINE
  5
4DC
330
1F
100
AcDbEntity
  8
1
  6
Continuous
 62
     7
370
    13
100
AcDbSpline
210
0.0
220
0.0
230
1.0
 70
    24
 71
     3
 72
     8
 73
     4
 74
     0
 42
0.000000001
 43
0.0000000001
 40
0.0
 40
0.0
 40
0.0
 40
0.0
 40
1.0
 40
1.0
 40
1.0
 40
1.0
 10
234.7173301058888
 20
419.3396387707342
 30
0.0
 10
234.6655007860591
 20
419.4334385723821
 30
0.0
 10
234.6136714662296
 20
419.52723837403
 30
0.0
 10
234.5618421464004
 20
419.621038175678
 30
0.0
  0
SPLINE
  5
4DD
330
1F
100
AcDbEntity
  8
1
  6
Continuous
 62
     7
370
    13
100
AcDbSpline
210
0.0
220
0.0
230
1.0
 70
    24
 71
     3
 72
     8
 73
     4
 74
     0
 42
0.000000001
 43
0.0000000001
 40
0.0
 40
0.0
 40
0.0
 40
0.0
 40
1.0
 40
1.0
 40
1.0
 40
1.0
 10
234.5618421464004
 20
419.621038175678
 30
0.0
 10
234.8426781891724
 20
419.7990606220488
 30
0.0
 10
235.1235142319438
 20
419.9770830684197
 30
0.0
 10
235.4043502747159
 20
420.1551055147906
 30
0.0
  0
SPLINE
  5
4DE
330
1F
100
AcDbEntity
  8
1
  6
Continuous
 62
     7
370
    13
100
AcDbSpline
210
0.0
220
0.0
230
1.0
 70
    24
 71
     3
 72
     8
 73
     4
 74
     0
 42
0.000000001
 43
0.0000000001
 40
0.0
 40
0.0
 40
0.0
 40
0.0
 40
1.0
 40
1.0
 40
1.0
 40
1.0
 10
235.4043502747159
 20
420.1551055147906
 30
0.0
 10
235.5111074063212
 20
420.1551055147906
 30
0.0
 10
235.617864537926
 20
420.1551055147906
 30
0.0
 10
235.7246216695317
 20
420.1551055147906
 30
0.0
  0
SPLINE
  5
4DF
330
1F
100
AcDbEntity
  8
1
  6
Continuous
 62
     7
370
    13
100
AcDbSpline
210
0.0
220
0.0
230
1.0
 70
    24
 71
     3
 72
     8
 73
     4
 74
     0
 42
0.000000001
 43
0.0000000001
 40
0.0
 40
0.0
 40
0.0
 40
0.0
 40
1.0
 40
1.0
 40
1.0
 40
1.0
 10
235.7246216695317
 20
420.1551055147906
 30
0.0
 10
235.7246216695312
 20
419.0909143717698
 30
0.0
 10
235.7246216695312
 20
418.0267232287489
 30
0.0
 10
235.7246216695317
 20
416.9625320857282
 30
0.0
  0
SPLINE
  5
4E0
330
1F
100
AcDbEntity
  8
1
  6
Continuous
 62
     7
370
    13
100
AcDbSpline
210
0.0
220
0.0
230
1.0
 70
    24
 71
     3
 72
     8
 73
     4
 74
     0
 42
0.000000001
 43
0.0000000001
 40
0.0
 40
0.0
 40
0.0
 40
0.0
 40
1.0
 40
1.0
 40
1.0
 40
1.0
 10
235.7246216695317
 20
416.9625320857282
 30
0.0
 10
235.6057522512272
 20
416.9625320857282
 30
0.0
 10
235.4868828329223
 20
416.9625320857282
 30
0.0
 10
235.3680134146178
 20
416.9625320857282
 30
0.0
  0
SPLINE
  5
4E1
330
1F
100
AcDbEntity
  8
1
  6
Continuous
 62
     7
370
    13
100
AcDbSpline
210
0.0
220
0.0
230
1.0
 70
    24
 71
     3
 72
     8
 73
     4
 74
     0
 42
0.000000001
 43
0.0000000001
 40
0.0
 40
0.0
 40
0.0
 40
0.0
 40
1.0
 40
1.0
 40
1.0
 40
1.0
 10
235.3680134146178
 20
416.9625320857282
 30
0.0
 10
235.3680134146176
 20
417.8932063939708
 30
0.0
 10
235.3680134146178
 20
418.8238807022135
 30
0.0
 10
235.3680134146178
 20
419.7545550104562
 30
0.0
  0
SPLINE
  5
4E2
330
1F
100
AcDbEntity
  8
1
  6
Continuous
 62
     7
370
    13
100
AcDbSpline
210
0.0
220
0.0
230
1.0
 70
    24
 71
     3
 72
     8
 73
     4
 74
     0
 42
0.000000001
 43
0.0000000001
 40
0.0
 40
0.0
 40
0.0
 40
0.0
 40
1.0
 40
1.0
 40
1.0
 40
1.0
 10
235.3680134146178
 20
419.7545550104562
 30
0.0
 10
235.1511189783751
 20
419.6162495972155
 30
0.0
 10
234.934224542132
 20
419.4779441839748
 30
0.0
 10
234.7173301058888
 20
419.3396387707342
 30
0.0
  0
SPLINE
  5
4E3
330
1F
100
AcDbEntity
  8
1
  6
Continuous
 62
     7
370
    13
100
AcDbSpline
210
0.0
220
0.0
230
1.0
 70
    24
 71
     3
 72
     8
 73
     4
 74
     0
 42
0.000000001
 43
0.0000000001
 40
0.0
 40
0.0
 40
0.0
 40
0.0
 40
1.0
 40
1.0
 40
1.0
 40
1.0
 10
235.5770116599957
 20
421.9625635500079
 30
0.0
 10
235.5770116599957
 20
422.6849228657127
 30
0.0
 10
235.5770116599957
 20
423.4072821814175
 30
0.0
 10
235.5770116599957
 20
424.1296414971223
 30
0.0
  0
SPLINE
  5
4E4
330
1F
100
AcDbEntity
  8
1
  6
Continuous
 62
     7
370
    13
100
AcDbSpline
210
0.0
220
0.0
230
1.0
 70
    24
 71
     3
 72
     8
 73
     4
 74
     0
 42
0.000000001
 43
0.0000000001
 40
0.0
 40
0.0
 40
0.0
 40
0.0
 40
1.0
 40
1.0
 40
1.0
 40
1.0
 10
234.8770543593478
 20
424.1296414971223
 30
0.0
 10
234.8770543593478
 20
424.20572381241
 30
0.0
 10
234.8770543593478
 20
424.2818061276979
 30
0.0
 10
234.8770543593478
 20
424.3578884429857
 30
0.0
  0
SPLINE
  5
4E5
330
1F
100
AcDbEntity
  8
1
  6
Continuous
 62
     7
370
    13
100
AcDbSpline
210
0.0
220
0.0
230
1.0
 70
    24
 71
     3
 72
     8
 73
     4
 74
     0
 42
0.000000001
 43
0.0000000001
 40
0.0
 40
0.0
 40
0.0
 40
0.0
 40
1.0
 40
1.0
 40
1.0
 40
1.0
 10
234.8770543593478
 20
424.3578884429857
 30
0.0
 10
235.4390067936543
 20
424.3578884429857
 30
0.0
 10
236.0009592279603
 20
424.3578884429857
 30
0.0
 10
236.5629116622668
 20
424.3578884429857
 30
0.0
  0
SPLINE
  5
4E6
330
1F
100
AcDbEntity
  8
1
  6
Continuous
 62
     7
370
    13
100
AcDbSpline
210
0.0
220
0.0
230
1.0
 70
    24
 71
     3
 72
     8
 73
     4
 74
     0
 42
0.000000001
 43
0.0000000001
 40
0.0
 40
0.0
 40
0.0
 40
0.0
 40
1.0
 40
1.0
 40
1.0
 40
1.0
 10
236.5629116622668
 20
424.3578884429857
 30
0.0
 10
236.5629116622668
 20
424.2818061276979
 30
0.0
 10
236.5629116622666
 20
424.20572381241
 30
0.0
 10
236.5629116622668
 20
424.1296414971223
 30
0.0
  0
SPLINE
  5
4E7
330
1F
100
AcDbEntity
  8
1
  6
Continuous
 62
     7
370
    13
100
AcDbSpline
210
0.0
220
0.0
230
1.0
 70
    24
 71
     3
 72
     8
 73
     4
 74
     0
 42
0.000000001
 43
0.0000000001
 40
0.0
 40
0.0
 40
0.0
 40
0.0
 40
1.0
 40
1.0
 40
1.0
 40
1.0
 10
236.5629116622668
 20
424.1296414971223
 30
0.0
 10
236.32684514511
 20
424.1296414971223
 30
0.0
 10
236.0907786279534
 20
424.1296414971223
 30
0.0
 10
235.8547121107961
 20
424.1296414971223
 30
0.0
  0
SPLINE
  5
4E8
330
1F
100
AcDbEntity
  8
1
  6
Continuous
 62
     7
370
    13
100
AcDbSpline
210
0.0
220
0.0
230
1.0
 70
    24
 71
     3
 72
     8
 73
     4
 74
     0
 42
0.000000001
 43
0.0000000001
 40
0.0
 40
0.0
 40
0.0
 40
0.0
 40
1.0
 40
1.0
 40
1.0
 40
1.0
 10
235.8547121107961
 20
424.1296414971223
 30
0.0
 10
235.8547121107961
 20
423.4072821814175
 30
0.0
 10
235.8547121107959
 20
422.6849228657127
 30
0.0
 10
235.8547121107961
 20
421.9625635500079
 30
0.0
  0
SPLINE
  5
4E9
330
1F
100
AcDbEntity
  8
1
  6
Continuous
 62
     7
370
    13
100
AcDbSpline
210
0.0
220
0.0
230
1.0
 70
    24
 71
     3
 72
     8
 73
     4
 74
     0
 42
0.000000001
 43
0.0000000001
 40
0.0
 40
0.0
 40
0.0
 40
0.0
 40
1.0
 40
1.0
 40
1.0
 40
1.0
 10
235.8547121107961
 20
421.9625635500079
 30
0.0
 10
235.7621452938625
 20
421.9625635500079
 30
0.0
 10
235.6695784769293
 20
421.9625635500079
 30
0.0
 10
235.5770116599957
 20
421.9625635500079
 30
0.0
  0
SPLINE
  5
4EA
330
1F
100
AcDbEntity
  8
1
  6
Continuous
 62
     7
370
    13
100
AcDbSpline
210
0.0
220
0.0
230
1.0
 70
    24
 71
     3
 72
     8
 73
     4
 74
     0
 42
0.000000001
 43
0.0000000001
 40
0.0
 40
0.0
 40
0.0
 40
0.0
 40
1.0
 40
1.0
 40
1.0
 40
1.0
 10
235.5770116599957
 20
424.1296414971223
 30
0.0
 10
235.3436925597799
 20
424.1296414971223
 30
0.0
 10
235.1103734595636
 20
424.1296414971223
 30
0.0
 10
234.8770543593478
 20
424.1296414971223
 30
0.0
  0
SPLINE
  5
4EB
330
1F
100
AcDbEntity
  8
1
  6
Continuous
 62
     7
370
    13
100
AcDbSpline
210
0.0
220
0.0
230
1.0
 70
    24
 71
     3
 72
     8
 73
     4
 74
     0
 42
0.000000001
 43
0.0000000001
 40
0.0
 40
0.0
 40
0.0
 40
0.0
 40
1.0
 40
1.0
 40
1.0
 40
1.0
 10
226.836884492162
 20
419.8509214061581
 30
0.0
 10
226.836884492162
 20
419.9523265971288
 30
0.0
 10
226.836884492162
 20
420.0537317880996
 30
0.0
 10
226.836884492162
 20
420.1551369790703
 30
0.0
  0
SPLINE
  5
4EC
330
1F
100
AcDbEntity
  8
1
  6
Continuous
 62
     7
370
    13
100
AcDbSpline
210
0.0
220
0.0
230
1.0
 70
    24
 71
     3
 72
     8
 73
     4
 74
     0
 42
0.000000001
 43
0.0000000001
 40
0.0
 40
0.0
 40
0.0
 40
0.0
 40
1.0
 40
1.0
 40
1.0
 40
1.0
 10
225.4755198033793
 20
419.8509214061581
 30
0.0
 10
225.9293080329733
 20
419.8509214061581
 30
0.0
 10
226.3830962625673
 20
419.8509214061581
 30
0.0
 10
226.836884492162
 20
419.8509214061581
 30
0.0
  0
SPLINE
  5
4ED
330
1F
100
AcDbEntity
  8
1
  6
Continuous
 62
     7
370
    13
100
AcDbSpline
210
0.0
220
0.0
230
1.0
 70
    24
 71
     3
 72
     8
 73
     4
 74
     0
 42
0.000000001
 43
0.0000000001
 40
0.0
 40
0.0
 40
0.0
 40
0.0
 40
1.0
 40
1.0
 40
1.0
 40
1.0
 10
226.836884492162
 20
420.1551369790703
 30
0.0
 10
226.2622550766608
 20
420.1551369790703
 30
0.0
 10
225.6876256611602
 20
420.1551369790703
 30
0.0
 10
225.112996245659
 20
420.1551369790703
 30
0.0
  0
SPLINE
  5
4EE
330
1F
100
AcDbEntity
  8
1
  6
Continuous
 62
     7
370
    13
100
AcDbSpline
210
0.0
220
0.0
230
1.0
 70
    24
 71
     3
 72
     8
 73
     4
 74
     0
 42
0.000000001
 43
0.0000000001
 40
0.0
 40
0.0
 40
0.0
 40
0.0
 40
1.0
 40
1.0
 40
1.0
 40
1.0
 10
225.112996245659
 20
420.1551369790703
 30
0.0
 10
225.0972221048413
 20
419.6120558452047
 30
0.0
 10
225.0814479640238
 20
419.0689747113392
 30
0.0
 10
225.0656738232058
 20
418.5258935774737
 30
0.0
  0
SPLINE
  5
4EF
330
1F
100
AcDbEntity
  8
1
  6
Continuous
 62
     7
370
    13
100
AcDbSpline
210
0.0
220
0.0
230
1.0
 70
     8
 71
     3
 72
    20
 73
    16
 74
     0
 42
0.000000001
 43
0.0000000001
 40
0.0
 40
0.0
 40
0.0
 40
0.0
 40
0.0737398941254395
 40
0.1783106543055226
 40
0.2725239376542955
 40
0.3593321360150421
 40
0.4540937954697204
 40
0.5371741174439574
 40
0.6061254364017769
 40
0.6819919909796205
 40
0.7413925888993245
 40
0.8046397415830947
 40
0.8955390433461201
 40
0.9457736740686198
 40
1.0
 40
1.0
 40
1.0
 40
1.0
 10
225.0656738232058
 20
418.5258935774737
 30
0.0
 10
225.1561423872504
 20
418.5617978192819
 30
0.0
 10
225.3781762747165
 20
418.6349166228861
 30
0.0
 10
225.730426283172
 20
418.7034064548476
 30
0.0
 10
226.1120796491339
 20
418.7013325437091
 30
0.0
 10
226.4501726692297
 20
418.5232570715244
 30
0.0
 10
226.6113481390251
 20
418.190373368023
 30
0.0
 10
226.6044839730014
 20
417.8599644205824
 30
0.0
 10
226.5074084574099
 20
417.5719270118839
 30
0.0
 10
226.3256775034898
 20
417.3632226330283
 30
0.0
 10
226.0901767853473
 20
417.2414615404262
 30
0.0
 10
225.8094371972277
 20
417.1977110832082
 30
0.0
 10
225.5392003766461
 20
417.2350452238806
 30
0.0
 10
225.2977111378667
 20
417.3231834343598
 30
0.0
 10
225.1749685242146
 20
417.3839144063328
 30
0.0
 10
225.112996245659
 20
417.4197319526344
 30
0.0
  0
SPLINE
  5
4F0
330
1F
100
AcDbEntity
  8
1
  6
Continuous
 62
     7
370
    13
100
AcDbSpline
210
0.0
220
0.0
230
1.0
 70
    24
 71
     3
 72
     8
 73
     4
 74
     0
 42
0.000000001
 43
0.0000000001
 40
0.0
 40
0.0
 40
0.0
 40
0.0
 40
1.0
 40
1.0
 40
1.0
 40
1.0
 10
225.112996245659
 20
417.4197319526344
 30
0.0
 10
225.0679272718942
 20
417.3200168481798
 30
0.0
 10
225.0228582981293
 20
417.2203017437252
 30
0.0
 10
224.9777893243648
 20
417.1205866392706
 30
0.0
  0
SPLINE
  5
4F1
330
1F
100
AcDbEntity
  8
1
  6
Continuous
 62
     7
370
    13
100
AcDbSpline
210
0.0
220
0.0
230
1.0
 70
     8
 71
     3
 72
    19
 73
    15
 74
     0
 42
0.000000001
 43
0.0000000001
 40
0.0
 40
0.0
 40
0.0
 40
0.0
 40
0.0355630543845481
 40
0.1026217400954822
 40
0.1824087465726978
 40
0.2511986274043322
 40
0.359765735667893
 40
0.4211497419394181
 40
0.5123281494987231
 40
0.6258124904079747
 40
0.7249092320189142
 40
0.8415996690642555
 40
0.9158906725761767
 40
1.0
 40
1.0
 40
1.0
 40
1.0
 10
224.9777893243648
 20
417.1205866392706
 30
0.0
 10
225.0285060758109
 20
417.0957190922799
 30
0.0
 10
225.1770483636702
 20
417.0303854287276
 30
0.0
 10
225.4540921995181
 20
416.9436338999346
 30
0.0
 10
225.7960546683256
 20
416.9060815241328
 30
0.0
 10
226.2040995785515
 20
416.9429807601411
 30
0.0
 10
226.5603862571671
 20
417.1100273613833
 30
0.0
 10
226.8446873873723
 20
417.4181875659452
 30
0.0
 10
226.9975860237969
 20
417.8236740965584
 30
0.0
 10
226.9767447815294
 20
418.3213356210075
 30
0.0
 10
226.7007053705618
 20
418.7934945749868
 30
0.0
 10
226.2522164547545
 20
418.9902394533362
 30
0.0
 10
225.8136493347711
 20
418.9992617837264
 30
0.0
 10
225.5675236997241
 20
418.9571023191223
 30
0.0
 10
225.437492856765
 20
418.9179936492272
 30
0.0
  0
SPLINE
  5
4F2
330
1F
100
AcDbEntity
  8
1
  6
Continuous
 62
     7
370
    13
100
AcDbSpline
210
0.0
220
0.0
230
1.0
 70
    24
 71
     3
 72
     8
 73
     4
 74
     0
 42
0.000000001
 43
0.0000000001
 40
0.0
 40
0.0
 40
0.0
 40
0.0
 40
1.0
 40
1.0
 40
1.0
 40
1.0
 10
225.4374928567652
 20
418.9179936492272
 30
0.0
 10
225.4501685056364
 20
419.2289695682041
 30
0.0
 10
225.4628441545079
 20
419.5399454871811
 30
0.0
 10
225.4755198033793
 20
419.8509214061581
 30
0.0
  0
SPLINE
  5
4F3
330
1F
100
AcDbEntity
  8
1
  6
Continuous
 62
     7
370
    13
100
AcDbSpline
210
0.0
220
0.0
230
1.0
 70
    11
 71
     3
 72
    23
 73
    19
 74
     0
 42
0.000000001
 43
0.0000000001
 40
0.0
 40
0.0
 40
0.0
 40
0.0
 40
0.0625
 40
0.109375
 40
0.15625
 40
0.21875
 40
0.3125
 40
0.375
 40
0.46875
 40
0.53125
 40
0.59375
 40
0.65625
 40
0.71875
 40
0.78125
 40
0.84375
 40
0.90625
 40
0.953125
 40
1.0
 40
1.0
 40
1.0
 40
1.0
 10
259.1144319214874
 20
419.53432207696
 30
0.0
 10
259.0491367844278
 20
419.6611645571974
 30
0.0
 10
258.8740808588548
 20
419.8598208678152
 30
0.0
 10
258.504503263137
 20
419.9199098906994
 30
0.0
 10
258.1420313730947
 20
419.812452727625
 30
0.0
 10
257.8815288753629
 20
419.4021886003582
 30
0.0
 10
257.8260738880638
 20
418.9042965687309
 30
0.0
 10
257.8205920372341
 20
418.3384006574116
 30
0.0
 10
257.8520932234044
 20
417.8461480538319
 30
0.0
 10
258.0595975632332
 20
417.3677764185527
 30
0.0
 10
258.4740610976588
 20
417.1719845486095
 30
0.0
 10
258.920332084467
 20
417.2704687944939
 30
0.0
 10
259.18218920428
 20
417.6514044424612
 30
0.0
 10
259.2498416845784
 20
418.0678106446402
 30
0.0
 10
259.2748073317819
 20
418.4933220347471
 30
0.0
 10
259.2661135476508
 20
418.8823550540193
 30
0.0
 10
259.2222670569095
 20
419.2339363344132
 30
0.0
 10
259.1634032742821
 20
419.439190216782
 30
0.0
 10
259.1144319214874
 20
419.53432207696
 30
0.0
  0
SPLINE
  5
4F4
330
1F
100
AcDbEntity
  8
1
  6
Continuous
 62
     7
370
    13
100
AcDbSpline
210
0.0
220
0.0
230
1.0
 70
    11
 71
     3
 72
    25
 73
    21
 74
     0
 42
0.000000001
 43
0.0000000001
 40
0.0
 40
0.0
 40
0.0
 40
0.0
 40
0.0625
 40
0.125
 40
0.1875
 40
0.25
 40
0.3125
 40
0.359375
 40
0.40625
 40
0.46875
 40
0.5
 40
0.5625
 40
0.625
 40
0.65625
 40
0.75
 40
0.8125
 40
0.875
 40
0.90625
 40
0.953125
 40
1.0
 40
1.0
 40
1.0
 40
1.0
 10
258.784417199582
 20
420.1800819520449
 30
0.0
 10
258.6003588535349
 20
420.2171530645852
 30
0.0
 10
258.2175343242184
 20
420.2002050416863
 30
0.0
 10
257.7108087700327
 20
419.8991244733037
 30
0.0
 10
257.5046411967592
 20
419.3391261406842
 30
0.0
 10
257.4411779282703
 20
418.7941819605168
 30
0.0
 10
257.4458773657171
 20
418.2779513092429
 30
0.0
 10
257.5040623184787
 20
417.8162107720442
 30
0.0
 10
257.6481922956219
 20
417.3686654593403
 30
0.0
 10
257.9449765328343
 20
417.0412153819564
 30
0.0
 10
258.4001940112167
 20
416.9012383916568
 30
0.0
 10
258.8779001067419
 20
416.9063683404932
 30
0.0
 10
259.2986346650421
 20
417.1687328406484
 30
0.0
 10
259.5734510694177
 20
417.6700537303324
 30
0.0
 10
259.6487137914717
 20
418.2321203276859
 30
0.0
 10
259.6461549961421
 20
418.8812575293443
 30
0.0
 10
259.576182061604
 20
419.3468032802653
 30
0.0
 10
259.4257455202051
 20
419.7372810261936
 30
0.0
 10
259.1902753197506
 20
420.0454336843413
 30
0.0
 10
258.9224609591173
 20
420.1522786176398
 30
0.0
 10
258.784417199582
 20
420.1800819520449
 30
0.0
  0
SPLINE
  5
4F5
330
1F
100
AcDbEntity
  8
1
  6
Continuous
 62
     7
370
    13
100
AcDbSpline
210
0.0
220
0.0
230
1.0
 70
    24
 71
     3
 72
     8
 73
     4
 74
     0
 42
0.000000001
 43
0.0000000001
 40
0.0
 40
0.0
 40
0.0
 40
0.0
 40
1.0
 40
1.0
 40
1.0
 40
1.0
 10
248.6240649155632
 20
418.110424187079
 30
0.0
 10
248.6240649155632
 20
418.204223988727
 30
0.0
 10
248.6240649155632
 20
418.2980237903749
 30
0.0
 10
248.6240649155632
 20
418.3918235920229
 30
0.0
  0
SPLINE
  5
4F6
330
1F
100
AcDbEntity
  8
1
  6
Continuous
 62
     7
370
    13
100
AcDbSpline
210
0.0
220
0.0
230
1.0
 70
    24
 71
     3
 72
     8
 73
     4
 74
     0
 42
0.000000001
 43
0.0000000001
 40
0.0
 40
0.0
 40
0.0
 40
0.0
 40
1.0
 40
1.0
 40
1.0
 40
1.0
 10
248.6240649155632
 20
418.3918235920229
 30
0.0
 10
248.2688650660799
 20
418.3918235920229
 30
0.0
 10
247.9136652165956
 20
418.3918235920229
 30
0.0
 10
247.5584653671124
 20
418.3918235920229
 30
0.0
  0
SPLINE
  5
4F7
330
1F
100
AcDbEntity
  8
1
  6
Continuous
 62
     7
370
    13
100
AcDbSpline
210
0.0
220
0.0
230
1.0
 70
    24
 71
     3
 72
     8
 73
     4
 74
     0
 42
0.000000001
 43
0.0000000001
 40
0.0
 40
0.0
 40
0.0
 40
0.0
 40
1.0
 40
1.0
 40
1.0
 40
1.0
 10
247.5584653671124
 20
418.3918235920229
 30
0.0
 10
247.5584653671122
 20
418.2980237903749
 30
0.0
 10
247.5584653671122
 20
418.204223988727
 30
0.0
 10
247.5584653671124
 20
418.110424187079
 30
0.0
  0
SPLINE
  5
4F8
330
1F
100
AcDbEntity
  8
1
  6
Continuous
 62
     7
370
    13
100
AcDbSpline
210
0.0
220
0.0
230
1.0
 70
     8
 71
     3
 72
    22
 73
    18
 74
     0
 42
0.000000001
 43
0.0000000001
 40
0.0
 40
0.0
 40
0.0
 40
0.0
 40
0.0854456343828197
 40
0.1948487077050177
 40
0.2600151854528148
 40
0.3155674150874168
 40
0.3915212945143586
 40
0.4741593327113103
 40
0.5491130553633079
 40
0.6255509720887231
 40
0.6894560184165504
 40
0.7403578395138207
 40
0.790081780689924
 40
0.8307471763651747
 40
0.8843993518703028
 40
0.9349674267075944
 40
1.0
 40
1.0
 40
1.0
 40
1.0
 10
228.7657423838548
 20
424.2856102434623
 30
0.0
 10
228.6361488263354
 20
424.3359317870147
 30
0.0
 10
228.3416442893297
 20
424.4016662175708
 30
0.0
 10
227.9130489596099
 20
424.3947235933741
 30
0.0
 10
227.5908286575239
 20
424.1933356190621
 30
0.0
 10
227.442338373789
 20
423.9114232710631
 30
0.0
 10
227.4291182295215
 20
423.5501425780931
 30
0.0
 10
227.6863094088256
 20
423.246143885102
 30
0.0
 10
228.0291654426315
 20
423.1021454666966
 30
0.0
 10
228.3385390575079
 20
422.9749131170086
 30
0.0
 10
228.5892788406673
 20
422.7642106356504
 30
0.0
 10
228.5950956391055
 20
422.4838460672369
 30
0.0
 10
228.485268842466
 20
422.2771510700122
 30
0.0
 10
228.2777842674953
 20
422.1637656865032
 30
0.0
 10
228.0450743582597
 20
422.1494613894436
 30
0.0
 10
227.7805231593393
 20
422.1892568328807
 30
0.0
 10
227.6056669204411
 20
422.2395402624335
 30
0.0
 10
227.5091161430178
 20
422.2770371198642
 30
0.0
  0
SPLINE
  5
4F9
330
1F
100
AcDbEntity
  8
1
  6
Continuous
 62
     7
370
    13
100
AcDbSpline
210
0.0
220
0.0
230
1.0
 70
     8
 71
     3
 72
    23
 73
    19
 74
     0
 42
0.000000001
 43
0.0000000001
 40
0.0
 40
0.0
 40
0.0
 40
0.0
 40
0.0268944145426543
 40
0.094966890771539
 40
0.1548032280813871
 40
0.2111882442363654
 40
0.2947783075752518
 40
0.3587697983740058
 40
0.4436774931589028
 40
0.514452334315457
 40
0.595528177153662
 40
0.6861953324509564
 40
0.7507084135114535
 40
0.797186242581851
 40
0.8507155606280705
 40
0.8970877987730234
 40
0.9433775604241853
 40
1.0
 40
1.0
 40
1.0
 40
1.0
 10
227.4736110625502
 20
422.0354757688253
 30
0.0
 10
227.5138297036322
 20
422.0224920350327
 30
0.0
 10
227.6567384548535
 20
421.9808026479387
 30
0.0
 10
227.8956619693107
 20
421.9318591927802
 30
0.0
 10
228.1864763017493
 20
421.9229622538279
 30
0.0
 10
228.4970565961779
 20
421.980331828056
 30
0.0
 10
228.7787447846168
 20
422.1783485355754
 30
0.0
 10
228.9029484071132
 20
422.5343890171384
 30
0.0
 10
228.8567806290549
 20
422.8998119355486
 30
0.0
 10
228.5863162094584
 20
423.1794709313542
 30
0.0
 10
228.2390903880071
 20
423.3331938272291
 30
0.0
 10
227.8739724733328
 20
423.4536422691546
 30
0.0
 10
227.7072290797476
 20
423.7681357294571
 30
0.0
 10
227.7994901179789
 20
424.0334977126782
 30
0.0
 10
228.0135381100725
 20
424.1555472819717
 30
0.0
 10
228.245031984907
 20
424.1712769500966
 30
0.0
 10
228.477946647975
 20
424.1322983679951
 30
0.0
 10
228.6290425651906
 20
424.0772237271447
 30
0.0
 10
228.7099486859773
 20
424.0370746801888
 30
0.0
  0
SPLINE
  5
4FA
330
1F
100
AcDbEntity
  8
1
  6
Continuous
 62
     7
370
    13
100
AcDbSpline
210
0.0
220
0.0
230
1.0
 70
    24
 71
     3
 72
     8
 73
     4
 74
     0
 42
0.000000001
 43
0.0000000001
 40
0.0
 40
0.0
 40
0.0
 40
0.0
 40
1.0
 40
1.0
 40
1.0
 40
1.0
 10
241.7104775205387
 20
419.8506539597803
 30
0.0
 10
241.2715598620655
 20
419.8506539597803
 30
0.0
 10
240.8326422035921
 20
419.8506539597803
 30
0.0
 10
240.3937245451191
 20
419.8506539597803
 30
0.0
  0
SPLINE
  5
4FB
330
1F
100
AcDbEntity
  8
1
  6
Continuous
 62
     7
370
    13
100
AcDbSpline
210
0.0
220
0.0
230
1.0
 70
    24
 71
     3
 72
     8
 73
     4
 74
     0
 42
0.000000001
 43
0.0000000001
 40
0.0
 40
0.0
 40
0.0
 40
0.0
 40
1.0
 40
1.0
 40
1.0
 40
1.0
 10
228.7099486859771
 20
424.0370746801888
 30
0.0
 10
228.7285465852697
 20
424.1199198679466
 30
0.0
 10
228.7471444845622
 20
424.2027650557044
 30
0.0
 10
228.7657423838548
 20
424.2856102434623
 30
0.0
  0
SPLINE
  5
4FC
330
1F
100
AcDbEntity
  8
1
  6
Continuous
 62
     7
370
    13
100
AcDbSpline
210
0.0
220
0.0
230
1.0
 70
    24
 71
     3
 72
     8
 73
     4
 74
     0
 42
0.000000001
 43
0.0000000001
 40
0.0
 40
0.0
 40
0.0
 40
0.0
 40
1.0
 40
1.0
 40
1.0
 40
1.0
 10
247.5584653671124
 20
418.110424187079
 30
0.0
 10
247.9136652165956
 20
418.110424187079
 30
0.0
 10
248.2688650660799
 20
418.110424187079
 30
0.0
 10
248.6240649155632
 20
418.110424187079
 30
0.0
  0
SPLINE
  5
4FD
330
1F
100
AcDbEntity
  8
1
  6
Continuous
 62
     7
370
    13
100
AcDbSpline
210
0.0
220
0.0
230
1.0
 70
    24
 71
     3
 72
    21
 73
    17
 74
     0
 42
0.000000001
 43
0.0000000001
 40
0.0
 40
0.0
 40
0.0
 40
0.0
 40
0.0827604887953468
 40
0.1579323506346198
 40
0.222013833557748
 40
0.3096293488927299
 40
0.4049552803332981
 40
0.4914170790719238
 40
0.5795909487354411
 40
0.6533077043345293
 40
0.7120247747537718
 40
0.7693831185737358
 40
0.8162921063077346
 40
0.8781818088639581
 40
0.9365138910406015
 40
1.0
 40
1.0
 40
1.0
 40
1.0
 10
747.5623531405553
 20
424.3906099455624
 30
-0.0000000000000032
 10
747.5623531405553
 20
424.3904814280332
 30
-0.0000000000000032
 10
747.5623531405552
 20
424.3617676884791
 30
-0.0000000000000032
 10
747.5623531405552
 20
424.1933356190621
 30
-0.0000000000000032
 10
747.5623531405552
 20
423.9114232710631
 30
-0.0000000000000032
 10
747.5623531405552
 20
423.5501425780931
 30
-0.0000000000000032
 10
747.5623531405552
 20
423.246143885102
 30
-0.0000000000000032
 10
747.5623531405552
 20
423.1021454666966
 30
-0.0000000000000032
 10
747.5623531405552
 20
422.9749131170086
 30
-0.0000000000000032
 10
747.5623531405552
 20
422.7642106356504
 30
-0.0000000000000032
 10
747.5623531405552
 20
422.4838460672369
 30
-0.0000000000000032
 10
747.5623531405552
 20
422.2771510700122
 30
-0.0000000000000032
 10
747.5623531405552
 20
422.1637656865032
 30
-0.0000000000000032
 10
747.5623531405552
 20
422.1494613894436
 30
-0.0000000000000032
 10
747.5623531405552
 20
422.1869064195866
 30
-0.0000000000000032
 10
747.5623531405552
 20
422.2310165826646
 30
-0.0000000000000032
 10
747.5623531405552
 20
422.260391552618
 30
-0.0000000000000032
  0
SPLINE
  5
4FE
330
1F
100
AcDbEntity
  8
1
  6
Continuous
 62
     7
370
    13
100
AcDbSpline
210
0.0
220
0.0
230
1.0
 70
    24
 71
     3
 72
    17
 73
    13
 74
     0
 42
0.000000001
 43
0.0000000001
 40
0.0
 40
0.0
 40
0.0
 40
0.0
 40
0.0133724489011045
 40
0.1007955603425617
 40
0.200306846768795
 40
0.2832500843497195
 40
0.3770807022544984
 40
0.5500420245757953
 40
0.7251485701406756
 40
0.8444488804731652
 40
0.9320565318198984
 40
1.0
 40
1.0
 40
1.0
 40
1.0
 10
747.5623531405552
 20
416.9177317751681
 30
-0.0000000000000032
 10
747.5623531405552
 20
416.9177327752681
 30
-0.0000000000000032
 10
747.5623531405552
 20
416.9213022120568
 30
-0.0000000000000032
 10
747.5623531405552
 20
416.9779260674399
 30
-0.0000000000000032
 10
747.5623531405552
 20
417.2856806050879
 30
-0.0000000000000032
 10
747.5623531405552
 20
417.707623062703
 30
-0.0000000000000032
 10
747.5623531405552
 20
418.2696072072939
 30
-0.0000000000000032
 10
747.5623531405552
 20
418.9831488386441
 30
-0.0000000000000032
 10
747.5623531405552
 20
419.6982377569796
 30
-0.0000000000000032
 10
747.5623531405552
 20
420.0769744100701
 30
-0.0000000000000032
 10
747.5623531405552
 20
420.1850741084623
 30
-0.0000000000000032
 10
747.5623531405552
 20
420.2049580593562
 30
-0.0000000000000032
 10
747.5623531405552
 20
420.2046684726492
 30
-0.0000000000000032
  0
SPLINE
  5
4FF
330
1F
100
AcDbEntity
  8
1
  6
Continuous
 62
     7
370
    13
100
AcDbSpline
210
0.0
220
0.0
230
1.0
 70
    24
 71
     3
 72
    11
 73
     7
 74
     0
 42
0.000000001
 43
0.0000000001
 40
0.0
 40
0.0
 40
0.0
 40
0.0
 40
0.3510478905598002
 40
0.6778595205018936
 40
0.9833174153784537
 40
1.0
 40
1.0
 40
1.0
 40
1.0
 10
747.5623531405552
 20
430.2188422617655
 30
-0.0000000000000032
 10
747.5623531405552
 20
430.1798826503262
 30
-0.0000000000000032
 10
747.5623531405552
 20
430.1131488632971
 30
-0.0000000000000032
 10
747.5623531405552
 20
430.0503764504878
 30
-0.0000000000000032
 10
747.5623531405552
 20
430.0357648923752
 30
-0.0000000000000032
 10
747.5623531405552
 20
430.0356241877037
 30
-0.0000000000000032
 10
747.5623531405552
 20
430.0356361251224
 30
-0.0000000000000032
  0
SPLINE
  5
500
330
1F
100
AcDbEntity
  8
1
  6
Continuous
 62
     7
370
    13
100
AcDbSpline
210
0.0
220
0.0
230
1.0
 70
    24
 71
     3
 72
    31
 73
    27
 74
     0
 42
0.000000001
 43
0.0000000001
 40
0.0
 40
0.0
 40
0.0
 40
0.0
 40
0.0549231337567809
 40
0.1091573897382429
 40
0.1588565233928111
 40
0.2135077838205383
 40
0.2649073260786627
 40
0.3203136350004678
 40
0.3698728517715265
 40
0.4184605904587319
 40
0.4717040269949035
 40
0.5025999198052167
 40
0.5510521374380417
 40
0.6172180038999071
 40
0.6608841230919884
 40
0.6912861555654874
 40
0.7120228594453413
 40
0.7302484691406709
 40
0.7518023981893504
 40
0.7811885812840217
 40
0.8036201084505057
 40
0.8286272395066968
 40
0.8563789403814025
 40
0.9041446604215311
 40
0.9523999927139924
 40
1.0
 40
1.0
 40
1.0
 40
1.0
 10
747.5623531405552
 20
434.079509370978
 30
-0.0000000000000032
 10
747.562353140555
 20
434.07951862825
 30
-0.0000000000000032
 10
747.5623531405552
 20
434.059380295905
 30
-0.0000000000000032
 10
747.5623531405552
 20
433.9786824934572
 30
-0.0000000000000032
 10
747.5623531405552
 20
433.8272942649182
 30
-0.0000000000000032
 10
747.5623531405552
 20
433.5960321291632
 30
-0.0000000000000032
 10
747.5623531405552
 20
433.2541554279398
 30
-0.0000000000000032
 10
747.5623531405552
 20
432.8813366677784
 30
-0.0000000000000032
 10
747.5623531405552
 20
432.5153883794031
 30
-0.0000000000000032
 10
747.5623531405552
 20
432.1972081751703
 30
-0.0000000000000032
 10
747.5623531405552
 20
431.9816597954591
 30
-0.0000000000000032
 10
747.5623531405552
 20
431.8289547930333
 30
-0.0000000000000032
 10
747.5623531405552
 20
431.6833481639065
 30
-0.0000000000000032
 10
747.5623531405552
 20
431.5427783226662
 30
-0.0000000000000032
 10
747.5623531405552
 20
431.4029147985909
 30
-0.0000000000000032
 10
747.5623531405552
 20
431.2722328185982
 30
-0.0000000000000032
 10
747.5623531405552
 20
431.1133861983706
 30
-0.0000000000000032
 10
747.5623531405552
 20
430.9664584323215
 30
-0.0000000000000032
 10
747.5623531405552
 20
430.8669335903703
 30
-0.0000000000000032
 10
747.5623531405552
 20
430.810917981902
 30
-0.0000000000000032
 10
747.5623531405552
 20
430.7762612807703
 30
-0.0000000000000032
 10
747.5623531405552
 20
430.7584144559365
 30
-0.0000000000000032
 10
747.5623531405552
 20
430.7510444592521
 30
-0.0000000000000032
 10
747.5623531405552
 20
430.769413391603
 30
-0.0000000000000032
 10
747.5623531405552
 20
430.8358624679636
 30
-0.0000000000000032
 10
747.5623531405552
 20
430.9070383613715
 30
-0.0000000000000032
 10
747.5623531405552
 20
430.9482089195021
 30
-0.0000000000000032
  0
SPLINE
  5
501
330
1F
100
AcDbEntity
  8
1
  6
Continuous
 62
     7
370
    13
100
AcDbSpline
210
0.0
220
0.0
230
1.0
 70
    24
 71
     3
 72
     8
 73
     4
 74
     0
 42
0.000000001
 43
0.0000000001
 40
0.0
 40
0.0
 40
0.0
 40
0.0
 40
1.0
 40
1.0
 40
1.0
 40
1.0
 10
747.5623531405552
 20
422.2770371198642
 30
-0.0000000000000032
 10
747.5623531405552
 20
422.1965166695179
 30
-0.0000000000000032
 10
747.5623531405552
 20
422.1159962191716
 30
-0.0000000000000032
 10
747.5623531405552
 20
422.0354757688253
 30
-0.0000000000000032
  0
SPLINE
  5
502
330
1F
100
AcDbEntity
  8
1
  6
Continuous
 62
     7
370
    13
100
AcDbSpline
210
0.0
220
0.0
230
1.0
 70
    24
 71
     3
 72
     8
 73
     4
 74
     0
 42
0.000000001
 43
0.0000000001
 40
0.0
 40
0.0
 40
0.0
 40
0.0
 40
1.0
 40
1.0
 40
1.0
 40
1.0
 10
112.687589537527
 20
424.3578884429857
 30
0.0
 10
112.687589537527
 20
424.2818061276979
 30
0.0
 10
112.687589537527
 20
424.20572381241
 30
0.0
 10
112.687589537527
 20
424.1296414971223
 30
0.0
  0
SPLINE
  5
503
330
1F
100
AcDbEntity
  8
1
  6
Continuous
 62
     7
370
    13
100
AcDbSpline
210
0.0
220
0.0
230
1.0
 70
    24
 71
     3
 72
    11
 73
     7
 74
     0
 42
0.000000001
 43
0.0000000001
 40
0.0
 40
0.0
 40
0.0
 40
0.0
 40
0.4181231355465833
 40
0.7445680511499115
 40
0.9802162251198079
 40
1.0
 40
1.0
 40
1.0
 40
1.0
 10
112.687589537527
 20
433.9316422617654
 30
0.0
 10
112.687589537527
 20
433.9577174837455
 30
0.0
 10
112.687589537527
 20
434.006554688468
 30
0.0
 10
112.687589537527
 20
434.0549923928168
 30
0.0
 10
112.687589537527
 20
434.0691207812592
 30
0.0
 10
112.687589537527
 20
434.0695801986955
 30
0.0
 10
112.687589537527
 20
434.0695814632937
 30
0.0
  0
SPLINE
  5
504
330
1F
100
AcDbEntity
  8
1
  6
Continuous
 62
     7
370
    13
100
AcDbSpline
210
0.0
220
0.0
230
1.0
 70
    24
 71
     3
 72
    29
 73
    25
 74
     0
 42
0.000000001
 43
0.0000000001
 40
0.0
 40
0.0
 40
0.0
 40
0.0
 40
0.0003324044994451
 40
0.0641448961113956
 40
0.122094093528413
 40
0.1757270430122749
 40
0.2356329840582843
 40
0.2899743520747286
 40
0.3471083964831667
 40
0.3981829021944445
 40
0.4478927970768325
 40
0.5017572971645352
 40
0.5336296988845834
 40
0.5821450096757004
 40
0.647462506506006
 40
0.6915075204906737
 40
0.7223304669441487
 40
0.7435895926078208
 40
0.7703606510662291
 40
0.804064366369693
 40
0.85470936712958
 40
0.9004173560116128
 40
0.9488518613693941
 40
1.0
 40
1.0
 40
1.0
 40
1.0
 10
112.687589537527
 20
430.039837541718
 30
0.0
 10
112.687589537527
 20
430.0398362032024
 30
0.0
 10
112.687589537527
 20
430.0396280557921
 30
0.0
 10
112.687589537527
 20
430.0576572580173
 30
0.0
 10
112.687589537527
 20
430.1432120400062
 30
0.0
 10
112.687589537527
 20
430.2949069707191
 30
0.0
 10
112.687589537527
 20
430.5266467594245
 30
0.0
 10
112.687589537527
 20
430.8773331720502
 30
0.0
 10
112.687589537527
 20
431.262934657964
 30
0.0
 10
112.687589537527
 20
431.6356669489705
 30
0.0
 10
112.687589537527
 20
431.9605224688577
 30
0.0
 10
112.687589537527
 20
432.1830407956223
 30
0.0
 10
112.687589537527
 20
432.3397346613621
 30
0.0
 10
112.687589537527
 20
432.4891425188084
 30
0.0
 10
112.687589537527
 20
432.6338944916195
 30
0.0
 10
112.687589537527
 20
432.7736570016428
 30
0.0
 10
112.687589537527
 20
432.9074215717579
 30
0.0
 10
112.687589537527
 20
433.0866372815223
 30
0.0
 10
112.687589537527
 20
433.2866547662941
 30
0.0
 10
112.687589537527
 20
433.3791793240969
 30
0.0
 10
112.687589537527
 20
433.399341770182
 30
0.0
 10
112.687589537527
 20
433.3772919242456
 30
0.0
 10
112.687589537527
 20
433.3107365413427
 30
0.0
 10
112.687589537527
 20
433.2399530086747
 30
0.0
 10
112.687589537527
 20
433.1989203966334
 30
0.0
  0
SPLINE
  5
505
330
1F
100
AcDbEntity
  8
1
  6
Continuous
 62
     7
370
    13
100
AcDbSpline
210
0.0
220
0.0
230
1.0
 70
    24
 71
     3
 72
    16
 73
    12
 74
     0
 42
0.000000001
 43
0.0000000001
 40
0.0
 40
0.0
 40
0.0
 40
0.0
 40
0.0741659226928546
 40
0.2064279337367325
 40
0.2725589392586715
 40
0.4709519558244883
 40
0.6032139668683663
 40
0.7354759779122442
 40
0.8016069834341831
 40
0.9008034917170916
 40
1.0
 40
1.0
 40
1.0
 40
1.0
 10
112.687589537527
 20
416.9140993127264
 30
0.0
 10
112.687589537527
 20
416.9139932412504
 30
0.0
 10
112.687589537527
 20
416.9524657831705
 30
0.0
 10
112.687589537527
 20
417.1687328406484
 30
0.0
 10
112.687589537527
 20
417.6700537303324
 30
0.0
 10
112.687589537527
 20
418.2321203276859
 30
0.0
 10
112.687589537527
 20
418.8812575293443
 30
0.0
 10
112.687589537527
 20
419.3468032802653
 30
0.0
 10
112.687589537527
 20
419.7372810261936
 30
0.0
 10
112.687589537527
 20
420.0454336843413
 30
0.0
 10
112.687589537527
 20
420.1522786176399
 30
0.0
 10
112.687589537527
 20
420.180081952045
 30
0.0
  0
SPLINE
  5
506
330
1F
100
AcDbEntity
  8
1
  6
Continuous
 62
     7
370
    13
100
AcDbSpline
210
0.0
220
0.0
230
1.0
 70
    24
 71
     3
 72
     8
 73
     4
 74
     0
 42
0.000000001
 43
0.0000000001
 40
0.0
 40
0.0
 40
0.0
 40
0.0
 40
1.0
 40
1.0
 40
1.0
 40
1.0
 10
112.687589537527
 20
424.1296414971223
 30
0.0
 10
112.687589537527
 20
423.4072821814175
 30
0.0
 10
112.687589537527
 20
422.6849228657127
 30
0.0
 10
112.687589537527
 20
421.9625635500079
 30
0.0
  0
MTEXT
  5
507
102
{ACAD_REACTORS
330
579
102
}
330
1F
100
AcDbEntity
  8
110
  6
Continuous
 62
     7
370
    18
100
AcDbMText
 10
669.921442
 20
411.236178
 30
0.0
 40
3.5
 41
0.0
 71
     7
 72
     5
  1
\W0.6044;155
  7
latin_extended
 11
7.273661547324616E-16
 21
1.0
 31
0.0
 73
     2
 44
0.963855
  0
LINE
  5
50A
102
{ACAD_REACTORS
330
50D
102
}
330
1F
100
AcDbEntity
  8
110
  6
Continuous
 62
     7
 60
     1
370
    25
100
AcDbLine
 10
670.306995
 20
491.457888
 30
0.0
 11
670.767779
 21
487.95789
 31
0.0
  0
LINE
  5
50B
102
{ACAD_REACTORS
330
50D
102
}
330
1F
100
AcDbEntity
  8
110
  6
Continuous
 62
     7
 60
     1
370
    25
100
AcDbLine
 10
670.767779
 20
487.95789
 30
0.0
 11
669.846211
 21
487.957887
 31
0.0
  0
LINE
  5
50C
102
{ACAD_REACTORS
330
50D
102
}
330
1F
100
AcDbEntity
  8
110
  6
Continuous
 62
     7
 60
     1
370
    25
100
AcDbLine
 10
669.846211
 20
487.957887
 30
0.0
 11
670.306995
 21
491.457888
 31
0.0
  0
HATCH
  5
50D
102
{ACAD_REACTORS
330
579
102
}
330
1F
100
AcDbEntity
  8
110
  6
Continuous
 62
     7
370
    13
100
AcDbHatch
 10
0.0
 20
0.0
 30
0.0
210
0.0
220
0.0
230
1.0
  2
ANSI31
 70
     0
 71
     1
 91
        1
 92
        0
 93
        3
 72
     1
 10
670.3069951105648
 20
491.4578884429857
 11
670.7677788521175
 21
487.9578901355388
 72
     1
 10
670.7677788521175
 20
487.9578901355388
 11
669.846211369012
 21
487.9578867504325
 72
     1
 10
669.846211369012
 20
487.9578867504325
 11
670.3069951105648
 21
491.4578884429857
 97
        3
330
50A
330
50B
330
50C
 75
     0
 76
     1
 52
0.0
 41
0.0062
 77
     0
 78
     1
 53
44.99999999999992
 43
0.0
 44
0.0
 45
-0.0139193969876572
 46
0.0139193969876572
 79
     0
 98
        0
  0
LINE
  5
50E
102
{ACAD_REACTORS
330
511
102
}
330
1F
100
AcDbEntity
  8
110
  6
Continuous
 62
     7
 60
     1
370
    25
100
AcDbLine
 10
670.306995
 20
336.457888
 30
0.0
 11
669.846211
 21
339.957887
 31
0.0
  0
LINE
  5
50F
102
{ACAD_REACTORS
330
511
102
}
330
1F
100
AcDbEntity
  8
110
  6
Continuous
 62
     7
 60
     1
370
    25
100
AcDbLine
 10
669.846211
 20
339.957887
 30
0.0
 11
670.767779
 21
339.95789
 31
0.0
  0
LINE
  5
510
102
{ACAD_REACTORS
330
511
102
}
330
1F
100
AcDbEntity
  8
110
  6
Continuous
 62
     7
 60
     1
370
    25
100
AcDbLine
 10
670.767779
 20
339.95789
 30
0.0
 11
670.306995
 21
336.457888
 31
0.0
  0
HATCH
  5
511
102
{ACAD_REACTORS
330
579
102
}
330
1F
100
AcDbEntity
  8
110
  6
Continuous
 62
     7
370
    13
100
AcDbHatch
 10
0.0
 20
0.0
 30
0.0
210
0.0
220
0.0
230
1.0
  2
ANSI31
 70
     0
 71
     1
 91
        1
 92
        0
 93
        3
 72
     1
 10
670.3069951105648
 20
336.4578884429789
 11
669.846211369012
 21
339.9578867504256
 72
     1
 10
669.846211369012
 20
339.9578867504256
 11
670.7677788521175
 21
339.9578901355321
 72
     1
 10
670.7677788521175
 20
339.9578901355321
 11
670.3069951105648
 21
336.4578884429789
 97
        3
330
50E
330
50F
330
510
 75
     0
 76
     1
 52
0.0
 41
0.0062
 77
     0
 78
     1
 53
44.99999999999991
 43
0.0
 44
0.0
 45
-0.0139193969876572
 46
0.0139193969876572
 79
     0
 98
        0
  0
MTEXT
  5
512
102
{ACAD_REACTORS
330
57A
102
}
330
1F
100
AcDbEntity
  8
110
  6
Continuous
 62
     7
370
    18
100
AcDbMText
 10
413.913141
 20
317.186561
 30
0.0
 40
3.5
 41
0.0
 71
     7
 72
     5
  1
\W0.7279;482,6
  7
latin_extended
 73
     2
 44
0.963855
  0
LINE
  5
513
102
{ACAD_REACTORS
330
516
102
}
330
1F
100
AcDbEntity
  8
110
  6
Continuous
 62
     7
 60
     1
370
    25
100
AcDbLine
 10
177.707115
 20
316.458008
 30
0.0
 11
181.207113
 21
316.918792
 31
0.0
  0
LINE
  5
514
102
{ACAD_REACTORS
330
516
102
}
330
1F
100
AcDbEntity
  8
110
  6
Continuous
 62
     7
 60
     1
370
    25
100
AcDbLine
 10
181.207113
 20
316.918792
 30
0.0
 11
181.207117
 21
315.997225
 31
0.0
  0
LINE
  5
515
102
{ACAD_REACTORS
330
516
102
}
330
1F
100
AcDbEntity
  8
110
  6
Continuous
 62
     7
 60
     1
370
    25
100
AcDbLine
 10
181.207117
 20
315.997225
 30
0.0
 11
177.707115
 21
316.458008
 31
0.0
  0
HATCH
  5
516
102
{ACAD_REACTORS
330
57A
102
}
330
1F
100
AcDbEntity
  8
110
  6
Continuous
 62
     7
370
    13
100
AcDbHatch
 10
0.0
 20
0.0
 30
0.0
210
0.0
220
0.0
230
1.0
  2
ANSI31
 70
     0
 71
     1
 91
        1
 92
        0
 93
        3
 72
     1
 10
177.7071151105648
 20
316.4580084429788
 11
181.2071134180116
 21
316.9187921845316
 72
     1
 10
181.2071134180116
 20
316.9187921845316
 11
181.207116803118
 21
315.9972247014261
 72
     1
 10
181.207116803118
 20
315.9972247014261
 11
177.7071151105648
 21
316.4580084429788
 97
        3
330
513
330
514
330
515
 75
     0
 76
     1
 52
0.0
 41
0.0062
 77
     0
 78
     1
 53
44.99999999999992
 43
0.0
 44
0.0
 45
-0.0139193969876572
 46
0.0139193969876572
 79
     0
 98
        0
  0
LINE
  5
517
102
{ACAD_REACTORS
330
51A
102
}
330
1F
100
AcDbEntity
  8
110
  6
Continuous
 62
     7
 60
     1
370
    25
100
AcDbLine
 10
660.307115
 20
316.458008
 30
0.0
 11
656.807117
 21
315.997225
 31
0.0
  0
LINE
  5
518
102
{ACAD_REACTORS
330
51A
102
}
330
1F
100
AcDbEntity
  8
110
  6
Continuous
 62
     7
 60
     1
370
    25
100
AcDbLine
 10
656.807117
 20
315.997225
 30
0.0
 11
656.807113
 21
316.918792
 31
0.0
  0
LINE
  5
519
102
{ACAD_REACTORS
330
51A
102
}
330
1F
100
AcDbEntity
  8
110
  6
Continuous
 62
     7
 60
     1
370
    25
100
AcDbLine
 10
656.807113
 20
316.918792
 30
0.0
 11
660.307115
 21
316.458008
 31
0.0
  0
HATCH
  5
51A
102
{ACAD_REACTORS
330
57A
102
}
330
1F
100
AcDbEntity
  8
110
  6
Continuous
 62
     7
370
    13
100
AcDbHatch
 10
0.0
 20
0.0
 30
0.0
210
0.0
220
0.0
230
1.0
  2
ANSI31
 70
     0
 71
     1
 91
        1
 92
        0
 93
        3
 72
     1
 10
660.3071151105648
 20
316.4580084429788
 11
656.807116803118
 21
315.9972247014261
 72
     1
 10
656.807116803118
 20
315.9972247014261
 11
656.8071134180116
 21
316.9187921845316
 72
     1
 10
656.8071134180116
 20
316.9187921845316
 11
660.3071151105648
 21
316.4580084429788
 97
        3
330
517
330
518
330
519
 75
     0
 76
     1
 52
0.0
 41
0.0062
 77
     0
 78
     1
 53
44.99999999999991
 43
0.0
 44
0.0
 45
-0.0139193969876572
 46
0.0139193969876572
 79
     0
 98
        0
  0
MTEXT
  5
51B
330
1F
100
AcDbEntity
  8
110
  6
Continuous
 62
     7
370
    18
100
AcDbMText
 10
399.57371
 20
500.436441
 30
0.0
 40
3.5
 41
0.0
 71
     7
 72
     5
  1
\W0.7952; Vorne / Front 
  7
latin_extended
 73
     2
 44
0.963855
  0
MTEXT
  5
51C
102
{ACAD_REACTORS
330
57B
102
}
330
1F
100
AcDbEntity
  8
110
  6
Continuous
 62
     7
370
    18
100
AcDbMText
 10
748.854037
 20
327.186561
 30
0.0
 40
3.5
 41
0.0
 71
     7
 72
     5
  1
\W0.6122;15,7
  7
latin_extended
 73
     2
 44
0.963855
  0
LINE
  5
51D
102
{ACAD_REACTORS
330
520
102
}
330
1F
100
AcDbEntity
  8
110
  6
Continuous
 62
     7
 60
     1
370
    25
100
AcDbLine
 10
744.262353
 20
326.458008
 30
0.0
 11
747.762351
 21
326.918792
 31
0.0
  0
LINE
  5
51E
102
{ACAD_REACTORS
330
520
102
}
330
1F
100
AcDbEntity
  8
110
  6
Continuous
 62
     7
 60
     1
370
    25
100
AcDbLine
 10
747.762351
 20
326.918792
 30
0.0
 11
747.762355
 21
325.997225
 31
0.0
  0
LINE
  5
51F
102
{ACAD_REACTORS
330
520
102
}
330
1F
100
AcDbEntity
  8
110
  6
Continuous
 62
     7
 60
     1
370
    25
100
AcDbLine
 10
747.762355
 20
325.997225
 30
0.0
 11
744.262353
 21
326.458008
 31
0.0
  0
HATCH
  5
520
102
{ACAD_REACTORS
330
57B
102
}
330
1F
100
AcDbEntity
  8
110
  6
Continuous
 62
     7
370
    13
100
AcDbHatch
 10
0.0
 20
0.0
 30
0.0
210
0.0
220
0.0
230
1.0
  2
ANSI31
 70
     0
 71
     1
 91
        1
 92
        0
 93
        3
 72
     1
 10
744.2623531405184
 20
326.4580084429788
 11
747.7623514479652
 21
326.9187921845316
 72
     1
 10
747.7623514479652
 20
326.9187921845316
 11
747.7623548330716
 21
325.9972247014261
 72
     1
 10
747.7623548330716
 20
325.9972247014261
 11
744.2623531405184
 21
326.4580084429788
 97
        3
330
51D
330
51E
330
51F
 75
     0
 76
     1
 52
0.0
 41
0.0062
 77
     0
 78
     1
 53
44.99999999999992
 43
0.0
 44
0.0
 45
-0.0139193969876572
 46
0.0139193969876572
 79
     0
 98
        0
  0
LINE
  5
521
102
{ACAD_REACTORS
330
524
102
}
330
1F
100
AcDbEntity
  8
110
  6
Continuous
 62
     7
 60
     1
370
    25
100
AcDbLine
 10
759.962353
 20
326.458008
 30
0.0
 11
756.462355
 21
325.997225
 31
0.0
  0
LINE
  5
522
102
{ACAD_REACTORS
330
524
102
}
330
1F
100
AcDbEntity
  8
110
  6
Continuous
 62
     7
 60
     1
370
    25
100
AcDbLine
 10
756.462355
 20
325.997225
 30
0.0
 11
756.462351
 21
326.918792
 31
0.0
  0
LINE
  5
523
102
{ACAD_REACTORS
330
524
102
}
330
1F
100
AcDbEntity
  8
110
  6
Continuous
 62
     7
 60
     1
370
    25
100
AcDbLine
 10
756.462351
 20
326.918792
 30
0.0
 11
759.962353
 21
326.458008
 31
0.0
  0
HATCH
  5
524
102
{ACAD_REACTORS
330
57B
102
}
330
1F
100
AcDbEntity
  8
110
  6
Continuous
 62
     7
370
    13
100
AcDbHatch
 10
0.0
 20
0.0
 30
0.0
210
0.0
220
0.0
230
1.0
  2
ANSI31
 70
     0
 71
     1
 91
        1
 92
        0
 93
        3
 72
     1
 10
759.9623531405354
 20
326.4580084429788
 11
756.4623548330885
 21
325.9972247014261
 72
     1
 10
756.4623548330885
 20
325.9972247014261
 11
756.4623514479822
 21
326.9187921845316
 72
     1
 10
756.4623514479822
 20
326.9187921845316
 11
759.9623531405354
 21
326.4580084429788
 97
        3
330
521
330
522
330
523
 75
     0
 76
     1
 52
0.0
 41
0.0062
 77
     0
 78
     1
 53
44.99999999999991
 43
0.0
 44
0.0
 45
-0.0139193969876572
 46
0.0139193969876572
 79
     0
 98
        0
  0
MTEXT
  5
525
330
1F
100
AcDbEntity
  8
110
  6
Continuous
 62
     7
370
    18
100
AcDbMText
 10
745.520458
 20
500.436441
 30
0.0
 40
3.5
 41
0.0
 71
     7
 72
     5
  1
\W0.8011;Links / Left 
  7
latin_extended
 73
     2
 44
0.963855
  0
MTEXT
  5
526
330
1F
100
AcDbEntity
  8
110
  6
Continuous
 62
     7
370
    18
100
AcDbMText
 10
100.610948
 20
500.244044
 30
0.0
 40
3.5
 41
0.0
 71
     7
 72
     5
  1
\W0.7831;Rechts / Right 
  7
latin_extended
 73
     2
 44
0.963855
  0
MTEXT
  5
527
330
1F
100
AcDbEntity
  8
110
  6
Continuous
 62
     7
370
    18
100
AcDbMText
 10
400.812754
 20
226.417665
 30
0.0
 40
3.5
 41
0.0
 71
     7
 72
     5
  1
\W0.7545;Oben / Top 
  7
latin_extended
 73
     2
 44
0.963855
  0
MTEXT
  5
528
330
1F
100
AcDbEntity
  8
200
  6
Continuous
 62
     7
370
    18
100
AcDbMText
 10
819.6166
 20
11.288583
 30
0.0
 40
2.2
 41
0.0
 71
     7
 72
     5
  1
\W1.1204;1:1
  7
blockfont
 73
     2
 44
0.903614
  0
MTEXT
  5
52B
330
1F
100
AcDbEntity
  8
200
  6
Continuous
 62
     7
370
    18
100
AcDbMText
 10
764.335188
 20
19.427292
 30
0.0
 40
3.5
 41
0.0
 71
     7
 72
     5
  1
\W0.7926;6ES7590-1AE80-0AA0
  7
blockfont
 73
     2
 44
0.903614
  0
MTEXT
  5
52C
102
{ACAD_REACTORS
330
57C
102
}
330
1F
100
AcDbEntity
  8
201
  6
Continuous
 62
     7
370
    13
100
AcDbMText
 10
746.7766
 20
11.288583
 30
0.0
 40
2.2
 41
0.0
 71
     7
 72
     5
  1
\W0.9028;Format / Size: DIN A1
  7
blockfont
 73
     2
 44
0.903614
  0
MTEXT
  5
52D
102
{ACAD_REACTORS
330
57C
102
}
330
1F
100
AcDbEntity
  8
201
  6
Continuous
 62
     7
370
    13
100
AcDbMText
 10
789.434577
 20
5.77521
 30
0.0
 40
2.2
 41
0.0
 71
     7
 72
     5
  1
\W0.7957;A5E30774000A/RS-AA/004
  7
blockfont
 73
     2
 44
0.903614
  0
MTEXT
  5
52E
102
{ACAD_REACTORS
330
57C
102
}
330
1F
100
AcDbEntity
  8
201
  6
Continuous
 62
     7
370
    13
100
AcDbMText
 10
789.2766
 20
11.288583
 30
0.0
 40
2.2
 41
0.0
 71
     7
 72
     5
  1
\W0.9092;Massstab / Scale:
  7
blockfont
 73
     2
 44
0.903614
  0
MTEXT
  5
52F
102
{ACAD_REACTORS
330
57C
102
}
330
1F
100
AcDbEntity
  8
201
  6
Continuous
 62
     7
370
    13
100
AcDbMText
 10
11.461123
 20
14.217153
 30
0.0
 40
3.5
 41
0.0
 71
     7
 72
     5
  1
\W0.9192;Alle Bemassungswerte sind in Millimeter (mm) angegeben.
  7
blockfont
 73
     2
 44
0.903614
  0
MTEXT
  5
530
102
{ACAD_REACTORS
330
57C
102
}
330
1F
100
AcDbEntity
  8
201
  6
Continuous
 62
     7
370
    13
100
AcDbMText
 10
11.461123
 20
8.967153
 30
0.0
 40
3.5
 41
0.0
 71
     7
 72
     5
  1
\W0.9518;All dimensions are in millimeters (mm).
  7
blockfont
 73
     2
 44
0.903614
  0
DIMENSION
  5
532
102
{ACAD_REACTORS
330
534
102
}
102
{ACAD_XDICTIONARY
360
533
102
}
330
1F
100
AcDbEntity
  8
110
  6
Continuous
 62
     7
370
    18
100
AcDbDimension
  2
_U0
 10
652.007115
 20
326.458008
 30
0.0
 11
419.007115
 21
326.458008
 31
0.0
 70
   161
 71
     1
 42
466.0
  3
Standard
100
AcDbAlignedDimension
 13
186.007115
 23
421.307888
 33
0.0
 14
652.007115
 24
421.307888
 34
0.0
1001
ACAD
1000
DSTYLE
1002
{
1070
   371
1070
    13
1070
   372
1070
    13
1070
   170
1070
     0
1070
   144
1040
1.0
1070
   277
1070
     2
1070
   284
1070
     8
1070
   278
1070
    44
1070
   146
1040
0.714286
1070
   345
1005
16
1070
   347
1005
16
1070
   346
1005
16
1070
   344
1005
0
1070
   343
1005
0
1070
   172
1070
     1
1070
    76
1070
     0
1070
    75
1070
     0
1070
   282
1070
     0
1070
   281
1070
     0
1070
    71
1070
     0
1070
   279
1070
     0
1070
    74
1070
     0
1070
   173
1070
     1
1070
   340
1005
508
1070
   271
1070
     2
1070
   272
1070
     2
1070
    77
1070
     1
1070
    73
1070
     0
1070
   171
1070
     3
1070
   274
1070
     4
1070
   177
1070
     7
1070
   176
1070
     7
1070
   178
1070
     7
1070
    78
1070
     8
1070
    48
1040
-0.2
1070
    41
1040
3.5
1070
   147
1040
1.75
1070
    42
1040
0.0
1070
    44
1040
1.5
1070
   140
1040
3.5
1002
}
1001
ACAD_DSTYLE_DIM_LINETYPE
1070
   380
1005
16
1001
ACAD_DSTYLE_DIM_EXT1_LINETYPE
1070
   381
1005
16
1001
ACAD_DSTYLE_DIM_EXT2_LINETYPE
1070
   382
1005
16
  0
DIMENSION
  5
54B
102
{ACAD_REACTORS
330
54D
102
}
102
{ACAD_XDICTIONARY
360
54C
102
}
330
1F
100
AcDbEntity
  8
110
  6
Continuous
 62
     7
370
    18
100
AcDbDimension
  2
_U1
 10
167.706995
 20
417.907888
 30
0.0
 11
167.706995
 21
421.307888
 31
0.0
 70
   160
 71
     1
 42
6.8
 52
90.0
  3
Standard
100
AcDbAlignedDimension
 13
183.834386
 23
424.707888
 33
0.0
 14
182.2058
 24
417.907888
 34
0.0
 50
90.0
100
AcDbRotatedDimension
1001
ACAD
1000
DSTYLE
1002
{
1070
   371
1070
    13
1070
   372
1070
    13
1070
   170
1070
     0
1070
   144
1040
1.0
1070
   277
1070
     2
1070
   284
1070
     8
1070
   278
1070
    44
1070
   146
1040
0.714286
1070
   345
1005
16
1070
   347
1005
16
1070
   346
1005
16
1070
   344
1005
0
1070
   343
1005
0
1070
   172
1070
     1
1070
    76
1070
     0
1070
    75
1070
     0
1070
   282
1070
     0
1070
   281
1070
     0
1070
    71
1070
     0
1070
    74
1070
     0
1070
   279
1070
     0
1070
   173
1070
     1
1070
   340
1005
508
1070
   271
1070
     2
1070
   272
1070
     2
1070
    77
1070
     1
1070
    73
1070
     0
1070
   171
1070
     3
1070
   274
1070
     4
1070
   177
1070
     7
1070
   176
1070
     7
1070
   178
1070
     7
1070
    78
1070
     8
1070
    48
1040
-0.2
1070
    41
1040
3.5
1070
   147
1040
1.75
1070
    42
1040
0.0
1070
    44
1040
1.5
1070
   140
1040
3.5
1002
}
1001
ACAD_DSTYLE_DIM_LINETYPE
1070
   380
1005
16
1001
ACAD_DSTYLE_DIM_EXT1_LINETYPE
1070
   381
1005
16
1001
ACAD_DSTYLE_DIM_EXT2_LINETYPE
1070
   382
1005
16
  0
DIMENSION
  5
564
102
{ACAD_REACTORS
330
566
102
}
102
{ACAD_XDICTIONARY
360
565
102
}
330
1F
100
AcDbEntity
  8
110
  6
Continuous
 62
     7
370
    18
100
AcDbDimension
  2
_U2
 10
186.007115
 20
421.307888
 30
0.0
 11
198.384979
 21
427.055152
 31
0.0
 70
   164
 71
     1
 42
5.1
  3
Standard
100
AcDbRadialDimension
 15
191.028924
 25
422.197514
 35
0.0
 40
0.0
1001
ACAD
1000
DSTYLE
1002
{
1070
   371
1070
    13
1070
   372
1070
    13
1070
     3
1000
R<>
1070
   170
1070
     0
1070
   144
1040
1.0
1070
   277
1070
     2
1070
   284
1070
     8
1070
   278
1070
    44
1070
   146
1040
0.714286
1070
   345
1005
16
1070
   347
1005
16
1070
   346
1005
16
1070
   343
1005
0
1070
   344
1005
0
1070
    74
1070
     0
1070
    76
1070
     0
1070
    75
1070
     0
1070
   282
1070
     0
1070
   281
1070
     0
1070
    71
1070
     0
1070
   289
1070
     2
1070
   279
1070
     0
1070
   173
1070
     1
1070
   340
1005
508
1070
   271
1070
     2
1070
   272
1070
     2
1070
    77
1070
     1
1070
    73
1070
     0
1070
   171
1070
     3
1070
   274
1070
     4
1070
   177
1070
     7
1070
   176
1070
     7
1070
   178
1070
     7
1070
    78
1070
     8
1070
    48
1040
-0.2
1070
    41
1040
3.5
1070
   147
1040
1.75
1070
    42
1040
0.0
1070
    44
1040
1.5
1070
   140
1040
3.5
1002
}
1001
ACAD_DSTYLE_DIM_LINETYPE
1070
   380
1005
16
1001
ACAD_DSTYLE_DIM_EXT1_LINETYPE
1070
   381
1005
16
1001
ACAD_DSTYLE_DIM_EXT2_LINETYPE
1070
   382
1005
16
  0
ENDSEC
  0
SECTION
  2
OBJECTS
  0
DICTIONARY
  5
C
330
0
100
AcDbDictionary
281
     1
  3
ACAD_GROUP
350
D
  3
ACAD_LAYOUT
350
1A
  3
ACAD_MATERIAL
350
43
  3
ACAD_MLEADERSTYLE
350
5B
  3
ACAD_MLINESTYLE
350
17
  3
ACAD_PLOTSETTINGS
350
19
  3
ACAD_PLOTSTYLENAME
350
E
  3
ACAD_SCALELIST
350
47
  3
ACAD_TABLESTYLE
350
59
  3
ACAD_VISUALSTYLE
350
2A
  3
AcDbVariableDictionary
350
58C
  3
DWGPROPS
350
593
  0
DICTIONARY
  5
597
330
8
100
AcDbDictionary
280
     1
281
     1
  3
ACAD_XREC_ROUNDTRIP
360
598
  0
DICTIONARY
  5
533
330
532
100
AcDbDictionary
280
     1
281
     1
  3
ACAD_DIMASSOC
360
534
  0
DICTIONARY
  5
54C
330
54B
100
AcDbDictionary
280
     1
281
     1
  3
ACAD_DIMASSOC
360
54D
  0
DICTIONARY
  5
565
330
564
100
AcDbDictionary
280
     1
281
     1
  3
ACAD_DIMASSOC
360
566
  0
DICTIONARY
  5
D
102
{ACAD_REACTORS
330
C
102
}
330
C
100
AcDbDictionary
281
     1
  3
ANNOTATION
350
579
  3
ANNOTATION2
350
57A
  3
ANNOTATION3
350
57B
  3
IDL_A1/001
350
57C
  0
DICTIONARY
  5
1A
102
{ACAD_REACTORS
330
C
102
}
330
C
100
AcDbDictionary
281
     1
  3
Layout1
350
1E
  3
Layout2
350
26
  3
Model
350
22
  0
DICTIONARY
  5
43
102
{ACAD_REACTORS
330
C
102
}
330
C
100
AcDbDictionary
281
     1
  3
ByBlock
350
45
  3
ByLayer
350
44
  3
Global
350
46
  0
DICTIONARY
  5
5B
102
{ACAD_REACTORS
330
C
102
}
330
C
100
AcDbDictionary
281
     1
  3
Standard
350
5C
  0
DICTIONARY
  5
17
102
{ACAD_REACTORS
330
C
102
}
330
C
100
AcDbDictionary
281
     1
  3
Standard
350
18
  0
DICTIONARY
  5
19
102
{ACAD_REACTORS
330
C
102
}
330
C
100
AcDbDictionary
281
     1
  0
ACDBDICTIONARYWDFLT
  5
E
102
{ACAD_REACTORS
330
C
102
}
330
C
100
AcDbDictionary
281
     1
  3
Normal
350
F
100
AcDbDictionaryWithDefault
340
F
  0
DICTIONARY
  5
47
102
{ACAD_REACTORS
330
C
102
}
330
C
100
AcDbDictionary
281
     1
  3
A0
350
48
  3
A1
350
49
  3
A2
350
4A
  3
A3
350
4B
  3
A4
350
4C
  3
A5
350
4D
  3
A6
350
4E
  3
A7
350
4F
  3
A8
350
50
  3
A9
350
51
  3
B1
350
52
  3
B2
350
53
  3
B3
350
54
  3
B4
350
55
  3
B5
350
56
  3
B6
350
57
  3
B7
350
58
  0
DICTIONARY
  5
59
102
{ACAD_REACTORS
330
C
102
}
330
C
100
AcDbDictionary
281
     1
  3
Standard
350
5A
  0
DICTIONARY
  5
2A
102
{ACAD_REACTORS
330
C
102
}
330
C
100
AcDbDictionary
281
     1
  3
2dWireframe
350
2F
  3
Basic
350
32
  3
Brighten
350
36
  3
ColorChange
350
3A
  3
Conceptual
350
34
  3
Dim
350
35
  3
EdgeColorOff
350
3D
  3
Facepattern
350
39
  3
Flat
350
2B
  3
FlatWithEdges
350
2C
  3
Gouraud
350
2D
  3
GouraudWithEdges
350
2E
  3
Hidden
350
31
  3
JitterOff
350
3B
  3
Linepattern
350
38
  3
OverhangOff
350
3C
  3
Realistic
350
33
  3
Shaded
350
42
  3
Shaded with edges
350
41
  3
Shades of Gray
350
3E
  3
Sketchy
350
3F
  3
Thicken
350
37
  3
Wireframe
350
30
  3
X-Ray
350
40
  0
DICTIONARY
  5
58C
102
{ACAD_REACTORS
330
C
102
}
330
C
100
AcDbDictionary
281
     1
  3
CANNOSCALE
350
599
  3
CMLEADERSTYLE
350
58E
  3
CTABLESTYLE
350
58D
  3
DIMASSOC
350
591
  3
HIDETEXT
350
592
  3
MSLTSCALE
350
59A
  0
XRECORD
  5
593
102
{ACAD_REACTORS
330
C
102
}
330
C
100
AcDbXrecord
280
     1
  1
DWGPROPS COOKIE
  2

  3

  4

  6

  7

  8
z00310wm
  9

300
=
301
=
302
=
303
=
304
=
305
=
306
=
307
=
308
=
309
=
 40
0.0
 41
2460230.390071
 42
2460230.390072
  1

 90
        0
  0
XRECORD
  5
598
102
{ACAD_REACTORS
330
597
102
}
330
597
100
AcDbXrecord
280
     1
102
VTR_0.000_0.000_1.000_1.000_VISUALSTYLE
340
2F
102
VTR_0.000_0.000_1.000_1.000_GRIDDISPLAY
 70
     3
102
VTR_0.000_0.000_1.000_1.000_GRIDMAJOR
 70
     5
102
VTR_0.000_0.000_1.000_1.000_DEFAULTLIGHTING
280
     1
102
VTR_0.000_0.000_1.000_1.000_DEFAULTLIGHTINGTYPE
 70
     1
102
VTR_0.000_0.000_1.000_1.000_BRIGHTNESS
141
0.0
102
VTR_0.000_0.000_1.000_1.000_CONTRAST
142
0.0
102
VTR_0.000_0.000_0.500_1.000_VISUALSTYLE
340
2F
102
VTR_0.000_0.000_0.500_1.000_GRIDDISPLAY
 70
     3
102
VTR_0.000_0.000_0.500_1.000_GRIDMAJOR
 70
     5
102
VTR_0.000_0.000_0.500_1.000_DEFAULTLIGHTING
280
     1
102
VTR_0.000_0.000_0.500_1.000_DEFAULTLIGHTINGTYPE
 70
     1
102
VTR_0.000_0.000_0.500_1.000_BRIGHTNESS
141
0.0
102
VTR_0.000_0.000_0.500_1.000_CONTRAST
142
0.0
102
VTR_0.500_0.000_1.000_1.000_VISUALSTYLE
340
2F
102
VTR_0.500_0.000_1.000_1.000_GRIDDISPLAY
 70
     3
102
VTR_0.500_0.000_1.000_1.000_GRIDMAJOR
 70
     5
102
VTR_0.500_0.000_1.000_1.000_DEFAULTLIGHTING
280
     1
102
VTR_0.500_0.000_1.000_1.000_DEFAULTLIGHTINGTYPE
 70
     1
102
VTR_0.500_0.000_1.000_1.000_BRIGHTNESS
141
0.0
102
VTR_0.500_0.000_1.000_1.000_CONTRAST
142
0.0
102
VTR_0.000_0.500_1.000_1.000_VISUALSTYLE
340
2F
102
VTR_0.000_0.500_1.000_1.000_GRIDDISPLAY
 70
     3
102
VTR_0.000_0.500_1.000_1.000_GRIDMAJOR
 70
     5
102
VTR_0.000_0.500_1.000_1.000_DEFAULTLIGHTING
280
     1
102
VTR_0.000_0.500_1.000_1.000_DEFAULTLIGHTINGTYPE
 70
     1
102
VTR_0.000_0.500_1.000_1.000_BRIGHTNESS
141
0.0
102
VTR_0.000_0.500_1.000_1.000_CONTRAST
142
0.0
102
VTR_0.000_0.000_1.000_0.500_VISUALSTYLE
340
2F
102
VTR_0.000_0.000_1.000_0.500_GRIDDISPLAY
 70
     3
102
VTR_0.000_0.000_1.000_0.500_GRIDMAJOR
 70
     5
102
VTR_0.000_0.000_1.000_0.500_DEFAULTLIGHTING
280
     1
102
VTR_0.000_0.000_1.000_0.500_DEFAULTLIGHTINGTYPE
 70
     1
102
VTR_0.000_0.000_1.000_0.500_BRIGHTNESS
141
0.0
102
VTR_0.000_0.000_1.000_0.500_CONTRAST
142
0.0
102
VTR_0.000_0.500_0.500_1.000_VISUALSTYLE
340
2F
102
VTR_0.000_0.500_0.500_1.000_GRIDDISPLAY
 70
     3
102
VTR_0.000_0.500_0.500_1.000_GRIDMAJOR
 70
     5
102
VTR_0.000_0.500_0.500_1.000_DEFAULTLIGHTING
280
     1
102
VTR_0.000_0.500_0.500_1.000_DEFAULTLIGHTINGTYPE
 70
     1
102
VTR_0.000_0.500_0.500_1.000_BRIGHTNESS
141
0.0
102
VTR_0.000_0.500_0.500_1.000_CONTRAST
142
0.0
102
VTR_0.000_0.000_0.500_0.500_VISUALSTYLE
340
2F
102
VTR_0.000_0.000_0.500_0.500_GRIDDISPLAY
 70
     3
102
VTR_0.000_0.000_0.500_0.500_GRIDMAJOR
 70
     5
102
VTR_0.000_0.000_0.500_0.500_DEFAULTLIGHTING
280
     1
102
VTR_0.000_0.000_0.500_0.500_DEFAULTLIGHTINGTYPE
 70
     1
102
VTR_0.000_0.000_0.500_0.500_BRIGHTNESS
141
0.0
102
VTR_0.000_0.000_0.500_0.500_CONTRAST
142
0.0
102
VTR_0.500_0.000_1.000_0.500_VISUALSTYLE
340
2F
102
VTR_0.500_0.000_1.000_0.500_GRIDDISPLAY
 70
     3
102
VTR_0.500_0.000_1.000_0.500_GRIDMAJOR
 70
     5
102
VTR_0.500_0.000_1.000_0.500_DEFAULTLIGHTING
280
     1
102
VTR_0.500_0.000_1.000_0.500_DEFAULTLIGHTINGTYPE
 70
     1
102
VTR_0.500_0.000_1.000_0.500_BRIGHTNESS
141
0.0
102
VTR_0.500_0.000_1.000_0.500_CONTRAST
142
0.0
102
VTR_0.500_0.500_1.000_1.000_VISUALSTYLE
340
2F
102
VTR_0.500_0.500_1.000_1.000_GRIDDISPLAY
 70
     3
102
VTR_0.500_0.500_1.000_1.000_GRIDMAJOR
 70
     5
102
VTR_0.500_0.500_1.000_1.000_DEFAULTLIGHTING
280
     1
102
VTR_0.500_0.500_1.000_1.000_DEFAULTLIGHTINGTYPE
 70
     1
102
VTR_0.500_0.500_1.000_1.000_BRIGHTNESS
141
0.0
102
VTR_0.500_0.500_1.000_1.000_CONTRAST
142
0.0
102
VTR_0.000_0.500_0.333_1.000_VISUALSTYLE
340
2F
102
VTR_0.000_0.500_0.333_1.000_GRIDDISPLAY
 70
     3
102
VTR_0.000_0.500_0.333_1.000_GRIDMAJOR
 70
     5
102
VTR_0.000_0.500_0.333_1.000_DEFAULTLIGHTING
280
     1
102
VTR_0.000_0.500_0.333_1.000_DEFAULTLIGHTINGTYPE
 70
     1
102
VTR_0.000_0.500_0.333_1.000_BRIGHTNESS
141
0.0
102
VTR_0.000_0.500_0.333_1.000_CONTRAST
142
0.0
102
VTR_0.000_0.000_0.333_0.500_VISUALSTYLE
340
2F
102
VTR_0.000_0.000_0.333_0.500_GRIDDISPLAY
 70
     3
102
VTR_0.000_0.000_0.333_0.500_GRIDMAJOR
 70
     5
102
VTR_0.000_0.000_0.333_0.500_DEFAULTLIGHTING
280
     1
102
VTR_0.000_0.000_0.333_0.500_DEFAULTLIGHTINGTYPE
 70
     1
102
VTR_0.000_0.000_0.333_0.500_BRIGHTNESS
141
0.0
102
VTR_0.000_0.000_0.333_0.500_CONTRAST
142
0.0
102
VTR_0.333_0.500_0.667_1.000_VISUALSTYLE
340
2F
102
VTR_0.333_0.500_0.667_1.000_GRIDDISPLAY
 70
     3
102
VTR_0.333_0.500_0.667_1.000_GRIDMAJOR
 70
     5
102
VTR_0.333_0.500_0.667_1.000_DEFAULTLIGHTING
280
     1
102
VTR_0.333_0.500_0.667_1.000_DEFAULTLIGHTINGTYPE
 70
     1
102
VTR_0.333_0.500_0.667_1.000_BRIGHTNESS
141
0.0
102
VTR_0.333_0.500_0.667_1.000_CONTRAST
142
0.0
102
VTR_0.333_0.000_0.667_0.500_VISUALSTYLE
340
2F
102
VTR_0.333_0.000_0.667_0.500_GRIDDISPLAY
 70
     3
102
VTR_0.333_0.000_0.667_0.500_GRIDMAJOR
 70
     5
102
VTR_0.333_0.000_0.667_0.500_DEFAULTLIGHTING
280
     1
102
VTR_0.333_0.000_0.667_0.500_DEFAULTLIGHTINGTYPE
 70
     1
102
VTR_0.333_0.000_0.667_0.500_BRIGHTNESS
141
0.0
102
VTR_0.333_0.000_0.667_0.500_CONTRAST
142
0.0
102
VTR_0.667_0.500_1.000_1.000_VISUALSTYLE
340
2F
102
VTR_0.667_0.500_1.000_1.000_GRIDDISPLAY
 70
     3
102
VTR_0.667_0.500_1.000_1.000_GRIDMAJOR
 70
     5
102
VTR_0.667_0.500_1.000_1.000_DEFAULTLIGHTING
280
     1
102
VTR_0.667_0.500_1.000_1.000_DEFAULTLIGHTINGTYPE
 70
     1
102
VTR_0.667_0.500_1.000_1.000_BRIGHTNESS
141
0.0
102
VTR_0.667_0.500_1.000_1.000_CONTRAST
142
0.0
102
VTR_0.667_0.000_1.000_0.500_VISUALSTYLE
340
2F
102
VTR_0.667_0.000_1.000_0.500_GRIDDISPLAY
 70
     3
102
VTR_0.667_0.000_1.000_0.500_GRIDMAJOR
 70
     5
102
VTR_0.667_0.000_1.000_0.500_DEFAULTLIGHTING
280
     1
102
VTR_0.667_0.000_1.000_0.500_DEFAULTLIGHTINGTYPE
 70
     1
102
VTR_0.667_0.000_1.000_0.500_BRIGHTNESS
141
0.0
102
VTR_0.667_0.000_1.000_0.500_CONTRAST
142
0.0
  0
DIMASSOC
  5
534
102
{ACAD_REACTORS
330
533
102
}
330
533
100
AcDbDimAssoc
330
532
 90
        3
 70
     0
 71
     1
  1
AcDbOsnapPointRef
 72
     3
331
31D
 73
     0
 91
        1
 40
0.0
 10
186.007115
 20
421.307888
 30
0.0
 75
     0
  1
AcDbOsnapPointRef
 72
     3
331
31C
 73
     0
 91
        2
 40
0.0
 10
652.007115
 20
421.307888
 30
0.0
 75
     0
  0
DIMASSOC
  5
54D
102
{ACAD_REACTORS
330
54C
102
}
330
54C
100
AcDbDimAssoc
330
54B
 90
        3
 70
     0
 71
     1
  1
AcDbOsnapPointRef
 72
    10
331
155
 73
     2
 91
        1
 40
5.974044
 10
183.834386
 20
424.707888
 30
0.0
 75
     0
  1
AcDbOsnapPointRef
 72
    13
331
156
 73
     2
 91
        2
 40
0.0
 10
182.2058
 20
417.907888
 30
0.0
 75
     0
  0
DIMASSOC
  5
566
102
{ACAD_REACTORS
330
565
102
}
330
565
100
AcDbDimAssoc
330
564
 90
        2
 70
     0
 71
     1
  1
AcDbOsnapPointRef
 72
     3
331
31B
 73
     2
 91
        1
 40
0.0
 10
186.007115
 20
421.307888
 30
0.0
 75
     0
  0
GROUP
  5
579
102
{ACAD_REACTORS
330
D
102
}
330
D
100
AcDbGroup
300

 70
     0
 71
     1
340
507
340
15A
340
15C
340
15D
340
50D
340
511
  0
GROUP
  5
57A
102
{ACAD_REACTORS
330
D
102
}
330
D
100
AcDbGroup
300

 70
     0
 71
     1
340
512
340
164
340
165
340
166
340
516
340
51A
  0
GROUP
  5
57B
102
{ACAD_REACTORS
330
D
102
}
330
D
100
AcDbGroup
300

 70
     0
 71
     1
340
51C
340
208
340
209
340
20A
340
520
340
524
  0
GROUP
  5
57C
102
{ACAD_REACTORS
330
D
102
}
330
D
100
AcDbGroup
300

 70
     0
 71
     1
340
30F
340
30E
340
30D
340
30C
340
30B
340
30A
340
309
340
308
340
307
340
306
340
305
340
304
340
303
340
302
340
301
340
2E6
340
2E5
340
2E4
340
2E3
340
2E2
340
2E1
340
2E0
340
2DF
340
2DE
340
2DD
340
2DC
340
2DB
340
2DA
340
2D9
340
2D8
340
2D7
340
2D6
340
2D5
340
2D4
340
2D3
340
2D2
340
2D1
340
2D0
340
2CF
340
2CE
340
2CD
340
2CC
340
2CB
340
2CA
340
2C9
340
2C8
340
2C7
340
2C6
340
2C5
340
2C4
340
2C2
340
300
340
2FF
340
2FE
340
2FD
340
2FC
340
2FB
340
2FA
340
2F9
340
2F8
340
2F7
340
2F6
340
2F5
340
2F4
340
2F3
340
2F2
340
2F1
340
2F0
340
2EF
340
2EE
340
2ED
340
2EC
340
2EB
340
2EA
340
2E9
340
2E8
340
2E7
340
449
340
448
340
447
340
446
340
445
340
444
340
443
340
442
340
441
340
440
340
43F
340
43E
340
43D
340
43C
340
43B
340
43A
340
439
340
438
340
437
340
436
340
435
340
434
340
433
340
432
340
431
340
430
340
42F
340
42E
340
42D
340
42C
340
42B
340
42A
340
429
340
428
340
427
340
426
340
425
340
424
340
423
340
422
340
421
340
420
340
41F
340
41E
340
41D
340
41C
340
41B
340
41A
340
419
340
418
340
52C
340
52E
340
52F
340
530
340
52D
  0
LAYOUT
  5
1E
102
{ACAD_REACTORS
330
1A
102
}
330
1A
100
AcDbPlotSettings
  1

  2
none_device
  4

  6

 40
0.0
 41
0.0
 42
0.0
 43
0.0
 44
0.0
 45
0.0
 46
0.0
 47
0.0
 48
0.0
 49
0.0
140
0.0
141
0.0
142
1.0
143
1.0
 70
   688
 72
     0
 73
     0
 74
     5
  7

 75
    16
147
1.0
148
0.0
149
0.0
100
AcDbLayout
  1
Layout1
 70
     1
 71
     1
 10
-0.5
 20
-0.5
 11
5.0
 21
5.0
 12
0.0
 22
0.0
 32
0.0
 14
-0.5
 24
-0.5
 34
-0.5
 15
5.0
 25
5.0
 35
5.0
146
0.0
 13
0.0
 23
0.0
 33
0.0
 16
1.0
 26
0.0
 36
0.0
 17
0.0
 27
1.0
 37
0.0
 76
     0
330
1B
  0
LAYOUT
  5
26
102
{ACAD_REACTORS
330
1A
102
}
330
1A
100
AcDbPlotSettings
  1

  2
none_device
  4

  6

 40
0.0
 41
0.0
 42
0.0
 43
0.0
 44
0.0
 45
0.0
 46
0.0
 47
0.0
 48
0.0
 49
0.0
140
0.0
141
0.0
142
1.0
143
1.0
 70
   688
 72
     0
 73
     0
 74
     5
  7

 75
    16
147
1.0
148
0.0
149
0.0
100
AcDbLayout
  1
Layout2
 70
     1
 71
     2
 10
0.0
 20
0.0
 11
0.0
 21
0.0
 12
0.0
 22
0.0
 32
0.0
 14
0.0
 24
0.0
 34
0.0
 15
0.0
 25
0.0
 35
0.0
146
0.0
 13
0.0
 23
0.0
 33
0.0
 16
1.0
 26
0.0
 36
0.0
 17
0.0
 27
1.0
 37
0.0
 76
     0
330
23
  0
LAYOUT
  5
22
102
{ACAD_REACTORS
330
1A
102
}
330
1A
100
AcDbPlotSettings
  1

  2
none_device
  4
Letter_(8.50_x_11.00_Inches)
  6

 40
6.35
 41
6.35
 42
6.350005
 43
6.350005
 44
215.9
 45
279.4
 46
0.0
 47
0.0
 48
0.0
 49
0.0
140
0.0
141
0.0
142
1.0
143
1.0
 70
  1712
 72
     0
 73
     0
 74
     0
  7

 75
     0
147
1.0
148
0.0
149
0.0
100
AcDbLayout
  1
Model
 70
     1
 71
     0
 10
-0.5
 20
-0.5
 11
5.0
 21
5.0
 12
0.0
 22
0.0
 32
0.0
 14
-0.5
 24
-0.5
 34
-0.5
 15
5.0
 25
5.0
 35
5.0
146
0.0
 13
0.0
 23
0.0
 33
0.0
 16
1.0
 26
0.0
 36
0.0
 17
0.0
 27
1.0
 37
0.0
 76
     0
330
1F
331
29
  0
MATERIAL
  5
45
102
{ACAD_REACTORS
330
43
102
}
102
{ACAD_XDICTIONARY
360
5CD
102
}
330
43
100
AcDbMaterial
  1
ByBlock
  0
MATERIAL
  5
44
102
{ACAD_REACTORS
330
43
102
}
102
{ACAD_XDICTIONARY
360
5CB
102
}
330
43
100
AcDbMaterial
  1
ByLayer
  0
MATERIAL
  5
46
102
{ACAD_REACTORS
330
43
102
}
102
{ACAD_XDICTIONARY
360
5CF
102
}
330
43
100
AcDbMaterial
  1
Global
  0
MLEADERSTYLE
  5
5C
102
{ACAD_REACTORS
330
5B
102
}
102
{ACAD_XDICTIONARY
360
5D2
102
}
330
5B
100
AcDbMLeaderStyle
170
     2
171
     1
172
     0
 90
        2
 40
0.0
 41
0.0
173
     1
 91
-1056964608
340
14
 92
       -2
290
     1
 42
0.09
291
     1
 43
0.36
  3
Standard
341
0
 44
0.18
300

342
11
174
     1
178
     6
175
     1
176
     0
 93
-1056964608
 45
0.18
292
     0
297
     0
 46
0.18
343
0
 94
-1056964608
 47
1.0
 49
1.0
140
1.0
293
     1
141
0.0
294
     1
177
     0
142
1.0
295
     0
296
     0
143
0.125
1001
ACAD_MLEADERVER
1070
     2
  0
MLINESTYLE
  5
18
102
{ACAD_REACTORS
330
17
102
}
330
17
100
AcDbMlineStyle
  2
Standard
 70
     0
  3

 62
   256
 51
90.0
 52
90.0
 71
     2
 49
0.5
 62
   256
  6
BYLAYER
 49
-0.5
 62
   256
  6
BYLAYER
  0
ACDBPLACEHOLDER
  5
F
102
{ACAD_REACTORS
330
E
102
}
330
E
  0
SCALE
  5
48
102
{ACAD_REACTORS
330
47
102
}
330
47
100
AcDbScale
 70
     0
300
1:1
140
1.0
141
1.0
290
     1
  0
SCALE
  5
49
102
{ACAD_REACTORS
330
47
102
}
330
47
100
AcDbScale
 70
     0
300
1/128" = 1'-0"
140
0.007812
141
12.0
290
     0
  0
SCALE
  5
4A
102
{ACAD_REACTORS
330
47
102
}
330
47
100
AcDbScale
 70
     0
300
1/64" = 1'-0"
140
0.015625
141
12.0
290
     0
  0
SCALE
  5
4B
102
{ACAD_REACTORS
330
47
102
}
330
47
100
AcDbScale
 70
     0
300
1/32" = 1'-0"
140
0.03125
141
12.0
290
     0
  0
SCALE
  5
4C
102
{ACAD_REACTORS
330
47
102
}
330
47
100
AcDbScale
 70
     0
300
1/16" = 1'-0"
140
0.0625
141
12.0
290
     0
  0
SCALE
  5
4D
102
{ACAD_REACTORS
330
47
102
}
330
47
100
AcDbScale
 70
     0
300
3/32" = 1'-0"
140
0.09375
141
12.0
290
     0
  0
SCALE
  5
4E
102
{ACAD_REACTORS
330
47
102
}
330
47
100
AcDbScale
 70
     0
300
1/8" = 1'-0"
140
0.125
141
12.0
290
     0
  0
SCALE
  5
4F
102
{ACAD_REACTORS
330
47
102
}
330
47
100
AcDbScale
 70
     0
300
3/16" = 1'-0"
140
0.1875
141
12.0
290
     0
  0
SCALE
  5
50
102
{ACAD_REACTORS
330
47
102
}
330
47
100
AcDbScale
 70
     0
300
1/4" = 1'-0"
140
0.25
141
12.0
290
     0
  0
SCALE
  5
51
102
{ACAD_REACTORS
330
47
102
}
330
47
100
AcDbScale
 70
     0
300
3/8" = 1'-0"
140
0.375
141
12.0
290
     0
  0
SCALE
  5
52
102
{ACAD_REACTORS
330
47
102
}
330
47
100
AcDbScale
 70
     0
300
1/2" = 1'-0"
140
0.5
141
12.0
290
     0
  0
SCALE
  5
53
102
{ACAD_REACTORS
330
47
102
}
330
47
100
AcDbScale
 70
     0
300
3/4" = 1'-0"
140
0.75
141
12.0
290
     0
  0
SCALE
  5
54
102
{ACAD_REACTORS
330
47
102
}
330
47
100
AcDbScale
 70
     0
300
1" = 1'-0"
140
1.0
141
12.0
290
     0
  0
SCALE
  5
55
102
{ACAD_REACTORS
330
47
102
}
330
47
100
AcDbScale
 70
     0
300
1-1/2" = 1'-0"
140
1.5
141
12.0
290
     0
  0
SCALE
  5
56
102
{ACAD_REACTORS
330
47
102
}
330
47
100
AcDbScale
 70
     0
300
3" = 1'-0"
140
3.0
141
12.0
290
     0
  0
SCALE
  5
57
102
{ACAD_REACTORS
330
47
102
}
330
47
100
AcDbScale
 70
     0
300
6" = 1'-0"
140
6.0
141
12.0
290
     0
  0
SCALE
  5
58
102
{ACAD_REACTORS
330
47
102
}
330
47
100
AcDbScale
 70
     0
300
1'-0" = 1'-0"
140
12.0
141
12.0
290
     0
  0
TABLESTYLE
  5
5A
102
{ACAD_REACTORS
330
59
102
}
330
59
100
AcDbTableStyle
  3
Standard
 70
     0
 71
     0
 40
0.06
 41
0.06
280
     0
281
     0
  7
Standard
140
0.18
170
     2
 62
     0
 63
   257
283
     0
274
    -2
284
     1
 64
     0
275
    -2
285
     1
 65
     0
276
    -2
286
     1
 66
     0
277
    -2
287
     1
 67
     0
278
    -2
288
     1
 68
     0
279
    -2
289
     1
 69
     0
  7
Standard
140
0.25
170
     5
 62
     0
 63
   257
283
     0
274
    -2
284
     1
 64
     0
275
    -2
285
     1
 65
     0
276
    -2
286
     1
 66
     0
277
    -2
287
     1
 67
     0
278
    -2
288
     1
 68
     0
279
    -2
289
     1
 69
     0
  7
Standard
140
0.18
170
     5
 62
     0
 63
   257
283
     0
274
    -2
284
     1
 64
     0
275
    -2
285
     1
 65
     0
276
    -2
286
     1
 66
     0
277
    -2
287
     1
 67
     0
278
    -2
288
     1
 68
     0
279
    -2
289
     1
 69
     0
  0
VISUALSTYLE
  5
2F
102
{ACAD_REACTORS
330
2A
102
}
102
{ACAD_XDICTIONARY
360
5A3
102
}
330
2A
100
AcDbVisualStyle
  2
2dWireframe
 70
     4
 71
     0
 72
     2
 73
     0
 90
        0
 40
0.6
 41
30.0
 62
     5
 63
     7
 74
     1
 91
        4
 64
     7
 65
   257
 75
     1
175
     1
 42
1.0
 92
        0
 66
   257
 43
1.0
 76
     1
 77
     6
 78
     2
 67
     7
 79
     5
170
     0
171
     0
290
     0
174
     0
 93
        1
 44
0.0
173
     0
291
     0
 45
0.0
1001
ACAD
1000
AcDbSavedByObjectVersion
1070
     0
  0
VISUALSTYLE
  5
32
102
{ACAD_REACTORS
330
2A
102
}
102
{ACAD_XDICTIONARY
360
5A9
102
}
330
2A
100
AcDbVisualStyle
  2
Basic
 70
     7
 71
     1
 72
     0
 73
     1
 90
        0
 40
0.6
 41
30.0
 62
     5
 63
     7
 74
     0
 91
        4
 64
     7
 65
   257
 75
     1
175
     1
 42
1.0
 92
        8
 66
     7
 43
1.0
 76
     1
 77
     6
 78
     2
 67
     7
 79
     5
170
     0
171
     0
290
     0
174
     0
 93
        1
 44
0.0
173
     0
291
     1
 45
0.0
1001
ACAD
1000
AcDbSavedByObjectVersion
1070
     0
  0
VISUALSTYLE
  5
36
102
{ACAD_REACTORS
330
2A
102
}
102
{ACAD_XDICTIONARY
360
5B1
102
}
330
2A
100
AcDbVisualStyle
  2
Brighten
 70
    12
 71
     2
 72
     2
 73
     0
 90
        0
 40
0.6
 41
30.0
 62
     5
 63
     7
 74
     1
 91
        4
 64
     7
 65
   257
 75
     1
175
     1
 42
1.0
 92
        8
 66
     7
 43
1.0
 76
     1
 77
     6
 78
     2
 67
     7
 79
     5
170
     0
171
     0
290
     0
174
     0
 93
        1
 44
50.0
173
     0
291
     1
 45
0.0
1001
ACAD
1000
AcDbSavedByObjectVersion
1070
     0
  0
VISUALSTYLE
  5
3A
102
{ACAD_REACTORS
330
2A
102
}
102
{ACAD_XDICTIONARY
360
5B9
102
}
330
2A
100
AcDbVisualStyle
  2
ColorChange
 70
    16
 71
     2
 72
     2
 73
     3
 90
        0
 40
0.6
 41
30.0
 62
     5
 63
     8
 74
     1
 91
        4
 64
     7
 65
   257
 75
     1
175
     1
 42
1.0
 92
        8
 66
     8
 43
1.0
 76
     1
 77
     6
 78
     2
 67
     7
 79
     5
170
     0
171
     0
290
     0
174
     0
 93
        1
 44
0.0
173
     0
291
     1
 45
0.0
1001
ACAD
1000
AcDbSavedByObjectVersion
1070
     0
  0
VISUALSTYLE
  5
34
102
{ACAD_REACTORS
330
2A
102
}
102
{ACAD_XDICTIONARY
360
5AD
102
}
330
2A
100
AcDbVisualStyle
  2
Conceptual
 70
     9
 71
     3
 72
     2
 73
     0
 90
        0
 40
0.6
 41
30.0
 62
     5
 63
     7
 74
     2
 91
        2
 64
     7
 65
   257
 75
     1
175
     1
 42
179.0
 92
        8
 66
     7
 43
1.0
 76
     1
 77
     6
 78
     2
 67
     7
 79
     3
170
     0
171
     0
290
     0
174
     0
 93
        1
 44
0.0
173
     0
291
     0
 45
0.0
1001
ACAD
1000
AcDbSavedByObjectVersion
1070
     0
  0
VISUALSTYLE
  5
35
102
{ACAD_REACTORS
330
2A
102
}
102
{ACAD_XDICTIONARY
360
5AF
102
}
330
2A
100
AcDbVisualStyle
  2
Dim
 70
    11
 71
     2
 72
     2
 73
     0
 90
        0
 40
0.6
 41
30.0
 62
     5
 63
     7
 74
     1
 91
        4
 64
     7
 65
   257
 75
     1
175
     1
 42
1.0
 92
        8
 66
     7
 43
1.0
 76
     1
 77
     6
 78
     2
 67
     7
 79
     5
170
     0
171
     0
290
     0
174
     0
 93
        1
 44
-50.0
173
     0
291
     1
 45
0.0
1001
ACAD
1000
AcDbSavedByObjectVersion
1070
     0
  0
VISUALSTYLE
  5
3D
102
{ACAD_REACTORS
330
2A
102
}
102
{ACAD_XDICTIONARY
360
5BF
102
}
330
2A
100
AcDbVisualStyle
  2
EdgeColorOff
 70
    22
 71
     2
 72
     2
 73
     0
 90
        0
 40
0.6
 41
30.0
 62
     5
 63
     7
 74
     1
 91
        4
 64
     7
 65
   257
 75
     1
175
     1
 42
1.0
 92
        8
 66
     7
 43
1.0
 76
     1
 77
     6
 78
     2
 67
     7
 79
     5
170
     0
171
     0
290
     0
174
     0
 93
        1
 44
0.0
173
     0
291
     1
 45
0.0
1001
ACAD
1000
AcDbSavedByObjectVersion
1070
     0
  0
VISUALSTYLE
  5
39
102
{ACAD_REACTORS
330
2A
102
}
102
{ACAD_XDICTIONARY
360
5B7
102
}
330
2A
100
AcDbVisualStyle
  2
Facepattern
 70
    15
 71
     2
 72
     2
 73
     0
 90
        0
 40
0.6
 41
30.0
 62
     5
 63
     7
 74
     1
 91
        4
 64
     7
 65
   257
 75
     1
175
     1
 42
1.0
 92
        8
 66
     7
 43
1.0
 76
     1
 77
     6
 78
     2
 67
     7
 79
     5
170
     0
171
     0
290
     0
174
     0
 93
        1
 44
0.0
173
     0
291
     1
 45
0.0
1001
ACAD
1000
AcDbSavedByObjectVersion
1070
     0
  0
VISUALSTYLE
  5
2B
102
{ACAD_REACTORS
330
2A
102
}
102
{ACAD_XDICTIONARY
360
59B
102
}
330
2A
100
AcDbVisualStyle
  2
Flat
 70
     0
 71
     2
 72
     1
 73
     1
 90
        2
 40
0.6
 41
30.0
 62
     5
 63
     7
 74
     0
 91
        0
 64
     7
 65
   257
 75
     1
175
     1
 42
1.0
 92
        8
 66
     7
 43
1.0
 76
     1
 77
     6
 78
     2
 67
     7
 79
     5
170
     0
171
     0
290
     0
174
     0
 93
       13
 44
0.0
173
     0
291
     1
 45
0.0
1001
ACAD
1000
AcDbSavedByObjectVersion
1070
     0
  0
VISUALSTYLE
  5
2C
102
{ACAD_REACTORS
330
2A
102
}
102
{ACAD_XDICTIONARY
360
59D
102
}
330
2A
100
AcDbVisualStyle
  2
FlatWithEdges
 70
     1
 71
     2
 72
     1
 73
     1
 90
        2
 40
0.6
 41
30.0
 62
     5
 63
     7
 74
     1
 91
        0
 64
     7
 65
   257
 75
     1
175
     1
 42
1.0
 92
        0
 66
   257
 43
1.0
 76
     1
 77
     6
 78
     2
 67
     7
 79
     5
170
     0
171
     0
290
     0
174
     0
 93
       13
 44
0.0
173
     0
291
     1
 45
0.0
1001
ACAD
1000
AcDbSavedByObjectVersion
1070
     0
  0
VISUALSTYLE
  5
2D
102
{ACAD_REACTORS
330
2A
102
}
102
{ACAD_XDICTIONARY
360
59F
102
}
330
2A
100
AcDbVisualStyle
  2
Gouraud
 70
     2
 71
     2
 72
     2
 73
     1
 90
        2
 40
0.6
 41
30.0
 62
     5
 63
     7
 74
     0
 91
        0
 64
     7
 65
   257
 75
     1
175
     1
 42
1.0
 92
        0
 66
     7
 43
1.0
 76
     1
 77
     6
 78
     2
 67
     7
 79
     5
170
     0
171
     0
290
     0
174
     0
 93
       13
 44
0.0
173
     0
291
     1
 45
0.0
1001
ACAD
1000
AcDbSavedByObjectVersion
1070
     0
  0
VISUALSTYLE
  5
2E
102
{ACAD_REACTORS
330
2A
102
}
102
{ACAD_XDICTIONARY
360
5A1
102
}
330
2A
100
AcDbVisualStyle
  2
GouraudWithEdges
 70
     3
 71
     2
 72
     2
 73
     1
 90
        2
 40
0.6
 41
30.0
 62
     5
 63
     7
 74
     1
 91
        0
 64
     7
 65
   257
 75
     1
175
     1
 42
1.0
 92
        0
 66
   257
 43
1.0
 76
     1
 77
     6
 78
     2
 67
     7
 79
     5
170
     0
171
     0
290
     0
174
     0
 93
       13
 44
0.0
173
     0
291
     1
 45
0.0
1001
ACAD
1000
AcDbSavedByObjectVersion
1070
     0
  0
VISUALSTYLE
  5
31
102
{ACAD_REACTORS
330
2A
102
}
102
{ACAD_XDICTIONARY
360
5A7
102
}
330
2A
100
AcDbVisualStyle
  2
Hidden
 70
     6
 71
     1
 72
     2
 73
     2
 90
        0
 40
0.6
 41
30.0
 62
     5
 63
     7
 74
     2
 91
        2
 64
     7
 65
   257
 75
     2
175
     1
 42
40.0
 92
        0
 66
   257
 43
1.0
 76
     1
 77
     6
 78
     2
 67
     7
 79
     3
170
     0
171
     0
290
     0
174
     0
 93
        1
 44
0.0
173
     0
291
     0
 45
0.0
1001
ACAD
1000
AcDbSavedByObjectVersion
1070
     0
  0
VISUALSTYLE
  5
3B
102
{ACAD_REACTORS
330
2A
102
}
102
{ACAD_XDICTIONARY
360
5BB
102
}
330
2A
100
AcDbVisualStyle
  2
JitterOff
 70
    20
 71
     2
 72
     2
 73
     0
 90
        0
 40
0.6
 41
30.0
 62
     5
 63
     7
 74
     1
 91
        4
 64
     7
 65
   257
 75
     1
175
     1
 42
1.0
 92
       10
 66
     7
 43
1.0
 76
     1
 77
     6
 78
     2
 67
     7
 79
     5
170
     0
171
     0
290
     0
174
     0
 93
        1
 44
0.0
173
     0
291
     1
 45
0.0
1001
ACAD
1000
AcDbSavedByObjectVersion
1070
     0
  0
VISUALSTYLE
  5
38
102
{ACAD_REACTORS
330
2A
102
}
102
{ACAD_XDICTIONARY
360
5B5
102
}
330
2A
100
AcDbVisualStyle
  2
Linepattern
 70
    14
 71
     2
 72
     2
 73
     0
 90
        0
 40
0.6
 41
30.0
 62
     5
 63
     7
 74
     1
 91
        4
 64
     7
 65
   257
 75
     7
175
     7
 42
1.0
 92
        8
 66
     7
 43
1.0
 76
     1
 77
     6
 78
     2
 67
     7
 79
     5
170
     0
171
     0
290
     0
174
     0
 93
        1
 44
0.0
173
     0
291
     1
 45
0.0
1001
ACAD
1000
AcDbSavedByObjectVersion
1070
     0
  0
VISUALSTYLE
  5
3C
102
{ACAD_REACTORS
330
2A
102
}
102
{ACAD_XDICTIONARY
360
5BD
102
}
330
2A
100
AcDbVisualStyle
  2
OverhangOff
 70
    21
 71
     2
 72
     2
 73
     0
 90
        0
 40
0.6
 41
30.0
 62
     5
 63
     7
 74
     1
 91
        4
 64
     7
 65
   257
 75
     1
175
     1
 42
1.0
 92
        9
 66
     7
 43
1.0
 76
     1
 77
     6
 78
     2
 67
     7
 79
     5
170
     0
171
     0
290
     0
174
     0
 93
        1
 44
0.0
173
     0
291
     1
 45
0.0
1001
ACAD
1000
AcDbSavedByObjectVersion
1070
     0
  0
VISUALSTYLE
  5
33
102
{ACAD_REACTORS
330
2A
102
}
102
{ACAD_XDICTIONARY
360
5AB
102
}
330
2A
100
AcDbVisualStyle
  2
Realistic
 70
     8
 71
     2
 72
     3
 73
     0
 90
        2
 40
0.6
 41
30.0
 62
     5
 63
     7
 74
     0
 91
        0
 64
     7
 65
   257
 75
     1
175
     1
 42
1.0
 92
        8
 66
   257
 43
1.0
 76
     1
 77
     6
 78
     2
 67
     7
 79
     3
170
     0
171
     0
290
     0
174
     0
 93
       13
 44
0.0
173
     0
291
     0
 45
0.0
1001
ACAD
1000
AcDbSavedByObjectVersion
1070
     0
  0
VISUALSTYLE
  5
42
102
{ACAD_REACTORS
330
2A
102
}
102
{ACAD_XDICTIONARY
360
5C9
102
}
330
2A
100
AcDbVisualStyle
  2
Shaded
 70
    27
 71
     2
 72
     2
 73
     1
 90
        2
 40
0.6
 41
30.0
 62
     5
 63
     7
 74
     0
 91
        4
 64
     7
 65
   257
 75
     1
175
     1
 42
1.0
 92
        8
 66
   257
 43
1.0
 76
     1
 77
     6
 78
     2
 67
     8
 79
     3
170
     0
171
     0
290
     0
174
     0
 93
        5
 44
0.0
173
     0
291
     0
 45
0.0
1001
ACAD
1000
AcDbSavedByObjectVersion
1070
     0
  0
VISUALSTYLE
  5
41
102
{ACAD_REACTORS
330
2A
102
}
102
{ACAD_XDICTIONARY
360
5C7
102
}
330
2A
100
AcDbVisualStyle
  2
Shaded with edges
 70
    26
 71
     2
 72
     2
 73
     1
 90
        2
 40
0.6
 41
30.0
 62
     5
 63
     7
 74
     1
 91
       10
 64
     7
 65
   257
 75
     2
175
     1
 42
1.0
 92
        8
 66
   257
 43
1.0
 76
     1
 77
     6
 78
     2
 67
     7
 79
     3
170
     0
171
     0
290
     0
174
     0
 93
        5
 44
0.0
173
     0
291
     0
 45
0.0
1001
ACAD
1000
AcDbSavedByObjectVersion
1070
     0
  0
VISUALSTYLE
  5
3E
102
{ACAD_REACTORS
330
2A
102
}
102
{ACAD_XDICTIONARY
360
5C1
102
}
330
2A
100
AcDbVisualStyle
  2
Shades of Gray
 70
    23
 71
     2
 72
     2
 73
     3
 90
        0
 40
0.6
 41
30.0
 62
     5
 63
     7
 74
     2
 91
        2
 64
     7
 65
     7
 75
     1
175
     1
 42
40.0
 92
        8
 66
     7
 43
1.0
 76
     1
 77
     6
 78
     2
 67
     7
 79
     3
170
     0
171
     0
290
     0
174
     0
 93
        1
 44
0.0
173
     0
291
     0
 45
0.0
1001
ACAD
1000
AcDbSavedByObjectVersion
1070
     0
  0
VISUALSTYLE
  5
3F
102
{ACAD_REACTORS
330
2A
102
}
102
{ACAD_XDICTIONARY
360
5C3
102
}
330
2A
100
AcDbVisualStyle
  2
Sketchy
 70
    24
 71
     1
 72
     2
 73
     2
 90
        0
 40
0.6
 41
30.0
 62
     5
 63
     7
 74
     2
 91
        2
 64
     7
 65
     7
 75
     1
175
     1
 42
40.0
 92
       11
 66
     7
 43
1.0
 76
     1
 77
     6
 78
     2
 67
     7
 79
     6
170
     0
171
     0
290
     0
174
     0
 93
        1
 44
0.0
173
     0
291
     0
 45
0.0
1001
ACAD
1000
AcDbSavedByObjectVersion
1070
     0
  0
VISUALSTYLE
  5
37
102
{ACAD_REACTORS
330
2A
102
}
102
{ACAD_XDICTIONARY
360
5B3
102
}
330
2A
100
AcDbVisualStyle
  2
Thicken
 70
    13
 71
     2
 72
     2
 73
     0
 90
        0
 40
0.6
 41
30.0
 62
     5
 63
     7
 74
     1
 91
        4
 64
     7
 65
   257
 75
     1
175
     1
 42
1.0
 92
       12
 66
     7
 43
1.0
 76
     1
 77
     6
 78
     2
 67
     7
 79
     5
170
     0
171
     0
290
     0
174
     0
 93
        1
 44
0.0
173
     0
291
     1
 45
0.0
1001
ACAD
1000
AcDbSavedByObjectVersion
1070
     0
  0
VISUALSTYLE
  5
30
102
{ACAD_REACTORS
330
2A
102
}
102
{ACAD_XDICTIONARY
360
5A5
102
}
330
2A
100
AcDbVisualStyle
  2
Wireframe
 70
     5
 71
     0
 72
     2
 73
     0
 90
        0
 40
0.6
 41
30.0
 62
     5
 63
     7
 74
     1
 91
        4
 64
     7
 65
   257
 75
     1
175
     1
 42
1.0
 92
        0
 66
   257
 43
1.0
 76
     1
 77
     6
 78
     2
 67
     7
 79
     3
170
     0
171
     0
290
     0
174
     0
 93
        1
 44
0.0
173
     0
291
     0
 45
0.0
1001
ACAD
1000
AcDbSavedByObjectVersion
1070
     0
  0
VISUALSTYLE
  5
40
102
{ACAD_REACTORS
330
2A
102
}
102
{ACAD_XDICTIONARY
360
5C5
102
}
330
2A
100
AcDbVisualStyle
  2
X-Ray
 70
    25
 71
     2
 72
     2
 73
     1
 90
        1
 40
0.5
 41
30.0
 62
     5
 63
     7
 74
     1
 91
        0
 64
     7
 65
   257
 75
     1
175
     1
 42
1.0
 92
        8
 66
     7
 43
1.0
 76
     1
 77
     6
 78
     2
 67
     7
 79
     3
170
     0
171
     0
290
     0
174
     0
 93
       13
 44
0.0
173
     0
291
     0
 45
0.0
1001
ACAD
1000
AcDbSavedByObjectVersion
1070
     0
  0
DICTIONARYVAR
  5
599
102
{ACAD_REACTORS
330
58C
102
}
330
58C
100
DictionaryVariables
280
     0
  1
1:1
  0
DICTIONARYVAR
  5
58E
102
{ACAD_REACTORS
330
58C
102
}
330
58C
100
DictionaryVariables
280
     0
  1
Standard
  0
DICTIONARYVAR
  5
58D
102
{ACAD_REACTORS
330
58C
102
}
330
58C
100
DictionaryVariables
280
     0
  1
Standard
  0
DICTIONARYVAR
  5
591
102
{ACAD_REACTORS
330
58C
102
}
330
58C
100
DictionaryVariables
280
     0
  1
2
  0
DICTIONARYVAR
  5
592
102
{ACAD_REACTORS
330
58C
102
}
330
58C
100
DictionaryVariables
280
     0
  1
1
  0
DICTIONARYVAR
  5
59A
102
{ACAD_REACTORS
330
58C
102
}
330
58C
100
DictionaryVariables
280
     0
  1
1
  0
DICTIONARY
  5
5CD
330
45
100
AcDbDictionary
280
     1
281
     1
  3
ACAD_XREC_ROUNDTRIP
360
5CE
  0
DICTIONARY
  5
5CB
330
44
100
AcDbDictionary
280
     1
281
     1
  3
ACAD_XREC_ROUNDTRIP
360
5CC
  0
DICTIONARY
  5
5CF
330
46
100
AcDbDictionary
280
     1
281
     1
  3
ACAD_XREC_ROUNDTRIP
360
5D0
  0
DICTIONARY
  5
5D2
330
5C
100
AcDbDictionary
280
     1
281
     1
  3
ACAD_XREC_ROUNDTRIP
360
5D3
  0
DICTIONARY
  5
5A3
330
2F
100
AcDbDictionary
280
     1
281
     1
  3
ACAD_XREC_ROUNDTRIP
360
5A4
  0
DICTIONARY
  5
5A9
330
32
100
AcDbDictionary
280
     1
281
     1
  3
ACAD_XREC_ROUNDTRIP
360
5AA
  0
DICTIONARY
  5
5B1
330
36
100
AcDbDictionary
280
     1
281
     1
  3
ACAD_XREC_ROUNDTRIP
360
5B2
  0
DICTIONARY
  5
5B9
330
3A
100
AcDbDictionary
280
     1
281
     1
  3
ACAD_XREC_ROUNDTRIP
360
5BA
  0
DICTIONARY
  5
5AD
330
34
100
AcDbDictionary
280
     1
281
     1
  3
ACAD_XREC_ROUNDTRIP
360
5AE
  0
DICTIONARY
  5
5AF
330
35
100
AcDbDictionary
280
     1
281
     1
  3
ACAD_XREC_ROUNDTRIP
360
5B0
  0
DICTIONARY
  5
5BF
330
3D
100
AcDbDictionary
280
     1
281
     1
  3
ACAD_XREC_ROUNDTRIP
360
5C0
  0
DICTIONARY
  5
5B7
330
39
100
AcDbDictionary
280
     1
281
     1
  3
ACAD_XREC_ROUNDTRIP
360
5B8
  0
DICTIONARY
  5
59B
330
2B
100
AcDbDictionary
280
     1
281
     1
  3
ACAD_XREC_ROUNDTRIP
360
59C
  0
DICTIONARY
  5
59D
330
2C
100
AcDbDictionary
280
     1
281
     1
  3
ACAD_XREC_ROUNDTRIP
360
59E
  0
DICTIONARY
  5
59F
330
2D
100
AcDbDictionary
280
     1
281
     1
  3
ACAD_XREC_ROUNDTRIP
360
5A0
  0
DICTIONARY
  5
5A1
330
2E
100
AcDbDictionary
280
     1
281
     1
  3
ACAD_XREC_ROUNDTRIP
360
5A2
  0
DICTIONARY
  5
5A7
330
31
100
AcDbDictionary
280
     1
281
     1
  3
ACAD_XREC_ROUNDTRIP
360
5A8
  0
DICTIONARY
  5
5BB
330
3B
100
AcDbDictionary
280
     1
281
     1
  3
ACAD_XREC_ROUNDTRIP
360
5BC
  0
DICTIONARY
  5
5B5
330
38
100
AcDbDictionary
280
     1
281
     1
  3
ACAD_XREC_ROUNDTRIP
360
5B6
  0
DICTIONARY
  5
5BD
330
3C
100
AcDbDictionary
280
     1
281
     1
  3
ACAD_XREC_ROUNDTRIP
360
5BE
  0
DICTIONARY
  5
5AB
330
33
100
AcDbDictionary
280
     1
281
     1
  3
ACAD_XREC_ROUNDTRIP
360
5AC
  0
DICTIONARY
  5
5C9
330
42
100
AcDbDictionary
280
     1
281
     1
  3
ACAD_XREC_ROUNDTRIP
360
5CA
  0
DICTIONARY
  5
5C7
330
41
100
AcDbDictionary
280
     1
281
     1
  3
ACAD_XREC_ROUNDTRIP
360
5C8
  0
DICTIONARY
  5
5C1
330
3E
100
AcDbDictionary
280
     1
281
     1
  3
ACAD_XREC_ROUNDTRIP
360
5C2
  0
DICTIONARY
  5
5C3
330
3F
100
AcDbDictionary
280
     1
281
     1
  3
ACAD_XREC_ROUNDTRIP
360
5C4
  0
DICTIONARY
  5
5B3
330
37
100
AcDbDictionary
280
     1
281
     1
  3
ACAD_XREC_ROUNDTRIP
360
5B4
  0
DICTIONARY
  5
5A5
330
30
100
AcDbDictionary
280
     1
281
     1
  3
ACAD_XREC_ROUNDTRIP
360
5A6
  0
DICTIONARY
  5
5C5
330
40
100
AcDbDictionary
280
     1
281
     1
  3
ACAD_XREC_ROUNDTRIP
360
5C6
  0
XRECORD
  5
5CE
102
{ACAD_REACTORS
330
5CD
102
}
330
5CD
100
AcDbXrecord
280
     1
102
MATERIAL
148
0.0
149
0.0
149
0.0
 93
        0
 94
      127
282
     0
 72
     1
 77
     1
171
     1
175
     1
179
     1
273
     0
  0
XRECORD
  5
5CC
102
{ACAD_REACTORS
330
5CB
102
}
330
5CB
100
AcDbXrecord
280
     1
102
MATERIAL
148
0.0
149
0.0
149
0.0
 93
        0
 94
      127
282
     0
 72
     1
 77
     1
171
     1
175
     1
179
     1
273
     0
  0
XRECORD
  5
5D0
102
{ACAD_REACTORS
330
5CF
102
}
330
5CF
100
AcDbXrecord
280
     1
102
MATERIAL
148
0.0
149
0.0
149
0.0
 93
        0
 94
      127
282
     0
 72
     1
 77
     1
171
     1
175
     1
179
     1
273
     0
  0
XRECORD
  5
5D3
102
{ACAD_REACTORS
330
5D2
102
}
330
5D2
100
AcDbXrecord
280
     1
102
ACAD_ROUNDTRIP_2010_MLEADER_STYLE
  0
XRECORD
  5
5A4
102
{ACAD_REACTORS
330
5A3
102
}
330
5A3
100
AcDbXrecord
280
     1
102
RTVSPropertyOp0
 70
     1
102
RTVSPropertyOp1
 70
     1
102
RTVSPropertyOp2
 70
     1
102
RTVSPropertyOp3
 70
     1
102
RTVSPropertyOp4
 70
     1
102
RTVSPropertyOp5
 70
     1
102
RTVSPropertyOp6
 70
     1
102
RTVSPropertyOp7
 70
     1
102
RTVSPropertyOp8
 70
     1
102
RTVSPropertyOp9
 70
     1
102
RTVSPropertyOp10
 70
     1
102
RTVSPropertyOp11
 70
     1
102
RTVSPropertyOp12
 70
     1
102
RTVSPropertyOp13
 70
     1
102
RTVSPropertyOp14
 70
     1
102
RTVSPropertyOp15
 70
     1
102
RTVSPropertyOp16
 70
     1
102
RTVSPropertyOp17
 70
     1
102
RTVSPropertyOp18
 70
     1
102
RTVSPropertyOp19
 70
     1
102
RTVSPropertyOp20
 70
     1
102
RTVSPropertyOp21
 70
     1
102
RTVSPropertyOp22
 70
     1
102
RTVSPropertyOp23
 70
     1
102
RTVSPropertyOp24
 70
     1
102
RTVSPropertyOp25
 70
     1
102
RTVSPropertyOp26
 70
     1
102
RTVSPropertyOp27
 70
     1
102
RTVSPropertyOp28
 70
     1
102
RTVSPropertyOp29
 70
     1
102
RTVSPropertyOp30
 70
     1
102
RTVSPropertyOp31
 70
     1
102
RTVSPropertyOp32
 70
     1
102
RTVSPropertyOp33
 70
     1
102
RTVSPropertyOp34
 70
     1
102
RTVSPropertyOp35
 70
     1
102
RTVSPropertyOp36
 70
     1
102
RTVSPropertyOp37
 70
     1
102
RTVSPropertyOp38
 70
     1
102
RTVSPropertyOp39
 70
     1
102
RTVSPropertyOp40
 70
     1
102
RTVSPropertyOp41
 70
     1
102
RTVSPropertyOp42
 70
     1
102
RTVSPropertyOp43
 70
     1
102
RTVSPropertyOp44
 70
     1
102
RTVSPropertyOp45
 70
     1
102
RTVSPropertyOp46
 70
     1
102
RTVSPropertyOp47
 70
     1
102
RTVSPropertyOp48
 70
     1
102
RTVSPropertyOp49
 70
     1
102
RTVSPropertyOp50
 70
     1
102
RTVSPropertyOp51
 70
     0
102
RTVSPropertyOp52
 70
     0
102
RTVSPropertyOp53
 70
     1
102
RTVSPropertyOp54
 70
     1
102
RTVSPropertyOp55
 70
     1
102
RTVSPropertyOp56
 70
     1
102
RTVSPropertyOp57
 70
     1
102
RTVSPost2010Prop28
280
     1
102
RTVSPost2010PropOp28
 70
     1
102
RTVSPost2010Prop29
280
     1
102
RTVSPost2010PropOp29
 70
     1
102
RTVSPost2010Prop30
280
     0
102
RTVSPost2010PropOp30
 70
     1
102
RTVSPost2010Prop31
280
     0
102
RTVSPost2010PropOp31
 70
     1
102
RTVSPost2010Prop32
280
     0
102
RTVSPost2010PropOp32
 70
     1
102
RTVSPost2010Prop33
280
     0
102
RTVSPost2010PropOp33
 70
     1
102
RTVSPost2010Prop34
280
     0
102
RTVSPost2010PropOp34
 70
     1
102
RTVSPost2010Prop35
280
     0
102
RTVSPost2010PropOp35
 70
     1
102
RTVSPost2010Prop36
280
     0
102
RTVSPost2010PropOp36
 70
     1
102
RTVSPost2010Prop37
 90
       50
102
RTVSPost2010PropOp37
 70
     1
102
RTVSPost2010Prop38
140
0.0
102
RTVSPost2010PropOp38
 70
     1
102
RTVSPost2010Prop39
140
1.0
102
RTVSPost2010PropOp39
 70
     1
102
RTVSPost2010Prop40
 90
        0
102
RTVSPost2010PropOp40
 70
     1
102
RTVSPost2010Prop41ColorIndex
 90
       18
102
RTVSPost2010Prop41ColorRGB
 90
        0
102
RTVSPost2010PropOp41
 70
     1
102
RTVSPost2010Prop42
 90
       50
102
RTVSPost2010PropOp42
 70
     1
102
RTVSPost2010Prop43
 90
        3
102
RTVSPost2010PropOp43
 70
     1
102
RTVSPost2010Prop44ColorIndex
 90
        5
102
RTVSPost2010Prop44ColorRGB
 90
      255
102
RTVSPost2010PropOp44
 70
     1
102
RTVSPost2010Prop45
280
     0
102
RTVSPost2010PropOp45
 70
     1
102
RTVSPost2010Prop46
 90
       50
102
RTVSPost2010PropOp46
 70
     1
102
RTVSPost2010Prop47
 90
       50
102
RTVSPost2010PropOp47
 70
     1
102
RTVSPost2010Prop48
 90
       50
102
RTVSPost2010PropOp48
 70
     1
102
RTVSPost2010Prop49
280
     0
102
RTVSPost2010PropOp49
 70
     1
102
RTVSPost2010Prop50
 90
       50
102
RTVSPost2010PropOp50
 70
     1
102
RTVSPost2010Prop51ColorIndex
 90
      256
102
RTVSPost2010Prop51ColorRGB
 90
-16777216
102
RTVSPost2010PropOp51
 70
     0
102
RTVSPost2010Prop52
140
1.0
102
RTVSPost2010PropOp52
 70
     0
102
RTVSPost2010Prop53
 90
        2
102
RTVSPost2010PropOp53
 70
     1
102
RTVSPost2010Prop54
  1
strokes_ogs.tif
102
RTVSPost2010PropOp54
 70
     1
102
RTVSPost2010Prop55
280
     0
102
RTVSPost2010PropOp55
 70
     1
102
RTVSPost2010Prop56
140
1.0
102
RTVSPost2010PropOp56
 70
     1
102
RTVSPost2010Prop57
140
1.0
102
RTVSPost2010PropOp57
 70
     1
  0
XRECORD
  5
5AA
102
{ACAD_REACTORS
330
5A9
102
}
330
5A9
100
AcDbXrecord
280
     1
102
RTVSPropertyOp0
 70
     1
102
RTVSPropertyOp1
 70
     1
102
RTVSPropertyOp2
 70
     1
102
RTVSPropertyOp3
 70
     1
102
RTVSPropertyOp4
 70
     1
102
RTVSPropertyOp5
 70
     1
102
RTVSPropertyOp6
 70
     1
102
RTVSPropertyOp7
 70
     1
102
RTVSPropertyOp8
 70
     1
102
RTVSPropertyOp9
 70
     1
102
RTVSPropertyOp10
 70
     1
102
RTVSPropertyOp11
 70
     1
102
RTVSPropertyOp12
 70
     1
102
RTVSPropertyOp13
 70
     1
102
RTVSPropertyOp14
 70
     1
102
RTVSPropertyOp15
 70
     1
102
RTVSPropertyOp16
 70
     1
102
RTVSPropertyOp17
 70
     1
102
RTVSPropertyOp18
 70
     1
102
RTVSPropertyOp19
 70
     1
102
RTVSPropertyOp20
 70
     1
102
RTVSPropertyOp21
 70
     1
102
RTVSPropertyOp22
 70
     1
102
RTVSPropertyOp23
 70
     1
102
RTVSPropertyOp24
 70
     1
102
RTVSPropertyOp25
 70
     1
102
RTVSPropertyOp26
 70
     1
102
RTVSPropertyOp27
 70
     1
102
RTVSPropertyOp28
 70
     1
102
RTVSPropertyOp29
 70
     1
102
RTVSPropertyOp30
 70
     1
102
RTVSPropertyOp31
 70
     1
102
RTVSPropertyOp32
 70
     1
102
RTVSPropertyOp33
 70
     1
102
RTVSPropertyOp34
 70
     1
102
RTVSPropertyOp35
 70
     1
102
RTVSPropertyOp36
 70
     1
102
RTVSPropertyOp37
 70
     1
102
RTVSPropertyOp38
 70
     1
102
RTVSPropertyOp39
 70
     1
102
RTVSPropertyOp40
 70
     1
102
RTVSPropertyOp41
 70
     1
102
RTVSPropertyOp42
 70
     1
102
RTVSPropertyOp43
 70
     1
102
RTVSPropertyOp44
 70
     1
102
RTVSPropertyOp45
 70
     1
102
RTVSPropertyOp46
 70
     1
102
RTVSPropertyOp47
 70
     1
102
RTVSPropertyOp48
 70
     1
102
RTVSPropertyOp49
 70
     1
102
RTVSPropertyOp50
 70
     1
102
RTVSPropertyOp51
 70
     0
102
RTVSPropertyOp52
 70
     0
102
RTVSPropertyOp53
 70
     1
102
RTVSPropertyOp54
 70
     1
102
RTVSPropertyOp55
 70
     1
102
RTVSPropertyOp56
 70
     1
102
RTVSPropertyOp57
 70
     1
102
RTVSPost2010Prop28
280
     0
102
RTVSPost2010PropOp28
 70
     1
102
RTVSPost2010Prop29
280
     1
102
RTVSPost2010PropOp29
 70
     1
102
RTVSPost2010Prop30
280
     1
102
RTVSPost2010PropOp30
 70
     1
102
RTVSPost2010Prop31
280
     0
102
RTVSPost2010PropOp31
 70
     1
102
RTVSPost2010Prop32
280
     0
102
RTVSPost2010PropOp32
 70
     1
102
RTVSPost2010Prop33
280
     0
102
RTVSPost2010PropOp33
 70
     1
102
RTVSPost2010Prop34
280
     0
102
RTVSPost2010PropOp34
 70
     1
102
RTVSPost2010Prop35
280
     0
102
RTVSPost2010PropOp35
 70
     1
102
RTVSPost2010Prop36
280
     0
102
RTVSPost2010PropOp36
 70
     1
102
RTVSPost2010Prop37
 90
       50
102
RTVSPost2010PropOp37
 70
     1
102
RTVSPost2010Prop38
140
0.0
102
RTVSPost2010PropOp38
 70
     1
102
RTVSPost2010Prop39
140
1.0
102
RTVSPost2010PropOp39
 70
     1
102
RTVSPost2010Prop40
 90
        0
102
RTVSPost2010PropOp40
 70
     1
102
RTVSPost2010Prop41ColorIndex
 90
       18
102
RTVSPost2010Prop41ColorRGB
 90
        0
102
RTVSPost2010PropOp41
 70
     1
102
RTVSPost2010Prop42
 90
       50
102
RTVSPost2010PropOp42
 70
     1
102
RTVSPost2010Prop43
 90
        3
102
RTVSPost2010PropOp43
 70
     1
102
RTVSPost2010Prop44ColorIndex
 90
        5
102
RTVSPost2010Prop44ColorRGB
 90
      255
102
RTVSPost2010PropOp44
 70
     1
102
RTVSPost2010Prop45
280
     0
102
RTVSPost2010PropOp45
 70
     1
102
RTVSPost2010Prop46
 90
       50
102
RTVSPost2010PropOp46
 70
     1
102
RTVSPost2010Prop47
 90
       50
102
RTVSPost2010PropOp47
 70
     1
102
RTVSPost2010Prop48
 90
       50
102
RTVSPost2010PropOp48
 70
     1
102
RTVSPost2010Prop49
280
     0
102
RTVSPost2010PropOp49
 70
     1
102
RTVSPost2010Prop50
 90
       50
102
RTVSPost2010PropOp50
 70
     1
102
RTVSPost2010Prop51ColorIndex
 90
      256
102
RTVSPost2010Prop51ColorRGB
 90
-16777216
102
RTVSPost2010PropOp51
 70
     0
102
RTVSPost2010Prop52
140
1.0
102
RTVSPost2010PropOp52
 70
     0
102
RTVSPost2010Prop53
 90
        2
102
RTVSPost2010PropOp53
 70
     1
102
RTVSPost2010Prop54
  1
strokes_ogs.tif
102
RTVSPost2010PropOp54
 70
     1
102
RTVSPost2010Prop55
280
     0
102
RTVSPost2010PropOp55
 70
     1
102
RTVSPost2010Prop56
140
1.0
102
RTVSPost2010PropOp56
 70
     1
102
RTVSPost2010Prop57
140
1.0
102
RTVSPost2010PropOp57
 70
     1
  0
XRECORD
  5
5B2
102
{ACAD_REACTORS
330
5B1
102
}
330
5B1
100
AcDbXrecord
280
     1
102
RTVSPropertyOp0
 70
     1
102
RTVSPropertyOp1
 70
     1
102
RTVSPropertyOp2
 70
     1
102
RTVSPropertyOp3
 70
     1
102
RTVSPropertyOp4
 70
     1
102
RTVSPropertyOp5
 70
     1
102
RTVSPropertyOp6
 70
     1
102
RTVSPropertyOp7
 70
     1
102
RTVSPropertyOp8
 70
     1
102
RTVSPropertyOp9
 70
     1
102
RTVSPropertyOp10
 70
     1
102
RTVSPropertyOp11
 70
     1
102
RTVSPropertyOp12
 70
     1
102
RTVSPropertyOp13
 70
     1
102
RTVSPropertyOp14
 70
     1
102
RTVSPropertyOp15
 70
     1
102
RTVSPropertyOp16
 70
     1
102
RTVSPropertyOp17
 70
     1
102
RTVSPropertyOp18
 70
     1
102
RTVSPropertyOp19
 70
     1
102
RTVSPropertyOp20
 70
     1
102
RTVSPropertyOp21
 70
     1
102
RTVSPropertyOp22
 70
     1
102
RTVSPropertyOp23
 70
     1
102
RTVSPropertyOp24
 70
     1
102
RTVSPropertyOp25
 70
     1
102
RTVSPropertyOp26
 70
     1
102
RTVSPropertyOp27
 70
     1
102
RTVSPropertyOp28
 70
     1
102
RTVSPropertyOp29
 70
     1
102
RTVSPropertyOp30
 70
     1
102
RTVSPropertyOp31
 70
     1
102
RTVSPropertyOp32
 70
     1
102
RTVSPropertyOp33
 70
     1
102
RTVSPropertyOp34
 70
     1
102
RTVSPropertyOp35
 70
     1
102
RTVSPropertyOp36
 70
     1
102
RTVSPropertyOp37
 70
     1
102
RTVSPropertyOp38
 70
     1
102
RTVSPropertyOp39
 70
     1
102
RTVSPropertyOp40
 70
     1
102
RTVSPropertyOp41
 70
     1
102
RTVSPropertyOp42
 70
     1
102
RTVSPropertyOp43
 70
     1
102
RTVSPropertyOp44
 70
     1
102
RTVSPropertyOp45
 70
     1
102
RTVSPropertyOp46
 70
     1
102
RTVSPropertyOp47
 70
     1
102
RTVSPropertyOp48
 70
     1
102
RTVSPropertyOp49
 70
     1
102
RTVSPropertyOp50
 70
     1
102
RTVSPropertyOp51
 70
     0
102
RTVSPropertyOp52
 70
     0
102
RTVSPropertyOp53
 70
     1
102
RTVSPropertyOp54
 70
     1
102
RTVSPropertyOp55
 70
     1
102
RTVSPropertyOp56
 70
     1
102
RTVSPropertyOp57
 70
     1
102
RTVSPost2010Prop28
280
     0
102
RTVSPost2010PropOp28
 70
     1
102
RTVSPost2010Prop29
280
     1
102
RTVSPost2010PropOp29
 70
     1
102
RTVSPost2010Prop30
280
     1
102
RTVSPost2010PropOp30
 70
     1
102
RTVSPost2010Prop31
280
     0
102
RTVSPost2010PropOp31
 70
     1
102
RTVSPost2010Prop32
280
     0
102
RTVSPost2010PropOp32
 70
     1
102
RTVSPost2010Prop33
280
     0
102
RTVSPost2010PropOp33
 70
     1
102
RTVSPost2010Prop34
280
     0
102
RTVSPost2010PropOp34
 70
     1
102
RTVSPost2010Prop35
280
     0
102
RTVSPost2010PropOp35
 70
     1
102
RTVSPost2010Prop36
280
     0
102
RTVSPost2010PropOp36
 70
     1
102
RTVSPost2010Prop37
 90
       50
102
RTVSPost2010PropOp37
 70
     1
102
RTVSPost2010Prop38
140
0.0
102
RTVSPost2010PropOp38
 70
     1
102
RTVSPost2010Prop39
140
1.0
102
RTVSPost2010PropOp39
 70
     1
102
RTVSPost2010Prop40
 90
        0
102
RTVSPost2010PropOp40
 70
     1
102
RTVSPost2010Prop41ColorIndex
 90
       18
102
RTVSPost2010Prop41ColorRGB
 90
        0
102
RTVSPost2010PropOp41
 70
     1
102
RTVSPost2010Prop42
 90
       50
102
RTVSPost2010PropOp42
 70
     1
102
RTVSPost2010Prop43
 90
        3
102
RTVSPost2010PropOp43
 70
     1
102
RTVSPost2010Prop44ColorIndex
 90
        5
102
RTVSPost2010Prop44ColorRGB
 90
      255
102
RTVSPost2010PropOp44
 70
     1
102
RTVSPost2010Prop45
280
     0
102
RTVSPost2010PropOp45
 70
     1
102
RTVSPost2010Prop46
 90
       50
102
RTVSPost2010PropOp46
 70
     1
102
RTVSPost2010Prop47
 90
       50
102
RTVSPost2010PropOp47
 70
     1
102
RTVSPost2010Prop48
 90
       50
102
RTVSPost2010PropOp48
 70
     1
102
RTVSPost2010Prop49
280
     0
102
RTVSPost2010PropOp49
 70
     1
102
RTVSPost2010Prop50
 90
       50
102
RTVSPost2010PropOp50
 70
     1
102
RTVSPost2010Prop51ColorIndex
 90
      256
102
RTVSPost2010Prop51ColorRGB
 90
-16777216
102
RTVSPost2010PropOp51
 70
     0
102
RTVSPost2010Prop52
140
1.0
102
RTVSPost2010PropOp52
 70
     0
102
RTVSPost2010Prop53
 90
        2
102
RTVSPost2010PropOp53
 70
     1
102
RTVSPost2010Prop54
  1
strokes_ogs.tif
102
RTVSPost2010PropOp54
 70
     1
102
RTVSPost2010Prop55
280
     0
102
RTVSPost2010PropOp55
 70
     1
102
RTVSPost2010Prop56
140
1.0
102
RTVSPost2010PropOp56
 70
     1
102
RTVSPost2010Prop57
140
1.0
102
RTVSPost2010PropOp57
 70
     1
  0
XRECORD
  5
5BA
102
{ACAD_REACTORS
330
5B9
102
}
330
5B9
100
AcDbXrecord
280
     1
102
RTVSPropertyOp0
 70
     1
102
RTVSPropertyOp1
 70
     1
102
RTVSPropertyOp2
 70
     1
102
RTVSPropertyOp3
 70
     1
102
RTVSPropertyOp4
 70
     1
102
RTVSPropertyOp5
 70
     1
102
RTVSPropertyOp6
 70
     1
102
RTVSPropertyOp7
 70
     1
102
RTVSPropertyOp8
 70
     1
102
RTVSPropertyOp9
 70
     1
102
RTVSPropertyOp10
 70
     1
102
RTVSPropertyOp11
 70
     1
102
RTVSPropertyOp12
 70
     1
102
RTVSPropertyOp13
 70
     1
102
RTVSPropertyOp14
 70
     1
102
RTVSPropertyOp15
 70
     1
102
RTVSPropertyOp16
 70
     1
102
RTVSPropertyOp17
 70
     1
102
RTVSPropertyOp18
 70
     1
102
RTVSPropertyOp19
 70
     1
102
RTVSPropertyOp20
 70
     1
102
RTVSPropertyOp21
 70
     1
102
RTVSPropertyOp22
 70
     1
102
RTVSPropertyOp23
 70
     1
102
RTVSPropertyOp24
 70
     1
102
RTVSPropertyOp25
 70
     1
102
RTVSPropertyOp26
 70
     1
102
RTVSPropertyOp27
 70
     1
102
RTVSPropertyOp28
 70
     1
102
RTVSPropertyOp29
 70
     1
102
RTVSPropertyOp30
 70
     1
102
RTVSPropertyOp31
 70
     1
102
RTVSPropertyOp32
 70
     1
102
RTVSPropertyOp33
 70
     1
102
RTVSPropertyOp34
 70
     1
102
RTVSPropertyOp35
 70
     1
102
RTVSPropertyOp36
 70
     1
102
RTVSPropertyOp37
 70
     1
102
RTVSPropertyOp38
 70
     1
102
RTVSPropertyOp39
 70
     1
102
RTVSPropertyOp40
 70
     1
102
RTVSPropertyOp41
 70
     1
102
RTVSPropertyOp42
 70
     1
102
RTVSPropertyOp43
 70
     1
102
RTVSPropertyOp44
 70
     1
102
RTVSPropertyOp45
 70
     1
102
RTVSPropertyOp46
 70
     1
102
RTVSPropertyOp47
 70
     1
102
RTVSPropertyOp48
 70
     1
102
RTVSPropertyOp49
 70
     1
102
RTVSPropertyOp50
 70
     1
102
RTVSPropertyOp51
 70
     0
102
RTVSPropertyOp52
 70
     0
102
RTVSPropertyOp53
 70
     1
102
RTVSPropertyOp54
 70
     1
102
RTVSPropertyOp55
 70
     1
102
RTVSPropertyOp56
 70
     1
102
RTVSPropertyOp57
 70
     1
102
RTVSPost2010Prop28
280
     0
102
RTVSPost2010PropOp28
 70
     1
102
RTVSPost2010Prop29
280
     1
102
RTVSPost2010PropOp29
 70
     1
102
RTVSPost2010Prop30
280
     1
102
RTVSPost2010PropOp30
 70
     1
102
RTVSPost2010Prop31
280
     0
102
RTVSPost2010PropOp31
 70
     1
102
RTVSPost2010Prop32
280
     0
102
RTVSPost2010PropOp32
 70
     1
102
RTVSPost2010Prop33
280
     0
102
RTVSPost2010PropOp33
 70
     1
102
RTVSPost2010Prop34
280
     0
102
RTVSPost2010PropOp34
 70
     1
102
RTVSPost2010Prop35
280
     0
102
RTVSPost2010PropOp35
 70
     1
102
RTVSPost2010Prop36
280
     0
102
RTVSPost2010PropOp36
 70
     1
102
RTVSPost2010Prop37
 90
       50
102
RTVSPost2010PropOp37
 70
     1
102
RTVSPost2010Prop38
140
0.0
102
RTVSPost2010PropOp38
 70
     1
102
RTVSPost2010Prop39
140
1.0
102
RTVSPost2010PropOp39
 70
     1
102
RTVSPost2010Prop40
 90
        0
102
RTVSPost2010PropOp40
 70
     1
102
RTVSPost2010Prop41ColorIndex
 90
       18
102
RTVSPost2010Prop41ColorRGB
 90
        0
102
RTVSPost2010PropOp41
 70
     1
102
RTVSPost2010Prop42
 90
       50
102
RTVSPost2010PropOp42
 70
     1
102
RTVSPost2010Prop43
 90
        3
102
RTVSPost2010PropOp43
 70
     1
102
RTVSPost2010Prop44ColorIndex
 90
        5
102
RTVSPost2010Prop44ColorRGB
 90
      255
102
RTVSPost2010PropOp44
 70
     1
102
RTVSPost2010Prop45
280
     0
102
RTVSPost2010PropOp45
 70
     1
102
RTVSPost2010Prop46
 90
       50
102
RTVSPost2010PropOp46
 70
     1
102
RTVSPost2010Prop47
 90
       50
102
RTVSPost2010PropOp47
 70
     1
102
RTVSPost2010Prop48
 90
       50
102
RTVSPost2010PropOp48
 70
     1
102
RTVSPost2010Prop49
280
     0
102
RTVSPost2010PropOp49
 70
     1
102
RTVSPost2010Prop50
 90
       50
102
RTVSPost2010PropOp50
 70
     1
102
RTVSPost2010Prop51ColorIndex
 90
      256
102
RTVSPost2010Prop51ColorRGB
 90
-16777216
102
RTVSPost2010PropOp51
 70
     0
102
RTVSPost2010Prop52
140
1.0
102
RTVSPost2010PropOp52
 70
     0
102
RTVSPost2010Prop53
 90
        2
102
RTVSPost2010PropOp53
 70
     1
102
RTVSPost2010Prop54
  1
strokes_ogs.tif
102
RTVSPost2010PropOp54
 70
     1
102
RTVSPost2010Prop55
280
     0
102
RTVSPost2010PropOp55
 70
     1
102
RTVSPost2010Prop56
140
1.0
102
RTVSPost2010PropOp56
 70
     1
102
RTVSPost2010Prop57
140
1.0
102
RTVSPost2010PropOp57
 70
     1
  0
XRECORD
  5
5AE
102
{ACAD_REACTORS
330
5AD
102
}
330
5AD
100
AcDbXrecord
280
     1
102
RTVSPropertyOp0
 70
     1
102
RTVSPropertyOp1
 70
     1
102
RTVSPropertyOp2
 70
     1
102
RTVSPropertyOp3
 70
     1
102
RTVSPropertyOp4
 70
     1
102
RTVSPropertyOp5
 70
     1
102
RTVSPropertyOp6
 70
     1
102
RTVSPropertyOp7
 70
     1
102
RTVSPropertyOp8
 70
     1
102
RTVSPropertyOp9
 70
     1
102
RTVSPropertyOp10
 70
     1
102
RTVSPropertyOp11
 70
     1
102
RTVSPropertyOp12
 70
     1
102
RTVSPropertyOp13
 70
     1
102
RTVSPropertyOp14
 70
     1
102
RTVSPropertyOp15
 70
     1
102
RTVSPropertyOp16
 70
     1
102
RTVSPropertyOp17
 70
     1
102
RTVSPropertyOp18
 70
     1
102
RTVSPropertyOp19
 70
     1
102
RTVSPropertyOp20
 70
     1
102
RTVSPropertyOp21
 70
     1
102
RTVSPropertyOp22
 70
     1
102
RTVSPropertyOp23
 70
     1
102
RTVSPropertyOp24
 70
     1
102
RTVSPropertyOp25
 70
     1
102
RTVSPropertyOp26
 70
     1
102
RTVSPropertyOp27
 70
     1
102
RTVSPropertyOp28
 70
     1
102
RTVSPropertyOp29
 70
     1
102
RTVSPropertyOp30
 70
     1
102
RTVSPropertyOp31
 70
     1
102
RTVSPropertyOp32
 70
     1
102
RTVSPropertyOp33
 70
     1
102
RTVSPropertyOp34
 70
     1
102
RTVSPropertyOp35
 70
     1
102
RTVSPropertyOp36
 70
     1
102
RTVSPropertyOp37
 70
     1
102
RTVSPropertyOp38
 70
     1
102
RTVSPropertyOp39
 70
     1
102
RTVSPropertyOp40
 70
     1
102
RTVSPropertyOp41
 70
     1
102
RTVSPropertyOp42
 70
     1
102
RTVSPropertyOp43
 70
     1
102
RTVSPropertyOp44
 70
     1
102
RTVSPropertyOp45
 70
     1
102
RTVSPropertyOp46
 70
     1
102
RTVSPropertyOp47
 70
     1
102
RTVSPropertyOp48
 70
     1
102
RTVSPropertyOp49
 70
     1
102
RTVSPropertyOp50
 70
     1
102
RTVSPropertyOp51
 70
     0
102
RTVSPropertyOp52
 70
     0
102
RTVSPropertyOp53
 70
     1
102
RTVSPropertyOp54
 70
     1
102
RTVSPropertyOp55
 70
     1
102
RTVSPropertyOp56
 70
     1
102
RTVSPropertyOp57
 70
     1
102
RTVSPost2010Prop28
280
     0
102
RTVSPost2010PropOp28
 70
     1
102
RTVSPost2010Prop29
280
     1
102
RTVSPost2010PropOp29
 70
     1
102
RTVSPost2010Prop30
280
     1
102
RTVSPost2010PropOp30
 70
     1
102
RTVSPost2010Prop31
280
     0
102
RTVSPost2010PropOp31
 70
     1
102
RTVSPost2010Prop32
280
     0
102
RTVSPost2010PropOp32
 70
     1
102
RTVSPost2010Prop33
280
     0
102
RTVSPost2010PropOp33
 70
     1
102
RTVSPost2010Prop34
280
     0
102
RTVSPost2010PropOp34
 70
     1
102
RTVSPost2010Prop35
280
     0
102
RTVSPost2010PropOp35
 70
     1
102
RTVSPost2010Prop36
280
     0
102
RTVSPost2010PropOp36
 70
     1
102
RTVSPost2010Prop37
 90
       50
102
RTVSPost2010PropOp37
 70
     1
102
RTVSPost2010Prop38
140
0.0
102
RTVSPost2010PropOp38
 70
     1
102
RTVSPost2010Prop39
140
1.0
102
RTVSPost2010PropOp39
 70
     1
102
RTVSPost2010Prop40
 90
        0
102
RTVSPost2010PropOp40
 70
     1
102
RTVSPost2010Prop41ColorIndex
 90
       18
102
RTVSPost2010Prop41ColorRGB
 90
        0
102
RTVSPost2010PropOp41
 70
     1
102
RTVSPost2010Prop42
 90
       50
102
RTVSPost2010PropOp42
 70
     1
102
RTVSPost2010Prop43
 90
        3
102
RTVSPost2010PropOp43
 70
     1
102
RTVSPost2010Prop44ColorIndex
 90
        5
102
RTVSPost2010Prop44ColorRGB
 90
      255
102
RTVSPost2010PropOp44
 70
     1
102
RTVSPost2010Prop45
280
     0
102
RTVSPost2010PropOp45
 70
     1
102
RTVSPost2010Prop46
 90
       50
102
RTVSPost2010PropOp46
 70
     1
102
RTVSPost2010Prop47
 90
       50
102
RTVSPost2010PropOp47
 70
     1
102
RTVSPost2010Prop48
 90
       50
102
RTVSPost2010PropOp48
 70
     1
102
RTVSPost2010Prop49
280
     0
102
RTVSPost2010PropOp49
 70
     1
102
RTVSPost2010Prop50
 90
       50
102
RTVSPost2010PropOp50
 70
     1
102
RTVSPost2010Prop51ColorIndex
 90
      256
102
RTVSPost2010Prop51ColorRGB
 90
-16777216
102
RTVSPost2010PropOp51
 70
     0
102
RTVSPost2010Prop52
140
1.0
102
RTVSPost2010PropOp52
 70
     0
102
RTVSPost2010Prop53
 90
        2
102
RTVSPost2010PropOp53
 70
     1
102
RTVSPost2010Prop54
  1
strokes_ogs.tif
102
RTVSPost2010PropOp54
 70
     1
102
RTVSPost2010Prop55
280
     0
102
RTVSPost2010PropOp55
 70
     1
102
RTVSPost2010Prop56
140
1.0
102
RTVSPost2010PropOp56
 70
     1
102
RTVSPost2010Prop57
140
1.0
102
RTVSPost2010PropOp57
 70
     1
  0
XRECORD
  5
5B0
102
{ACAD_REACTORS
330
5AF
102
}
330
5AF
100
AcDbXrecord
280
     1
102
RTVSPropertyOp0
 70
     1
102
RTVSPropertyOp1
 70
     1
102
RTVSPropertyOp2
 70
     1
102
RTVSPropertyOp3
 70
     1
102
RTVSPropertyOp4
 70
     1
102
RTVSPropertyOp5
 70
     1
102
RTVSPropertyOp6
 70
     1
102
RTVSPropertyOp7
 70
     1
102
RTVSPropertyOp8
 70
     1
102
RTVSPropertyOp9
 70
     1
102
RTVSPropertyOp10
 70
     1
102
RTVSPropertyOp11
 70
     1
102
RTVSPropertyOp12
 70
     1
102
RTVSPropertyOp13
 70
     1
102
RTVSPropertyOp14
 70
     1
102
RTVSPropertyOp15
 70
     1
102
RTVSPropertyOp16
 70
     1
102
RTVSPropertyOp17
 70
     1
102
RTVSPropertyOp18
 70
     1
102
RTVSPropertyOp19
 70
     1
102
RTVSPropertyOp20
 70
     1
102
RTVSPropertyOp21
 70
     1
102
RTVSPropertyOp22
 70
     1
102
RTVSPropertyOp23
 70
     1
102
RTVSPropertyOp24
 70
     1
102
RTVSPropertyOp25
 70
     1
102
RTVSPropertyOp26
 70
     1
102
RTVSPropertyOp27
 70
     1
102
RTVSPropertyOp28
 70
     1
102
RTVSPropertyOp29
 70
     1
102
RTVSPropertyOp30
 70
     1
102
RTVSPropertyOp31
 70
     1
102
RTVSPropertyOp32
 70
     1
102
RTVSPropertyOp33
 70
     1
102
RTVSPropertyOp34
 70
     1
102
RTVSPropertyOp35
 70
     1
102
RTVSPropertyOp36
 70
     1
102
RTVSPropertyOp37
 70
     1
102
RTVSPropertyOp38
 70
     1
102
RTVSPropertyOp39
 70
     1
102
RTVSPropertyOp40
 70
     1
102
RTVSPropertyOp41
 70
     1
102
RTVSPropertyOp42
 70
     1
102
RTVSPropertyOp43
 70
     1
102
RTVSPropertyOp44
 70
     1
102
RTVSPropertyOp45
 70
     1
102
RTVSPropertyOp46
 70
     1
102
RTVSPropertyOp47
 70
     1
102
RTVSPropertyOp48
 70
     1
102
RTVSPropertyOp49
 70
     1
102
RTVSPropertyOp50
 70
     1
102
RTVSPropertyOp51
 70
     0
102
RTVSPropertyOp52
 70
     0
102
RTVSPropertyOp53
 70
     1
102
RTVSPropertyOp54
 70
     1
102
RTVSPropertyOp55
 70
     1
102
RTVSPropertyOp56
 70
     1
102
RTVSPropertyOp57
 70
     1
102
RTVSPost2010Prop28
280
     0
102
RTVSPost2010PropOp28
 70
     1
102
RTVSPost2010Prop29
280
     1
102
RTVSPost2010PropOp29
 70
     1
102
RTVSPost2010Prop30
280
     1
102
RTVSPost2010PropOp30
 70
     1
102
RTVSPost2010Prop31
280
     0
102
RTVSPost2010PropOp31
 70
     1
102
RTVSPost2010Prop32
280
     0
102
RTVSPost2010PropOp32
 70
     1
102
RTVSPost2010Prop33
280
     0
102
RTVSPost2010PropOp33
 70
     1
102
RTVSPost2010Prop34
280
     0
102
RTVSPost2010PropOp34
 70
     1
102
RTVSPost2010Prop35
280
     0
102
RTVSPost2010PropOp35
 70
     1
102
RTVSPost2010Prop36
280
     0
102
RTVSPost2010PropOp36
 70
     1
102
RTVSPost2010Prop37
 90
       50
102
RTVSPost2010PropOp37
 70
     1
102
RTVSPost2010Prop38
140
0.0
102
RTVSPost2010PropOp38
 70
     1
102
RTVSPost2010Prop39
140
1.0
102
RTVSPost2010PropOp39
 70
     1
102
RTVSPost2010Prop40
 90
        0
102
RTVSPost2010PropOp40
 70
     1
102
RTVSPost2010Prop41ColorIndex
 90
       18
102
RTVSPost2010Prop41ColorRGB
 90
        0
102
RTVSPost2010PropOp41
 70
     1
102
RTVSPost2010Prop42
 90
       50
102
RTVSPost2010PropOp42
 70
     1
102
RTVSPost2010Prop43
 90
        3
102
RTVSPost2010PropOp43
 70
     1
102
RTVSPost2010Prop44ColorIndex
 90
        5
102
RTVSPost2010Prop44ColorRGB
 90
      255
102
RTVSPost2010PropOp44
 70
     1
102
RTVSPost2010Prop45
280
     0
102
RTVSPost2010PropOp45
 70
     1
102
RTVSPost2010Prop46
 90
       50
102
RTVSPost2010PropOp46
 70
     1
102
RTVSPost2010Prop47
 90
       50
102
RTVSPost2010PropOp47
 70
     1
102
RTVSPost2010Prop48
 90
       50
102
RTVSPost2010PropOp48
 70
     1
102
RTVSPost2010Prop49
280
     0
102
RTVSPost2010PropOp49
 70
     1
102
RTVSPost2010Prop50
 90
       50
102
RTVSPost2010PropOp50
 70
     1
102
RTVSPost2010Prop51ColorIndex
 90
      256
102
RTVSPost2010Prop51ColorRGB
 90
-16777216
102
RTVSPost2010PropOp51
 70
     0
102
RTVSPost2010Prop52
140
1.0
102
RTVSPost2010PropOp52
 70
     0
102
RTVSPost2010Prop53
 90
        2
102
RTVSPost2010PropOp53
 70
     1
102
RTVSPost2010Prop54
  1
strokes_ogs.tif
102
RTVSPost2010PropOp54
 70
     1
102
RTVSPost2010Prop55
280
     0
102
RTVSPost2010PropOp55
 70
     1
102
RTVSPost2010Prop56
140
1.0
102
RTVSPost2010PropOp56
 70
     1
102
RTVSPost2010Prop57
140
1.0
102
RTVSPost2010PropOp57
 70
     1
  0
XRECORD
  5
5C0
102
{ACAD_REACTORS
330
5BF
102
}
330
5BF
100
AcDbXrecord
280
     1
102
RTVSPropertyOp0
 70
     0
102
RTVSPropertyOp1
 70
     0
102
RTVSPropertyOp2
 70
     0
102
RTVSPropertyOp3
 70
     0
102
RTVSPropertyOp4
 70
     0
102
RTVSPropertyOp5
 70
     0
102
RTVSPropertyOp6
 70
     0
102
RTVSPropertyOp7
 70
     0
102
RTVSPropertyOp8
 70
     0
102
RTVSPropertyOp9
 70
     0
102
RTVSPropertyOp10
 70
     0
102
RTVSPropertyOp11
 70
     0
102
RTVSPropertyOp12
 70
     0
102
RTVSPropertyOp13
 70
     0
102
RTVSPropertyOp14
 70
     2
102
RTVSPropertyOp15
 70
     0
102
RTVSPropertyOp16
 70
     0
102
RTVSPropertyOp17
 70
     0
102
RTVSPropertyOp18
 70
     0
102
RTVSPropertyOp19
 70
     0
102
RTVSPropertyOp20
 70
     0
102
RTVSPropertyOp21
 70
     0
102
RTVSPropertyOp22
 70
     0
102
RTVSPropertyOp23
 70
     0
102
RTVSPropertyOp24
 70
     0
102
RTVSPropertyOp25
 70
     0
102
RTVSPropertyOp26
 70
     0
102
RTVSPropertyOp27
 70
     0
102
RTVSPropertyOp28
 70
     0
102
RTVSPropertyOp29
 70
     0
102
RTVSPropertyOp30
 70
     0
102
RTVSPropertyOp31
 70
     0
102
RTVSPropertyOp32
 70
     0
102
RTVSPropertyOp33
 70
     0
102
RTVSPropertyOp34
 70
     0
102
RTVSPropertyOp35
 70
     0
102
RTVSPropertyOp36
 70
     0
102
RTVSPropertyOp37
 70
     0
102
RTVSPropertyOp38
 70
     0
102
RTVSPropertyOp39
 70
     0
102
RTVSPropertyOp40
 70
     0
102
RTVSPropertyOp41
 70
     0
102
RTVSPropertyOp42
 70
     0
102
RTVSPropertyOp43
 70
     0
102
RTVSPropertyOp44
 70
     0
102
RTVSPropertyOp45
 70
     0
102
RTVSPropertyOp46
 70
     0
102
RTVSPropertyOp47
 70
     0
102
RTVSPropertyOp48
 70
     0
102
RTVSPropertyOp49
 70
     0
102
RTVSPropertyOp50
 70
     0
102
RTVSPropertyOp51
 70
     0
102
RTVSPropertyOp52
 70
     0
102
RTVSPropertyOp53
 70
     0
102
RTVSPropertyOp54
 70
     0
102
RTVSPropertyOp55
 70
     0
102
RTVSPropertyOp56
 70
     0
102
RTVSPropertyOp57
 70
     0
102
RTVSPost2010Prop28
280
     0
102
RTVSPost2010PropOp28
 70
     0
102
RTVSPost2010Prop29
280
     1
102
RTVSPost2010PropOp29
 70
     0
102
RTVSPost2010Prop30
280
     1
102
RTVSPost2010PropOp30
 70
     0
102
RTVSPost2010Prop31
280
     0
102
RTVSPost2010PropOp31
 70
     0
102
RTVSPost2010Prop32
280
     0
102
RTVSPost2010PropOp32
 70
     0
102
RTVSPost2010Prop33
280
     0
102
RTVSPost2010PropOp33
 70
     0
102
RTVSPost2010Prop34
280
     0
102
RTVSPost2010PropOp34
 70
     0
102
RTVSPost2010Prop35
280
     0
102
RTVSPost2010PropOp35
 70
     0
102
RTVSPost2010Prop36
280
     0
102
RTVSPost2010PropOp36
 70
     0
102
RTVSPost2010Prop37
 90
       50
102
RTVSPost2010PropOp37
 70
     0
102
RTVSPost2010Prop38
140
0.0
102
RTVSPost2010PropOp38
 70
     0
102
RTVSPost2010Prop39
140
1.0
102
RTVSPost2010PropOp39
 70
     0
102
RTVSPost2010Prop40
 90
        0
102
RTVSPost2010PropOp40
 70
     0
102
RTVSPost2010Prop41ColorIndex
 90
       18
102
RTVSPost2010Prop41ColorRGB
 90
        0
102
RTVSPost2010PropOp41
 70
     0
102
RTVSPost2010Prop42
 90
       50
102
RTVSPost2010PropOp42
 70
     0
102
RTVSPost2010Prop43
 90
        3
102
RTVSPost2010PropOp43
 70
     0
102
RTVSPost2010Prop44ColorIndex
 90
        5
102
RTVSPost2010Prop44ColorRGB
 90
      255
102
RTVSPost2010PropOp44
 70
     0
102
RTVSPost2010Prop45
280
     0
102
RTVSPost2010PropOp45
 70
     0
102
RTVSPost2010Prop46
 90
       50
102
RTVSPost2010PropOp46
 70
     0
102
RTVSPost2010Prop47
 90
       50
102
RTVSPost2010PropOp47
 70
     0
102
RTVSPost2010Prop48
 90
       50
102
RTVSPost2010PropOp48
 70
     0
102
RTVSPost2010Prop49
280
     0
102
RTVSPost2010PropOp49
 70
     0
102
RTVSPost2010Prop50
 90
       50
102
RTVSPost2010PropOp50
 70
     0
102
RTVSPost2010Prop51ColorIndex
 90
      256
102
RTVSPost2010Prop51ColorRGB
 90
-16777216
102
RTVSPost2010PropOp51
 70
     0
102
RTVSPost2010Prop52
140
1.0
102
RTVSPost2010PropOp52
 70
     0
102
RTVSPost2010Prop53
 90
        2
102
RTVSPost2010PropOp53
 70
     0
102
RTVSPost2010Prop54
  1
strokes_ogs.tif
102
RTVSPost2010PropOp54
 70
     0
102
RTVSPost2010Prop55
280
     0
102
RTVSPost2010PropOp55
 70
     0
102
RTVSPost2010Prop56
140
1.0
102
RTVSPost2010PropOp56
 70
     0
102
RTVSPost2010Prop57
140
1.0
102
RTVSPost2010PropOp57
 70
     0
  0
XRECORD
  5
5B8
102
{ACAD_REACTORS
330
5B7
102
}
330
5B7
100
AcDbXrecord
280
     1
102
RTVSPropertyOp0
 70
     1
102
RTVSPropertyOp1
 70
     1
102
RTVSPropertyOp2
 70
     1
102
RTVSPropertyOp3
 70
     1
102
RTVSPropertyOp4
 70
     1
102
RTVSPropertyOp5
 70
     1
102
RTVSPropertyOp6
 70
     1
102
RTVSPropertyOp7
 70
     1
102
RTVSPropertyOp8
 70
     1
102
RTVSPropertyOp9
 70
     1
102
RTVSPropertyOp10
 70
     1
102
RTVSPropertyOp11
 70
     1
102
RTVSPropertyOp12
 70
     1
102
RTVSPropertyOp13
 70
     1
102
RTVSPropertyOp14
 70
     1
102
RTVSPropertyOp15
 70
     1
102
RTVSPropertyOp16
 70
     1
102
RTVSPropertyOp17
 70
     1
102
RTVSPropertyOp18
 70
     1
102
RTVSPropertyOp19
 70
     1
102
RTVSPropertyOp20
 70
     1
102
RTVSPropertyOp21
 70
     1
102
RTVSPropertyOp22
 70
     1
102
RTVSPropertyOp23
 70
     1
102
RTVSPropertyOp24
 70
     1
102
RTVSPropertyOp25
 70
     1
102
RTVSPropertyOp26
 70
     1
102
RTVSPropertyOp27
 70
     1
102
RTVSPropertyOp28
 70
     1
102
RTVSPropertyOp29
 70
     1
102
RTVSPropertyOp30
 70
     1
102
RTVSPropertyOp31
 70
     1
102
RTVSPropertyOp32
 70
     1
102
RTVSPropertyOp33
 70
     1
102
RTVSPropertyOp34
 70
     1
102
RTVSPropertyOp35
 70
     1
102
RTVSPropertyOp36
 70
     1
102
RTVSPropertyOp37
 70
     1
102
RTVSPropertyOp38
 70
     1
102
RTVSPropertyOp39
 70
     1
102
RTVSPropertyOp40
 70
     1
102
RTVSPropertyOp41
 70
     1
102
RTVSPropertyOp42
 70
     1
102
RTVSPropertyOp43
 70
     1
102
RTVSPropertyOp44
 70
     1
102
RTVSPropertyOp45
 70
     1
102
RTVSPropertyOp46
 70
     1
102
RTVSPropertyOp47
 70
     1
102
RTVSPropertyOp48
 70
     1
102
RTVSPropertyOp49
 70
     1
102
RTVSPropertyOp50
 70
     1
102
RTVSPropertyOp51
 70
     0
102
RTVSPropertyOp52
 70
     0
102
RTVSPropertyOp53
 70
     1
102
RTVSPropertyOp54
 70
     1
102
RTVSPropertyOp55
 70
     1
102
RTVSPropertyOp56
 70
     1
102
RTVSPropertyOp57
 70
     1
102
RTVSPost2010Prop28
280
     0
102
RTVSPost2010PropOp28
 70
     1
102
RTVSPost2010Prop29
280
     1
102
RTVSPost2010PropOp29
 70
     1
102
RTVSPost2010Prop30
280
     1
102
RTVSPost2010PropOp30
 70
     1
102
RTVSPost2010Prop31
280
     0
102
RTVSPost2010PropOp31
 70
     1
102
RTVSPost2010Prop32
280
     0
102
RTVSPost2010PropOp32
 70
     1
102
RTVSPost2010Prop33
280
     0
102
RTVSPost2010PropOp33
 70
     1
102
RTVSPost2010Prop34
280
     0
102
RTVSPost2010PropOp34
 70
     1
102
RTVSPost2010Prop35
280
     0
102
RTVSPost2010PropOp35
 70
     1
102
RTVSPost2010Prop36
280
     0
102
RTVSPost2010PropOp36
 70
     1
102
RTVSPost2010Prop37
 90
       50
102
RTVSPost2010PropOp37
 70
     1
102
RTVSPost2010Prop38
140
0.0
102
RTVSPost2010PropOp38
 70
     1
102
RTVSPost2010Prop39
140
1.0
102
RTVSPost2010PropOp39
 70
     1
102
RTVSPost2010Prop40
 90
        0
102
RTVSPost2010PropOp40
 70
     1
102
RTVSPost2010Prop41ColorIndex
 90
       18
102
RTVSPost2010Prop41ColorRGB
 90
        0
102
RTVSPost2010PropOp41
 70
     1
102
RTVSPost2010Prop42
 90
       50
102
RTVSPost2010PropOp42
 70
     1
102
RTVSPost2010Prop43
 90
        3
102
RTVSPost2010PropOp43
 70
     1
102
RTVSPost2010Prop44ColorIndex
 90
        5
102
RTVSPost2010Prop44ColorRGB
 90
      255
102
RTVSPost2010PropOp44
 70
     1
102
RTVSPost2010Prop45
280
     0
102
RTVSPost2010PropOp45
 70
     1
102
RTVSPost2010Prop46
 90
       50
102
RTVSPost2010PropOp46
 70
     1
102
RTVSPost2010Prop47
 90
       50
102
RTVSPost2010PropOp47
 70
     1
102
RTVSPost2010Prop48
 90
       50
102
RTVSPost2010PropOp48
 70
     1
102
RTVSPost2010Prop49
280
     0
102
RTVSPost2010PropOp49
 70
     1
102
RTVSPost2010Prop50
 90
       50
102
RTVSPost2010PropOp50
 70
     1
102
RTVSPost2010Prop51ColorIndex
 90
      256
102
RTVSPost2010Prop51ColorRGB
 90
-16777216
102
RTVSPost2010PropOp51
 70
     0
102
RTVSPost2010Prop52
140
1.0
102
RTVSPost2010PropOp52
 70
     0
102
RTVSPost2010Prop53
 90
        2
102
RTVSPost2010PropOp53
 70
     1
102
RTVSPost2010Prop54
  1
strokes_ogs.tif
102
RTVSPost2010PropOp54
 70
     1
102
RTVSPost2010Prop55
280
     0
102
RTVSPost2010PropOp55
 70
     1
102
RTVSPost2010Prop56
140
1.0
102
RTVSPost2010PropOp56
 70
     1
102
RTVSPost2010Prop57
140
1.0
102
RTVSPost2010PropOp57
 70
     1
  0
XRECORD
  5
59C
102
{ACAD_REACTORS
330
59B
102
}
330
59B
100
AcDbXrecord
280
     1
102
RTVSPropertyOp0
 70
     1
102
RTVSPropertyOp1
 70
     1
102
RTVSPropertyOp2
 70
     1
102
RTVSPropertyOp3
 70
     1
102
RTVSPropertyOp4
 70
     1
102
RTVSPropertyOp5
 70
     1
102
RTVSPropertyOp6
 70
     1
102
RTVSPropertyOp7
 70
     1
102
RTVSPropertyOp8
 70
     1
102
RTVSPropertyOp9
 70
     1
102
RTVSPropertyOp10
 70
     1
102
RTVSPropertyOp11
 70
     1
102
RTVSPropertyOp12
 70
     1
102
RTVSPropertyOp13
 70
     1
102
RTVSPropertyOp14
 70
     1
102
RTVSPropertyOp15
 70
     1
102
RTVSPropertyOp16
 70
     1
102
RTVSPropertyOp17
 70
     1
102
RTVSPropertyOp18
 70
     1
102
RTVSPropertyOp19
 70
     1
102
RTVSPropertyOp20
 70
     1
102
RTVSPropertyOp21
 70
     1
102
RTVSPropertyOp22
 70
     1
102
RTVSPropertyOp23
 70
     1
102
RTVSPropertyOp24
 70
     1
102
RTVSPropertyOp25
 70
     1
102
RTVSPropertyOp26
 70
     1
102
RTVSPropertyOp27
 70
     1
102
RTVSPropertyOp28
 70
     1
102
RTVSPropertyOp29
 70
     1
102
RTVSPropertyOp30
 70
     1
102
RTVSPropertyOp31
 70
     1
102
RTVSPropertyOp32
 70
     1
102
RTVSPropertyOp33
 70
     1
102
RTVSPropertyOp34
 70
     1
102
RTVSPropertyOp35
 70
     1
102
RTVSPropertyOp36
 70
     1
102
RTVSPropertyOp37
 70
     1
102
RTVSPropertyOp38
 70
     1
102
RTVSPropertyOp39
 70
     1
102
RTVSPropertyOp40
 70
     1
102
RTVSPropertyOp41
 70
     1
102
RTVSPropertyOp42
 70
     1
102
RTVSPropertyOp43
 70
     1
102
RTVSPropertyOp44
 70
     1
102
RTVSPropertyOp45
 70
     1
102
RTVSPropertyOp46
 70
     1
102
RTVSPropertyOp47
 70
     1
102
RTVSPropertyOp48
 70
     1
102
RTVSPropertyOp49
 70
     1
102
RTVSPropertyOp50
 70
     1
102
RTVSPropertyOp51
 70
     0
102
RTVSPropertyOp52
 70
     0
102
RTVSPropertyOp53
 70
     1
102
RTVSPropertyOp54
 70
     1
102
RTVSPropertyOp55
 70
     1
102
RTVSPropertyOp56
 70
     1
102
RTVSPropertyOp57
 70
     1
102
RTVSPost2010Prop28
280
     0
102
RTVSPost2010PropOp28
 70
     1
102
RTVSPost2010Prop29
280
     1
102
RTVSPost2010PropOp29
 70
     1
102
RTVSPost2010Prop30
280
     1
102
RTVSPost2010PropOp30
 70
     1
102
RTVSPost2010Prop31
280
     0
102
RTVSPost2010PropOp31
 70
     1
102
RTVSPost2010Prop32
280
     0
102
RTVSPost2010PropOp32
 70
     1
102
RTVSPost2010Prop33
280
     0
102
RTVSPost2010PropOp33
 70
     1
102
RTVSPost2010Prop34
280
     0
102
RTVSPost2010PropOp34
 70
     1
102
RTVSPost2010Prop35
280
     0
102
RTVSPost2010PropOp35
 70
     1
102
RTVSPost2010Prop36
280
     0
102
RTVSPost2010PropOp36
 70
     1
102
RTVSPost2010Prop37
 90
       50
102
RTVSPost2010PropOp37
 70
     1
102
RTVSPost2010Prop38
140
0.0
102
RTVSPost2010PropOp38
 70
     1
102
RTVSPost2010Prop39
140
1.0
102
RTVSPost2010PropOp39
 70
     1
102
RTVSPost2010Prop40
 90
        0
102
RTVSPost2010PropOp40
 70
     1
102
RTVSPost2010Prop41ColorIndex
 90
       18
102
RTVSPost2010Prop41ColorRGB
 90
        0
102
RTVSPost2010PropOp41
 70
     1
102
RTVSPost2010Prop42
 90
       50
102
RTVSPost2010PropOp42
 70
     1
102
RTVSPost2010Prop43
 90
        3
102
RTVSPost2010PropOp43
 70
     1
102
RTVSPost2010Prop44ColorIndex
 90
        5
102
RTVSPost2010Prop44ColorRGB
 90
      255
102
RTVSPost2010PropOp44
 70
     1
102
RTVSPost2010Prop45
280
     0
102
RTVSPost2010PropOp45
 70
     1
102
RTVSPost2010Prop46
 90
       50
102
RTVSPost2010PropOp46
 70
     1
102
RTVSPost2010Prop47
 90
       50
102
RTVSPost2010PropOp47
 70
     1
102
RTVSPost2010Prop48
 90
       50
102
RTVSPost2010PropOp48
 70
     1
102
RTVSPost2010Prop49
280
     0
102
RTVSPost2010PropOp49
 70
     1
102
RTVSPost2010Prop50
 90
       50
102
RTVSPost2010PropOp50
 70
     1
102
RTVSPost2010Prop51ColorIndex
 90
      256
102
RTVSPost2010Prop51ColorRGB
 90
-16777216
102
RTVSPost2010PropOp51
 70
     0
102
RTVSPost2010Prop52
140
1.0
102
RTVSPost2010PropOp52
 70
     0
102
RTVSPost2010Prop53
 90
        2
102
RTVSPost2010PropOp53
 70
     1
102
RTVSPost2010Prop54
  1
strokes_ogs.tif
102
RTVSPost2010PropOp54
 70
     1
102
RTVSPost2010Prop55
280
     0
102
RTVSPost2010PropOp55
 70
     1
102
RTVSPost2010Prop56
140
1.0
102
RTVSPost2010PropOp56
 70
     1
102
RTVSPost2010Prop57
140
1.0
102
RTVSPost2010PropOp57
 70
     1
  0
XRECORD
  5
59E
102
{ACAD_REACTORS
330
59D
102
}
330
59D
100
AcDbXrecord
280
     1
102
RTVSPropertyOp0
 70
     1
102
RTVSPropertyOp1
 70
     1
102
RTVSPropertyOp2
 70
     1
102
RTVSPropertyOp3
 70
     1
102
RTVSPropertyOp4
 70
     1
102
RTVSPropertyOp5
 70
     1
102
RTVSPropertyOp6
 70
     1
102
RTVSPropertyOp7
 70
     1
102
RTVSPropertyOp8
 70
     1
102
RTVSPropertyOp9
 70
     1
102
RTVSPropertyOp10
 70
     1
102
RTVSPropertyOp11
 70
     1
102
RTVSPropertyOp12
 70
     1
102
RTVSPropertyOp13
 70
     1
102
RTVSPropertyOp14
 70
     1
102
RTVSPropertyOp15
 70
     1
102
RTVSPropertyOp16
 70
     1
102
RTVSPropertyOp17
 70
     1
102
RTVSPropertyOp18
 70
     1
102
RTVSPropertyOp19
 70
     1
102
RTVSPropertyOp20
 70
     1
102
RTVSPropertyOp21
 70
     1
102
RTVSPropertyOp22
 70
     1
102
RTVSPropertyOp23
 70
     1
102
RTVSPropertyOp24
 70
     1
102
RTVSPropertyOp25
 70
     1
102
RTVSPropertyOp26
 70
     1
102
RTVSPropertyOp27
 70
     1
102
RTVSPropertyOp28
 70
     1
102
RTVSPropertyOp29
 70
     1
102
RTVSPropertyOp30
 70
     1
102
RTVSPropertyOp31
 70
     1
102
RTVSPropertyOp32
 70
     1
102
RTVSPropertyOp33
 70
     1
102
RTVSPropertyOp34
 70
     1
102
RTVSPropertyOp35
 70
     1
102
RTVSPropertyOp36
 70
     1
102
RTVSPropertyOp37
 70
     1
102
RTVSPropertyOp38
 70
     1
102
RTVSPropertyOp39
 70
     1
102
RTVSPropertyOp40
 70
     1
102
RTVSPropertyOp41
 70
     1
102
RTVSPropertyOp42
 70
     1
102
RTVSPropertyOp43
 70
     1
102
RTVSPropertyOp44
 70
     1
102
RTVSPropertyOp45
 70
     1
102
RTVSPropertyOp46
 70
     1
102
RTVSPropertyOp47
 70
     1
102
RTVSPropertyOp48
 70
     1
102
RTVSPropertyOp49
 70
     1
102
RTVSPropertyOp50
 70
     1
102
RTVSPropertyOp51
 70
     0
102
RTVSPropertyOp52
 70
     0
102
RTVSPropertyOp53
 70
     1
102
RTVSPropertyOp54
 70
     1
102
RTVSPropertyOp55
 70
     1
102
RTVSPropertyOp56
 70
     1
102
RTVSPropertyOp57
 70
     1
102
RTVSPost2010Prop28
280
     0
102
RTVSPost2010PropOp28
 70
     1
102
RTVSPost2010Prop29
280
     1
102
RTVSPost2010PropOp29
 70
     1
102
RTVSPost2010Prop30
280
     1
102
RTVSPost2010PropOp30
 70
     1
102
RTVSPost2010Prop31
280
     0
102
RTVSPost2010PropOp31
 70
     1
102
RTVSPost2010Prop32
280
     0
102
RTVSPost2010PropOp32
 70
     1
102
RTVSPost2010Prop33
280
     0
102
RTVSPost2010PropOp33
 70
     1
102
RTVSPost2010Prop34
280
     0
102
RTVSPost2010PropOp34
 70
     1
102
RTVSPost2010Prop35
280
     0
102
RTVSPost2010PropOp35
 70
     1
102
RTVSPost2010Prop36
280
     0
102
RTVSPost2010PropOp36
 70
     1
102
RTVSPost2010Prop37
 90
       50
102
RTVSPost2010PropOp37
 70
     1
102
RTVSPost2010Prop38
140
0.0
102
RTVSPost2010PropOp38
 70
     1
102
RTVSPost2010Prop39
140
1.0
102
RTVSPost2010PropOp39
 70
     1
102
RTVSPost2010Prop40
 90
        0
102
RTVSPost2010PropOp40
 70
     1
102
RTVSPost2010Prop41ColorIndex
 90
       18
102
RTVSPost2010Prop41ColorRGB
 90
        0
102
RTVSPost2010PropOp41
 70
     1
102
RTVSPost2010Prop42
 90
       50
102
RTVSPost2010PropOp42
 70
     1
102
RTVSPost2010Prop43
 90
        3
102
RTVSPost2010PropOp43
 70
     1
102
RTVSPost2010Prop44ColorIndex
 90
        5
102
RTVSPost2010Prop44ColorRGB
 90
      255
102
RTVSPost2010PropOp44
 70
     1
102
RTVSPost2010Prop45
280
     0
102
RTVSPost2010PropOp45
 70
     1
102
RTVSPost2010Prop46
 90
       50
102
RTVSPost2010PropOp46
 70
     1
102
RTVSPost2010Prop47
 90
       50
102
RTVSPost2010PropOp47
 70
     1
102
RTVSPost2010Prop48
 90
       50
102
RTVSPost2010PropOp48
 70
     1
102
RTVSPost2010Prop49
280
     0
102
RTVSPost2010PropOp49
 70
     1
102
RTVSPost2010Prop50
 90
       50
102
RTVSPost2010PropOp50
 70
     1
102
RTVSPost2010Prop51ColorIndex
 90
      256
102
RTVSPost2010Prop51ColorRGB
 90
-16777216
102
RTVSPost2010PropOp51
 70
     0
102
RTVSPost2010Prop52
140
1.0
102
RTVSPost2010PropOp52
 70
     0
102
RTVSPost2010Prop53
 90
        2
102
RTVSPost2010PropOp53
 70
     1
102
RTVSPost2010Prop54
  1
strokes_ogs.tif
102
RTVSPost2010PropOp54
 70
     1
102
RTVSPost2010Prop55
280
     0
102
RTVSPost2010PropOp55
 70
     1
102
RTVSPost2010Prop56
140
1.0
102
RTVSPost2010PropOp56
 70
     1
102
RTVSPost2010Prop57
140
1.0
102
RTVSPost2010PropOp57
 70
     1
  0
XRECORD
  5
5A0
102
{ACAD_REACTORS
330
59F
102
}
330
59F
100
AcDbXrecord
280
     1
102
RTVSPropertyOp0
 70
     1
102
RTVSPropertyOp1
 70
     1
102
RTVSPropertyOp2
 70
     1
102
RTVSPropertyOp3
 70
     1
102
RTVSPropertyOp4
 70
     1
102
RTVSPropertyOp5
 70
     1
102
RTVSPropertyOp6
 70
     1
102
RTVSPropertyOp7
 70
     1
102
RTVSPropertyOp8
 70
     1
102
RTVSPropertyOp9
 70
     1
102
RTVSPropertyOp10
 70
     1
102
RTVSPropertyOp11
 70
     1
102
RTVSPropertyOp12
 70
     1
102
RTVSPropertyOp13
 70
     1
102
RTVSPropertyOp14
 70
     1
102
RTVSPropertyOp15
 70
     1
102
RTVSPropertyOp16
 70
     1
102
RTVSPropertyOp17
 70
     1
102
RTVSPropertyOp18
 70
     1
102
RTVSPropertyOp19
 70
     1
102
RTVSPropertyOp20
 70
     1
102
RTVSPropertyOp21
 70
     1
102
RTVSPropertyOp22
 70
     1
102
RTVSPropertyOp23
 70
     1
102
RTVSPropertyOp24
 70
     1
102
RTVSPropertyOp25
 70
     1
102
RTVSPropertyOp26
 70
     1
102
RTVSPropertyOp27
 70
     1
102
RTVSPropertyOp28
 70
     1
102
RTVSPropertyOp29
 70
     1
102
RTVSPropertyOp30
 70
     1
102
RTVSPropertyOp31
 70
     1
102
RTVSPropertyOp32
 70
     1
102
RTVSPropertyOp33
 70
     1
102
RTVSPropertyOp34
 70
     1
102
RTVSPropertyOp35
 70
     1
102
RTVSPropertyOp36
 70
     1
102
RTVSPropertyOp37
 70
     1
102
RTVSPropertyOp38
 70
     1
102
RTVSPropertyOp39
 70
     1
102
RTVSPropertyOp40
 70
     1
102
RTVSPropertyOp41
 70
     1
102
RTVSPropertyOp42
 70
     1
102
RTVSPropertyOp43
 70
     1
102
RTVSPropertyOp44
 70
     1
102
RTVSPropertyOp45
 70
     1
102
RTVSPropertyOp46
 70
     1
102
RTVSPropertyOp47
 70
     1
102
RTVSPropertyOp48
 70
     1
102
RTVSPropertyOp49
 70
     1
102
RTVSPropertyOp50
 70
     1
102
RTVSPropertyOp51
 70
     0
102
RTVSPropertyOp52
 70
     0
102
RTVSPropertyOp53
 70
     1
102
RTVSPropertyOp54
 70
     1
102
RTVSPropertyOp55
 70
     1
102
RTVSPropertyOp56
 70
     1
102
RTVSPropertyOp57
 70
     1
102
RTVSPost2010Prop28
280
     0
102
RTVSPost2010PropOp28
 70
     1
102
RTVSPost2010Prop29
280
     1
102
RTVSPost2010PropOp29
 70
     1
102
RTVSPost2010Prop30
280
     1
102
RTVSPost2010PropOp30
 70
     1
102
RTVSPost2010Prop31
280
     0
102
RTVSPost2010PropOp31
 70
     1
102
RTVSPost2010Prop32
280
     0
102
RTVSPost2010PropOp32
 70
     1
102
RTVSPost2010Prop33
280
     0
102
RTVSPost2010PropOp33
 70
     1
102
RTVSPost2010Prop34
280
     0
102
RTVSPost2010PropOp34
 70
     1
102
RTVSPost2010Prop35
280
     0
102
RTVSPost2010PropOp35
 70
     1
102
RTVSPost2010Prop36
280
     0
102
RTVSPost2010PropOp36
 70
     1
102
RTVSPost2010Prop37
 90
       50
102
RTVSPost2010PropOp37
 70
     1
102
RTVSPost2010Prop38
140
0.0
102
RTVSPost2010PropOp38
 70
     1
102
RTVSPost2010Prop39
140
1.0
102
RTVSPost2010PropOp39
 70
     1
102
RTVSPost2010Prop40
 90
        0
102
RTVSPost2010PropOp40
 70
     1
102
RTVSPost2010Prop41ColorIndex
 90
       18
102
RTVSPost2010Prop41ColorRGB
 90
        0
102
RTVSPost2010PropOp41
 70
     1
102
RTVSPost2010Prop42
 90
       50
102
RTVSPost2010PropOp42
 70
     1
102
RTVSPost2010Prop43
 90
        3
102
RTVSPost2010PropOp43
 70
     1
102
RTVSPost2010Prop44ColorIndex
 90
        5
102
RTVSPost2010Prop44ColorRGB
 90
      255
102
RTVSPost2010PropOp44
 70
     1
102
RTVSPost2010Prop45
280
     0
102
RTVSPost2010PropOp45
 70
     1
102
RTVSPost2010Prop46
 90
       50
102
RTVSPost2010PropOp46
 70
     1
102
RTVSPost2010Prop47
 90
       50
102
RTVSPost2010PropOp47
 70
     1
102
RTVSPost2010Prop48
 90
       50
102
RTVSPost2010PropOp48
 70
     1
102
RTVSPost2010Prop49
280
     0
102
RTVSPost2010PropOp49
 70
     1
102
RTVSPost2010Prop50
 90
       50
102
RTVSPost2010PropOp50
 70
     1
102
RTVSPost2010Prop51ColorIndex
 90
      256
102
RTVSPost2010Prop51ColorRGB
 90
-16777216
102
RTVSPost2010PropOp51
 70
     0
102
RTVSPost2010Prop52
140
1.0
102
RTVSPost2010PropOp52
 70
     0
102
RTVSPost2010Prop53
 90
        2
102
RTVSPost2010PropOp53
 70
     1
102
RTVSPost2010Prop54
  1
strokes_ogs.tif
102
RTVSPost2010PropOp54
 70
     1
102
RTVSPost2010Prop55
280
     0
102
RTVSPost2010PropOp55
 70
     1
102
RTVSPost2010Prop56
140
1.0
102
RTVSPost2010PropOp56
 70
     1
102
RTVSPost2010Prop57
140
1.0
102
RTVSPost2010PropOp57
 70
     1
  0
XRECORD
  5
5A2
102
{ACAD_REACTORS
330
5A1
102
}
330
5A1
100
AcDbXrecord
280
     1
102
RTVSPropertyOp0
 70
     1
102
RTVSPropertyOp1
 70
     1
102
RTVSPropertyOp2
 70
     1
102
RTVSPropertyOp3
 70
     1
102
RTVSPropertyOp4
 70
     1
102
RTVSPropertyOp5
 70
     1
102
RTVSPropertyOp6
 70
     1
102
RTVSPropertyOp7
 70
     1
102
RTVSPropertyOp8
 70
     1
102
RTVSPropertyOp9
 70
     1
102
RTVSPropertyOp10
 70
     1
102
RTVSPropertyOp11
 70
     1
102
RTVSPropertyOp12
 70
     1
102
RTVSPropertyOp13
 70
     1
102
RTVSPropertyOp14
 70
     1
102
RTVSPropertyOp15
 70
     1
102
RTVSPropertyOp16
 70
     1
102
RTVSPropertyOp17
 70
     1
102
RTVSPropertyOp18
 70
     1
102
RTVSPropertyOp19
 70
     1
102
RTVSPropertyOp20
 70
     1
102
RTVSPropertyOp21
 70
     1
102
RTVSPropertyOp22
 70
     1
102
RTVSPropertyOp23
 70
     1
102
RTVSPropertyOp24
 70
     1
102
RTVSPropertyOp25
 70
     1
102
RTVSPropertyOp26
 70
     1
102
RTVSPropertyOp27
 70
     1
102
RTVSPropertyOp28
 70
     1
102
RTVSPropertyOp29
 70
     1
102
RTVSPropertyOp30
 70
     1
102
RTVSPropertyOp31
 70
     1
102
RTVSPropertyOp32
 70
     1
102
RTVSPropertyOp33
 70
     1
102
RTVSPropertyOp34
 70
     1
102
RTVSPropertyOp35
 70
     1
102
RTVSPropertyOp36
 70
     1
102
RTVSPropertyOp37
 70
     1
102
RTVSPropertyOp38
 70
     1
102
RTVSPropertyOp39
 70
     1
102
RTVSPropertyOp40
 70
     1
102
RTVSPropertyOp41
 70
     1
102
RTVSPropertyOp42
 70
     1
102
RTVSPropertyOp43
 70
     1
102
RTVSPropertyOp44
 70
     1
102
RTVSPropertyOp45
 70
     1
102
RTVSPropertyOp46
 70
     1
102
RTVSPropertyOp47
 70
     1
102
RTVSPropertyOp48
 70
     1
102
RTVSPropertyOp49
 70
     1
102
RTVSPropertyOp50
 70
     1
102
RTVSPropertyOp51
 70
     0
102
RTVSPropertyOp52
 70
     0
102
RTVSPropertyOp53
 70
     1
102
RTVSPropertyOp54
 70
     1
102
RTVSPropertyOp55
 70
     1
102
RTVSPropertyOp56
 70
     1
102
RTVSPropertyOp57
 70
     1
102
RTVSPost2010Prop28
280
     0
102
RTVSPost2010PropOp28
 70
     1
102
RTVSPost2010Prop29
280
     1
102
RTVSPost2010PropOp29
 70
     1
102
RTVSPost2010Prop30
280
     1
102
RTVSPost2010PropOp30
 70
     1
102
RTVSPost2010Prop31
280
     0
102
RTVSPost2010PropOp31
 70
     1
102
RTVSPost2010Prop32
280
     0
102
RTVSPost2010PropOp32
 70
     1
102
RTVSPost2010Prop33
280
     0
102
RTVSPost2010PropOp33
 70
     1
102
RTVSPost2010Prop34
280
     0
102
RTVSPost2010PropOp34
 70
     1
102
RTVSPost2010Prop35
280
     0
102
RTVSPost2010PropOp35
 70
     1
102
RTVSPost2010Prop36
280
     0
102
RTVSPost2010PropOp36
 70
     1
102
RTVSPost2010Prop37
 90
       50
102
RTVSPost2010PropOp37
 70
     1
102
RTVSPost2010Prop38
140
0.0
102
RTVSPost2010PropOp38
 70
     1
102
RTVSPost2010Prop39
140
1.0
102
RTVSPost2010PropOp39
 70
     1
102
RTVSPost2010Prop40
 90
        0
102
RTVSPost2010PropOp40
 70
     1
102
RTVSPost2010Prop41ColorIndex
 90
       18
102
RTVSPost2010Prop41ColorRGB
 90
        0
102
RTVSPost2010PropOp41
 70
     1
102
RTVSPost2010Prop42
 90
       50
102
RTVSPost2010PropOp42
 70
     1
102
RTVSPost2010Prop43
 90
        3
102
RTVSPost2010PropOp43
 70
     1
102
RTVSPost2010Prop44ColorIndex
 90
        5
102
RTVSPost2010Prop44ColorRGB
 90
      255
102
RTVSPost2010PropOp44
 70
     1
102
RTVSPost2010Prop45
280
     0
102
RTVSPost2010PropOp45
 70
     1
102
RTVSPost2010Prop46
 90
       50
102
RTVSPost2010PropOp46
 70
     1
102
RTVSPost2010Prop47
 90
       50
102
RTVSPost2010PropOp47
 70
     1
102
RTVSPost2010Prop48
 90
       50
102
RTVSPost2010PropOp48
 70
     1
102
RTVSPost2010Prop49
280
     0
102
RTVSPost2010PropOp49
 70
     1
102
RTVSPost2010Prop50
 90
       50
102
RTVSPost2010PropOp50
 70
     1
102
RTVSPost2010Prop51ColorIndex
 90
      256
102
RTVSPost2010Prop51ColorRGB
 90
-16777216
102
RTVSPost2010PropOp51
 70
     0
102
RTVSPost2010Prop52
140
1.0
102
RTVSPost2010PropOp52
 70
     0
102
RTVSPost2010Prop53
 90
        2
102
RTVSPost2010PropOp53
 70
     1
102
RTVSPost2010Prop54
  1
strokes_ogs.tif
102
RTVSPost2010PropOp54
 70
     1
102
RTVSPost2010Prop55
280
     0
102
RTVSPost2010PropOp55
 70
     1
102
RTVSPost2010Prop56
140
1.0
102
RTVSPost2010PropOp56
 70
     1
102
RTVSPost2010Prop57
140
1.0
102
RTVSPost2010PropOp57
 70
     1
  0
XRECORD
  5
5A8
102
{ACAD_REACTORS
330
5A7
102
}
330
5A7
100
AcDbXrecord
280
     1
102
RTVSPropertyOp0
 70
     1
102
RTVSPropertyOp1
 70
     1
102
RTVSPropertyOp2
 70
     1
102
RTVSPropertyOp3
 70
     1
102
RTVSPropertyOp4
 70
     1
102
RTVSPropertyOp5
 70
     1
102
RTVSPropertyOp6
 70
     1
102
RTVSPropertyOp7
 70
     1
102
RTVSPropertyOp8
 70
     1
102
RTVSPropertyOp9
 70
     1
102
RTVSPropertyOp10
 70
     1
102
RTVSPropertyOp11
 70
     1
102
RTVSPropertyOp12
 70
     1
102
RTVSPropertyOp13
 70
     1
102
RTVSPropertyOp14
 70
     1
102
RTVSPropertyOp15
 70
     1
102
RTVSPropertyOp16
 70
     1
102
RTVSPropertyOp17
 70
     1
102
RTVSPropertyOp18
 70
     1
102
RTVSPropertyOp19
 70
     1
102
RTVSPropertyOp20
 70
     1
102
RTVSPropertyOp21
 70
     1
102
RTVSPropertyOp22
 70
     1
102
RTVSPropertyOp23
 70
     1
102
RTVSPropertyOp24
 70
     1
102
RTVSPropertyOp25
 70
     1
102
RTVSPropertyOp26
 70
     1
102
RTVSPropertyOp27
 70
     1
102
RTVSPropertyOp28
 70
     1
102
RTVSPropertyOp29
 70
     1
102
RTVSPropertyOp30
 70
     1
102
RTVSPropertyOp31
 70
     1
102
RTVSPropertyOp32
 70
     1
102
RTVSPropertyOp33
 70
     1
102
RTVSPropertyOp34
 70
     1
102
RTVSPropertyOp35
 70
     1
102
RTVSPropertyOp36
 70
     1
102
RTVSPropertyOp37
 70
     1
102
RTVSPropertyOp38
 70
     1
102
RTVSPropertyOp39
 70
     1
102
RTVSPropertyOp40
 70
     1
102
RTVSPropertyOp41
 70
     1
102
RTVSPropertyOp42
 70
     1
102
RTVSPropertyOp43
 70
     1
102
RTVSPropertyOp44
 70
     1
102
RTVSPropertyOp45
 70
     1
102
RTVSPropertyOp46
 70
     1
102
RTVSPropertyOp47
 70
     1
102
RTVSPropertyOp48
 70
     1
102
RTVSPropertyOp49
 70
     1
102
RTVSPropertyOp50
 70
     1
102
RTVSPropertyOp51
 70
     0
102
RTVSPropertyOp52
 70
     0
102
RTVSPropertyOp53
 70
     1
102
RTVSPropertyOp54
 70
     1
102
RTVSPropertyOp55
 70
     1
102
RTVSPropertyOp56
 70
     1
102
RTVSPropertyOp57
 70
     1
102
RTVSPost2010Prop28
280
     0
102
RTVSPost2010PropOp28
 70
     1
102
RTVSPost2010Prop29
280
     1
102
RTVSPost2010PropOp29
 70
     1
102
RTVSPost2010Prop30
280
     1
102
RTVSPost2010PropOp30
 70
     1
102
RTVSPost2010Prop31
280
     0
102
RTVSPost2010PropOp31
 70
     1
102
RTVSPost2010Prop32
280
     0
102
RTVSPost2010PropOp32
 70
     1
102
RTVSPost2010Prop33
280
     0
102
RTVSPost2010PropOp33
 70
     1
102
RTVSPost2010Prop34
280
     0
102
RTVSPost2010PropOp34
 70
     1
102
RTVSPost2010Prop35
280
     0
102
RTVSPost2010PropOp35
 70
     1
102
RTVSPost2010Prop36
280
     0
102
RTVSPost2010PropOp36
 70
     1
102
RTVSPost2010Prop37
 90
       50
102
RTVSPost2010PropOp37
 70
     1
102
RTVSPost2010Prop38
140
0.0
102
RTVSPost2010PropOp38
 70
     1
102
RTVSPost2010Prop39
140
1.0
102
RTVSPost2010PropOp39
 70
     1
102
RTVSPost2010Prop40
 90
        0
102
RTVSPost2010PropOp40
 70
     1
102
RTVSPost2010Prop41ColorIndex
 90
       18
102
RTVSPost2010Prop41ColorRGB
 90
        0
102
RTVSPost2010PropOp41
 70
     1
102
RTVSPost2010Prop42
 90
       50
102
RTVSPost2010PropOp42
 70
     1
102
RTVSPost2010Prop43
 90
        3
102
RTVSPost2010PropOp43
 70
     1
102
RTVSPost2010Prop44ColorIndex
 90
        5
102
RTVSPost2010Prop44ColorRGB
 90
      255
102
RTVSPost2010PropOp44
 70
     1
102
RTVSPost2010Prop45
280
     0
102
RTVSPost2010PropOp45
 70
     1
102
RTVSPost2010Prop46
 90
       50
102
RTVSPost2010PropOp46
 70
     1
102
RTVSPost2010Prop47
 90
       50
102
RTVSPost2010PropOp47
 70
     1
102
RTVSPost2010Prop48
 90
       50
102
RTVSPost2010PropOp48
 70
     1
102
RTVSPost2010Prop49
280
     0
102
RTVSPost2010PropOp49
 70
     1
102
RTVSPost2010Prop50
 90
       50
102
RTVSPost2010PropOp50
 70
     1
102
RTVSPost2010Prop51ColorIndex
 90
      256
102
RTVSPost2010Prop51ColorRGB
 90
-16777216
102
RTVSPost2010PropOp51
 70
     0
102
RTVSPost2010Prop52
140
1.0
102
RTVSPost2010PropOp52
 70
     0
102
RTVSPost2010Prop53
 90
        2
102
RTVSPost2010PropOp53
 70
     1
102
RTVSPost2010Prop54
  1
strokes_ogs.tif
102
RTVSPost2010PropOp54
 70
     1
102
RTVSPost2010Prop55
280
     0
102
RTVSPost2010PropOp55
 70
     1
102
RTVSPost2010Prop56
140
1.0
102
RTVSPost2010PropOp56
 70
     1
102
RTVSPost2010Prop57
140
1.0
102
RTVSPost2010PropOp57
 70
     1
  0
XRECORD
  5
5BC
102
{ACAD_REACTORS
330
5BB
102
}
330
5BB
100
AcDbXrecord
280
     1
102
RTVSPropertyOp0
 70
     0
102
RTVSPropertyOp1
 70
     0
102
RTVSPropertyOp2
 70
     0
102
RTVSPropertyOp3
 70
     0
102
RTVSPropertyOp4
 70
     0
102
RTVSPropertyOp5
 70
     0
102
RTVSPropertyOp6
 70
     0
102
RTVSPropertyOp7
 70
     0
102
RTVSPropertyOp8
 70
     0
102
RTVSPropertyOp9
 70
     0
102
RTVSPropertyOp10
 70
     0
102
RTVSPropertyOp11
 70
     0
102
RTVSPropertyOp12
 70
     0
102
RTVSPropertyOp13
 70
     0
102
RTVSPropertyOp14
 70
     2
102
RTVSPropertyOp15
 70
     0
102
RTVSPropertyOp16
 70
     0
102
RTVSPropertyOp17
 70
     0
102
RTVSPropertyOp18
 70
     0
102
RTVSPropertyOp19
 70
     0
102
RTVSPropertyOp20
 70
     0
102
RTVSPropertyOp21
 70
     0
102
RTVSPropertyOp22
 70
     0
102
RTVSPropertyOp23
 70
     0
102
RTVSPropertyOp24
 70
     0
102
RTVSPropertyOp25
 70
     0
102
RTVSPropertyOp26
 70
     0
102
RTVSPropertyOp27
 70
     0
102
RTVSPropertyOp28
 70
     0
102
RTVSPropertyOp29
 70
     0
102
RTVSPropertyOp30
 70
     0
102
RTVSPropertyOp31
 70
     0
102
RTVSPropertyOp32
 70
     0
102
RTVSPropertyOp33
 70
     0
102
RTVSPropertyOp34
 70
     0
102
RTVSPropertyOp35
 70
     0
102
RTVSPropertyOp36
 70
     0
102
RTVSPropertyOp37
 70
     0
102
RTVSPropertyOp38
 70
     0
102
RTVSPropertyOp39
 70
     0
102
RTVSPropertyOp40
 70
     0
102
RTVSPropertyOp41
 70
     0
102
RTVSPropertyOp42
 70
     0
102
RTVSPropertyOp43
 70
     0
102
RTVSPropertyOp44
 70
     0
102
RTVSPropertyOp45
 70
     0
102
RTVSPropertyOp46
 70
     0
102
RTVSPropertyOp47
 70
     0
102
RTVSPropertyOp48
 70
     0
102
RTVSPropertyOp49
 70
     0
102
RTVSPropertyOp50
 70
     0
102
RTVSPropertyOp51
 70
     0
102
RTVSPropertyOp52
 70
     0
102
RTVSPropertyOp53
 70
     0
102
RTVSPropertyOp54
 70
     0
102
RTVSPropertyOp55
 70
     0
102
RTVSPropertyOp56
 70
     0
102
RTVSPropertyOp57
 70
     0
102
RTVSPost2010Prop28
280
     0
102
RTVSPost2010PropOp28
 70
     0
102
RTVSPost2010Prop29
280
     1
102
RTVSPost2010PropOp29
 70
     0
102
RTVSPost2010Prop30
280
     1
102
RTVSPost2010PropOp30
 70
     0
102
RTVSPost2010Prop31
280
     0
102
RTVSPost2010PropOp31
 70
     0
102
RTVSPost2010Prop32
280
     0
102
RTVSPost2010PropOp32
 70
     0
102
RTVSPost2010Prop33
280
     0
102
RTVSPost2010PropOp33
 70
     0
102
RTVSPost2010Prop34
280
     0
102
RTVSPost2010PropOp34
 70
     0
102
RTVSPost2010Prop35
280
     0
102
RTVSPost2010PropOp35
 70
     0
102
RTVSPost2010Prop36
280
     0
102
RTVSPost2010PropOp36
 70
     0
102
RTVSPost2010Prop37
 90
       50
102
RTVSPost2010PropOp37
 70
     0
102
RTVSPost2010Prop38
140
0.0
102
RTVSPost2010PropOp38
 70
     0
102
RTVSPost2010Prop39
140
1.0
102
RTVSPost2010PropOp39
 70
     0
102
RTVSPost2010Prop40
 90
        0
102
RTVSPost2010PropOp40
 70
     0
102
RTVSPost2010Prop41ColorIndex
 90
       18
102
RTVSPost2010Prop41ColorRGB
 90
        0
102
RTVSPost2010PropOp41
 70
     0
102
RTVSPost2010Prop42
 90
       50
102
RTVSPost2010PropOp42
 70
     0
102
RTVSPost2010Prop43
 90
        3
102
RTVSPost2010PropOp43
 70
     0
102
RTVSPost2010Prop44ColorIndex
 90
        5
102
RTVSPost2010Prop44ColorRGB
 90
      255
102
RTVSPost2010PropOp44
 70
     0
102
RTVSPost2010Prop45
280
     0
102
RTVSPost2010PropOp45
 70
     0
102
RTVSPost2010Prop46
 90
       50
102
RTVSPost2010PropOp46
 70
     0
102
RTVSPost2010Prop47
 90
       50
102
RTVSPost2010PropOp47
 70
     0
102
RTVSPost2010Prop48
 90
       50
102
RTVSPost2010PropOp48
 70
     0
102
RTVSPost2010Prop49
280
     0
102
RTVSPost2010PropOp49
 70
     0
102
RTVSPost2010Prop50
 90
       50
102
RTVSPost2010PropOp50
 70
     0
102
RTVSPost2010Prop51ColorIndex
 90
      256
102
RTVSPost2010Prop51ColorRGB
 90
-16777216
102
RTVSPost2010PropOp51
 70
     0
102
RTVSPost2010Prop52
140
1.0
102
RTVSPost2010PropOp52
 70
     0
102
RTVSPost2010Prop53
 90
        2
102
RTVSPost2010PropOp53
 70
     0
102
RTVSPost2010Prop54
  1
strokes_ogs.tif
102
RTVSPost2010PropOp54
 70
     0
102
RTVSPost2010Prop55
280
     0
102
RTVSPost2010PropOp55
 70
     0
102
RTVSPost2010Prop56
140
1.0
102
RTVSPost2010PropOp56
 70
     0
102
RTVSPost2010Prop57
140
1.0
102
RTVSPost2010PropOp57
 70
     0
  0
XRECORD
  5
5B6
102
{ACAD_REACTORS
330
5B5
102
}
330
5B5
100
AcDbXrecord
280
     1
102
RTVSPropertyOp0
 70
     1
102
RTVSPropertyOp1
 70
     1
102
RTVSPropertyOp2
 70
     1
102
RTVSPropertyOp3
 70
     1
102
RTVSPropertyOp4
 70
     1
102
RTVSPropertyOp5
 70
     1
102
RTVSPropertyOp6
 70
     1
102
RTVSPropertyOp7
 70
     1
102
RTVSPropertyOp8
 70
     1
102
RTVSPropertyOp9
 70
     1
102
RTVSPropertyOp10
 70
     1
102
RTVSPropertyOp11
 70
     1
102
RTVSPropertyOp12
 70
     1
102
RTVSPropertyOp13
 70
     1
102
RTVSPropertyOp14
 70
     1
102
RTVSPropertyOp15
 70
     1
102
RTVSPropertyOp16
 70
     1
102
RTVSPropertyOp17
 70
     1
102
RTVSPropertyOp18
 70
     1
102
RTVSPropertyOp19
 70
     1
102
RTVSPropertyOp20
 70
     1
102
RTVSPropertyOp21
 70
     1
102
RTVSPropertyOp22
 70
     1
102
RTVSPropertyOp23
 70
     1
102
RTVSPropertyOp24
 70
     1
102
RTVSPropertyOp25
 70
     1
102
RTVSPropertyOp26
 70
     1
102
RTVSPropertyOp27
 70
     1
102
RTVSPropertyOp28
 70
     1
102
RTVSPropertyOp29
 70
     1
102
RTVSPropertyOp30
 70
     1
102
RTVSPropertyOp31
 70
     1
102
RTVSPropertyOp32
 70
     1
102
RTVSPropertyOp33
 70
     1
102
RTVSPropertyOp34
 70
     1
102
RTVSPropertyOp35
 70
     1
102
RTVSPropertyOp36
 70
     1
102
RTVSPropertyOp37
 70
     1
102
RTVSPropertyOp38
 70
     1
102
RTVSPropertyOp39
 70
     1
102
RTVSPropertyOp40
 70
     1
102
RTVSPropertyOp41
 70
     1
102
RTVSPropertyOp42
 70
     1
102
RTVSPropertyOp43
 70
     1
102
RTVSPropertyOp44
 70
     1
102
RTVSPropertyOp45
 70
     1
102
RTVSPropertyOp46
 70
     1
102
RTVSPropertyOp47
 70
     1
102
RTVSPropertyOp48
 70
     1
102
RTVSPropertyOp49
 70
     1
102
RTVSPropertyOp50
 70
     1
102
RTVSPropertyOp51
 70
     0
102
RTVSPropertyOp52
 70
     0
102
RTVSPropertyOp53
 70
     1
102
RTVSPropertyOp54
 70
     1
102
RTVSPropertyOp55
 70
     1
102
RTVSPropertyOp56
 70
     1
102
RTVSPropertyOp57
 70
     1
102
RTVSPost2010Prop28
280
     0
102
RTVSPost2010PropOp28
 70
     1
102
RTVSPost2010Prop29
280
     1
102
RTVSPost2010PropOp29
 70
     1
102
RTVSPost2010Prop30
280
     1
102
RTVSPost2010PropOp30
 70
     1
102
RTVSPost2010Prop31
280
     0
102
RTVSPost2010PropOp31
 70
     1
102
RTVSPost2010Prop32
280
     0
102
RTVSPost2010PropOp32
 70
     1
102
RTVSPost2010Prop33
280
     0
102
RTVSPost2010PropOp33
 70
     1
102
RTVSPost2010Prop34
280
     0
102
RTVSPost2010PropOp34
 70
     1
102
RTVSPost2010Prop35
280
     0
102
RTVSPost2010PropOp35
 70
     1
102
RTVSPost2010Prop36
280
     0
102
RTVSPost2010PropOp36
 70
     1
102
RTVSPost2010Prop37
 90
       50
102
RTVSPost2010PropOp37
 70
     1
102
RTVSPost2010Prop38
140
0.0
102
RTVSPost2010PropOp38
 70
     1
102
RTVSPost2010Prop39
140
1.0
102
RTVSPost2010PropOp39
 70
     1
102
RTVSPost2010Prop40
 90
        0
102
RTVSPost2010PropOp40
 70
     1
102
RTVSPost2010Prop41ColorIndex
 90
       18
102
RTVSPost2010Prop41ColorRGB
 90
        0
102
RTVSPost2010PropOp41
 70
     1
102
RTVSPost2010Prop42
 90
       50
102
RTVSPost2010PropOp42
 70
     1
102
RTVSPost2010Prop43
 90
        3
102
RTVSPost2010PropOp43
 70
     1
102
RTVSPost2010Prop44ColorIndex
 90
        5
102
RTVSPost2010Prop44ColorRGB
 90
      255
102
RTVSPost2010PropOp44
 70
     1
102
RTVSPost2010Prop45
280
     0
102
RTVSPost2010PropOp45
 70
     1
102
RTVSPost2010Prop46
 90
       50
102
RTVSPost2010PropOp46
 70
     1
102
RTVSPost2010Prop47
 90
       50
102
RTVSPost2010PropOp47
 70
     1
102
RTVSPost2010Prop48
 90
       50
102
RTVSPost2010PropOp48
 70
     1
102
RTVSPost2010Prop49
280
     0
102
RTVSPost2010PropOp49
 70
     1
102
RTVSPost2010Prop50
 90
       50
102
RTVSPost2010PropOp50
 70
     1
102
RTVSPost2010Prop51ColorIndex
 90
      256
102
RTVSPost2010Prop51ColorRGB
 90
-16777216
102
RTVSPost2010PropOp51
 70
     0
102
RTVSPost2010Prop52
140
1.0
102
RTVSPost2010PropOp52
 70
     0
102
RTVSPost2010Prop53
 90
        2
102
RTVSPost2010PropOp53
 70
     1
102
RTVSPost2010Prop54
  1
strokes_ogs.tif
102
RTVSPost2010PropOp54
 70
     1
102
RTVSPost2010Prop55
280
     0
102
RTVSPost2010PropOp55
 70
     1
102
RTVSPost2010Prop56
140
1.0
102
RTVSPost2010PropOp56
 70
     1
102
RTVSPost2010Prop57
140
1.0
102
RTVSPost2010PropOp57
 70
     1
  0
XRECORD
  5
5BE
102
{ACAD_REACTORS
330
5BD
102
}
330
5BD
100
AcDbXrecord
280
     1
102
RTVSPropertyOp0
 70
     0
102
RTVSPropertyOp1
 70
     0
102
RTVSPropertyOp2
 70
     0
102
RTVSPropertyOp3
 70
     0
102
RTVSPropertyOp4
 70
     0
102
RTVSPropertyOp5
 70
     0
102
RTVSPropertyOp6
 70
     0
102
RTVSPropertyOp7
 70
     0
102
RTVSPropertyOp8
 70
     0
102
RTVSPropertyOp9
 70
     0
102
RTVSPropertyOp10
 70
     0
102
RTVSPropertyOp11
 70
     0
102
RTVSPropertyOp12
 70
     0
102
RTVSPropertyOp13
 70
     0
102
RTVSPropertyOp14
 70
     2
102
RTVSPropertyOp15
 70
     0
102
RTVSPropertyOp16
 70
     0
102
RTVSPropertyOp17
 70
     0
102
RTVSPropertyOp18
 70
     0
102
RTVSPropertyOp19
 70
     0
102
RTVSPropertyOp20
 70
     0
102
RTVSPropertyOp21
 70
     0
102
RTVSPropertyOp22
 70
     0
102
RTVSPropertyOp23
 70
     0
102
RTVSPropertyOp24
 70
     0
102
RTVSPropertyOp25
 70
     0
102
RTVSPropertyOp26
 70
     0
102
RTVSPropertyOp27
 70
     0
102
RTVSPropertyOp28
 70
     0
102
RTVSPropertyOp29
 70
     0
102
RTVSPropertyOp30
 70
     0
102
RTVSPropertyOp31
 70
     0
102
RTVSPropertyOp32
 70
     0
102
RTVSPropertyOp33
 70
     0
102
RTVSPropertyOp34
 70
     0
102
RTVSPropertyOp35
 70
     0
102
RTVSPropertyOp36
 70
     0
102
RTVSPropertyOp37
 70
     0
102
RTVSPropertyOp38
 70
     0
102
RTVSPropertyOp39
 70
     0
102
RTVSPropertyOp40
 70
     0
102
RTVSPropertyOp41
 70
     0
102
RTVSPropertyOp42
 70
     0
102
RTVSPropertyOp43
 70
     0
102
RTVSPropertyOp44
 70
     0
102
RTVSPropertyOp45
 70
     0
102
RTVSPropertyOp46
 70
     0
102
RTVSPropertyOp47
 70
     0
102
RTVSPropertyOp48
 70
     0
102
RTVSPropertyOp49
 70
     0
102
RTVSPropertyOp50
 70
     0
102
RTVSPropertyOp51
 70
     0
102
RTVSPropertyOp52
 70
     0
102
RTVSPropertyOp53
 70
     0
102
RTVSPropertyOp54
 70
     0
102
RTVSPropertyOp55
 70
     0
102
RTVSPropertyOp56
 70
     0
102
RTVSPropertyOp57
 70
     0
102
RTVSPost2010Prop28
280
     0
102
RTVSPost2010PropOp28
 70
     0
102
RTVSPost2010Prop29
280
     1
102
RTVSPost2010PropOp29
 70
     0
102
RTVSPost2010Prop30
280
     1
102
RTVSPost2010PropOp30
 70
     0
102
RTVSPost2010Prop31
280
     0
102
RTVSPost2010PropOp31
 70
     0
102
RTVSPost2010Prop32
280
     0
102
RTVSPost2010PropOp32
 70
     0
102
RTVSPost2010Prop33
280
     0
102
RTVSPost2010PropOp33
 70
     0
102
RTVSPost2010Prop34
280
     0
102
RTVSPost2010PropOp34
 70
     0
102
RTVSPost2010Prop35
280
     0
102
RTVSPost2010PropOp35
 70
     0
102
RTVSPost2010Prop36
280
     0
102
RTVSPost2010PropOp36
 70
     0
102
RTVSPost2010Prop37
 90
       50
102
RTVSPost2010PropOp37
 70
     0
102
RTVSPost2010Prop38
140
0.0
102
RTVSPost2010PropOp38
 70
     0
102
RTVSPost2010Prop39
140
1.0
102
RTVSPost2010PropOp39
 70
     0
102
RTVSPost2010Prop40
 90
        0
102
RTVSPost2010PropOp40
 70
     0
102
RTVSPost2010Prop41ColorIndex
 90
       18
102
RTVSPost2010Prop41ColorRGB
 90
        0
102
RTVSPost2010PropOp41
 70
     0
102
RTVSPost2010Prop42
 90
       50
102
RTVSPost2010PropOp42
 70
     0
102
RTVSPost2010Prop43
 90
        3
102
RTVSPost2010PropOp43
 70
     0
102
RTVSPost2010Prop44ColorIndex
 90
        5
102
RTVSPost2010Prop44ColorRGB
 90
      255
102
RTVSPost2010PropOp44
 70
     0
102
RTVSPost2010Prop45
280
     0
102
RTVSPost2010PropOp45
 70
     0
102
RTVSPost2010Prop46
 90
       50
102
RTVSPost2010PropOp46
 70
     0
102
RTVSPost2010Prop47
 90
       50
102
RTVSPost2010PropOp47
 70
     0
102
RTVSPost2010Prop48
 90
       50
102
RTVSPost2010PropOp48
 70
     0
102
RTVSPost2010Prop49
280
     0
102
RTVSPost2010PropOp49
 70
     0
102
RTVSPost2010Prop50
 90
       50
102
RTVSPost2010PropOp50
 70
     0
102
RTVSPost2010Prop51ColorIndex
 90
      256
102
RTVSPost2010Prop51ColorRGB
 90
-16777216
102
RTVSPost2010PropOp51
 70
     0
102
RTVSPost2010Prop52
140
1.0
102
RTVSPost2010PropOp52
 70
     0
102
RTVSPost2010Prop53
 90
        2
102
RTVSPost2010PropOp53
 70
     0
102
RTVSPost2010Prop54
  1
strokes_ogs.tif
102
RTVSPost2010PropOp54
 70
     0
102
RTVSPost2010Prop55
280
     0
102
RTVSPost2010PropOp55
 70
     0
102
RTVSPost2010Prop56
140
1.0
102
RTVSPost2010PropOp56
 70
     0
102
RTVSPost2010Prop57
140
1.0
102
RTVSPost2010PropOp57
 70
     0
  0
XRECORD
  5
5AC
102
{ACAD_REACTORS
330
5AB
102
}
330
5AB
100
AcDbXrecord
280
     1
102
RTVSPropertyOp0
 70
     1
102
RTVSPropertyOp1
 70
     1
102
RTVSPropertyOp2
 70
     1
102
RTVSPropertyOp3
 70
     1
102
RTVSPropertyOp4
 70
     1
102
RTVSPropertyOp5
 70
     1
102
RTVSPropertyOp6
 70
     1
102
RTVSPropertyOp7
 70
     1
102
RTVSPropertyOp8
 70
     1
102
RTVSPropertyOp9
 70
     1
102
RTVSPropertyOp10
 70
     1
102
RTVSPropertyOp11
 70
     1
102
RTVSPropertyOp12
 70
     1
102
RTVSPropertyOp13
 70
     1
102
RTVSPropertyOp14
 70
     1
102
RTVSPropertyOp15
 70
     1
102
RTVSPropertyOp16
 70
     1
102
RTVSPropertyOp17
 70
     1
102
RTVSPropertyOp18
 70
     1
102
RTVSPropertyOp19
 70
     1
102
RTVSPropertyOp20
 70
     1
102
RTVSPropertyOp21
 70
     1
102
RTVSPropertyOp22
 70
     1
102
RTVSPropertyOp23
 70
     1
102
RTVSPropertyOp24
 70
     1
102
RTVSPropertyOp25
 70
     1
102
RTVSPropertyOp26
 70
     1
102
RTVSPropertyOp27
 70
     1
102
RTVSPropertyOp28
 70
     1
102
RTVSPropertyOp29
 70
     1
102
RTVSPropertyOp30
 70
     1
102
RTVSPropertyOp31
 70
     1
102
RTVSPropertyOp32
 70
     1
102
RTVSPropertyOp33
 70
     1
102
RTVSPropertyOp34
 70
     1
102
RTVSPropertyOp35
 70
     1
102
RTVSPropertyOp36
 70
     1
102
RTVSPropertyOp37
 70
     1
102
RTVSPropertyOp38
 70
     1
102
RTVSPropertyOp39
 70
     1
102
RTVSPropertyOp40
 70
     1
102
RTVSPropertyOp41
 70
     1
102
RTVSPropertyOp42
 70
     1
102
RTVSPropertyOp43
 70
     1
102
RTVSPropertyOp44
 70
     1
102
RTVSPropertyOp45
 70
     1
102
RTVSPropertyOp46
 70
     1
102
RTVSPropertyOp47
 70
     1
102
RTVSPropertyOp48
 70
     1
102
RTVSPropertyOp49
 70
     1
102
RTVSPropertyOp50
 70
     1
102
RTVSPropertyOp51
 70
     0
102
RTVSPropertyOp52
 70
     0
102
RTVSPropertyOp53
 70
     1
102
RTVSPropertyOp54
 70
     1
102
RTVSPropertyOp55
 70
     1
102
RTVSPropertyOp56
 70
     1
102
RTVSPropertyOp57
 70
     1
102
RTVSPost2010Prop28
280
     0
102
RTVSPost2010PropOp28
 70
     1
102
RTVSPost2010Prop29
280
     1
102
RTVSPost2010PropOp29
 70
     1
102
RTVSPost2010Prop30
280
     1
102
RTVSPost2010PropOp30
 70
     1
102
RTVSPost2010Prop31
280
     0
102
RTVSPost2010PropOp31
 70
     1
102
RTVSPost2010Prop32
280
     0
102
RTVSPost2010PropOp32
 70
     1
102
RTVSPost2010Prop33
280
     0
102
RTVSPost2010PropOp33
 70
     1
102
RTVSPost2010Prop34
280
     0
102
RTVSPost2010PropOp34
 70
     1
102
RTVSPost2010Prop35
280
     0
102
RTVSPost2010PropOp35
 70
     1
102
RTVSPost2010Prop36
280
     0
102
RTVSPost2010PropOp36
 70
     1
102
RTVSPost2010Prop37
 90
       50
102
RTVSPost2010PropOp37
 70
     1
102
RTVSPost2010Prop38
140
0.0
102
RTVSPost2010PropOp38
 70
     1
102
RTVSPost2010Prop39
140
1.0
102
RTVSPost2010PropOp39
 70
     1
102
RTVSPost2010Prop40
 90
        0
102
RTVSPost2010PropOp40
 70
     1
102
RTVSPost2010Prop41ColorIndex
 90
       18
102
RTVSPost2010Prop41ColorRGB
 90
        0
102
RTVSPost2010PropOp41
 70
     1
102
RTVSPost2010Prop42
 90
       50
102
RTVSPost2010PropOp42
 70
     1
102
RTVSPost2010Prop43
 90
        3
102
RTVSPost2010PropOp43
 70
     1
102
RTVSPost2010Prop44ColorIndex
 90
        5
102
RTVSPost2010Prop44ColorRGB
 90
      255
102
RTVSPost2010PropOp44
 70
     1
102
RTVSPost2010Prop45
280
     0
102
RTVSPost2010PropOp45
 70
     1
102
RTVSPost2010Prop46
 90
       50
102
RTVSPost2010PropOp46
 70
     1
102
RTVSPost2010Prop47
 90
       50
102
RTVSPost2010PropOp47
 70
     1
102
RTVSPost2010Prop48
 90
       50
102
RTVSPost2010PropOp48
 70
     1
102
RTVSPost2010Prop49
280
     0
102
RTVSPost2010PropOp49
 70
     1
102
RTVSPost2010Prop50
 90
       50
102
RTVSPost2010PropOp50
 70
     1
102
RTVSPost2010Prop51ColorIndex
 90
      256
102
RTVSPost2010Prop51ColorRGB
 90
-16777216
102
RTVSPost2010PropOp51
 70
     0
102
RTVSPost2010Prop52
140
1.0
102
RTVSPost2010PropOp52
 70
     0
102
RTVSPost2010Prop53
 90
        2
102
RTVSPost2010PropOp53
 70
     1
102
RTVSPost2010Prop54
  1
strokes_ogs.tif
102
RTVSPost2010PropOp54
 70
     1
102
RTVSPost2010Prop55
280
     0
102
RTVSPost2010PropOp55
 70
     1
102
RTVSPost2010Prop56
140
1.0
102
RTVSPost2010PropOp56
 70
     1
102
RTVSPost2010Prop57
140
1.0
102
RTVSPost2010PropOp57
 70
     1
  0
XRECORD
  5
5CA
102
{ACAD_REACTORS
330
5C9
102
}
330
5C9
100
AcDbXrecord
280
     1
102
RTVSPropertyOp0
 70
     1
102
RTVSPropertyOp1
 70
     1
102
RTVSPropertyOp2
 70
     1
102
RTVSPropertyOp3
 70
     1
102
RTVSPropertyOp4
 70
     1
102
RTVSPropertyOp5
 70
     1
102
RTVSPropertyOp6
 70
     1
102
RTVSPropertyOp7
 70
     1
102
RTVSPropertyOp8
 70
     1
102
RTVSPropertyOp9
 70
     1
102
RTVSPropertyOp10
 70
     1
102
RTVSPropertyOp11
 70
     1
102
RTVSPropertyOp12
 70
     1
102
RTVSPropertyOp13
 70
     1
102
RTVSPropertyOp14
 70
     1
102
RTVSPropertyOp15
 70
     1
102
RTVSPropertyOp16
 70
     1
102
RTVSPropertyOp17
 70
     1
102
RTVSPropertyOp18
 70
     1
102
RTVSPropertyOp19
 70
     1
102
RTVSPropertyOp20
 70
     1
102
RTVSPropertyOp21
 70
     1
102
RTVSPropertyOp22
 70
     1
102
RTVSPropertyOp23
 70
     1
102
RTVSPropertyOp24
 70
     1
102
RTVSPropertyOp25
 70
     1
102
RTVSPropertyOp26
 70
     1
102
RTVSPropertyOp27
 70
     1
102
RTVSPropertyOp28
 70
     1
102
RTVSPropertyOp29
 70
     1
102
RTVSPropertyOp30
 70
     1
102
RTVSPropertyOp31
 70
     1
102
RTVSPropertyOp32
 70
     1
102
RTVSPropertyOp33
 70
     1
102
RTVSPropertyOp34
 70
     1
102
RTVSPropertyOp35
 70
     1
102
RTVSPropertyOp36
 70
     1
102
RTVSPropertyOp37
 70
     1
102
RTVSPropertyOp38
 70
     1
102
RTVSPropertyOp39
 70
     1
102
RTVSPropertyOp40
 70
     1
102
RTVSPropertyOp41
 70
     1
102
RTVSPropertyOp42
 70
     1
102
RTVSPropertyOp43
 70
     1
102
RTVSPropertyOp44
 70
     1
102
RTVSPropertyOp45
 70
     1
102
RTVSPropertyOp46
 70
     1
102
RTVSPropertyOp47
 70
     1
102
RTVSPropertyOp48
 70
     1
102
RTVSPropertyOp49
 70
     1
102
RTVSPropertyOp50
 70
     1
102
RTVSPropertyOp51
 70
     0
102
RTVSPropertyOp52
 70
     0
102
RTVSPropertyOp53
 70
     1
102
RTVSPropertyOp54
 70
     1
102
RTVSPropertyOp55
 70
     1
102
RTVSPropertyOp56
 70
     1
102
RTVSPropertyOp57
 70
     1
102
RTVSPost2010Prop28
280
     0
102
RTVSPost2010PropOp28
 70
     1
102
RTVSPost2010Prop29
280
     1
102
RTVSPost2010PropOp29
 70
     1
102
RTVSPost2010Prop30
280
     1
102
RTVSPost2010PropOp30
 70
     1
102
RTVSPost2010Prop31
280
     0
102
RTVSPost2010PropOp31
 70
     1
102
RTVSPost2010Prop32
280
     0
102
RTVSPost2010PropOp32
 70
     1
102
RTVSPost2010Prop33
280
     0
102
RTVSPost2010PropOp33
 70
     1
102
RTVSPost2010Prop34
280
     0
102
RTVSPost2010PropOp34
 70
     1
102
RTVSPost2010Prop35
280
     0
102
RTVSPost2010PropOp35
 70
     1
102
RTVSPost2010Prop36
280
     0
102
RTVSPost2010PropOp36
 70
     1
102
RTVSPost2010Prop37
 90
       50
102
RTVSPost2010PropOp37
 70
     1
102
RTVSPost2010Prop38
140
0.0
102
RTVSPost2010PropOp38
 70
     1
102
RTVSPost2010Prop39
140
1.0
102
RTVSPost2010PropOp39
 70
     1
102
RTVSPost2010Prop40
 90
        0
102
RTVSPost2010PropOp40
 70
     1
102
RTVSPost2010Prop41ColorIndex
 90
       18
102
RTVSPost2010Prop41ColorRGB
 90
        0
102
RTVSPost2010PropOp41
 70
     1
102
RTVSPost2010Prop42
 90
       50
102
RTVSPost2010PropOp42
 70
     1
102
RTVSPost2010Prop43
 90
        3
102
RTVSPost2010PropOp43
 70
     1
102
RTVSPost2010Prop44ColorIndex
 90
        5
102
RTVSPost2010Prop44ColorRGB
 90
      255
102
RTVSPost2010PropOp44
 70
     1
102
RTVSPost2010Prop45
280
     0
102
RTVSPost2010PropOp45
 70
     1
102
RTVSPost2010Prop46
 90
       50
102
RTVSPost2010PropOp46
 70
     1
102
RTVSPost2010Prop47
 90
       50
102
RTVSPost2010PropOp47
 70
     1
102
RTVSPost2010Prop48
 90
       50
102
RTVSPost2010PropOp48
 70
     1
102
RTVSPost2010Prop49
280
     0
102
RTVSPost2010PropOp49
 70
     1
102
RTVSPost2010Prop50
 90
       50
102
RTVSPost2010PropOp50
 70
     1
102
RTVSPost2010Prop51ColorIndex
 90
      256
102
RTVSPost2010Prop51ColorRGB
 90
-16777216
102
RTVSPost2010PropOp51
 70
     0
102
RTVSPost2010Prop52
140
1.0
102
RTVSPost2010PropOp52
 70
     0
102
RTVSPost2010Prop53
 90
        2
102
RTVSPost2010PropOp53
 70
     1
102
RTVSPost2010Prop54
  1
strokes_ogs.tif
102
RTVSPost2010PropOp54
 70
     1
102
RTVSPost2010Prop55
280
     0
102
RTVSPost2010PropOp55
 70
     1
102
RTVSPost2010Prop56
140
1.0
102
RTVSPost2010PropOp56
 70
     1
102
RTVSPost2010Prop57
140
1.0
102
RTVSPost2010PropOp57
 70
     1
  0
XRECORD
  5
5C8
102
{ACAD_REACTORS
330
5C7
102
}
330
5C7
100
AcDbXrecord
280
     1
102
RTVSPropertyOp0
 70
     1
102
RTVSPropertyOp1
 70
     1
102
RTVSPropertyOp2
 70
     1
102
RTVSPropertyOp3
 70
     1
102
RTVSPropertyOp4
 70
     1
102
RTVSPropertyOp5
 70
     1
102
RTVSPropertyOp6
 70
     1
102
RTVSPropertyOp7
 70
     1
102
RTVSPropertyOp8
 70
     1
102
RTVSPropertyOp9
 70
     1
102
RTVSPropertyOp10
 70
     1
102
RTVSPropertyOp11
 70
     1
102
RTVSPropertyOp12
 70
     1
102
RTVSPropertyOp13
 70
     1
102
RTVSPropertyOp14
 70
     1
102
RTVSPropertyOp15
 70
     1
102
RTVSPropertyOp16
 70
     1
102
RTVSPropertyOp17
 70
     1
102
RTVSPropertyOp18
 70
     1
102
RTVSPropertyOp19
 70
     1
102
RTVSPropertyOp20
 70
     1
102
RTVSPropertyOp21
 70
     1
102
RTVSPropertyOp22
 70
     1
102
RTVSPropertyOp23
 70
     1
102
RTVSPropertyOp24
 70
     1
102
RTVSPropertyOp25
 70
     1
102
RTVSPropertyOp26
 70
     1
102
RTVSPropertyOp27
 70
     1
102
RTVSPropertyOp28
 70
     1
102
RTVSPropertyOp29
 70
     1
102
RTVSPropertyOp30
 70
     1
102
RTVSPropertyOp31
 70
     1
102
RTVSPropertyOp32
 70
     1
102
RTVSPropertyOp33
 70
     1
102
RTVSPropertyOp34
 70
     1
102
RTVSPropertyOp35
 70
     1
102
RTVSPropertyOp36
 70
     1
102
RTVSPropertyOp37
 70
     1
102
RTVSPropertyOp38
 70
     1
102
RTVSPropertyOp39
 70
     1
102
RTVSPropertyOp40
 70
     1
102
RTVSPropertyOp41
 70
     1
102
RTVSPropertyOp42
 70
     1
102
RTVSPropertyOp43
 70
     1
102
RTVSPropertyOp44
 70
     1
102
RTVSPropertyOp45
 70
     1
102
RTVSPropertyOp46
 70
     1
102
RTVSPropertyOp47
 70
     1
102
RTVSPropertyOp48
 70
     1
102
RTVSPropertyOp49
 70
     1
102
RTVSPropertyOp50
 70
     1
102
RTVSPropertyOp51
 70
     0
102
RTVSPropertyOp52
 70
     0
102
RTVSPropertyOp53
 70
     1
102
RTVSPropertyOp54
 70
     1
102
RTVSPropertyOp55
 70
     1
102
RTVSPropertyOp56
 70
     1
102
RTVSPropertyOp57
 70
     1
102
RTVSPost2010Prop28
280
     0
102
RTVSPost2010PropOp28
 70
     1
102
RTVSPost2010Prop29
280
     1
102
RTVSPost2010PropOp29
 70
     1
102
RTVSPost2010Prop30
280
     1
102
RTVSPost2010PropOp30
 70
     1
102
RTVSPost2010Prop31
280
     0
102
RTVSPost2010PropOp31
 70
     1
102
RTVSPost2010Prop32
280
     0
102
RTVSPost2010PropOp32
 70
     1
102
RTVSPost2010Prop33
280
     0
102
RTVSPost2010PropOp33
 70
     1
102
RTVSPost2010Prop34
280
     0
102
RTVSPost2010PropOp34
 70
     1
102
RTVSPost2010Prop35
280
     0
102
RTVSPost2010PropOp35
 70
     1
102
RTVSPost2010Prop36
280
     0
102
RTVSPost2010PropOp36
 70
     1
102
RTVSPost2010Prop37
 90
       50
102
RTVSPost2010PropOp37
 70
     1
102
RTVSPost2010Prop38
140
0.0
102
RTVSPost2010PropOp38
 70
     1
102
RTVSPost2010Prop39
140
1.0
102
RTVSPost2010PropOp39
 70
     1
102
RTVSPost2010Prop40
 90
        0
102
RTVSPost2010PropOp40
 70
     1
102
RTVSPost2010Prop41ColorIndex
 90
       18
102
RTVSPost2010Prop41ColorRGB
 90
        0
102
RTVSPost2010PropOp41
 70
     1
102
RTVSPost2010Prop42
 90
       50
102
RTVSPost2010PropOp42
 70
     1
102
RTVSPost2010Prop43
 90
        3
102
RTVSPost2010PropOp43
 70
     1
102
RTVSPost2010Prop44ColorIndex
 90
        5
102
RTVSPost2010Prop44ColorRGB
 90
      255
102
RTVSPost2010PropOp44
 70
     1
102
RTVSPost2010Prop45
280
     0
102
RTVSPost2010PropOp45
 70
     1
102
RTVSPost2010Prop46
 90
       50
102
RTVSPost2010PropOp46
 70
     1
102
RTVSPost2010Prop47
 90
       50
102
RTVSPost2010PropOp47
 70
     1
102
RTVSPost2010Prop48
 90
       50
102
RTVSPost2010PropOp48
 70
     1
102
RTVSPost2010Prop49
280
     0
102
RTVSPost2010PropOp49
 70
     1
102
RTVSPost2010Prop50
 90
       50
102
RTVSPost2010PropOp50
 70
     1
102
RTVSPost2010Prop51ColorIndex
 90
      256
102
RTVSPost2010Prop51ColorRGB
 90
-16777216
102
RTVSPost2010PropOp51
 70
     0
102
RTVSPost2010Prop52
140
1.0
102
RTVSPost2010PropOp52
 70
     0
102
RTVSPost2010Prop53
 90
        2
102
RTVSPost2010PropOp53
 70
     1
102
RTVSPost2010Prop54
  1
strokes_ogs.tif
102
RTVSPost2010PropOp54
 70
     1
102
RTVSPost2010Prop55
280
     0
102
RTVSPost2010PropOp55
 70
     1
102
RTVSPost2010Prop56
140
1.0
102
RTVSPost2010PropOp56
 70
     1
102
RTVSPost2010Prop57
140
1.0
102
RTVSPost2010PropOp57
 70
     1
  0
XRECORD
  5
5C2
102
{ACAD_REACTORS
330
5C1
102
}
330
5C1
100
AcDbXrecord
280
     1
102
RTVSPropertyOp0
 70
     1
102
RTVSPropertyOp1
 70
     1
102
RTVSPropertyOp2
 70
     1
102
RTVSPropertyOp3
 70
     1
102
RTVSPropertyOp4
 70
     1
102
RTVSPropertyOp5
 70
     1
102
RTVSPropertyOp6
 70
     1
102
RTVSPropertyOp7
 70
     1
102
RTVSPropertyOp8
 70
     1
102
RTVSPropertyOp9
 70
     1
102
RTVSPropertyOp10
 70
     1
102
RTVSPropertyOp11
 70
     1
102
RTVSPropertyOp12
 70
     1
102
RTVSPropertyOp13
 70
     1
102
RTVSPropertyOp14
 70
     1
102
RTVSPropertyOp15
 70
     1
102
RTVSPropertyOp16
 70
     1
102
RTVSPropertyOp17
 70
     1
102
RTVSPropertyOp18
 70
     1
102
RTVSPropertyOp19
 70
     1
102
RTVSPropertyOp20
 70
     1
102
RTVSPropertyOp21
 70
     1
102
RTVSPropertyOp22
 70
     1
102
RTVSPropertyOp23
 70
     1
102
RTVSPropertyOp24
 70
     1
102
RTVSPropertyOp25
 70
     1
102
RTVSPropertyOp26
 70
     1
102
RTVSPropertyOp27
 70
     1
102
RTVSPropertyOp28
 70
     1
102
RTVSPropertyOp29
 70
     1
102
RTVSPropertyOp30
 70
     1
102
RTVSPropertyOp31
 70
     1
102
RTVSPropertyOp32
 70
     1
102
RTVSPropertyOp33
 70
     1
102
RTVSPropertyOp34
 70
     1
102
RTVSPropertyOp35
 70
     1
102
RTVSPropertyOp36
 70
     1
102
RTVSPropertyOp37
 70
     1
102
RTVSPropertyOp38
 70
     1
102
RTVSPropertyOp39
 70
     1
102
RTVSPropertyOp40
 70
     1
102
RTVSPropertyOp41
 70
     1
102
RTVSPropertyOp42
 70
     1
102
RTVSPropertyOp43
 70
     1
102
RTVSPropertyOp44
 70
     1
102
RTVSPropertyOp45
 70
     1
102
RTVSPropertyOp46
 70
     1
102
RTVSPropertyOp47
 70
     1
102
RTVSPropertyOp48
 70
     1
102
RTVSPropertyOp49
 70
     1
102
RTVSPropertyOp50
 70
     1
102
RTVSPropertyOp51
 70
     0
102
RTVSPropertyOp52
 70
     0
102
RTVSPropertyOp53
 70
     1
102
RTVSPropertyOp54
 70
     1
102
RTVSPropertyOp55
 70
     1
102
RTVSPropertyOp56
 70
     1
102
RTVSPropertyOp57
 70
     1
102
RTVSPost2010Prop28
280
     0
102
RTVSPost2010PropOp28
 70
     1
102
RTVSPost2010Prop29
280
     1
102
RTVSPost2010PropOp29
 70
     1
102
RTVSPost2010Prop30
280
     1
102
RTVSPost2010PropOp30
 70
     1
102
RTVSPost2010Prop31
280
     0
102
RTVSPost2010PropOp31
 70
     1
102
RTVSPost2010Prop32
280
     0
102
RTVSPost2010PropOp32
 70
     1
102
RTVSPost2010Prop33
280
     0
102
RTVSPost2010PropOp33
 70
     1
102
RTVSPost2010Prop34
280
     0
102
RTVSPost2010PropOp34
 70
     1
102
RTVSPost2010Prop35
280
     0
102
RTVSPost2010PropOp35
 70
     1
102
RTVSPost2010Prop36
280
     0
102
RTVSPost2010PropOp36
 70
     1
102
RTVSPost2010Prop37
 90
       50
102
RTVSPost2010PropOp37
 70
     1
102
RTVSPost2010Prop38
140
0.0
102
RTVSPost2010PropOp38
 70
     1
102
RTVSPost2010Prop39
140
1.0
102
RTVSPost2010PropOp39
 70
     1
102
RTVSPost2010Prop40
 90
        0
102
RTVSPost2010PropOp40
 70
     1
102
RTVSPost2010Prop41ColorIndex
 90
       18
102
RTVSPost2010Prop41ColorRGB
 90
        0
102
RTVSPost2010PropOp41
 70
     1
102
RTVSPost2010Prop42
 90
       50
102
RTVSPost2010PropOp42
 70
     1
102
RTVSPost2010Prop43
 90
        3
102
RTVSPost2010PropOp43
 70
     1
102
RTVSPost2010Prop44ColorIndex
 90
        5
102
RTVSPost2010Prop44ColorRGB
 90
      255
102
RTVSPost2010PropOp44
 70
     1
102
RTVSPost2010Prop45
280
     0
102
RTVSPost2010PropOp45
 70
     1
102
RTVSPost2010Prop46
 90
       50
102
RTVSPost2010PropOp46
 70
     1
102
RTVSPost2010Prop47
 90
       50
102
RTVSPost2010PropOp47
 70
     1
102
RTVSPost2010Prop48
 90
       50
102
RTVSPost2010PropOp48
 70
     1
102
RTVSPost2010Prop49
280
     0
102
RTVSPost2010PropOp49
 70
     1
102
RTVSPost2010Prop50
 90
       50
102
RTVSPost2010PropOp50
 70
     1
102
RTVSPost2010Prop51ColorIndex
 90
      256
102
RTVSPost2010Prop51ColorRGB
 90
-16777216
102
RTVSPost2010PropOp51
 70
     0
102
RTVSPost2010Prop52
140
1.0
102
RTVSPost2010PropOp52
 70
     0
102
RTVSPost2010Prop53
 90
        2
102
RTVSPost2010PropOp53
 70
     1
102
RTVSPost2010Prop54
  1
strokes_ogs.tif
102
RTVSPost2010PropOp54
 70
     1
102
RTVSPost2010Prop55
280
     0
102
RTVSPost2010PropOp55
 70
     1
102
RTVSPost2010Prop56
140
1.0
102
RTVSPost2010PropOp56
 70
     1
102
RTVSPost2010Prop57
140
1.0
102
RTVSPost2010PropOp57
 70
     1
  0
XRECORD
  5
5C4
102
{ACAD_REACTORS
330
5C3
102
}
330
5C3
100
AcDbXrecord
280
     1
102
RTVSPropertyOp0
 70
     1
102
RTVSPropertyOp1
 70
     1
102
RTVSPropertyOp2
 70
     1
102
RTVSPropertyOp3
 70
     1
102
RTVSPropertyOp4
 70
     1
102
RTVSPropertyOp5
 70
     1
102
RTVSPropertyOp6
 70
     1
102
RTVSPropertyOp7
 70
     1
102
RTVSPropertyOp8
 70
     1
102
RTVSPropertyOp9
 70
     1
102
RTVSPropertyOp10
 70
     1
102
RTVSPropertyOp11
 70
     1
102
RTVSPropertyOp12
 70
     1
102
RTVSPropertyOp13
 70
     1
102
RTVSPropertyOp14
 70
     1
102
RTVSPropertyOp15
 70
     1
102
RTVSPropertyOp16
 70
     1
102
RTVSPropertyOp17
 70
     1
102
RTVSPropertyOp18
 70
     1
102
RTVSPropertyOp19
 70
     1
102
RTVSPropertyOp20
 70
     1
102
RTVSPropertyOp21
 70
     1
102
RTVSPropertyOp22
 70
     1
102
RTVSPropertyOp23
 70
     1
102
RTVSPropertyOp24
 70
     1
102
RTVSPropertyOp25
 70
     1
102
RTVSPropertyOp26
 70
     1
102
RTVSPropertyOp27
 70
     1
102
RTVSPropertyOp28
 70
     1
102
RTVSPropertyOp29
 70
     1
102
RTVSPropertyOp30
 70
     1
102
RTVSPropertyOp31
 70
     1
102
RTVSPropertyOp32
 70
     1
102
RTVSPropertyOp33
 70
     1
102
RTVSPropertyOp34
 70
     1
102
RTVSPropertyOp35
 70
     1
102
RTVSPropertyOp36
 70
     1
102
RTVSPropertyOp37
 70
     1
102
RTVSPropertyOp38
 70
     1
102
RTVSPropertyOp39
 70
     1
102
RTVSPropertyOp40
 70
     1
102
RTVSPropertyOp41
 70
     1
102
RTVSPropertyOp42
 70
     1
102
RTVSPropertyOp43
 70
     1
102
RTVSPropertyOp44
 70
     1
102
RTVSPropertyOp45
 70
     1
102
RTVSPropertyOp46
 70
     1
102
RTVSPropertyOp47
 70
     1
102
RTVSPropertyOp48
 70
     1
102
RTVSPropertyOp49
 70
     1
102
RTVSPropertyOp50
 70
     1
102
RTVSPropertyOp51
 70
     0
102
RTVSPropertyOp52
 70
     0
102
RTVSPropertyOp53
 70
     1
102
RTVSPropertyOp54
 70
     1
102
RTVSPropertyOp55
 70
     1
102
RTVSPropertyOp56
 70
     1
102
RTVSPropertyOp57
 70
     1
102
RTVSPost2010Prop28
280
     0
102
RTVSPost2010PropOp28
 70
     1
102
RTVSPost2010Prop29
280
     1
102
RTVSPost2010PropOp29
 70
     1
102
RTVSPost2010Prop30
280
     1
102
RTVSPost2010PropOp30
 70
     1
102
RTVSPost2010Prop31
280
     0
102
RTVSPost2010PropOp31
 70
     1
102
RTVSPost2010Prop32
280
     0
102
RTVSPost2010PropOp32
 70
     1
102
RTVSPost2010Prop33
280
     0
102
RTVSPost2010PropOp33
 70
     1
102
RTVSPost2010Prop34
280
     0
102
RTVSPost2010PropOp34
 70
     1
102
RTVSPost2010Prop35
280
     0
102
RTVSPost2010PropOp35
 70
     1
102
RTVSPost2010Prop36
280
     0
102
RTVSPost2010PropOp36
 70
     1
102
RTVSPost2010Prop37
 90
       50
102
RTVSPost2010PropOp37
 70
     1
102
RTVSPost2010Prop38
140
0.0
102
RTVSPost2010PropOp38
 70
     1
102
RTVSPost2010Prop39
140
1.0
102
RTVSPost2010PropOp39
 70
     1
102
RTVSPost2010Prop40
 90
        0
102
RTVSPost2010PropOp40
 70
     1
102
RTVSPost2010Prop41ColorIndex
 90
       18
102
RTVSPost2010Prop41ColorRGB
 90
        0
102
RTVSPost2010PropOp41
 70
     1
102
RTVSPost2010Prop42
 90
       50
102
RTVSPost2010PropOp42
 70
     1
102
RTVSPost2010Prop43
 90
        3
102
RTVSPost2010PropOp43
 70
     1
102
RTVSPost2010Prop44ColorIndex
 90
        5
102
RTVSPost2010Prop44ColorRGB
 90
      255
102
RTVSPost2010PropOp44
 70
     1
102
RTVSPost2010Prop45
280
     0
102
RTVSPost2010PropOp45
 70
     1
102
RTVSPost2010Prop46
 90
       50
102
RTVSPost2010PropOp46
 70
     1
102
RTVSPost2010Prop47
 90
       50
102
RTVSPost2010PropOp47
 70
     1
102
RTVSPost2010Prop48
 90
       50
102
RTVSPost2010PropOp48
 70
     1
102
RTVSPost2010Prop49
280
     0
102
RTVSPost2010PropOp49
 70
     1
102
RTVSPost2010Prop50
 90
       50
102
RTVSPost2010PropOp50
 70
     1
102
RTVSPost2010Prop51ColorIndex
 90
      256
102
RTVSPost2010Prop51ColorRGB
 90
-16777216
102
RTVSPost2010PropOp51
 70
     0
102
RTVSPost2010Prop52
140
1.0
102
RTVSPost2010PropOp52
 70
     0
102
RTVSPost2010Prop53
 90
        2
102
RTVSPost2010PropOp53
 70
     1
102
RTVSPost2010Prop54
  1
strokes_ogs.tif
102
RTVSPost2010PropOp54
 70
     1
102
RTVSPost2010Prop55
280
     0
102
RTVSPost2010PropOp55
 70
     1
102
RTVSPost2010Prop56
140
1.0
102
RTVSPost2010PropOp56
 70
     1
102
RTVSPost2010Prop57
140
1.0
102
RTVSPost2010PropOp57
 70
     1
  0
XRECORD
  5
5B4
102
{ACAD_REACTORS
330
5B3
102
}
330
5B3
100
AcDbXrecord
280
     1
102
RTVSPropertyOp0
 70
     1
102
RTVSPropertyOp1
 70
     1
102
RTVSPropertyOp2
 70
     1
102
RTVSPropertyOp3
 70
     1
102
RTVSPropertyOp4
 70
     1
102
RTVSPropertyOp5
 70
     1
102
RTVSPropertyOp6
 70
     1
102
RTVSPropertyOp7
 70
     1
102
RTVSPropertyOp8
 70
     1
102
RTVSPropertyOp9
 70
     1
102
RTVSPropertyOp10
 70
     1
102
RTVSPropertyOp11
 70
     1
102
RTVSPropertyOp12
 70
     1
102
RTVSPropertyOp13
 70
     1
102
RTVSPropertyOp14
 70
     1
102
RTVSPropertyOp15
 70
     1
102
RTVSPropertyOp16
 70
     1
102
RTVSPropertyOp17
 70
     1
102
RTVSPropertyOp18
 70
     1
102
RTVSPropertyOp19
 70
     1
102
RTVSPropertyOp20
 70
     1
102
RTVSPropertyOp21
 70
     1
102
RTVSPropertyOp22
 70
     1
102
RTVSPropertyOp23
 70
     1
102
RTVSPropertyOp24
 70
     1
102
RTVSPropertyOp25
 70
     1
102
RTVSPropertyOp26
 70
     1
102
RTVSPropertyOp27
 70
     1
102
RTVSPropertyOp28
 70
     1
102
RTVSPropertyOp29
 70
     1
102
RTVSPropertyOp30
 70
     1
102
RTVSPropertyOp31
 70
     1
102
RTVSPropertyOp32
 70
     1
102
RTVSPropertyOp33
 70
     1
102
RTVSPropertyOp34
 70
     1
102
RTVSPropertyOp35
 70
     1
102
RTVSPropertyOp36
 70
     1
102
RTVSPropertyOp37
 70
     1
102
RTVSPropertyOp38
 70
     1
102
RTVSPropertyOp39
 70
     1
102
RTVSPropertyOp40
 70
     1
102
RTVSPropertyOp41
 70
     1
102
RTVSPropertyOp42
 70
     1
102
RTVSPropertyOp43
 70
     1
102
RTVSPropertyOp44
 70
     1
102
RTVSPropertyOp45
 70
     1
102
RTVSPropertyOp46
 70
     1
102
RTVSPropertyOp47
 70
     1
102
RTVSPropertyOp48
 70
     1
102
RTVSPropertyOp49
 70
     1
102
RTVSPropertyOp50
 70
     1
102
RTVSPropertyOp51
 70
     0
102
RTVSPropertyOp52
 70
     0
102
RTVSPropertyOp53
 70
     1
102
RTVSPropertyOp54
 70
     1
102
RTVSPropertyOp55
 70
     1
102
RTVSPropertyOp56
 70
     1
102
RTVSPropertyOp57
 70
     1
102
RTVSPost2010Prop28
280
     0
102
RTVSPost2010PropOp28
 70
     1
102
RTVSPost2010Prop29
280
     1
102
RTVSPost2010PropOp29
 70
     1
102
RTVSPost2010Prop30
280
     1
102
RTVSPost2010PropOp30
 70
     1
102
RTVSPost2010Prop31
280
     0
102
RTVSPost2010PropOp31
 70
     1
102
RTVSPost2010Prop32
280
     0
102
RTVSPost2010PropOp32
 70
     1
102
RTVSPost2010Prop33
280
     0
102
RTVSPost2010PropOp33
 70
     1
102
RTVSPost2010Prop34
280
     0
102
RTVSPost2010PropOp34
 70
     1
102
RTVSPost2010Prop35
280
     0
102
RTVSPost2010PropOp35
 70
     1
102
RTVSPost2010Prop36
280
     0
102
RTVSPost2010PropOp36
 70
     1
102
RTVSPost2010Prop37
 90
       50
102
RTVSPost2010PropOp37
 70
     1
102
RTVSPost2010Prop38
140
0.0
102
RTVSPost2010PropOp38
 70
     1
102
RTVSPost2010Prop39
140
1.0
102
RTVSPost2010PropOp39
 70
     1
102
RTVSPost2010Prop40
 90
        0
102
RTVSPost2010PropOp40
 70
     1
102
RTVSPost2010Prop41ColorIndex
 90
       18
102
RTVSPost2010Prop41ColorRGB
 90
        0
102
RTVSPost2010PropOp41
 70
     1
102
RTVSPost2010Prop42
 90
       50
102
RTVSPost2010PropOp42
 70
     1
102
RTVSPost2010Prop43
 90
        3
102
RTVSPost2010PropOp43
 70
     1
102
RTVSPost2010Prop44ColorIndex
 90
        5
102
RTVSPost2010Prop44ColorRGB
 90
      255
102
RTVSPost2010PropOp44
 70
     1
102
RTVSPost2010Prop45
280
     0
102
RTVSPost2010PropOp45
 70
     1
102
RTVSPost2010Prop46
 90
       50
102
RTVSPost2010PropOp46
 70
     1
102
RTVSPost2010Prop47
 90
       50
102
RTVSPost2010PropOp47
 70
     1
102
RTVSPost2010Prop48
 90
       50
102
RTVSPost2010PropOp48
 70
     1
102
RTVSPost2010Prop49
280
     0
102
RTVSPost2010PropOp49
 70
     1
102
RTVSPost2010Prop50
 90
       50
102
RTVSPost2010PropOp50
 70
     1
102
RTVSPost2010Prop51ColorIndex
 90
      256
102
RTVSPost2010Prop51ColorRGB
 90
-16777216
102
RTVSPost2010PropOp51
 70
     0
102
RTVSPost2010Prop52
140
1.0
102
RTVSPost2010PropOp52
 70
     0
102
RTVSPost2010Prop53
 90
        2
102
RTVSPost2010PropOp53
 70
     1
102
RTVSPost2010Prop54
  1
strokes_ogs.tif
102
RTVSPost2010PropOp54
 70
     1
102
RTVSPost2010Prop55
280
     0
102
RTVSPost2010PropOp55
 70
     1
102
RTVSPost2010Prop56
140
1.0
102
RTVSPost2010PropOp56
 70
     1
102
RTVSPost2010Prop57
140
1.0
102
RTVSPost2010PropOp57
 70
     1
  0
XRECORD
  5
5A6
102
{ACAD_REACTORS
330
5A5
102
}
330
5A5
100
AcDbXrecord
280
     1
102
RTVSPropertyOp0
 70
     1
102
RTVSPropertyOp1
 70
     1
102
RTVSPropertyOp2
 70
     1
102
RTVSPropertyOp3
 70
     1
102
RTVSPropertyOp4
 70
     1
102
RTVSPropertyOp5
 70
     1
102
RTVSPropertyOp6
 70
     1
102
RTVSPropertyOp7
 70
     1
102
RTVSPropertyOp8
 70
     1
102
RTVSPropertyOp9
 70
     1
102
RTVSPropertyOp10
 70
     1
102
RTVSPropertyOp11
 70
     1
102
RTVSPropertyOp12
 70
     1
102
RTVSPropertyOp13
 70
     1
102
RTVSPropertyOp14
 70
     1
102
RTVSPropertyOp15
 70
     1
102
RTVSPropertyOp16
 70
     1
102
RTVSPropertyOp17
 70
     1
102
RTVSPropertyOp18
 70
     1
102
RTVSPropertyOp19
 70
     1
102
RTVSPropertyOp20
 70
     1
102
RTVSPropertyOp21
 70
     1
102
RTVSPropertyOp22
 70
     1
102
RTVSPropertyOp23
 70
     1
102
RTVSPropertyOp24
 70
     1
102
RTVSPropertyOp25
 70
     1
102
RTVSPropertyOp26
 70
     1
102
RTVSPropertyOp27
 70
     1
102
RTVSPropertyOp28
 70
     1
102
RTVSPropertyOp29
 70
     1
102
RTVSPropertyOp30
 70
     1
102
RTVSPropertyOp31
 70
     1
102
RTVSPropertyOp32
 70
     1
102
RTVSPropertyOp33
 70
     1
102
RTVSPropertyOp34
 70
     1
102
RTVSPropertyOp35
 70
     1
102
RTVSPropertyOp36
 70
     1
102
RTVSPropertyOp37
 70
     1
102
RTVSPropertyOp38
 70
     1
102
RTVSPropertyOp39
 70
     1
102
RTVSPropertyOp40
 70
     1
102
RTVSPropertyOp41
 70
     1
102
RTVSPropertyOp42
 70
     1
102
RTVSPropertyOp43
 70
     1
102
RTVSPropertyOp44
 70
     1
102
RTVSPropertyOp45
 70
     1
102
RTVSPropertyOp46
 70
     1
102
RTVSPropertyOp47
 70
     1
102
RTVSPropertyOp48
 70
     1
102
RTVSPropertyOp49
 70
     1
102
RTVSPropertyOp50
 70
     1
102
RTVSPropertyOp51
 70
     0
102
RTVSPropertyOp52
 70
     0
102
RTVSPropertyOp53
 70
     1
102
RTVSPropertyOp54
 70
     1
102
RTVSPropertyOp55
 70
     1
102
RTVSPropertyOp56
 70
     1
102
RTVSPropertyOp57
 70
     1
102
RTVSPost2010Prop28
280
     0
102
RTVSPost2010PropOp28
 70
     1
102
RTVSPost2010Prop29
280
     1
102
RTVSPost2010PropOp29
 70
     1
102
RTVSPost2010Prop30
280
     1
102
RTVSPost2010PropOp30
 70
     1
102
RTVSPost2010Prop31
280
     0
102
RTVSPost2010PropOp31
 70
     1
102
RTVSPost2010Prop32
280
     0
102
RTVSPost2010PropOp32
 70
     1
102
RTVSPost2010Prop33
280
     0
102
RTVSPost2010PropOp33
 70
     1
102
RTVSPost2010Prop34
280
     0
102
RTVSPost2010PropOp34
 70
     1
102
RTVSPost2010Prop35
280
     0
102
RTVSPost2010PropOp35
 70
     1
102
RTVSPost2010Prop36
280
     0
102
RTVSPost2010PropOp36
 70
     1
102
RTVSPost2010Prop37
 90
       50
102
RTVSPost2010PropOp37
 70
     1
102
RTVSPost2010Prop38
140
0.0
102
RTVSPost2010PropOp38
 70
     1
102
RTVSPost2010Prop39
140
1.0
102
RTVSPost2010PropOp39
 70
     1
102
RTVSPost2010Prop40
 90
        0
102
RTVSPost2010PropOp40
 70
     1
102
RTVSPost2010Prop41ColorIndex
 90
       18
102
RTVSPost2010Prop41ColorRGB
 90
        0
102
RTVSPost2010PropOp41
 70
     1
102
RTVSPost2010Prop42
 90
       50
102
RTVSPost2010PropOp42
 70
     1
102
RTVSPost2010Prop43
 90
        3
102
RTVSPost2010PropOp43
 70
     1
102
RTVSPost2010Prop44ColorIndex
 90
        5
102
RTVSPost2010Prop44ColorRGB
 90
      255
102
RTVSPost2010PropOp44
 70
     1
102
RTVSPost2010Prop45
280
     0
102
RTVSPost2010PropOp45
 70
     1
102
RTVSPost2010Prop46
 90
       50
102
RTVSPost2010PropOp46
 70
     1
102
RTVSPost2010Prop47
 90
       50
102
RTVSPost2010PropOp47
 70
     1
102
RTVSPost2010Prop48
 90
       50
102
RTVSPost2010PropOp48
 70
     1
102
RTVSPost2010Prop49
280
     0
102
RTVSPost2010PropOp49
 70
     1
102
RTVSPost2010Prop50
 90
       50
102
RTVSPost2010PropOp50
 70
     1
102
RTVSPost2010Prop51ColorIndex
 90
      256
102
RTVSPost2010Prop51ColorRGB
 90
-16777216
102
RTVSPost2010PropOp51
 70
     0
102
RTVSPost2010Prop52
140
1.0
102
RTVSPost2010PropOp52
 70
     0
102
RTVSPost2010Prop53
 90
        2
102
RTVSPost2010PropOp53
 70
     1
102
RTVSPost2010Prop54
  1
strokes_ogs.tif
102
RTVSPost2010PropOp54
 70
     1
102
RTVSPost2010Prop55
280
     0
102
RTVSPost2010PropOp55
 70
     1
102
RTVSPost2010Prop56
140
1.0
102
RTVSPost2010PropOp56
 70
     1
102
RTVSPost2010Prop57
140
1.0
102
RTVSPost2010PropOp57
 70
     1
  0
XRECORD
  5
5C6
102
{ACAD_REACTORS
330
5C5
102
}
330
5C5
100
AcDbXrecord
280
     1
102
RTVSPropertyOp0
 70
     1
102
RTVSPropertyOp1
 70
     1
102
RTVSPropertyOp2
 70
     1
102
RTVSPropertyOp3
 70
     1
102
RTVSPropertyOp4
 70
     1
102
RTVSPropertyOp5
 70
     1
102
RTVSPropertyOp6
 70
     1
102
RTVSPropertyOp7
 70
     1
102
RTVSPropertyOp8
 70
     1
102
RTVSPropertyOp9
 70
     1
102
RTVSPropertyOp10
 70
     1
102
RTVSPropertyOp11
 70
     1
102
RTVSPropertyOp12
 70
     1
102
RTVSPropertyOp13
 70
     1
102
RTVSPropertyOp14
 70
     1
102
RTVSPropertyOp15
 70
     1
102
RTVSPropertyOp16
 70
     1
102
RTVSPropertyOp17
 70
     1
102
RTVSPropertyOp18
 70
     1
102
RTVSPropertyOp19
 70
     1
102
RTVSPropertyOp20
 70
     1
102
RTVSPropertyOp21
 70
     1
102
RTVSPropertyOp22
 70
     1
102
RTVSPropertyOp23
 70
     1
102
RTVSPropertyOp24
 70
     1
102
RTVSPropertyOp25
 70
     1
102
RTVSPropertyOp26
 70
     1
102
RTVSPropertyOp27
 70
     1
102
RTVSPropertyOp28
 70
     1
102
RTVSPropertyOp29
 70
     1
102
RTVSPropertyOp30
 70
     1
102
RTVSPropertyOp31
 70
     1
102
RTVSPropertyOp32
 70
     1
102
RTVSPropertyOp33
 70
     1
102
RTVSPropertyOp34
 70
     1
102
RTVSPropertyOp35
 70
     1
102
RTVSPropertyOp36
 70
     1
102
RTVSPropertyOp37
 70
     1
102
RTVSPropertyOp38
 70
     1
102
RTVSPropertyOp39
 70
     1
102
RTVSPropertyOp40
 70
     1
102
RTVSPropertyOp41
 70
     1
102
RTVSPropertyOp42
 70
     1
102
RTVSPropertyOp43
 70
     1
102
RTVSPropertyOp44
 70
     1
102
RTVSPropertyOp45
 70
     1
102
RTVSPropertyOp46
 70
     1
102
RTVSPropertyOp47
 70
     1
102
RTVSPropertyOp48
 70
     1
102
RTVSPropertyOp49
 70
     1
102
RTVSPropertyOp50
 70
     1
102
RTVSPropertyOp51
 70
     0
102
RTVSPropertyOp52
 70
     0
102
RTVSPropertyOp53
 70
     1
102
RTVSPropertyOp54
 70
     1
102
RTVSPropertyOp55
 70
     1
102
RTVSPropertyOp56
 70
     1
102
RTVSPropertyOp57
 70
     1
102
RTVSPost2010Prop28
280
     0
102
RTVSPost2010PropOp28
 70
     1
102
RTVSPost2010Prop29
280
     1
102
RTVSPost2010PropOp29
 70
     1
102
RTVSPost2010Prop30
280
     1
102
RTVSPost2010PropOp30
 70
     1
102
RTVSPost2010Prop31
280
     0
102
RTVSPost2010PropOp31
 70
     1
102
RTVSPost2010Prop32
280
     0
102
RTVSPost2010PropOp32
 70
     1
102
RTVSPost2010Prop33
280
     0
102
RTVSPost2010PropOp33
 70
     1
102
RTVSPost2010Prop34
280
     0
102
RTVSPost2010PropOp34
 70
     1
102
RTVSPost2010Prop35
280
     0
102
RTVSPost2010PropOp35
 70
     1
102
RTVSPost2010Prop36
280
     0
102
RTVSPost2010PropOp36
 70
     1
102
RTVSPost2010Prop37
 90
       50
102
RTVSPost2010PropOp37
 70
     1
102
RTVSPost2010Prop38
140
0.0
102
RTVSPost2010PropOp38
 70
     1
102
RTVSPost2010Prop39
140
1.0
102
RTVSPost2010PropOp39
 70
     1
102
RTVSPost2010Prop40
 90
        0
102
RTVSPost2010PropOp40
 70
     1
102
RTVSPost2010Prop41ColorIndex
 90
       18
102
RTVSPost2010Prop41ColorRGB
 90
        0
102
RTVSPost2010PropOp41
 70
     1
102
RTVSPost2010Prop42
 90
       50
102
RTVSPost2010PropOp42
 70
     1
102
RTVSPost2010Prop43
 90
        3
102
RTVSPost2010PropOp43
 70
     1
102
RTVSPost2010Prop44ColorIndex
 90
        5
102
RTVSPost2010Prop44ColorRGB
 90
      255
102
RTVSPost2010PropOp44
 70
     1
102
RTVSPost2010Prop45
280
     0
102
RTVSPost2010PropOp45
 70
     1
102
RTVSPost2010Prop46
 90
       50
102
RTVSPost2010PropOp46
 70
     1
102
RTVSPost2010Prop47
 90
       50
102
RTVSPost2010PropOp47
 70
     1
102
RTVSPost2010Prop48
 90
       50
102
RTVSPost2010PropOp48
 70
     1
102
RTVSPost2010Prop49
280
     0
102
RTVSPost2010PropOp49
 70
     1
102
RTVSPost2010Prop50
 90
       50
102
RTVSPost2010PropOp50
 70
     1
102
RTVSPost2010Prop51ColorIndex
 90
      256
102
RTVSPost2010Prop51ColorRGB
 90
-16777216
102
RTVSPost2010PropOp51
 70
     0
102
RTVSPost2010Prop52
140
1.0
102
RTVSPost2010PropOp52
 70
     0
102
RTVSPost2010Prop53
 90
        2
102
RTVSPost2010PropOp53
 70
     1
102
RTVSPost2010Prop54
  1
strokes_ogs.tif
102
RTVSPost2010PropOp54
 70
     1
102
RTVSPost2010Prop55
280
     0
102
RTVSPost2010PropOp55
 70
     1
102
RTVSPost2010Prop56
140
1.0
102
RTVSPost2010PropOp56
 70
     1
102
RTVSPost2010Prop57
140
1.0
102
RTVSPost2010PropOp57
 70
     1
  0
ENDSEC
  0
EOF
