  0
SECTION
  2
HEADER
  9
$ACADVER
  1
AC1015
  9
$ACADMAINTVER
 70
    20
  9
$DWGCODEPAGE
  3
ANSI_1252
  9
$INSBASE
 10
0.0
 20
0.0
 30
0.0
  9
$EXTMIN
 10
941.2132402387005
 20
-200.9034297726862
 30
-0.0015258207003583
  9
$EXTMAX
 10
1361.282981322563
 20
96.19289082015393
 30
0.0000000349246037
  9
$LIMMIN
 10
0.0
 20
0.0
  9
$LIMMAX
 10
594.0
 20
420.0
  9
$ORTHOMODE
 70
     0
  9
$REGENMODE
 70
     1
  9
$FILLMODE
 70
     1
  9
$QTEXTMODE
 70
     0
  9
$MIRRTEXT
 70
     0
  9
$LTSCALE
 40
32.67
  9
$ATTMODE
 70
     1
  9
$TEXTSIZE
 40
0.2
  9
$TRACEWID
 40
0.05
  9
$TEXTSTYLE
  7
STANDARD
  9
$CLAYER
  8
91000_TIP
  9
$CELTYPE
  6
ByLayer
  9
$CECOLOR
 62
   256
  9
$CELTSCALE
 40
1.0
  9
$DISPSILH
 70
     0
  9
$DIMSCALE
 40
1.0
  9
$DIMASZ
 40
3.5
  9
$DIMEXO
 40
3.712499999999999
  9
$DIMDLI
 40
22.572
  9
$DIMRND
 40
0.0
  9
$DIMDLE
 40
0.0
  9
$DIMEXE
 40
10.692
  9
$DIMTP
 40
0.0
  9
$DIMTM
 40
0.0
  9
$DIMTXT
 40
3.5
  9
$DIMCEN
 40
5.346
  9
$DIMTSZ
 40
0.0
  9
$DIMTOL
 70
     0
  9
$DIMLIM
 70
     0
  9
$DIMTIH
 70
     1
  9
$DIMTOH
 70
     1
  9
$DIMSE1
 70
     0
  9
$DIMSE2
 70
     0
  9
$DIMTAD
 70
     0
  9
$DIMZIN
 70
     0
  9
$DIMBLK
  1
_FILLED
  9
$DIMASO
 70
     1
  9
$DIMSHO
 70
     1
  9
$DIMPOST
  1

  9
$DIMAPOST
  1

  9
$DIMALT
 70
     0
  9
$DIMALTD
 70
     2
  9
$DIMALTF
 40
25.4
  9
$DIMLFAC
 40
1.0
  9
$DIMTOFL
 70
     0
  9
$DIMTVP
 40
0.0
  9
$DIMTIX
 70
     0
  9
$DIMSOXD
 70
     0
  9
$DIMSAH
 70
     0
  9
$DIMBLK1
  1

  9
$DIMBLK2
  1

  9
$DIMSTYLE
  2
Standard
  9
$DIMCLRD
 70
     0
  9
$DIMCLRE
 70
     0
  9
$DIMCLRT
 70
     0
  9
$DIMTFAC
 40
1.0
  9
$DIMGAP
 40
0.09
  9
$DIMJUST
 70
     0
  9
$DIMSD1
 70
     0
  9
$DIMSD2
 70
     0
  9
$DIMTOLJ
 70
     1
  9
$DIMTZIN
 70
     0
  9
$DIMALTZ
 70
     0
  9
$DIMALTTZ
 70
     0
  9
$DIMUPT
 70
     0
  9
$DIMDEC
 70
     4
  9
$DIMTDEC
 70
     4
  9
$DIMALTU
 70
     2
  9
$DIMALTTD
 70
     2
  9
$DIMTXSTY
  7
STANDARD
  9
$DIMAUNIT
 70
     0
  9
$DIMADEC
 70
     0
  9
$DIMALTRND
 40
0.0
  9
$DIMAZIN
 70
     0
  9
$DIMDSEP
 70
    46
  9
$DIMATFIT
 70
     3
  9
$DIMFRAC
 70
     0
  9
$DIMLDRBLK
  1
_FILLED
  9
$DIMLUNIT
 70
     2
  9
$DIMLWD
 70
    -2
  9
$DIMLWE
 70
    -2
  9
$DIMTMOVE
 70
     0
  9
$LUNITS
 70
     2
  9
$LUPREC
 70
     4
  9
$SKETCHINC
 40
0.1
  9
$FILLETRAD
 40
0.0
  9
$AUNITS
 70
     0
  9
$AUPREC
 70
     0
  9
$MENU
  1
.
  9
$ELEVATION
 40
0.0
  9
$PELEVATION
 40
0.0
  9
$THICKNESS
 40
0.0
  9
$LIMCHECK
 70
     0
  9
$CHAMFERA
 40
0.0
  9
$CHAMFERB
 40
0.0
  9
$CHAMFERC
 40
0.0
  9
$CHAMFERD
 40
0.0
  9
$SKPOLY
 70
     0
  9
$TDCREATE
 40
2456156.628207766
  9
$TDUCREATE
 40
2456156.544874433
  9
$TDUPDATE
 40
2457849.441913727
  9
$TDUUPDATE
 40
2457849.358580394
  9
$TDINDWG
 40
0.2027203588
  9
$TDUSRTIMER
 40
0.2027199653
  9
$USRTIMER
 70
     1
  9
$ANGBASE
 50
0.0
  9
$ANGDIR
 70
     0
  9
$PDMODE
 70
     3
  9
$PDSIZE
 40
0.3125
  9
$PLINEWID
 40
0.0
  9
$SPLFRAME
 70
     0
  9
$SPLINETYPE
 70
     6
  9
$SPLINESEGS
 70
     8
  9
$HANDSEED
  5
85BD
  9
$SURFTAB1
 70
     6
  9
$SURFTAB2
 70
     6
  9
$SURFTYPE
 70
     6
  9
$SURFU
 70
     6
  9
$SURFV
 70
     6
  9
$UCSBASE
  2

  9
$UCSNAME
  2

  9
$UCSORG
 10
0.0
 20
0.0
 30
0.0
  9
$UCSXDIR
 10
1.0
 20
0.0
 30
0.0
  9
$UCSYDIR
 10
0.0
 20
1.0
 30
0.0
  9
$UCSORTHOREF
  2

  9
$UCSORTHOVIEW
 70
     0
  9
$UCSORGTOP
 10
0.0
 20
0.0
 30
0.0
  9
$UCSORGBOTTOM
 10
0.0
 20
0.0
 30
0.0
  9
$UCSORGLEFT
 10
0.0
 20
0.0
 30
0.0
  9
$UCSORGRIGHT
 10
0.0
 20
0.0
 30
0.0
  9
$UCSORGFRONT
 10
0.0
 20
0.0
 30
0.0
  9
$UCSORGBACK
 10
0.0
 20
0.0
 30
0.0
  9
$PUCSBASE
  2

  9
$PUCSNAME
  2

  9
$PUCSORG
 10
0.0
 20
0.0
 30
0.0
  9
$PUCSXDIR
 10
1.0
 20
0.0
 30
0.0
  9
$PUCSYDIR
 10
0.0
 20
1.0
 30
0.0
  9
$PUCSORTHOREF
  2

  9
$PUCSORTHOVIEW
 70
     0
  9
$PUCSORGTOP
 10
0.0
 20
0.0
 30
0.0
  9
$PUCSORGBOTTOM
 10
0.0
 20
0.0
 30
0.0
  9
$PUCSORGLEFT
 10
0.0
 20
0.0
 30
0.0
  9
$PUCSORGRIGHT
 10
0.0
 20
0.0
 30
0.0
  9
$PUCSORGFRONT
 10
0.0
 20
0.0
 30
0.0
  9
$PUCSORGBACK
 10
0.0
 20
0.0
 30
0.0
  9
$USERI1
 70
     0
  9
$USERI2
 70
     0
  9
$USERI3
 70
     0
  9
$USERI4
 70
     0
  9
$USERI5
 70
     0
  9
$USERR1
 40
0.0
  9
$USERR2
 40
0.0
  9
$USERR3
 40
0.0
  9
$USERR4
 40
0.0
  9
$USERR5
 40
0.0
  9
$WORLDVIEW
 70
     1
  9
$SHADEDGE
 70
     3
  9
$SHADEDIF
 70
    70
  9
$TILEMODE
 70
     1
  9
$MAXACTVP
 70
    64
  9
$PINSBASE
 10
0.0
 20
0.0
 30
0.0
  9
$PLIMCHECK
 70
     0
  9
$PEXTMIN
 10
1.000000000000000E+20
 20
1.000000000000000E+20
 30
1.000000000000000E+20
  9
$PEXTMAX
 10
-1.000000000000000E+20
 20
-1.000000000000000E+20
 30
-1.000000000000000E+20
  9
$PLIMMIN
 10
0.0
 20
0.0
  9
$PLIMMAX
 10
12.0
 20
9.0
  9
$UNITMODE
 70
     0
  9
$VISRETAIN
 70
     1
  9
$PLINEGEN
 70
     0
  9
$PSLTSCALE
 70
     1
  9
$TREEDEPTH
 70
  3020
  9
$CMLSTYLE
  2
Standard
  9
$CMLJUST
 70
     0
  9
$CMLSCALE
 40
1.0
  9
$PROXYGRAPHICS
 70
     1
  9
$MEASUREMENT
 70
     0
  9
$CELWEIGHT
370
    -1
  9
$ENDCAPS
280
     0
  9
$JOINSTYLE
280
     0
  9
$LWDISPLAY
290
     0
  9
$INSUNITS
 70
     0
  9
$HYPERLINKBASE
  1

  9
$STYLESHEET
  1

  9
$XEDIT
290
     1
  9
$CEPSNTYPE
380
     0
  9
$PSTYLEMODE
290
     1
  9
$FINGERPRINTGUID
  2
{2049D6BD-F0EA-4135-852F-3540EF92F7B2}
  9
$VERSIONGUID
  2
{8F5E9DE8-419A-4BEF-AEE5-27CF33B00BBB}
  9
$EXTNAMES
290
     1
  9
$PSVPSCALE
 40
0.0
  9
$OLESTARTUP
290
     0
  0
ENDSEC
  0
SECTION
  2
CLASSES
  0
CLASS
  1
ACDBDICTIONARYWDFLT
  2
AcDbDictionaryWithDefault
  3
ObjectDBX Classes
 90
        0
280
     0
281
     0
  0
CLASS
  1
MATERIAL
  2
AcDbMaterial
  3
ObjectDBX Classes
 90
     1153
280
     0
281
     0
  0
CLASS
  1
VISUALSTYLE
  2
AcDbVisualStyle
  3
ObjectDBX Classes
 90
     4095
280
     0
281
     0
  0
CLASS
  1
SCALE
  2
AcDbScale
  3
ObjectDBX Classes
 90
     1153
280
     0
281
     0
  0
CLASS
  1
TABLESTYLE
  2
AcDbTableStyle
  3
ObjectDBX Classes
 90
     4095
280
     0
281
     0
  0
CLASS
  1
MLEADERSTYLE
  2
AcDbMLeaderStyle
  3
ACDB_MLEADERSTYLE_CLASS
 90
     4095
280
     0
281
     0
  0
CLASS
  1
DICTIONARYVAR
  2
AcDbDictionaryVar
  3
ObjectDBX Classes
 90
        0
280
     0
281
     0
  0
CLASS
  1
SORTENTSTABLE
  2
AcDbSortentsTable
  3
ObjectDBX Classes
 90
        0
280
     0
281
     0
  0
CLASS
  1
CELLSTYLEMAP
  2
AcDbCellStyleMap
  3
ObjectDBX Classes
 90
     1152
280
     0
281
     0
  0
CLASS
  1
ACDBPLACEHOLDER
  2
AcDbPlaceHolder
  3
ObjectDBX Classes
 90
        0
280
     0
281
     0
  0
CLASS
  1
LAYOUT
  2
AcDbLayout
  3
ObjectDBX Classes
 90
        0
280
     0
281
     0
  0
CLASS
  1
ACDBSECTIONVIEWSTYLE
  2
AcDbSectionViewStyle
  3
ObjectDBX Classes
 90
     1025
280
     0
281
     0
  0
CLASS
  1
ACDBDETAILVIEWSTYLE
  2
AcDbDetailViewStyle
  3
ObjectDBX Classes
 90
     1025
280
     0
281
     0
  0
ENDSEC
  0
SECTION
  2
TABLES
  0
TABLE
  2
VPORT
  5
8
330
0
100
AcDbSymbolTable
 70
     1
  0
VPORT
  5
8E
330
8
100
AcDbSymbolTableRecord
100
AcDbViewportTableRecord
  2
*Active
 70
     0
 10
0.0
 20
0.0
 11
1.0
 21
1.0
 12
1151.248110780631
 22
-52.35526947626613
 13
0.0
 23
0.0
 14
1.0
 24
1.0
 15
0.0
 25
0.0
 16
0.0
 26
0.0
 36
1.0
 17
0.0
 27
0.0
 37
0.0
 40
299.2916136021468
 41
2.366214549938347
 42
50.0
 43
0.0
 44
0.0
 50
0.0
 51
0.0
 71
     0
 72
   100
 73
     1
 74
     1
 75
     0
 76
     0
 77
     0
 78
     0
281
     0
 65
     1
110
0.0
120
0.0
130
0.0
111
1.0
121
0.0
131
0.0
112
0.0
122
1.0
132
0.0
 79
     0
146
0.0
1001
ACAD_NAV_VCDISPLAY
1070
     3
  0
ENDTAB
  0
TABLE
  2
LTYPE
  5
5
330
0
100
AcDbSymbolTable
 70
     7
  0
LTYPE
  5
5A
330
5
100
AcDbSymbolTableRecord
100
AcDbLinetypeTableRecord
  2
ByBlock
 70
     0
  3

 72
    65
 73
     0
 40
0.0
  0
LTYPE
  5
5B
330
5
100
AcDbSymbolTableRecord
100
AcDbLinetypeTableRecord
  2
ByLayer
 70
     0
  3

 72
    65
 73
     0
 40
0.0
  0
LTYPE
  5
5C
330
5
100
AcDbSymbolTableRecord
100
AcDbLinetypeTableRecord
  2
CONTINUOUS
 70
     0
  3
Solid line
 72
    65
 73
     0
 40
0.0
  0
LTYPE
  5
71
330
5
100
AcDbSymbolTableRecord
100
AcDbLinetypeTableRecord
  2
CENTER
 70
     0
  3
____ _ ____ _ ____ _ ____ _ ____ _ ____ _ ____
 72
    65
 73
     4
 40
0.6
 49
0.375
 74
     0
 49
-0.075
 74
     0
 49
0.075
 74
     0
 49
-0.075
 74
     0
  0
LTYPE
  5
72
330
5
100
AcDbSymbolTableRecord
100
AcDbLinetypeTableRecord
  2
HIDDEN
 70
     0
  3
- - - - - - - - - - - - - - - - - - - -
 72
    65
 73
     2
 40
0.2
 49
0.1
 74
     0
 49
-0.1
 74
     0
  0
LTYPE
  5
73
330
5
100
AcDbSymbolTableRecord
100
AcDbLinetypeTableRecord
  2
PHANTOM
 70
     0
  3
_____ _ _ _____ _ _ _____ _ _ _____
 72
    65
 73
     6
 40
0.8
 49
0.45
 74
     0
 49
-0.05
 74
     0
 49
0.1
 74
     0
 49
-0.05
 74
     0
 49
0.1
 74
     0
 49
-0.05
 74
     0
  0
LTYPE
  5
74
330
5
100
AcDbSymbolTableRecord
100
AcDbLinetypeTableRecord
  2
DOT
 70
     0
  3
. . . . . . . . . . . . . . . . . . . .
 72
    65
 73
     2
 40
0.2
 49
0.1
 74
     0
 49
-0.1
 74
     0
  0
LTYPE
  5
75
330
5
100
AcDbSymbolTableRecord
100
AcDbLinetypeTableRecord
  2
DASHED
 70
     0
  3
- - - - - - - - - - - - - - - - - - - -
 72
    65
 73
     2
 40
0.2
 49
0.1
 74
     0
 49
-0.1
 74
     0
  0
LTYPE
  5
3ABC
330
5
100
AcDbSymbolTableRecord
100
AcDbLinetypeTableRecord
  2
CENTERX2
 70
     0
  3
Center (2x) ________  __  ________  __  _____
 72
    65
 73
     4
 40
20.32
 49
12.7
 74
     0
 49
-2.54
 74
     0
 49
2.54
 74
     0
 49
-2.54
 74
     0
  0
ENDTAB
  0
TABLE
  2
LAYER
  5
2
102
{ACAD_XDICTIONARY
360
EC7
102
}
330
0
100
AcDbSymbolTable
 70
    46
  0
LAYER
  5
54
102
{ACAD_XDICTIONARY
360
FCB
102
}
330
2
100
AcDbSymbolTableRecord
100
AcDbLayerTableRecord
  2
0
 70
     0
 62
     7
  6
CONTINUOUS
370
    -3
390
F
  0
LAYER
  5
7A
102
{ACAD_XDICTIONARY
360
FD5
102
}
330
2
100
AcDbSymbolTableRecord
100
AcDbLayerTableRecord
  2
10000_FRONT
 70
     0
 62
     7
  6
CONTINUOUS
370
    -3
390
F
  0
LAYER
  5
7B
102
{ACAD_XDICTIONARY
360
FD7
102
}
330
2
100
AcDbSymbolTableRecord
100
AcDbLayerTableRecord
  2
10100_DIM_FRONT
 70
     0
 62
     7
  6
CONTINUOUS
370
    -3
390
F
  0
LAYER
  5
7C
102
{ACAD_XDICTIONARY
360
FD9
102
}
330
2
100
AcDbSymbolTableRecord
100
AcDbLayerTableRecord
  2
10300_FRONT_GERMAN_ENGLISH
 70
     0
 62
     7
  6
CONTINUOUS
370
    -3
390
F
  0
LAYER
  5
7D
102
{ACAD_XDICTIONARY
360
FDB
102
}
330
2
100
AcDbSymbolTableRecord
100
AcDbLayerTableRecord
  2
11000_LEFT
 70
     0
 62
     7
  6
CONTINUOUS
370
    -3
390
F
  0
LAYER
  5
7E
102
{ACAD_XDICTIONARY
360
FDD
102
}
330
2
100
AcDbSymbolTableRecord
100
AcDbLayerTableRecord
  2
11300_LEFT_GERMAN_ENGLISH
 70
     0
 62
     7
  6
CONTINUOUS
370
    -3
390
F
  0
LAYER
  5
7F
102
{ACAD_XDICTIONARY
360
FDF
102
}
330
2
100
AcDbSymbolTableRecord
100
AcDbLayerTableRecord
  2
13000_TOP
 70
     0
 62
     7
  6
CONTINUOUS
370
    -3
390
F
  0
LAYER
  5
80
102
{ACAD_XDICTIONARY
360
FE1
102
}
330
2
100
AcDbSymbolTableRecord
100
AcDbLayerTableRecord
  2
13100_DIM_TOP
 70
     0
 62
     7
  6
CONTINUOUS
370
    -3
390
F
  0
LAYER
  5
81
102
{ACAD_XDICTIONARY
360
FE3
102
}
330
2
100
AcDbSymbolTableRecord
100
AcDbLayerTableRecord
  2
13300_TOP_GERMAN_ENGLISH
 70
     0
 62
     7
  6
CONTINUOUS
370
    -3
390
F
  0
LAYER
  5
82
102
{ACAD_XDICTIONARY
360
FE5
102
}
330
2
100
AcDbSymbolTableRecord
100
AcDbLayerTableRecord
  2
90000_FRAME
 70
     0
 62
     7
  6
CONTINUOUS
370
    -3
390
F
  0
LAYER
  5
83
102
{ACAD_XDICTIONARY
360
FE7
102
}
330
2
100
AcDbSymbolTableRecord
100
AcDbLayerTableRecord
  2
91000_TIP
 70
     0
 62
     7
  6
CONTINUOUS
370
    -3
390
F
  0
LAYER
  5
EBA
102
{ACAD_XDICTIONARY
360
EBB
102
}
330
2
100
AcDbSymbolTableRecord
100
AcDbLayerTableRecord
  2
90100_FRAME_THICK
 70
     0
 62
     7
  6
CONTINUOUS
370
    -3
390
F
  0
LAYER
  5
1099
330
2
100
AcDbSymbolTableRecord
100
AcDbLayerTableRecord
  2
Defpoints
 70
     0
 62
     7
  6
CONTINUOUS
290
     0
370
    -3
390
F
  0
LAYER
  5
6F97
102
{ACAD_XDICTIONARY
360
6F98
102
}
330
2
100
AcDbSymbolTableRecord
100
AcDbLayerTableRecord
  2
91100_TIP_SYM
 70
     0
 62
     7
  6
CENTER
370
    -3
390
F
  0
LAYER
  5
6F99
102
{ACAD_XDICTIONARY
360
6F9A
102
}
330
2
100
AcDbSymbolTableRecord
100
AcDbLayerTableRecord
  2
91200_TIP_SYMB
 70
     0
 62
     7
  6
CONTINUOUS
370
    -3
390
F
  0
LAYER
  5
7118
330
2
100
AcDbSymbolTableRecord
100
AcDbLayerTableRecord
  2
11100 _DIM_LEFT
 70
     0
 62
     7
  6
CONTINUOUS
370
    -3
390
F
1001
AcAecLayerStandard
1000

1000

1001
AcCmTransparency
1071
        0
  0
LAYER
  5
7972
330
2
100
AcDbSymbolTableRecord
100
AcDbLayerTableRecord
  2
12000_RIGHT
 70
     0
 62
     7
  6
CONTINUOUS
370
    -3
390
F
1001
AcAecLayerStandard
1000

1000

1001
AcCmTransparency
1071
        0
  0
LAYER
  5
7973
330
2
100
AcDbSymbolTableRecord
100
AcDbLayerTableRecord
  2
12100_DIM_RIGHT
 70
     0
 62
     7
  6
CONTINUOUS
370
    -3
390
F
1001
AcAecLayerStandard
1000

1000

1001
AcCmTransparency
1071
        0
  0
LAYER
  5
7974
330
2
100
AcDbSymbolTableRecord
100
AcDbLayerTableRecord
  2
12300_RIGHT_GERMAN_ENGLISH
 70
     0
 62
     7
  6
CONTINUOUS
370
    -3
390
F
1001
AcAecLayerStandard
1000

1000

1001
AcCmTransparency
1071
        0
  0
LAYER
  5
7975
330
2
100
AcDbSymbolTableRecord
100
AcDbLayerTableRecord
  2
14000_BOTTOM
 70
     0
 62
     7
  6
CONTINUOUS
370
    -3
390
F
1001
AcAecLayerStandard
1000

1000

1001
AcCmTransparency
1071
        0
  0
LAYER
  5
7976
330
2
100
AcDbSymbolTableRecord
100
AcDbLayerTableRecord
  2
14100_DIM_BOTTOM
 70
     0
 62
     7
  6
CONTINUOUS
370
    -3
390
F
1001
AcAecLayerStandard
1000

1000

1001
AcCmTransparency
1071
        0
  0
LAYER
  5
7977
330
2
100
AcDbSymbolTableRecord
100
AcDbLayerTableRecord
  2
14300_BOTTOM_GERMAN_ENGLISH
 70
     0
 62
     7
  6
CONTINUOUS
370
    -3
390
F
1001
AcAecLayerStandard
1000

1000

1001
AcCmTransparency
1071
        0
  0
LAYER
  5
7978
330
2
100
AcDbSymbolTableRecord
100
AcDbLayerTableRecord
  2
15000_BACK
 70
     0
 62
     7
  6
CONTINUOUS
370
    -3
390
F
1001
AcAecLayerStandard
1000

1000

1001
AcCmTransparency
1071
        0
  0
LAYER
  5
7979
330
2
100
AcDbSymbolTableRecord
100
AcDbLayerTableRecord
  2
15100_DIM_BACK
 70
     0
 62
     7
  6
CONTINUOUS
370
    -3
390
F
1001
AcAecLayerStandard
1000

1000

1001
AcCmTransparency
1071
        0
  0
LAYER
  5
797A
330
2
100
AcDbSymbolTableRecord
100
AcDbLayerTableRecord
  2
15300_BACK_GERMAN_ENGLISH
 70
     0
 62
     7
  6
CONTINUOUS
370
    -3
390
F
1001
AcAecLayerStandard
1000

1000

1001
AcCmTransparency
1071
        0
  0
LAYER
  5
797B
330
2
100
AcDbSymbolTableRecord
100
AcDbLayerTableRecord
  2
20000_FRONT_O
 70
     0
 62
     7
  6
CONTINUOUS
370
    -3
390
F
1001
AcAecLayerStandard
1000

1000

1001
AcCmTransparency
1071
        0
  0
LAYER
  5
797C
330
2
100
AcDbSymbolTableRecord
100
AcDbLayerTableRecord
  2
20100_DIM_FRONT_O
 70
     0
 62
     7
  6
CONTINUOUS
370
    -3
390
F
1001
AcAecLayerStandard
1000

1000

1001
AcCmTransparency
1071
        0
  0
LAYER
  5
797D
330
2
100
AcDbSymbolTableRecord
100
AcDbLayerTableRecord
  2
20300_FRONT_O_GERMAN_ENGLISH
 70
     0
 62
     7
  6
CONTINUOUS
370
    -3
390
F
1001
AcAecLayerStandard
1000

1000

1001
AcCmTransparency
1071
        0
  0
LAYER
  5
797E
330
2
100
AcDbSymbolTableRecord
100
AcDbLayerTableRecord
  2
21000_LEFT_O
 70
     0
 62
     7
  6
CONTINUOUS
370
    -3
390
F
1001
AcAecLayerStandard
1000

1000

1001
AcCmTransparency
1071
        0
  0
LAYER
  5
797F
330
2
100
AcDbSymbolTableRecord
100
AcDbLayerTableRecord
  2
21100_DIM_LEFT_O
 70
     0
 62
     7
  6
CONTINUOUS
370
    -3
390
F
1001
AcAecLayerStandard
1000

1000

1001
AcCmTransparency
1071
        0
  0
LAYER
  5
7980
330
2
100
AcDbSymbolTableRecord
100
AcDbLayerTableRecord
  2
21300_LEFT_O_GERMAN_ENGLISH
 70
     0
 62
     7
  6
CONTINUOUS
370
    -3
390
F
1001
AcAecLayerStandard
1000

1000

1001
AcCmTransparency
1071
        0
  0
LAYER
  5
7989
330
2
100
AcDbSymbolTableRecord
100
AcDbLayerTableRecord
  2
22000_RIGHT_O
 70
     0
 62
     7
  6
CONTINUOUS
370
    -3
390
F
1001
AcAecLayerStandard
1000

1000

1001
AcCmTransparency
1071
        0
  0
LAYER
  5
798A
330
2
100
AcDbSymbolTableRecord
100
AcDbLayerTableRecord
  2
22100_DIM_RIGHT_O
 70
     0
 62
     7
  6
CONTINUOUS
370
    -3
390
F
1001
AcAecLayerStandard
1000

1000

1001
AcCmTransparency
1071
        0
  0
LAYER
  5
798B
330
2
100
AcDbSymbolTableRecord
100
AcDbLayerTableRecord
  2
22300_RIGHT_O_GERMEN_ENGLISH
 70
     0
 62
     7
  6
CONTINUOUS
370
    -3
390
F
1001
AcAecLayerStandard
1000

1000

1001
AcCmTransparency
1071
        0
  0
LAYER
  5
798C
330
2
100
AcDbSymbolTableRecord
100
AcDbLayerTableRecord
  2
23000_TOP_O
 70
     0
 62
     7
  6
CONTINUOUS
370
    -3
390
F
1001
AcAecLayerStandard
1000

1000

1001
AcCmTransparency
1071
        0
  0
LAYER
  5
798D
330
2
100
AcDbSymbolTableRecord
100
AcDbLayerTableRecord
  2
23100_DIM_TOP_O
 70
     0
 62
     7
  6
CONTINUOUS
370
    -3
390
F
1001
AcAecLayerStandard
1000

1000

1001
AcCmTransparency
1071
        0
  0
LAYER
  5
798E
330
2
100
AcDbSymbolTableRecord
100
AcDbLayerTableRecord
  2
23300_TOP_O_GERMAN_ENGLISH
 70
     0
 62
     7
  6
CONTINUOUS
370
    -3
390
F
1001
AcAecLayerStandard
1000

1000

1001
AcCmTransparency
1071
        0
  0
LAYER
  5
798F
330
2
100
AcDbSymbolTableRecord
100
AcDbLayerTableRecord
  2
24000_BOTTOM_O
 70
     0
 62
     7
  6
CONTINUOUS
370
    -3
390
F
1001
AcAecLayerStandard
1000

1000

1001
AcCmTransparency
1071
        0
  0
LAYER
  5
7990
330
2
100
AcDbSymbolTableRecord
100
AcDbLayerTableRecord
  2
24100_DIM_BOTTOM_O
 70
     0
 62
     7
  6
CONTINUOUS
370
    -3
390
F
1001
AcAecLayerStandard
1000

1000

1001
AcCmTransparency
1071
        0
  0
LAYER
  5
7991
330
2
100
AcDbSymbolTableRecord
100
AcDbLayerTableRecord
  2
24300_BOTTOM_O_GERMAN_ENGLISH
 70
     0
 62
     7
  6
CONTINUOUS
370
    -3
390
F
1001
AcAecLayerStandard
1000

1000

1001
AcCmTransparency
1071
        0
  0
LAYER
  5
7992
330
2
100
AcDbSymbolTableRecord
100
AcDbLayerTableRecord
  2
25000_BACK_O
 70
     0
 62
     7
  6
CONTINUOUS
370
    -3
390
F
1001
AcAecLayerStandard
1000

1000

1001
AcCmTransparency
1071
        0
  0
LAYER
  5
7993
330
2
100
AcDbSymbolTableRecord
100
AcDbLayerTableRecord
  2
25100_DIM_BACK_O
 70
     0
 62
     7
  6
CONTINUOUS
370
    -3
390
F
1001
AcAecLayerStandard
1000

1000

1001
AcCmTransparency
1071
        0
  0
LAYER
  5
7994
330
2
100
AcDbSymbolTableRecord
100
AcDbLayerTableRecord
  2
25300_BACK_O_GERMAN_ENGLISH
 70
     0
 62
     7
  6
CONTINUOUS
370
    -3
390
F
1001
AcAecLayerStandard
1000

1000

1001
AcCmTransparency
1071
        0
  0
LAYER
  5
7995
330
2
100
AcDbSymbolTableRecord
100
AcDbLayerTableRecord
  2
40000_ISO
 70
     0
 62
     7
  6
CONTINUOUS
370
    -3
390
F
1001
AcAecLayerStandard
1000

1000

1001
AcCmTransparency
1071
        0
  0
LAYER
  5
7A2E
330
2
100
AcDbSymbolTableRecord
100
AcDbLayerTableRecord
  2
30000_DRILLING
 70
     0
 62
     7
  6
CONTINUOUS
370
    -3
390
F
1001
AcAecLayerStandard
1000

1000

1001
AcCmTransparency
1071
        0
  0
LAYER
  5
7AD9
102
{ACAD_XDICTIONARY
360
7ADA
102
}
330
2
100
AcDbSymbolTableRecord
100
AcDbLayerTableRecord
  2
11100_DIM_LEFT
 70
     0
 62
     7
  6
CONTINUOUS
370
    -3
390
F
  0
ENDTAB
  0
TABLE
  2
STYLE
  5
3
330
0
100
AcDbSymbolTable
 70
    13
  0
STYLE
  5
55
330
3
100
AcDbSymbolTableRecord
100
AcDbTextStyleTableRecord
  2
STANDARD
 70
     0
 40
0.0
 41
0.8
 50
0.0
 71
     0
 42
0.2
  3
txt
  4

  0
STYLE
  5
59
330
3
100
AcDbSymbolTableRecord
100
AcDbTextStyleTableRecord
  2
Annotative
 70
     0
 40
0.0
 41
1.0
 50
0.0
 71
     0
 42
0.2
  3
txt
  4

1001
AcadAnnotative
1000
AnnotativeData
1002
{
1070
     1
1070
     1
1002
}
  0
STYLE
  5
84
330
3
100
AcDbSymbolTableRecord
100
AcDbTextStyleTableRecord
  2
TEXTSTYLE_1
 70
     0
 40
0.0
 41
0.6785714286
 50
0.0
 71
     0
 42
0.2
  3
txt
  4

  0
STYLE
  5
85
330
3
100
AcDbSymbolTableRecord
100
AcDbTextStyleTableRecord
  2
TEXTSTYLE_2
 70
     0
 40
0.0
 41
0.6904761905
 50
0.0
 71
     0
 42
0.2
  3
txt
  4

  0
STYLE
  5
86
330
3
100
AcDbSymbolTableRecord
100
AcDbTextStyleTableRecord
  2
TEXTSTYLE_3
 70
     0
 40
0.0
 41
0.7267573593000001
 50
0.0
 71
     0
 42
0.2
  3
txt
  4

  0
STYLE
  5
87
330
3
100
AcDbSymbolTableRecord
100
AcDbTextStyleTableRecord
  2
TEXTSTYLE_4
 70
     0
 40
0.0
 41
0.6689342424
 50
0.0
 71
     0
 42
0.2
  3
txt
  4

  0
STYLE
  5
88
330
3
100
AcDbSymbolTableRecord
100
AcDbTextStyleTableRecord
  2
TEXTSTYLE_5
 70
     0
 40
0.0
 41
0.7202380000000001
 50
0.0
 71
     0
 42
0.2
  3
txt
  4

  0
STYLE
  5
89
330
3
100
AcDbSymbolTableRecord
100
AcDbTextStyleTableRecord
  2
TEXTSTYLE_6
 70
     0
 40
0.0
 41
0.7014991164
 50
0.0
 71
     0
 42
0.2
  3
txt
  4

  0
STYLE
  5
8A
330
3
100
AcDbSymbolTableRecord
100
AcDbTextStyleTableRecord
  2
TEXTSTYLE_7
 70
     0
 40
0.0
 41
0.682539685
 50
0.0
 71
     0
 42
0.2
  3
txt
  4

  0
STYLE
  5
8B
330
3
100
AcDbSymbolTableRecord
100
AcDbTextStyleTableRecord
  2
TEXTSTYLE_8
 70
     0
 40
0.0
 41
0.7161172088
 50
0.0
 71
     0
 42
0.2
  3
txt
  4

  0
STYLE
  5
8C
330
3
100
AcDbSymbolTableRecord
100
AcDbTextStyleTableRecord
  2
TEXTSTYLE_9
 70
     0
 40
0.0
 41
0.7547619143000001
 50
0.0
 71
     0
 42
0.2
  3
txt
  4

  0
STYLE
  5
1E1F
330
3
100
AcDbSymbolTableRecord
100
AcDbTextStyleTableRecord
  2
SLDTEXTSTYLE0
 70
     0
 40
0.0
 41
0.75
 50
0.0
 71
     0
 42
0.2
  3
TXT
  4

  0
STYLE
  5
7826
330
3
100
AcDbSymbolTableRecord
100
AcDbTextStyleTableRecord
  2
TEXTSTYLE_10
 70
     0
 40
0.0
 41
0.6825396825
 50
0.0
 71
     0
 42
0.2
  3
txt
  4

  0
ENDTAB
  0
TABLE
  2
VIEW
  5
6
330
0
100
AcDbSymbolTable
 70
     0
  0
ENDTAB
  0
TABLE
  2
UCS
  5
7
330
0
100
AcDbSymbolTable
 70
     0
  0
ENDTAB
  0
TABLE
  2
APPID
  5
9
330
0
100
AcDbSymbolTable
 70
    17
  0
APPID
  5
56
330
9
100
AcDbSymbolTableRecord
100
AcDbRegAppTableRecord
  2
ACAD
 70
     0
  0
APPID
  5
5D
330
9
100
AcDbSymbolTableRecord
100
AcDbRegAppTableRecord
  2
AcadAnnotative
 70
     0
  0
APPID
  5
EAE
330
9
100
AcDbSymbolTableRecord
100
AcDbRegAppTableRecord
  2
ACAD_NAV_VCDISPLAY
 70
     0
  0
APPID
  5
EC0
330
9
100
AcDbSymbolTableRecord
100
AcDbRegAppTableRecord
  2
GENIUS_GENREC_14
 70
     0
  0
APPID
  5
EC1
330
9
100
AcDbSymbolTableRecord
100
AcDbRegAppTableRecord
  2
GENIUS_GENODEF_13
 70
     0
  0
APPID
  5
EC2
330
9
100
AcDbSymbolTableRecord
100
AcDbRegAppTableRecord
  2
GENIUS_GENOBJ-N-REC_13
 70
     0
  0
APPID
  5
EC3
330
9
100
AcDbSymbolTableRecord
100
AcDbRegAppTableRecord
  2
AcDbBlockRepETag
 70
     0
  0
APPID
  5
EC4
330
9
100
AcDbSymbolTableRecord
100
AcDbRegAppTableRecord
  2
ACAD_PSEXT
 70
     0
  0
APPID
  5
EC5
330
9
100
AcDbSymbolTableRecord
100
AcDbRegAppTableRecord
  2
ACAD_DSTYLE_DIMJOGGED_JOGANGLE_SYMBOL
 70
     0
  0
APPID
  5
1031
330
9
100
AcDbSymbolTableRecord
100
AcDbRegAppTableRecord
  2
ACAD_EXEMPT_FROM_CAD_STANDARDS
 70
     0
  0
APPID
  5
686C
330
9
100
AcDbSymbolTableRecord
100
AcDbRegAppTableRecord
  2
ACAD_MLEADERVER
 70
     0
  0
APPID
  5
6F9B
330
9
100
AcDbSymbolTableRecord
100
AcDbRegAppTableRecord
  2
AcDbDynamicBlockGUID
 70
     0
  0
APPID
  5
7078
330
9
100
AcDbSymbolTableRecord
100
AcDbRegAppTableRecord
  2
ACAD_DSTYLE_DIMRADIAL_EXTENSION
 70
     0
  0
APPID
  5
7119
330
9
100
AcDbSymbolTableRecord
100
AcDbRegAppTableRecord
  2
AcAecLayerStandard
 70
     0
  0
APPID
  5
711A
330
9
100
AcDbSymbolTableRecord
100
AcDbRegAppTableRecord
  2
AcCmTransparency
 70
     0
  0
APPID
  5
7827
330
9
100
AcDbSymbolTableRecord
100
AcDbRegAppTableRecord
  2
ACAD_DSTYLE_DIMJAG
 70
     0
  0
APPID
  5
7828
330
9
100
AcDbSymbolTableRecord
100
AcDbRegAppTableRecord
  2
ACAD_DSTYLE_DIMTALN
 70
     0
  0
ENDTAB
  0
TABLE
  2
DIMSTYLE
  5
A
330
0
100
AcDbSymbolTable
 70
     8
100
AcDbDimStyleTable
 71
     4
340
EBE
340
57
340
EBD
340
EBC
  0
DIMSTYLE
105
57
330
A
100
AcDbSymbolTableRecord
100
AcDbDimStyleTableRecord
  2
Standard
 70
     0
340
55
  0
DIMSTYLE
105
58
330
A
100
AcDbSymbolTableRecord
100
AcDbDimStyleTableRecord
  2
Annotative
 70
     0
340
55
1001
AcadAnnotative
1000
AnnotativeData
1002
{
1070
     1
1070
     1
1002
}
  0
DIMSTYLE
105
EBC
330
A
100
AcDbSymbolTableRecord
100
AcDbDimStyleTableRecord
  2
DIN_2.5
 70
     0
  4
"
 41
2.5
 42
1.0
 43
10.0
 44
1.0
 47
0.1
 48
0.1
 73
     0
 74
     0
 77
     1
 78
     8
 79
     2
140
2.5
141
3.5
143
0.0393701
146
0.71
147
1.5
172
     1
176
   256
177
   256
178
   256
271
     2
272
     2
283
     0
284
     8
340
55
371
    -1
372
    -1
  0
DIMSTYLE
105
EBD
330
A
100
AcDbSymbolTableRecord
100
AcDbDimStyleTableRecord
  2
DIN_3.5
 70
     0
  4
"
 41
3.5
 42
0.0
 43
10.0
 44
1.0
 47
0.1
 48
0.1
 73
     0
 74
     0
 77
     1
 78
     8
 79
     2
140
3.5
141
3.5
143
0.0393701
146
0.71
147
1.5
172
     1
176
   256
177
   256
178
   256
271
     1
272
     1
278
    44
283
     0
284
     8
340
55
371
    -1
372
    -1
  0
DIMSTYLE
105
EBE
102
{ACAD_REACTORS
330
8273
330
8272
330
8271
330
8270
330
826F
330
826E
330
8291
330
8292
102
}
330
A
100
AcDbSymbolTableRecord
100
AcDbDimStyleTableRecord
  2
DIN_2.5_v001
 70
     0
  4
"
 41
2.5
 42
0.0
 43
10.0
 44
1.0
 47
0.1
 48
0.1
 73
     0
 74
     0
 77
     1
 78
     8
 79
     2
140
2.5
141
3.5
143
0.0393701
146
0.71
147
1.5
172
     1
176
   256
177
   256
178
   256
271
     1
272
     1
283
     0
284
     8
340
55
371
    -1
372
    -1
  0
DIMSTYLE
105
EBF
330
A
100
AcDbSymbolTableRecord
100
AcDbDimStyleTableRecord
  2
DIN_3.5_für_AI
 70
     0
  4
"
 41
3.5
 42
0.0
 43
10.0
 44
1.0
 47
0.1
 48
0.1
 73
     0
 74
     0
 77
     1
 78
     8
 79
     2
140
3.5
141
3.5
143
0.0393701
146
0.71
147
1.5
172
     1
176
     1
177
   256
178
   256
271
     1
272
     1
278
    44
283
     0
284
     8
340
55
341
EB7
342
EB7
371
    13
372
    13
1001
ACAD_DSTYLE_DIMJOGGED_JOGANGLE_SYMBOL
1070
   384
1040
1.570796326794896
  0
DIMSTYLE
105
1E20
330
A
100
AcDbSymbolTableRecord
100
AcDbDimStyleTableRecord
  2
ISO-25
 70
     0
 41
2.5
 42
0.625
 43
3.75
 44
1.25
 73
     0
 74
     0
 77
     1
 78
     8
140
2.5
141
2.5
143
0.0393700787
147
0.625
171
     3
172
     1
271
     2
272
     2
274
     3
278
    44
283
     0
284
     8
340
55
  0
DIMSTYLE
105
1E21
330
A
100
AcDbSymbolTableRecord
100
AcDbDimStyleTableRecord
  2
SLDDIMSTYLE0
 70
     0
 41
3.302
 44
0.0
 45
0.000000001
 73
     0
 74
     0
 77
     1
 78
    12
 79
     3
140
3.5
147
0.875
173
     1
271
     2
272
     2
276
     2
284
    12
340
1E1F
  0
ENDTAB
  0
TABLE
  2
BLOCK_RECORD
  5
1
330
0
100
AcDbSymbolTable
 70
    55
  0
BLOCK_RECORD
  5
6B
330
1
100
AcDbSymbolTableRecord
100
AcDbBlockTableRecord
  2
*Model_Space
340
6E
  0
BLOCK_RECORD
  5
67
330
1
100
AcDbSymbolTableRecord
100
AcDbBlockTableRecord
  2
*Paper_Space
340
6A
  0
BLOCK_RECORD
  5
8F
330
1
100
AcDbSymbolTableRecord
100
AcDbBlockTableRecord
  2
*D0
340
0
  0
BLOCK_RECORD
  5
96
330
1
100
AcDbSymbolTableRecord
100
AcDbBlockTableRecord
  2
_FILLED
340
0
102
{BLKREFS
331
97
331
98
331
A1
331
A2
331
AB
331
AC
102
}
  0
BLOCK_RECORD
  5
9A
330
1
100
AcDbSymbolTableRecord
100
AcDbBlockTableRecord
  2
*D2
340
0
  0
BLOCK_RECORD
  5
A4
330
1
100
AcDbSymbolTableRecord
100
AcDbBlockTableRecord
  2
*D3
340
0
  0
BLOCK_RECORD
  5
EB7
330
1
100
AcDbSymbolTableRecord
100
AcDbBlockTableRecord
  2
_None
340
0
  0
BLOCK_RECORD
  5
1072
330
1
100
AcDbSymbolTableRecord
100
AcDbBlockTableRecord
  2
*D5
340
0
  0
BLOCK_RECORD
  5
107F
330
1
100
AcDbSymbolTableRecord
100
AcDbBlockTableRecord
  2
*D6
340
0
  0
BLOCK_RECORD
  5
108C
330
1
100
AcDbSymbolTableRecord
100
AcDbBlockTableRecord
  2
*D7
340
0
  0
BLOCK_RECORD
  5
1D40
330
1
100
AcDbSymbolTableRecord
100
AcDbBlockTableRecord
  2
*D8
340
0
  0
BLOCK_RECORD
  5
1D4D
330
1
100
AcDbSymbolTableRecord
100
AcDbBlockTableRecord
  2
*D9
340
0
  0
BLOCK_RECORD
  5
1D5A
330
1
100
AcDbSymbolTableRecord
100
AcDbBlockTableRecord
  2
*D10
340
0
  0
BLOCK_RECORD
  5
1E04
330
1
100
AcDbSymbolTableRecord
100
AcDbBlockTableRecord
  2
_D
340
0
  0
BLOCK_RECORD
  5
1E0D
330
1
100
AcDbSymbolTableRecord
100
AcDbBlockTableRecord
  2
_D_1
340
0
  0
BLOCK_RECORD
  5
1E16
330
1
100
AcDbSymbolTableRecord
100
AcDbBlockTableRecord
  2
_D_2
340
0
  0
BLOCK_RECORD
  5
2BEA
330
1
100
AcDbSymbolTableRecord
100
AcDbBlockTableRecord
  2
*D14
340
0
  0
BLOCK_RECORD
  5
2BF6
330
1
100
AcDbSymbolTableRecord
100
AcDbBlockTableRecord
  2
*D15
340
0
  0
BLOCK_RECORD
  5
2C02
330
1
100
AcDbSymbolTableRecord
100
AcDbBlockTableRecord
  2
*D16
340
0
  0
BLOCK_RECORD
  5
39F6
330
1
100
AcDbSymbolTableRecord
100
AcDbBlockTableRecord
  2
*D17
340
0
  0
BLOCK_RECORD
  5
3A02
330
1
100
AcDbSymbolTableRecord
100
AcDbBlockTableRecord
  2
*D18
340
0
  0
BLOCK_RECORD
  5
3A0E
330
1
100
AcDbSymbolTableRecord
100
AcDbBlockTableRecord
  2
*D19
340
0
  0
BLOCK_RECORD
  5
3AB3
330
1
100
AcDbSymbolTableRecord
100
AcDbBlockTableRecord
  2
_D_3
340
0
  0
BLOCK_RECORD
  5
6321
330
1
100
AcDbSymbolTableRecord
100
AcDbBlockTableRecord
  2
*D21
340
0
  0
BLOCK_RECORD
  5
632D
330
1
100
AcDbSymbolTableRecord
100
AcDbBlockTableRecord
  2
*D22
340
0
  0
BLOCK_RECORD
  5
6339
330
1
100
AcDbSymbolTableRecord
100
AcDbBlockTableRecord
  2
*D23
340
0
  0
BLOCK_RECORD
  5
6345
330
1
100
AcDbSymbolTableRecord
100
AcDbBlockTableRecord
  2
*D24
340
0
  0
BLOCK_RECORD
  5
68DC
330
1
100
AcDbSymbolTableRecord
100
AcDbBlockTableRecord
  2
*D25
340
0
  0
BLOCK_RECORD
  5
68E8
330
1
100
AcDbSymbolTableRecord
100
AcDbBlockTableRecord
  2
*D26
340
0
  0
BLOCK_RECORD
  5
6A50
330
1
100
AcDbSymbolTableRecord
100
AcDbBlockTableRecord
  2
*D27
340
0
  0
BLOCK_RECORD
  5
6A5C
330
1
100
AcDbSymbolTableRecord
100
AcDbBlockTableRecord
  2
*D28
340
0
  0
BLOCK_RECORD
  5
6F66
102
{ACAD_XDICTIONARY
360
6F67
102
}
330
1
100
AcDbSymbolTableRecord
100
AcDbBlockTableRecord
  2
TYP_SYMB
340
0
310
2800000020000000200000000100080000000000000400000000000000000000000000000000000000000000000080000080000000808000800000008000800080800000C0C0C000C0DCC000F0CAA6000020400000206000002080000020A0000020C0000020E00000400000004020000040400000406000004080000040A0
310
000040C0000040E00000600000006020000060400000606000006080000060A0000060C0000060E00000800000008020000080400000806000008080000080A0000080C0000080E00000A0000000A0200000A0400000A0600000A0800000A0A00000A0C00000A0E00000C0000000C0200000C0400000C0600000C0800000C0
310
A00000C0C00000C0E00000E0000000E0200000E0400000E0600000E0800000E0A00000E0C00000E0E00040000000400020004000400040006000400080004000A0004000C0004000E00040200000402020004020400040206000402080004020A0004020C0004020E000404000004040200040404000404060004040800040
310
40A0004040C0004040E00040600000406020004060400040606000406080004060A0004060C0004060E00040800000408020004080400040806000408080004080A0004080C0004080E00040A0000040A0200040A0400040A0600040A0800040A0A00040A0C00040A0E00040C0000040C0200040C0400040C0600040C08000
310
40C0A00040C0C00040C0E00040E0000040E0200040E0400040E0600040E0800040E0A00040E0C00040E0E00080000000800020008000400080006000800080008000A0008000C0008000E00080200000802020008020400080206000802080008020A0008020C0008020E00080400000804020008040400080406000804080
310
008040A0008040C0008040E00080600000806020008060400080606000806080008060A0008060C0008060E00080800000808020008080400080806000808080008080A0008080C0008080E00080A0000080A0200080A0400080A0600080A0800080A0A00080A0C00080A0E00080C0000080C0200080C0400080C0600080C0
310
800080C0A00080C0C00080C0E00080E0000080E0200080E0400080E0600080E0800080E0A00080E0C00080E0E000C0000000C0002000C0004000C0006000C0008000C000A000C000C000C000E000C0200000C0202000C0204000C0206000C0208000C020A000C020C000C020E000C0400000C0402000C0404000C0406000C0
310
408000C040A000C040C000C040E000C0600000C0602000C0604000C0606000C0608000C060A000C060C000C060E000C0800000C0802000C0804000C0806000C0808000C080A000C080C000C080E000C0A00000C0A02000C0A04000C0A06000C0A08000C0A0A000C0A0C000C0A0E000C0C00000C0C02000C0C04000C0C06000
310
C0C08000C0C0A000F0FBFF00A4A0A000808080000000FF0000FF000000FFFF00FF000000FF00FF00FFFF0000FFFFFF0000000000000000000000000000000000000000000000000000000000000000000000000000000000000000000000000000000000000000000000000000000000000000000000000000000000000000
310
00000000000000000000000000000000000000000000000000000000000000000000000000000000000000000000000000000000000000000000000000000000000000000000000000000000000000000000000000000000000000000000000000000000000000000000000000000000000000000000000000000000000000
310
000000000000000000000000000000000000000000000000000000000000000000000000000000000000000000000000000000000000000000000000000000000000000000000000000000000000000000000000000000000000000000000000000000000000000000FF000000000000000000000000000000000000000000
310
00000000000000000000FF000000000000000000000000000000000000FFFFFFFFFFFFFF0000000000FFFF0000000000000000000000FFFFFFFFFFFFFF000000000000FF000000FFFF00FFFFFFFF0000000000000000FF000000000000000000000000FF00FFFF000000FF000000FF00000000000000FF0000000000000000
310
00000000FF00FF00000000FF000000FF0000000000FFFFFFFFFFFFFFFFFFFFFFFFFFFFFFFFFFFFFFFFFFFFFFFFFFFFFFFFFFFF00000000FF000000000000000000000000FF00FF000000FFFFFF000000FF000000000000FF000000000000000000000000FF00FF00000000FF000000FF00000000000000FF00000000000000
310
0000000000FF00FF00000000FF000000FF00000000000000FFFFFFFFFFFFFF000000000000FF0000FFFF0000FF00FFFF000000000000000000000000000000FFFFFFFFFFFFFF00000000FFFFFFFF000000000000000000000000000000000000000000000000000000000000FF000000000000000000000000000000000000
310
00000000000000000000000000FF0000000000000000000000000000000000000000000000000000000000000000000000000000000000000000000000000000000000000000000000000000000000000000000000000000000000000000000000000000000000000000000000000000000000000000000000000000000000
310
00000000000000000000000000000000000000000000000000000000000000000000000000000000000000000000000000000000000000000000000000000000000000000000000000000000000000000000000000000000000000000000000000000000000000000000000000000000000000000000000000000000000000
310
0000000000000000000000000000000000000000000000000000000000000000000000000000000000000000000000000000000000000000
102
{BLKREFS
331
6F7B
102
}
1001
AcDbDynamicBlockGUID
1000
{63667387-D1AD-44FC-9ABB-F8AB95C0C54C}
1001
AcDbBlockRepETag
1070
     1
1071
        9
1001
ACAD
1000
DesignCenter Data
1002
{
1070
     1
1070
     4
1002
}
  0
BLOCK_RECORD
  5
6F73
102
{ACAD_XDICTIONARY
360
6F74
102
}
330
1
100
AcDbSymbolTableRecord
100
AcDbBlockTableRecord
  2
text_allg
340
0
310
2800000020000000200000000100080000000000000400000000000000000000000000000000000000000000000080000080000000808000800000008000800080800000C0C0C000C0DCC000F0CAA6000020400000206000002080000020A0000020C0000020E00000400000004020000040400000406000004080000040A0
310
000040C0000040E00000600000006020000060400000606000006080000060A0000060C0000060E00000800000008020000080400000806000008080000080A0000080C0000080E00000A0000000A0200000A0400000A0600000A0800000A0A00000A0C00000A0E00000C0000000C0200000C0400000C0600000C0800000C0
310
A00000C0C00000C0E00000E0000000E0200000E0400000E0600000E0800000E0A00000E0C00000E0E00040000000400020004000400040006000400080004000A0004000C0004000E00040200000402020004020400040206000402080004020A0004020C0004020E000404000004040200040404000404060004040800040
310
40A0004040C0004040E00040600000406020004060400040606000406080004060A0004060C0004060E00040800000408020004080400040806000408080004080A0004080C0004080E00040A0000040A0200040A0400040A0600040A0800040A0A00040A0C00040A0E00040C0000040C0200040C0400040C0600040C08000
310
40C0A00040C0C00040C0E00040E0000040E0200040E0400040E0600040E0800040E0A00040E0C00040E0E00080000000800020008000400080006000800080008000A0008000C0008000E00080200000802020008020400080206000802080008020A0008020C0008020E00080400000804020008040400080406000804080
310
008040A0008040C0008040E00080600000806020008060400080606000806080008060A0008060C0008060E00080800000808020008080400080806000808080008080A0008080C0008080E00080A0000080A0200080A0400080A0600080A0800080A0A00080A0C00080A0E00080C0000080C0200080C0400080C0600080C0
310
800080C0A00080C0C00080C0E00080E0000080E0200080E0400080E0600080E0800080E0A00080E0C00080E0E000C0000000C0002000C0004000C0006000C0008000C000A000C000C000C000E000C0200000C0202000C0204000C0206000C0208000C020A000C020C000C020E000C0400000C0402000C0404000C0406000C0
310
408000C040A000C040C000C040E000C0600000C0602000C0604000C0606000C0608000C060A000C060C000C060E000C0800000C0802000C0804000C0806000C0808000C080A000C080C000C080E000C0A00000C0A02000C0A04000C0A06000C0A08000C0A0A000C0A0C000C0A0E000C0C00000C0C02000C0C04000C0C06000
310
C0C08000C0C0A000F0FBFF00A4A0A000808080000000FF0000FF000000FFFF00FF000000FF00FF00FFFF0000FFFFFF0000000000000000000000000000000000000000000000000000000000000000000000000000000000000000000000000000000000000000000000000000000000000000000000000000000000000000
310
00000000000000000000000000000000000000000000000000000000000000000000000000000000000000000000000000000000000000000000000000000000000000000000000000000000000000000000000000000000000000000000000000000000000000000000000000000000000000000000000000000000000000
310
00000000000000000000000000000000000000000000000000000000000000000000000000000000000000000000000000000000000000000000000000000000000000000000000000000000000000000000000000000000000000000000000000000000000000000000000000000000000000000000000000000000000000
310
00000000000000000000000000000000000000000000000000000000000000000000000000000000000000000000000000000000000000000000000000000000000000000000000000000000000000000000000000000000000000000000000000000000000000000000000000000000000000000000000000000000000000
310
000000000000FF00FF000000000000000000000000FFFFFFFFFFFFFFFFFFFFFFFFFFFFFFFFFFFFFFFF00000000FFFFFF0000000000FFFFFFFFFFFFFFFFFFFFFFFFFFFFFFFFFFFFFFFFFFFFFFFFFFFFFFFFFFFF0000000000000000000000000000000000000000000000FF00FF000000000000000000000000000000000000
310
00000000000000000000000000000000000000000000000000000000000000000000000000000000000000000000000000000000000000000000000000000000000000000000000000000000000000000000000000000000000000000000000000000000000000000000000000000000000000000000000000000000000000
310
00000000000000000000000000000000000000000000000000000000000000000000000000000000000000000000000000000000000000000000000000000000000000000000000000000000000000000000000000000000000000000000000000000000000000000000000000000000000000000000000000000000000000
310
00000000000000000000000000000000000000000000000000000000000000000000000000000000000000000000000000000000000000000000000000000000000000000000000000000000000000000000000000000000000000000000000000000000000000000000000000000000000000000000000000000000000000
310
0000000000000000000000000000000000000000000000000000000000000000000000000000000000000000000000000000000000000000
102
{BLKREFS
331
6F85
331
6FC5
102
}
1001
AcDbDynamicBlockGUID
1000
{D409DF77-E7A3-413F-9DD9-C199792E5581}
1001
AcDbBlockRepETag
1070
     1
1071
        2
1001
ACAD
1000
DesignCenter Data
1002
{
1070
     1
1070
     4
1002
}
  0
BLOCK_RECORD
  5
6F79
330
1
100
AcDbSymbolTableRecord
100
AcDbBlockTableRecord
  2
Block_A4
340
0
310
2800000020000000200000000100080000000000000400000000000000000000000000000000000000000000000080000080000000808000800000008000800080800000C0C0C000C0DCC000F0CAA6000020400000206000002080000020A0000020C0000020E00000400000004020000040400000406000004080000040A0
310
000040C0000040E00000600000006020000060400000606000006080000060A0000060C0000060E00000800000008020000080400000806000008080000080A0000080C0000080E00000A0000000A0200000A0400000A0600000A0800000A0A00000A0C00000A0E00000C0000000C0200000C0400000C0600000C0800000C0
310
A00000C0C00000C0E00000E0000000E0200000E0400000E0600000E0800000E0A00000E0C00000E0E00040000000400020004000400040006000400080004000A0004000C0004000E00040200000402020004020400040206000402080004020A0004020C0004020E000404000004040200040404000404060004040800040
310
40A0004040C0004040E00040600000406020004060400040606000406080004060A0004060C0004060E00040800000408020004080400040806000408080004080A0004080C0004080E00040A0000040A0200040A0400040A0600040A0800040A0A00040A0C00040A0E00040C0000040C0200040C0400040C0600040C08000
310
40C0A00040C0C00040C0E00040E0000040E0200040E0400040E0600040E0800040E0A00040E0C00040E0E00080000000800020008000400080006000800080008000A0008000C0008000E00080200000802020008020400080206000802080008020A0008020C0008020E00080400000804020008040400080406000804080
310
008040A0008040C0008040E00080600000806020008060400080606000806080008060A0008060C0008060E00080800000808020008080400080806000808080008080A0008080C0008080E00080A0000080A0200080A0400080A0600080A0800080A0A00080A0C00080A0E00080C0000080C0200080C0400080C0600080C0
310
800080C0A00080C0C00080C0E00080E0000080E0200080E0400080E0600080E0800080E0A00080E0C00080E0E000C0000000C0002000C0004000C0006000C0008000C000A000C000C000C000E000C0200000C0202000C0204000C0206000C0208000C020A000C020C000C020E000C0400000C0402000C0404000C0406000C0
310
408000C040A000C040C000C040E000C0600000C0602000C0604000C0606000C0608000C060A000C060C000C060E000C0800000C0802000C0804000C0806000C0808000C080A000C080C000C080E000C0A00000C0A02000C0A04000C0A06000C0A08000C0A0A000C0A0C000C0A0E000C0C00000C0C02000C0C04000C0C06000
310
C0C08000C0C0A000F0FBFF00A4A0A000808080000000FF0000FF000000FFFF00FF000000FF00FF00FFFF0000FFFFFF00F6F6F6F6F6F6F6F6F6F6F6F6F6F6F6F6F6F6F6F6F6F6F6F6F6F6F6F6F6F6F6F6F6F6F6F6F6F6F6F6F6F6F6F6F6F6F6F6F6F6F6F6F6F6F6F6F6F6F6F6F6F6F6F6F6F6F6F6F6F6F6F6F6F6F6F6F6F6F6
310
F6F6F6F6F6F6F6F6F6F6F6F6F6F6F6F6F6F6F6F6F6F6F6F6F6F6F6F6F6F6F6F6F6F6F6F6F6F6F6F6F6F6F6F6F6F6F6F6F6F6F6F6F6F6F6F6F6F6F6F6F6F6F6F6F6F6F6F6F6F6F6F6F6F6F6F6F6F6F6F6F6F6F6F6F6F6F6F6F6F6F6F6F6F6F6F6F6F6F6F6F6F6F6F6F6F6F6F6F6F6F6F6F6F6F6F6F6F6F6F6F6F6F6F6F6F6F6
310
F6F6F6F6F6F6F6F6F6F6F6F6F6F6F6F6F6F6F6F6F6F6F6F6F6F6F6F6F6F6F6F6F6F6F6F6F6F6F6F6F6F6F6F6F6F6F6F6F6F6F6F6F6F6F6F6F6F6F6F6F6F6F6F6F6F6F6F6F6F6F6F6F6F6F6F6F6F6F6F6F6F6F6F6F6F6F6F6F6F6F6F6F6F6F6F6F6F6F6F6F6F6F6F6F6F6F6F6F6F6F6F6F6F6F6F6F6F6F6F6F6F6F6F6F6F6F6
310
F6F6F6F6F6F6F6F6F6F6F6F6F6F6F6F6F6F6F6F6F6F6F6F6F6F6F6F6F6F6F6F6F6F6F6F6F6F6F6F6F6F6F6F6F6F6F6F6F6F6F6F6F6F6F6F6F6F6F6F6F6F6F6F6F6F6F6F6F6F6F6F6F6F6F6F6F6F6F6F6F6F6F6F6F6F6F6F6F6F600000000000000000000000000000000000000000000F6F6F6F6F600000000000000000000
310
00000000000000000000000000000000000000F6F6000000000000000000000000000000F6F6F600000000000000F6F600F6F6F6F6F6F60000000000000000000000000000000000000000000000000000F6F6F6F6F6F6F6F6F6F6000000000000000000000000000000F6F6F6F6F6F6F6F6F6F6F6F6F6F6F6F6F60000F6F6
310
F600000000000000F600F6F6F6F6F6F6F6F6F6F6F6F6F6F6F6F6F6F6F6F6F6F6F6F6F6F6F6F6F6F6F6F6F6F6F6F6F6F6F6F6F6F6F6F6F6F6F6F6F6F6F6F6F6F6F6F6F6F6F6F6F6F6F6F6F6F6F6F6F6F6F6F6F6F6F6F6F6F6F6F6F6F6F6F6F6F6F6F6F6F6F6F6F6F6F6F6F6F6F6F6F6F6F6F6F6F6F6F6F6F6F6F6F6F6F6F6F6
310
F6F6F6F6F6F6F6F6F6F6F6F6F6F6F6F6F6F6F6F6F6F6F6F6F6F6F6F6F6F6F6F6F6F6F6F6F6F6F6F6F6F6F6F6F6F6F6F6F6F6F6F6F6F6F6F6F6F6F6F6F6F6F6F6F6F6F6F6F6F6F6F6F6F6F6F6F6F6F6F6F6F6F6F6F6F6F6F6F6F6F6F6F6F6F6F6F6F6F6F6F6F6F6F6F6F6F6F6F6F6F6F6F6F6F6F6F6F6F6F6F6F6F6F6F6F6F6
310
F6F6F6F6F6F6F6F6F6F6F6F6F6F6F6F6F6F6F6F6F6F6F6F6F6F6F6F6F6F6F6F6F6F6F6F6F6F6F6F6F6F6F6F6F6F6F6F6F6F6F6F6F6F6F6F6F6F6F6F6F6F6F6F6F6F6F6F6F6F6F6F6F6F6F6F6F6F6F6F6F6F6F6F6F6F6F6F6F6F6F6F6F6F6F6F6F6F6F6F6F6F6F6F6F6F6F6F6F6F6F6F6F6F6F6F6F6F6F6F6F6F6F6F6F6F6F6
310
F6F6F6F6F6F6F6F6F6F6F6F6F6F6F6F6F6F6F6F6F6F6F6F6F6F6F6F6F6F6F6F6F6F6F6F6F6F6F6F6F6F6F6F6F6F6F6F6F6F6F6F6F6F6F6F6
102
{BLKREFS
331
6FA2
102
}
1001
ACAD
1000
DesignCenter Data
1002
{
1070
     1
1070
     4
1002
}
  0
BLOCK_RECORD
  5
6F9C
102
{ACAD_XDICTIONARY
360
6FA9
102
}
330
1
100
AcDbSymbolTableRecord
100
AcDbBlockTableRecord
  2
A$C7DFB5AF4
340
0
1001
ACAD
1000
DesignCenter Data
1002
{
1070
     1
1070
     4
1002
}
  0
BLOCK_RECORD
  5
6FAE
330
1
100
AcDbSymbolTableRecord
100
AcDbBlockTableRecord
  2
Block_A3
340
0
310
2800000020000000200000000100080000000000000400000000000000000000000000000000000000000000000080000080000000808000800000008000800080800000C0C0C000C0DCC000F0CAA6000020400000206000002080000020A0000020C0000020E00000400000004020000040400000406000004080000040A0
310
000040C0000040E00000600000006020000060400000606000006080000060A0000060C0000060E00000800000008020000080400000806000008080000080A0000080C0000080E00000A0000000A0200000A0400000A0600000A0800000A0A00000A0C00000A0E00000C0000000C0200000C0400000C0600000C0800000C0
310
A00000C0C00000C0E00000E0000000E0200000E0400000E0600000E0800000E0A00000E0C00000E0E00040000000400020004000400040006000400080004000A0004000C0004000E00040200000402020004020400040206000402080004020A0004020C0004020E000404000004040200040404000404060004040800040
310
40A0004040C0004040E00040600000406020004060400040606000406080004060A0004060C0004060E00040800000408020004080400040806000408080004080A0004080C0004080E00040A0000040A0200040A0400040A0600040A0800040A0A00040A0C00040A0E00040C0000040C0200040C0400040C0600040C08000
310
40C0A00040C0C00040C0E00040E0000040E0200040E0400040E0600040E0800040E0A00040E0C00040E0E00080000000800020008000400080006000800080008000A0008000C0008000E00080200000802020008020400080206000802080008020A0008020C0008020E00080400000804020008040400080406000804080
310
008040A0008040C0008040E00080600000806020008060400080606000806080008060A0008060C0008060E00080800000808020008080400080806000808080008080A0008080C0008080E00080A0000080A0200080A0400080A0600080A0800080A0A00080A0C00080A0E00080C0000080C0200080C0400080C0600080C0
310
800080C0A00080C0C00080C0E00080E0000080E0200080E0400080E0600080E0800080E0A00080E0C00080E0E000C0000000C0002000C0004000C0006000C0008000C000A000C000C000C000E000C0200000C0202000C0204000C0206000C0208000C020A000C020C000C020E000C0400000C0402000C0404000C0406000C0
310
408000C040A000C040C000C040E000C0600000C0602000C0604000C0606000C0608000C060A000C060C000C060E000C0800000C0802000C0804000C0806000C0808000C080A000C080C000C080E000C0A00000C0A02000C0A04000C0A06000C0A08000C0A0A000C0A0C000C0A0E000C0C00000C0C02000C0C04000C0C06000
310
C0C08000C0C0A000F0FBFF00A4A0A000808080000000FF0000FF000000FFFF00FF000000FF00FF00FFFF0000FFFFFF00F6F6F6F6F6F6F6F6F6F6F6F6F6F6F6F6F6F6F6F6F6F6F6F6F6F6F6F6F6F6F6F6F6F6F6F6F6F6F6F6F6F6F6F6F6F6F6F6F6F6F6F6F6F6F6F6F6F6F6F6F6F6F6F6F6F6F6F6F6F6F6F6F6F6F6F6F6F6F6
310
F6F6F6F6F6F6F6F6F6F6F6F6F6F6F6F6F6F6F6F6F6F6F6F6F6F6F6F6F6F6F6F6F6F6F6F6F6F6F6F6F6F6F6F6F6F6F6F6F6F6F6F6F6F6F6F6F6F6F6F6F6F6F6F6F6F6F6F6F6F6F6F6F6F6F6F6F6F6F6F6F6F6F6F6F6F6F6F6F6F6F6F6F6F6F6F6F6F6F6F6F6F6F6F6F6F6F6F6F6F6F6F6F6F6F6F6F6F6F6F6F6F6F6F6F6F6F6
310
F6F6F6F6F6F6F6F6F6F6F6F6F6F6F6F6F6F6F6F6F6F6F6F6F6F6F6F6F6F6F6F6F6F6F6F6F6F6F6F6F6F6F6F6F6F6F6F6F6F6F6F6F6F6F6F6F6F6F6F6F6F6F6F6F6F6F6F6F6F6F6F6F6F6F6F6F6F6F6F6F6F6F6F6F6F6F6F6F6F6F6F6F6F6F6F6F6F6F6F6F6F6F6F6F6F6F6F6F6F6F6F6F6F6F6F6F6F6F6F6F6F6F6F6F6F6F6
310
F6F6F6F6F6F6F6F6F6F6F6F6F6F6F6F6F6F6F6F6F6F6F6F6F6F6F6F6F6F6F6F6F6F6F6F6F6F6F6F6F6F6F6F6F6F6F6F6F6F6F6F6F6F6F6F6F6F6F6F6F6F6F6F6F6F6F6F6F6F6F6F6F6F6F6F6F6F6F6F6F6F6F6F6F6F6F6F6F6F600000000000000000000000000000000000000000000F6F6F6F6F600000000000000000000
310
00000000000000000000000000000000000000F6F6000000000000000000000000000000F6F6F600000000000000F6F600F6F6F6F6F6F60000000000000000000000000000000000000000000000000000F6F6F6F6F6F6F6F6F6F6000000000000000000000000000000F6F6F6F6F6F6F6F6F6F6F6F6F6F6F6F6F60000F6F6
310
F600000000000000F600F6F6F6F6F6F6F6F6F6F6F6F6F6F6F6F6F6F6F6F6F6F6F6F6F6F6F6F6F6F6F6F6F6F6F6F6F6F6F6F6F6F6F6F6F6F6F6F6F6F6F6F6F6F6F6F6F6F6F6F6F6F6F6F6F6F6F6F6F6F6F6F6F6F6F6F6F6F6F6F6F6F6F6F6F6F6F6F6F6F6F6F6F6F6F6F6F6F6F6F6F6F6F6F6F6F6F6F6F6F6F6F6F6F6F6F6F6
310
F6F6F6F6F6F6F6F6F6F6F6F6F6F6F6F6F6F6F6F6F6F6F6F6F6F6F6F6F6F6F6F6F6F6F6F6F6F6F6F6F6F6F6F6F6F6F6F6F6F6F6F6F6F6F6F6F6F6F6F6F6F6F6F6F6F6F6F6F6F6F6F6F6F6F6F6F6F6F6F6F6F6F6F6F6F6F6F6F6F6F6F6F6F6F6F6F6F6F6F6F6F6F6F6F6F6F6F6F6F6F6F6F6F6F6F6F6F6F6F6F6F6F6F6F6F6F6
310
F6F6F6F6F6F6F6F6F6F6F6F6F6F6F6F6F6F6F6F6F6F6F6F6F6F6F6F6F6F6F6F6F6F6F6F6F6F6F6F6F6F6F6F6F6F6F6F6F6F6F6F6F6F6F6F6F6F6F6F6F6F6F6F6F6F6F6F6F6F6F6F6F6F6F6F6F6F6F6F6F6F6F6F6F6F6F6F6F6F6F6F6F6F6F6F6F6F6F6F6F6F6F6F6F6F6F6F6F6F6F6F6F6F6F6F6F6F6F6F6F6F6F6F6F6F6F6
310
F6F6F6F6F6F6F6F6F6F6F6F6F6F6F6F6F6F6F6F6F6F6F6F6F6F6F6F6F6F6F6F6F6F6F6F6F6F6F6F6F6F6F6F6F6F6F6F6F6F6F6F6F6F6F6F6
1001
ACAD
1000
DesignCenter Data
1002
{
1070
     1
1070
     4
1002
}
  0
BLOCK_RECORD
  5
7041
330
1
100
AcDbSymbolTableRecord
100
AcDbBlockTableRecord
  2
*D34
340
0
  0
BLOCK_RECORD
  5
704F
330
1
100
AcDbSymbolTableRecord
100
AcDbBlockTableRecord
  2
*D35
340
0
  0
BLOCK_RECORD
  5
705D
330
1
100
AcDbSymbolTableRecord
100
AcDbBlockTableRecord
  2
*D36
340
0
  0
BLOCK_RECORD
  5
706B
330
1
100
AcDbSymbolTableRecord
100
AcDbBlockTableRecord
  2
*D37
340
0
  0
BLOCK_RECORD
  5
7A77
330
1
100
AcDbSymbolTableRecord
100
AcDbBlockTableRecord
  2
*D38
340
0
  0
BLOCK_RECORD
  5
7A83
330
1
100
AcDbSymbolTableRecord
100
AcDbBlockTableRecord
  2
*D39
340
0
  0
BLOCK_RECORD
  5
7A90
330
1
100
AcDbSymbolTableRecord
100
AcDbBlockTableRecord
  2
*D40
340
0
  0
BLOCK_RECORD
  5
7A9D
330
1
100
AcDbSymbolTableRecord
100
AcDbBlockTableRecord
  2
*D41
340
0
  0
BLOCK_RECORD
  5
7AA9
330
1
100
AcDbSymbolTableRecord
100
AcDbBlockTableRecord
  2
*D42
340
0
  0
BLOCK_RECORD
  5
7AB5
330
1
100
AcDbSymbolTableRecord
100
AcDbBlockTableRecord
  2
*D43
340
0
  0
BLOCK_RECORD
  5
7AC1
330
1
100
AcDbSymbolTableRecord
100
AcDbBlockTableRecord
  2
*D44
340
0
  0
BLOCK_RECORD
  5
7ACD
330
1
100
AcDbSymbolTableRecord
100
AcDbBlockTableRecord
  2
*D45
340
0
  0
BLOCK_RECORD
  5
83E9
330
1
100
AcDbSymbolTableRecord
100
AcDbBlockTableRecord
  2
*D47
340
0
  0
BLOCK_RECORD
  5
83F5
330
1
100
AcDbSymbolTableRecord
100
AcDbBlockTableRecord
  2
*D48
340
0
  0
BLOCK_RECORD
  5
8402
330
1
100
AcDbSymbolTableRecord
100
AcDbBlockTableRecord
  2
*D49
340
0
  0
BLOCK_RECORD
  5
840F
330
1
100
AcDbSymbolTableRecord
100
AcDbBlockTableRecord
  2
*D50
340
0
  0
BLOCK_RECORD
  5
841B
330
1
100
AcDbSymbolTableRecord
100
AcDbBlockTableRecord
  2
*D51
340
0
  0
BLOCK_RECORD
  5
8427
330
1
100
AcDbSymbolTableRecord
100
AcDbBlockTableRecord
  2
*D52
340
0
  0
BLOCK_RECORD
  5
8433
330
1
100
AcDbSymbolTableRecord
100
AcDbBlockTableRecord
  2
*D53
340
0
  0
BLOCK_RECORD
  5
843F
330
1
100
AcDbSymbolTableRecord
100
AcDbBlockTableRecord
  2
*D54
340
0
  0
ENDTAB
  0
ENDSEC
  0
SECTION
  2
BLOCKS
  0
BLOCK
  5
6C
330
6B
100
AcDbEntity
  8
0
100
AcDbBlockBegin
  2
*Model_Space
 70
     0
 10
0.0
 20
0.0
 30
0.0
  3
*Model_Space
  1

  0
ENDBLK
  5
6D
330
6B
100
AcDbEntity
  8
0
100
AcDbBlockEnd
  0
BLOCK
  5
68
330
67
100
AcDbEntity
 67
     1
  8
0
100
AcDbBlockBegin
  2
*Paper_Space
 70
     0
 10
0.0
 20
0.0
 30
0.0
  3
*Paper_Space
  1

  0
ENDBLK
  5
69
330
67
100
AcDbEntity
 67
     1
  8
0
100
AcDbBlockEnd
  0
BLOCK
  5
90
330
8F
100
AcDbEntity
  8
10100_DIM_FRONT
  6
Continuous
 62
     7
100
AcDbBlockBegin
  2
*D0
 70
     1
 10
0.0
 20
0.0
 30
0.0
  3
*D0
  1

  0
TEXT
  5
91
330
8F
100
AcDbEntity
  8
10100_DIM_FRONT
  6
Continuous
 62
     7
100
AcDbText
 10
331.15674
 20
357.1728865719001
 30
0.0
 40
3.5
  1
71
 50
90.0
 41
0.6785714286
  7
TEXTSTYLE_1
100
AcDbText
  0
LINE
  5
92
330
8F
100
AcDbEntity
  8
10100_DIM_FRONT
  6
Continuous
 62
     7
100
AcDbLine
 10
243.875224
 20
324.047886
 30
0.0
 11
334.03174
 21
324.047886
 31
0.0
  0
LINE
  5
93
330
8F
100
AcDbEntity
  8
10100_DIM_FRONT
  6
Continuous
 62
     7
100
AcDbLine
 10
245.572202
 20
395.047886
 30
0.0
 11
334.03174
 21
395.047886
 31
0.0
  0
LINE
  5
94
330
8F
100
AcDbEntity
  8
10100_DIM_FRONT
  6
Continuous
 62
     7
100
AcDbLine
 10
332.03174
 20
324.047886
 30
0.0
 11
332.03174
 21
359.547886
 31
0.0
  0
LINE
  5
95
330
8F
100
AcDbEntity
  8
10100_DIM_FRONT
  6
Continuous
 62
     7
100
AcDbLine
 10
332.03174
 20
395.047886
 30
0.0
 11
332.03174
 21
359.547886
 31
0.0
  0
INSERT
  5
97
330
8F
100
AcDbEntity
  8
10100_DIM_FRONT
  6
Continuous
 62
     7
100
AcDbBlockReference
  2
_FILLED
 10
332.03174
 20
324.047886
 30
0.0
 41
3.5
 42
3.5
 43
3.5
 50
270.0
  0
INSERT
  5
98
330
8F
100
AcDbEntity
  8
10100_DIM_FRONT
  6
Continuous
 62
     7
100
AcDbBlockReference
  2
_FILLED
 10
332.03174
 20
395.047886
 30
0.0
 41
3.5
 42
3.5
 43
3.5
 50
90.0
  0
ENDBLK
  5
99
330
8F
100
AcDbEntity
  8
0
  6
ByBlock
 62
     0
100
AcDbBlockEnd
  0
BLOCK
  5
AE
330
96
100
AcDbEntity
  8
0
100
AcDbBlockBegin
  2
_FILLED
 70
     0
 10
0.0
 20
0.0
 30
0.0
  3
_FILLED
  1

  0
SOLID
  5
AF
330
96
100
AcDbEntity
  8
0
  6
ByBlock
 62
     0
100
AcDbTrace
 10
0.0
 20
0.0
 30
0.0
 11
-1.0
 21
0.1428571429
 31
0.0
 12
-1.0
 22
-0.1428571429
 32
0.0
 13
-1.0
 23
-0.1428571429
 33
0.0
  0
ENDBLK
  5
B0
330
96
100
AcDbEntity
  8
0
  6
ByBlock
 62
     0
100
AcDbBlockEnd
  0
BLOCK
  5
9B
330
9A
100
AcDbEntity
  8
13100_DIM_TOP
  6
Continuous
 62
     7
100
AcDbBlockBegin
  2
*D2
 70
     1
 10
0.0
 20
0.0
 30
0.0
  3
*D2
  1

  0
TEXT
  5
9C
330
9A
100
AcDbEntity
  8
13100_DIM_TOP
  6
Continuous
 62
     7
100
AcDbText
 10
325.098406
 20
172.1332985719
 30
0.0
 40
3.5
  1
251
 50
90.0
 41
0.6904761905
  7
TEXTSTYLE_2
100
AcDbText
  0
LINE
  5
9D
330
9A
100
AcDbEntity
  8
13100_DIM_TOP
  6
Continuous
 62
     7
100
AcDbLine
 10
188.426879
 20
50.296708
 30
0.0
 11
327.973406
 21
50.296708
 31
0.0
  0
LINE
  5
9E
330
9A
100
AcDbEntity
  8
13100_DIM_TOP
  6
Continuous
 62
     7
100
AcDbLine
 10
188.426879
 20
301.219888
 30
0.0
 11
327.973406
 21
301.219888
 31
0.0
  0
LINE
  5
9F
330
9A
100
AcDbEntity
  8
13100_DIM_TOP
  6
Continuous
 62
     7
100
AcDbLine
 10
325.973406
 20
50.296708
 30
0.0
 11
325.973406
 21
175.758298
 31
0.0
  0
LINE
  5
A0
330
9A
100
AcDbEntity
  8
13100_DIM_TOP
  6
Continuous
 62
     7
100
AcDbLine
 10
325.973406
 20
301.219888
 30
0.0
 11
325.973406
 21
175.758298
 31
0.0
  0
INSERT
  5
A1
330
9A
100
AcDbEntity
  8
13100_DIM_TOP
  6
Continuous
 62
     7
100
AcDbBlockReference
  2
_FILLED
 10
325.973406
 20
50.296708
 30
0.0
 41
3.5
 42
3.5
 43
3.5
 50
270.0
  0
INSERT
  5
A2
330
9A
100
AcDbEntity
  8
13100_DIM_TOP
  6
Continuous
 62
     7
100
AcDbBlockReference
  2
_FILLED
 10
325.973406
 20
301.219888
 30
0.0
 41
3.5
 42
3.5
 43
3.5
 50
90.0
  0
ENDBLK
  5
A3
330
9A
100
AcDbEntity
  8
0
  6
ByBlock
 62
     0
100
AcDbBlockEnd
  0
BLOCK
  5
A5
330
A4
100
AcDbEntity
  8
13100_DIM_TOP
  6
Continuous
 62
     7
100
AcDbBlockBegin
  2
*D3
 70
     1
 10
0.0
 20
0.0
 30
0.0
  3
*D3
  1

  0
TEXT
  5
A6
330
A4
100
AcDbEntity
  8
13100_DIM_TOP
  6
Continuous
 62
     7
100
AcDbText
 10
184.801879
 20
305.774084
 30
0.0
 40
3.5
  1
251
 41
0.6904761905
  7
TEXTSTYLE_2
100
AcDbText
  0
LINE
  5
A7
330
A4
100
AcDbEntity
  8
13100_DIM_TOP
  6
Continuous
 62
     7
100
AcDbLine
 10
62.738211
 20
175.758298
 30
0.0
 11
62.738211
 21
306.899084
 31
0.0
  0
LINE
  5
A8
330
A4
100
AcDbEntity
  8
13100_DIM_TOP
  6
Continuous
 62
     7
100
AcDbLine
 10
314.115547
 20
175.758298
 30
0.0
 11
314.115547
 21
306.899084
 31
0.0
  0
LINE
  5
A9
330
A4
100
AcDbEntity
  8
13100_DIM_TOP
  6
Continuous
 62
     7
100
AcDbLine
 10
62.738211
 20
304.899084
 30
0.0
 11
188.426879
 21
304.899084
 31
0.0
  0
LINE
  5
AA
330
A4
100
AcDbEntity
  8
13100_DIM_TOP
  6
Continuous
 62
     7
100
AcDbLine
 10
314.115547
 20
304.899084
 30
0.0
 11
188.426879
 21
304.899084
 31
0.0
  0
INSERT
  5
AB
330
A4
100
AcDbEntity
  8
13100_DIM_TOP
  6
Continuous
 62
     7
100
AcDbBlockReference
  2
_FILLED
 10
62.738211
 20
304.899084
 30
0.0
 41
3.5
 42
3.5
 43
3.5
 50
180.0
  0
INSERT
  5
AC
330
A4
100
AcDbEntity
  8
13100_DIM_TOP
  6
Continuous
 62
     7
100
AcDbBlockReference
  2
_FILLED
 10
314.115547
 20
304.899084
 30
0.0
 41
3.5
 42
3.5
 43
3.5
  0
ENDBLK
  5
AD
330
A4
100
AcDbEntity
  8
0
  6
ByBlock
 62
     0
100
AcDbBlockEnd
  0
BLOCK
  5
EB8
330
EB7
100
AcDbEntity
  8
0
100
AcDbBlockBegin
  2
_None
 70
     0
 10
0.0
 20
0.0
 30
0.0
  3
_None
  1

  0
ENDBLK
  5
EB9
330
EB7
100
AcDbEntity
  8
0
100
AcDbBlockEnd
  0
BLOCK
  5
1073
330
1072
100
AcDbEntity
  8
0
100
AcDbBlockBegin
  2
*D5
 70
     1
 10
0.0
 20
0.0
 30
0.0
  3
*D5
  1

  0
LINE
  5
1074
330
1072
100
AcDbEntity
  8
10100_DIM_FRONT
  6
Continuous
 62
     0
370
    -2
100
AcDbLine
 10
243.937724
 20
324.047886
 30
0.0
 11
329.5867400000001
 21
324.047886
 31
0.0
  0
LINE
  5
1075
330
1072
100
AcDbEntity
  8
10100_DIM_FRONT
  6
Continuous
 62
     0
370
    -2
100
AcDbLine
 10
245.634702
 20
395.047886
 30
0.0
 11
329.5867400000001
 21
395.047886
 31
0.0
  0
LINE
  5
1076
330
1072
100
AcDbEntity
  8
10100_DIM_FRONT
  6
Continuous
 62
     0
370
    -2
100
AcDbLine
 10
329.4067400000001
 20
324.227886
 30
0.0
 11
329.4067400000001
 21
359.3678865719001
 31
0.0
  0
LINE
  5
1077
330
1072
100
AcDbEntity
  8
10100_DIM_FRONT
  6
Continuous
 62
     0
370
    -2
100
AcDbLine
 10
329.4067400000001
 20
394.867886
 30
0.0
 11
329.4067400000001
 21
359.7278865719
 31
0.0
  0
SOLID
  5
1078
330
1072
100
AcDbEntity
  8
10100_DIM_FRONT
  6
Continuous
 62
     0
100
AcDbTrace
 10
329.3767400000001
 20
324.227886
 30
0.0
 11
329.43674
 21
324.227886
 31
0.0
 12
329.4067400000001
 22
324.047886
 32
0.0
 13
329.4067400000001
 23
324.047886
 33
0.0
  0
SOLID
  5
1079
330
1072
100
AcDbEntity
  8
10100_DIM_FRONT
  6
Continuous
 62
     0
100
AcDbTrace
 10
329.3767400000001
 20
394.867886
 30
0.0
 11
329.4367400000001
 21
394.867886
 31
0.0
 12
329.4067400000001
 22
395.047886
 32
0.0
 13
329.4067400000001
 23
395.047886
 33
0.0
  0
MTEXT
  5
107A
330
1072
100
AcDbEntity
  8
10100_DIM_FRONT
  6
Continuous
 62
     0
370
    13
100
AcDbMText
 10
329.40674
 20
359.5478865719
 30
0.0
 40
0.18
 41
0.0
 71
     5
 72
     1
  1
\A1;71.0000
 73
     1
 44
1.0
1001
ACAD
1000
MTEXTBEGIN
1070
    73
1070
     1
1070
    44
1040
1.0
1070
    74
1070
     0
1000
MTEXTEND
  0
POINT
  5
107B
330
1072
100
AcDbEntity
  8
Defpoints
  6
Continuous
 62
     0
100
AcDbPoint
 10
243.875224
 20
324.047886
 30
0.0
  0
POINT
  5
107C
330
1072
100
AcDbEntity
  8
Defpoints
  6
Continuous
 62
     0
100
AcDbPoint
 10
245.572202
 20
395.047886
 30
0.0
  0
POINT
  5
107D
330
1072
100
AcDbEntity
  8
Defpoints
  6
Continuous
 62
     0
100
AcDbPoint
 10
329.4067400000001
 20
395.047886
 30
0.0
  0
ENDBLK
  5
107E
330
1072
100
AcDbEntity
  8
0
100
AcDbBlockEnd
  0
BLOCK
  5
1080
330
107F
100
AcDbEntity
  8
0
100
AcDbBlockBegin
  2
*D6
 70
     1
 10
0.0
 20
0.0
 30
0.0
  3
*D6
  1

  0
LINE
  5
1081
330
107F
100
AcDbEntity
  8
13100_DIM_TOP
  6
Continuous
 62
     0
370
    -2
100
AcDbLine
 10
62.738211
 20
175.820798
 30
0.0
 11
62.73821100000001
 21
307.7040839999999
 31
0.0
  0
LINE
  5
1082
330
107F
100
AcDbEntity
  8
13100_DIM_TOP
  6
Continuous
 62
     0
370
    -2
100
AcDbLine
 10
314.115547
 20
175.820798
 30
0.0
 11
314.115547
 21
307.7040839999999
 31
0.0
  0
LINE
  5
1083
330
107F
100
AcDbEntity
  8
13100_DIM_TOP
  6
Continuous
 62
     0
370
    -2
100
AcDbLine
 10
62.91821099999999
 20
307.524084
 30
0.0
 11
188.168879
 21
307.524084
 31
0.0
  0
LINE
  5
1084
330
107F
100
AcDbEntity
  8
13100_DIM_TOP
  6
Continuous
 62
     0
370
    -2
100
AcDbLine
 10
313.935547
 20
307.524084
 30
0.0
 11
188.684879
 21
307.524084
 31
0.0
  0
SOLID
  5
1085
330
107F
100
AcDbEntity
  8
13100_DIM_TOP
  6
Continuous
 62
     0
100
AcDbTrace
 10
62.91821099999999
 20
307.5540839999999
 30
0.0
 11
62.91821099999999
 21
307.494084
 31
0.0
 12
62.73821100000001
 22
307.524084
 32
0.0
 13
62.73821100000001
 23
307.524084
 33
0.0
  0
SOLID
  5
1086
330
107F
100
AcDbEntity
  8
13100_DIM_TOP
  6
Continuous
 62
     0
100
AcDbTrace
 10
313.935547
 20
307.5540839999999
 30
0.0
 11
313.935547
 21
307.494084
 31
0.0
 12
314.115547
 22
307.524084
 32
0.0
 13
314.115547
 23
307.524084
 33
0.0
  0
MTEXT
  5
1087
330
107F
100
AcDbEntity
  8
13100_DIM_TOP
  6
Continuous
 62
     0
370
    13
100
AcDbMText
 10
188.426879
 20
307.524084
 30
0.0
 40
0.18
 41
0.0
 71
     5
 72
     1
  1
\A1;251
 73
     1
 44
1.0
1001
ACAD
1000
MTEXTBEGIN
1070
    73
1070
     1
1070
    44
1040
1.0
1070
    74
1070
     0
1000
MTEXTEND
  0
POINT
  5
1088
330
107F
100
AcDbEntity
  8
Defpoints
  6
Continuous
 62
     0
100
AcDbPoint
 10
62.738211
 20
175.758298
 30
0.0
  0
POINT
  5
1089
330
107F
100
AcDbEntity
  8
Defpoints
  6
Continuous
 62
     0
100
AcDbPoint
 10
314.115547
 20
175.758298
 30
0.0
  0
POINT
  5
108A
330
107F
100
AcDbEntity
  8
Defpoints
  6
Continuous
 62
     0
100
AcDbPoint
 10
314.115547
 20
307.524084
 30
0.0
  0
ENDBLK
  5
108B
330
107F
100
AcDbEntity
  8
0
100
AcDbBlockEnd
  0
BLOCK
  5
108D
330
108C
100
AcDbEntity
  8
0
100
AcDbBlockBegin
  2
*D7
 70
     1
 10
0.0
 20
0.0
 30
0.0
  3
*D7
  1

  0
LINE
  5
108E
330
108C
100
AcDbEntity
  8
13100_DIM_TOP
  6
Continuous
 62
     0
370
    -2
100
AcDbLine
 10
188.489379
 20
50.296708
 30
0.0
 11
323.528406
 21
50.29670799999998
 31
0.0
  0
LINE
  5
108F
330
108C
100
AcDbEntity
  8
13100_DIM_TOP
  6
Continuous
 62
     0
370
    -2
100
AcDbLine
 10
188.489379
 20
301.219888
 30
0.0
 11
323.5284060000001
 21
301.219888
 31
0.0
  0
LINE
  5
1090
330
108C
100
AcDbEntity
  8
13100_DIM_TOP
  6
Continuous
 62
     0
370
    -2
100
AcDbLine
 10
323.348406
 20
50.47670799999997
 30
0.0
 11
323.3484060000001
 21
175.5782985718999
 31
0.0
  0
LINE
  5
1091
330
108C
100
AcDbEntity
  8
13100_DIM_TOP
  6
Continuous
 62
     0
370
    -2
100
AcDbLine
 10
323.3484060000001
 20
301.039888
 30
0.0
 11
323.3484060000001
 21
175.9382985718999
 31
0.0
  0
SOLID
  5
1092
330
108C
100
AcDbEntity
  8
13100_DIM_TOP
  6
Continuous
 62
     0
100
AcDbTrace
 10
323.3184060000001
 20
50.47670799999997
 30
0.0
 11
323.378406
 21
50.47670799999997
 31
0.0
 12
323.348406
 22
50.29670799999998
 32
0.0
 13
323.348406
 23
50.29670799999998
 33
0.0
  0
SOLID
  5
1093
330
108C
100
AcDbEntity
  8
13100_DIM_TOP
  6
Continuous
 62
     0
100
AcDbTrace
 10
323.3184060000001
 20
301.039888
 30
0.0
 11
323.378406
 21
301.039888
 31
0.0
 12
323.3484060000001
 22
301.219888
 32
0.0
 13
323.3484060000001
 23
301.219888
 33
0.0
  0
MTEXT
  5
1094
330
108C
100
AcDbEntity
  8
13100_DIM_TOP
  6
Continuous
 62
     0
370
    13
100
AcDbMText
 10
323.348406
 20
175.7582985719
 30
0.0
 40
0.18
 41
0.0
 71
     5
 72
     1
  1
\A1;251
 73
     1
 44
1.0
1001
ACAD
1000
MTEXTBEGIN
1070
    73
1070
     1
1070
    44
1040
1.0
1070
    74
1070
     0
1000
MTEXTEND
  0
POINT
  5
1095
330
108C
100
AcDbEntity
  8
Defpoints
  6
Continuous
 62
     0
100
AcDbPoint
 10
188.426879
 20
50.296708
 30
0.0
  0
POINT
  5
1096
330
108C
100
AcDbEntity
  8
Defpoints
  6
Continuous
 62
     0
100
AcDbPoint
 10
188.426879
 20
301.219888
 30
0.0
  0
POINT
  5
1097
330
108C
100
AcDbEntity
  8
Defpoints
  6
Continuous
 62
     0
100
AcDbPoint
 10
323.3484060000001
 20
301.219888
 30
0.0
  0
ENDBLK
  5
1098
330
108C
100
AcDbEntity
  8
0
100
AcDbBlockEnd
  0
BLOCK
  5
1D41
330
1D40
100
AcDbEntity
  8
0
100
AcDbBlockBegin
  2
*D8
 70
     1
 10
0.0
 20
0.0
 30
0.0
  3
*D8
  1

  0
LINE
  5
1D67
330
1D40
100
AcDbEntity
  8
10100_DIM_FRONT
  6
Continuous
 62
     0
370
    -2
100
AcDbLine
 10
1262.74551500494
 20
327.2575912635624
 30
0.0
 11
1348.39453100494
 21
327.2575912635624
 31
0.0
  0
LINE
  5
1D68
330
1D40
100
AcDbEntity
  8
10100_DIM_FRONT
  6
Continuous
 62
     0
370
    -2
100
AcDbLine
 10
1264.44249300494
 20
398.2575912635624
 30
0.0
 11
1348.39453100494
 21
398.2575912635624
 31
0.0
  0
LINE
  5
1D69
330
1D40
100
AcDbEntity
  8
10100_DIM_FRONT
  6
Continuous
 62
     0
370
    -2
100
AcDbLine
 10
1348.21453100494
 20
327.4375912635623
 30
0.0
 11
1348.21453100494
 21
362.5775918354622
 31
0.0
  0
LINE
  5
1D6A
330
1D40
100
AcDbEntity
  8
10100_DIM_FRONT
  6
Continuous
 62
     0
370
    -2
100
AcDbLine
 10
1348.21453100494
 20
398.0775912635623
 30
0.0
 11
1348.21453100494
 21
362.9375918354622
 31
0.0
  0
SOLID
  5
1D6B
330
1D40
100
AcDbEntity
  8
10100_DIM_FRONT
  6
Continuous
 62
     0
100
AcDbTrace
 10
1348.18453100494
 20
327.4375912635623
 30
0.0
 11
1348.24453100494
 21
327.4375912635623
 31
0.0
 12
1348.21453100494
 22
327.2575912635624
 32
0.0
 13
1348.21453100494
 23
327.2575912635624
 33
0.0
  0
SOLID
  5
1D6C
330
1D40
100
AcDbEntity
  8
10100_DIM_FRONT
  6
Continuous
 62
     0
100
AcDbTrace
 10
1348.18453100494
 20
398.0775912635623
 30
0.0
 11
1348.24453100494
 21
398.0775912635623
 31
0.0
 12
1348.21453100494
 22
398.2575912635624
 32
0.0
 13
1348.21453100494
 23
398.2575912635624
 33
0.0
  0
MTEXT
  5
1D6D
330
1D40
100
AcDbEntity
  8
10100_DIM_FRONT
  6
Continuous
 62
     0
370
    13
100
AcDbMText
 10
1348.21453100494
 20
362.7575918354623
 30
0.0
 40
0.18
 41
0.0
 71
     5
 72
     1
  1
\A1;71.0000
 73
     1
 44
1.0
1001
ACAD
1000
MTEXTBEGIN
1070
    73
1070
     1
1070
    44
1040
1.0
1070
    74
1070
     0
1000
MTEXTEND
  0
POINT
  5
1D6E
330
1D40
100
AcDbEntity
  8
Defpoints
  6
Continuous
 62
     0
100
AcDbPoint
 10
1262.68301500494
 20
327.2575912635624
 30
0.0
  0
POINT
  5
1D6F
330
1D40
100
AcDbEntity
  8
Defpoints
  6
Continuous
 62
     0
100
AcDbPoint
 10
1264.37999300494
 20
398.2575912635624
 30
0.0
  0
POINT
  5
1D70
330
1D40
100
AcDbEntity
  8
Defpoints
  6
Continuous
 62
     0
100
AcDbPoint
 10
1348.21453100494
 20
398.2575912635624
 30
0.0
  0
ENDBLK
  5
1D42
330
1D40
100
AcDbEntity
  8
0
100
AcDbBlockEnd
  0
BLOCK
  5
1D4E
330
1D4D
100
AcDbEntity
  8
0
100
AcDbBlockBegin
  2
*D9
 70
     1
 10
0.0
 20
0.0
 30
0.0
  3
*D9
  1

  0
LINE
  5
1D71
330
1D4D
100
AcDbEntity
  8
13100_DIM_TOP
  6
Continuous
 62
     0
370
    -2
100
AcDbLine
 10
1207.29717000494
 20
53.50641326356234
 30
0.0
 11
1342.33619700494
 21
53.50641326356232
 31
0.0
  0
LINE
  5
1D72
330
1D4D
100
AcDbEntity
  8
13100_DIM_TOP
  6
Continuous
 62
     0
370
    -2
100
AcDbLine
 10
1207.29717000494
 20
304.4295932635623
 30
0.0
 11
1342.33619700494
 21
304.4295932635623
 31
0.0
  0
LINE
  5
1D73
330
1D4D
100
AcDbEntity
  8
13100_DIM_TOP
  6
Continuous
 62
     0
370
    -2
100
AcDbLine
 10
1342.15619700494
 20
53.68641326356232
 30
0.0
 11
1342.15619700494
 21
178.7880038354621
 31
0.0
  0
LINE
  5
1D74
330
1D4D
100
AcDbEntity
  8
13100_DIM_TOP
  6
Continuous
 62
     0
370
    -2
100
AcDbLine
 10
1342.15619700494
 20
304.2495932635623
 30
0.0
 11
1342.15619700494
 21
179.1480038354621
 31
0.0
  0
SOLID
  5
1D75
330
1D4D
100
AcDbEntity
  8
13100_DIM_TOP
  6
Continuous
 62
     0
100
AcDbTrace
 10
1342.12619700494
 20
53.68641326356232
 30
0.0
 11
1342.18619700494
 21
53.68641326356232
 31
0.0
 12
1342.15619700494
 22
53.50641326356232
 32
0.0
 13
1342.15619700494
 23
53.50641326356232
 33
0.0
  0
SOLID
  5
1D76
330
1D4D
100
AcDbEntity
  8
13100_DIM_TOP
  6
Continuous
 62
     0
100
AcDbTrace
 10
1342.12619700494
 20
304.2495932635623
 30
0.0
 11
1342.18619700494
 21
304.2495932635623
 31
0.0
 12
1342.15619700494
 22
304.4295932635623
 32
0.0
 13
1342.15619700494
 23
304.4295932635623
 33
0.0
  0
MTEXT
  5
1D77
330
1D4D
100
AcDbEntity
  8
13100_DIM_TOP
  6
Continuous
 62
     0
370
    13
100
AcDbMText
 10
1342.15619700494
 20
178.9680038354623
 30
0.0
 40
0.18
 41
0.0
 71
     5
 72
     1
  1
\A1;251
 73
     1
 44
1.0
1001
ACAD
1000
MTEXTBEGIN
1070
    73
1070
     1
1070
    44
1040
1.0
1070
    74
1070
     0
1000
MTEXTEND
  0
POINT
  5
1D78
330
1D4D
100
AcDbEntity
  8
Defpoints
  6
Continuous
 62
     0
100
AcDbPoint
 10
1207.23467000494
 20
53.50641326356234
 30
0.0
  0
POINT
  5
1D79
330
1D4D
100
AcDbEntity
  8
Defpoints
  6
Continuous
 62
     0
100
AcDbPoint
 10
1207.23467000494
 20
304.4295932635623
 30
0.0
  0
POINT
  5
1D7A
330
1D4D
100
AcDbEntity
  8
Defpoints
  6
Continuous
 62
     0
100
AcDbPoint
 10
1342.15619700494
 20
304.4295932635623
 30
0.0
  0
ENDBLK
  5
1D4F
330
1D4D
100
AcDbEntity
  8
0
100
AcDbBlockEnd
  0
BLOCK
  5
1D5B
330
1D5A
100
AcDbEntity
  8
0
100
AcDbBlockBegin
  2
*D10
 70
     1
 10
0.0
 20
0.0
 30
0.0
  3
*D10
  1

  0
LINE
  5
1D7B
330
1D5A
100
AcDbEntity
  8
13100_DIM_TOP
  6
Continuous
 62
     0
370
    -2
100
AcDbLine
 10
1081.54600200494
 20
179.0305032635623
 30
0.0
 11
1081.54600200494
 21
310.9137892635623
 31
0.0
  0
LINE
  5
1D7C
330
1D5A
100
AcDbEntity
  8
13100_DIM_TOP
  6
Continuous
 62
     0
370
    -2
100
AcDbLine
 10
1332.92333800494
 20
179.0305032635623
 30
0.0
 11
1332.92333800494
 21
310.9137892635623
 31
0.0
  0
LINE
  5
1D7D
330
1D5A
100
AcDbEntity
  8
13100_DIM_TOP
  6
Continuous
 62
     0
370
    -2
100
AcDbLine
 10
1081.72600200494
 20
310.7337892635623
 30
0.0
 11
1206.97667000494
 21
310.7337892635623
 31
0.0
  0
LINE
  5
1D7E
330
1D5A
100
AcDbEntity
  8
13100_DIM_TOP
  6
Continuous
 62
     0
370
    -2
100
AcDbLine
 10
1332.74333800494
 20
310.7337892635623
 30
0.0
 11
1207.49267000494
 21
310.7337892635623
 31
0.0
  0
SOLID
  5
1D7F
330
1D5A
100
AcDbEntity
  8
13100_DIM_TOP
  6
Continuous
 62
     0
100
AcDbTrace
 10
1081.72600200494
 20
310.7637892635623
 30
0.0
 11
1081.72600200494
 21
310.7037892635623
 31
0.0
 12
1081.54600200494
 22
310.7337892635623
 32
0.0
 13
1081.54600200494
 23
310.7337892635623
 33
0.0
  0
SOLID
  5
1D80
330
1D5A
100
AcDbEntity
  8
13100_DIM_TOP
  6
Continuous
 62
     0
100
AcDbTrace
 10
1332.74333800494
 20
310.7637892635623
 30
0.0
 11
1332.74333800494
 21
310.7037892635623
 31
0.0
 12
1332.92333800494
 22
310.7337892635623
 32
0.0
 13
1332.92333800494
 23
310.7337892635623
 33
0.0
  0
MTEXT
  5
1D81
330
1D5A
100
AcDbEntity
  8
13100_DIM_TOP
  6
Continuous
 62
     0
370
    13
100
AcDbMText
 10
1207.23467000494
 20
310.7337892635623
 30
0.0
 40
0.18
 41
0.0
 71
     5
 72
     1
  1
\A1;251
 73
     1
 44
1.0
1001
ACAD
1000
MTEXTBEGIN
1070
    73
1070
     1
1070
    44
1040
1.0
1070
    74
1070
     0
1000
MTEXTEND
  0
POINT
  5
1D82
330
1D5A
100
AcDbEntity
  8
Defpoints
  6
Continuous
 62
     0
100
AcDbPoint
 10
1081.54600200494
 20
178.9680032635623
 30
0.0
  0
POINT
  5
1D83
330
1D5A
100
AcDbEntity
  8
Defpoints
  6
Continuous
 62
     0
100
AcDbPoint
 10
1332.92333800494
 20
178.9680032635623
 30
0.0
  0
POINT
  5
1D84
330
1D5A
100
AcDbEntity
  8
Defpoints
  6
Continuous
 62
     0
100
AcDbPoint
 10
1332.92333800494
 20
310.7337892635623
 30
0.0
  0
ENDBLK
  5
1D5C
330
1D5A
100
AcDbEntity
  8
0
100
AcDbBlockEnd
  0
BLOCK
  5
1E05
330
1E04
100
AcDbEntity
  8
0
100
AcDbBlockBegin
  2
_D
 70
     0
 10
0.0
 20
0.0
 30
0.0
  3
_D
  1

  0
SOLID
  5
1E06
330
1E04
100
AcDbEntity
  8
0
  6
Continuous
 62
     7
370
     0
100
AcDbTrace
 10
479.8830595224996
 20
580.2725487717
 30
0.0
 11
483.1850595225
 21
579.7645487717
 31
0.0
 12
483.1850595225
 22
580.7805487716999
 32
0.0
 13
483.1850595225
 23
580.7805487716999
 33
0.0
  0
SOLID
  5
1E07
330
1E04
100
AcDbEntity
  8
0
  6
Continuous
 62
     7
370
     0
100
AcDbTrace
 10
731.2603955336999
 20
580.2725487717
 30
0.0
 11
727.9583955336999
 21
580.7805487716999
 31
0.0
 12
727.9583955336999
 22
579.7645487717
 32
0.0
 13
727.9583955336999
 23
579.7645487717
 33
0.0
  0
LINE
  5
1E08
330
1E04
100
AcDbEntity
  8
0
  6
Continuous
 62
     7
370
     0
100
AcDbLine
 10
479.8830595224996
 20
439.8109339887999
 30
0.0
 11
479.8830595224996
 21
581.2725487717
 31
0.0
  0
LINE
  5
1E09
330
1E04
100
AcDbEntity
  8
0
  6
Continuous
 62
     7
370
     0
100
AcDbLine
 10
731.2603955336999
 20
439.8109339887999
 30
0.0
 11
731.2603955336999
 21
581.2725487717
 31
0.0
  0
LINE
  5
1E0A
330
1E04
100
AcDbEntity
  8
0
  6
Continuous
 62
     7
370
     0
100
AcDbLine
 10
479.8830595224996
 20
580.2725487717
 30
0.0
 11
731.2603955336999
 21
580.2725487717
 31
0.0
  0
MTEXT
  5
1E0B
330
1E04
100
AcDbEntity
  8
0
  6
Continuous
 62
     7
370
     0
100
AcDbMText
 10
599.7409024920997
 20
584.7842856862
 30
-29.7934800819
 40
3.5
 41
0.0
 71
     1
 72
     1
  1
251,38
  7
SLDTEXTSTYLE0
 73
     1
 44
1.0
1001
ACAD
1000
MTEXTBEGIN
1070
    73
1070
     1
1070
    44
1040
1.0
1070
    74
1070
     0
1000
MTEXTEND
  0
ENDBLK
  5
1E0C
330
1E04
100
AcDbEntity
  8
0
100
AcDbBlockEnd
  0
BLOCK
  5
1E0E
330
1E0D
100
AcDbEntity
  8
0
100
AcDbBlockBegin
  2
_D_1
 70
     0
 10
0.0
 20
0.0
 30
0.0
  3
_D_1
  1

  0
SOLID
  5
1E0F
330
1E0D
100
AcDbEntity
  8
0
  6
Continuous
 62
     7
370
     0
100
AcDbTrace
 10
753.2604205336999
 20
564.2725237717
 30
0.0
 11
752.7524205336999
 21
560.9705237716999
 31
0.0
 12
753.7684205336999
 22
560.9705237716999
 32
0.0
 13
753.7684205336999
 23
560.9705237716999
 33
0.0
  0
SOLID
  5
1E10
330
1E0D
100
AcDbEntity
  8
0
  6
Continuous
 62
     7
370
     0
100
AcDbTrace
 10
753.2604205336999
 20
313.3493442059
 30
0.0
 11
753.7684205336999
 21
316.6513442059
 31
0.0
 12
752.7524205336999
 22
316.6513442059
 32
0.0
 13
752.7524205336999
 23
316.6513442059
 33
0.0
  0
LINE
  5
1E11
330
1E0D
100
AcDbEntity
  8
0
  6
Continuous
 62
     7
370
     0
100
AcDbLine
 10
606.5717275283
 20
564.2725237717
 30
0.0
 11
754.2604205336999
 21
564.2725237717
 31
0.0
  0
LINE
  5
1E12
330
1E0D
100
AcDbEntity
  8
0
  6
Continuous
 62
     7
370
     0
100
AcDbLine
 10
606.5717275283
 20
313.3493442059
 30
0.0
 11
754.2604205336999
 21
313.3493442059
 31
0.0
  0
LINE
  5
1E13
330
1E0D
100
AcDbEntity
  8
0
  6
Continuous
 62
     7
370
     0
100
AcDbLine
 10
753.2604205336999
 20
564.2725237717
 30
0.0
 11
753.2604205336999
 21
313.3493442059
 31
0.0
  0
MTEXT
  5
1E14
330
1E0D
100
AcDbEntity
  8
0
  6
Continuous
 62
     7
370
     0
100
AcDbMText
 10
748.7486836191
 20
436.3987608477999
 30
-29.7934800819
 40
3.5
 41
0.0
 71
     1
 72
     1
  1
250,92
  7
SLDTEXTSTYLE0
 11
-0.0000000000000106
 21
1.0
 31
0.0
 73
     1
 44
1.0
1001
ACAD
1000
MTEXTBEGIN
1070
    73
1070
     1
1070
    44
1040
1.0
1070
    74
1070
     0
1000
MTEXTEND
  0
ENDBLK
  5
1E15
330
1E0D
100
AcDbEntity
  8
0
100
AcDbBlockEnd
  0
BLOCK
  5
1E17
330
1E16
100
AcDbEntity
  8
0
100
AcDbBlockBegin
  2
_D_2
 70
     0
 10
0.0
 20
0.0
 30
0.0
  3
_D_2
  1

  0
SOLID
  5
1E18
330
1E16
100
AcDbEntity
  8
0
  6
Continuous
 62
     7
370
     0
100
AcDbTrace
 10
905.3446940754
 20
294.0448822273
 30
0.0
 11
902.0426940753999
 21
294.5528822273
 31
0.0
 12
902.0426940753999
 22
293.5368822273
 32
0.0
 13
902.0426940753999
 23
293.5368822273
 33
0.0
  0
SOLID
  5
1E19
330
1E16
100
AcDbEntity
  8
0
  6
Continuous
 62
     7
370
     0
100
AcDbTrace
 10
832.3446940753999
 20
294.0448822273
 30
0.0
 11
835.6466940754
 21
293.5368822273
 31
0.0
 12
835.6466940754
 22
294.5528822273
 32
0.0
 13
835.6466940754
 23
294.5528822273
 33
0.0
  0
LINE
  5
1E1A
330
1E16
100
AcDbEntity
  8
0
  6
Continuous
 62
     7
370
     0
100
AcDbLine
 10
905.3446940754
 20
355.8109339887999
 30
0.0
 11
905.3446940754
 21
293.0448822273
 31
0.0
  0
LINE
  5
1E1B
330
1E16
100
AcDbEntity
  8
0
  6
Continuous
 62
     7
370
     0
100
AcDbLine
 10
832.3446940753999
 20
349.819814153
 30
0.0
 11
832.3446940753999
 21
293.0448822273
 31
0.0
  0
LINE
  5
1E1C
330
1E16
100
AcDbEntity
  8
0
  6
Continuous
 62
     7
370
     0
100
AcDbLine
 10
905.3446940754
 20
294.0448822273
 30
0.0
 11
832.3446940753999
 21
294.0448822273
 31
0.0
  0
MTEXT
  5
1E1D
330
1E16
100
AcDbEntity
  8
0
  6
Continuous
 62
     7
370
     0
100
AcDbMText
 10
866.3967882175999
 20
298.5566191419
 30
0.0999999998
 40
3.5
 41
0.0
 71
     1
 72
     1
  1
73
  7
SLDTEXTSTYLE0
 73
     1
 44
1.0
1001
ACAD
1000
MTEXTBEGIN
1070
    73
1070
     1
1070
    44
1040
1.0
1070
    74
1070
     0
1000
MTEXTEND
  0
ENDBLK
  5
1E1E
330
1E16
100
AcDbEntity
  8
0
100
AcDbBlockEnd
  0
BLOCK
  5
2BEB
330
2BEA
100
AcDbEntity
  8
0
100
AcDbBlockBegin
  2
*D14
 70
     1
 10
0.0
 20
0.0
 30
0.0
  3
*D14
  1

  0
LINE
  5
2C0E
330
2BEA
100
AcDbEntity
  8
0
  6
Continuous
 62
     0
370
    -2
100
AcDbLine
 10
2261.772498790401
 20
123.0115091911672
 30
0.0
 11
2261.772498790401
 21
60.30795742966728
 31
0.0
  0
LINE
  5
2C0F
330
2BEA
100
AcDbEntity
  8
0
  6
Continuous
 62
     0
370
    -2
100
AcDbLine
 10
2188.772498790401
 20
117.0203893553673
 30
0.0
 11
2188.772498790401
 21
60.30795742966728
 31
0.0
  0
LINE
  5
2C10
330
2BEA
100
AcDbEntity
  8
0
  6
Continuous
 62
     0
370
    -2
100
AcDbLine
 10
2258.4704987904
 20
60.30795742966728
 30
0.0
 11
2192.0744987904
 21
60.30795742966728
 31
0.0
  0
SOLID
  5
2C11
330
2BEA
100
AcDbEntity
  8
0
  6
Continuous
 62
     0
100
AcDbTrace
 10
2258.4704987904
 20
60.85829076300061
 30
0.0
 11
2258.4704987904
 21
59.75762409633395
 31
0.0
 12
2261.772498790401
 22
60.30795742966728
 32
0.0
 13
2261.772498790401
 23
60.30795742966728
 33
0.0
  0
SOLID
  5
2C12
330
2BEA
100
AcDbEntity
  8
0
  6
Continuous
 62
     0
100
AcDbTrace
 10
2192.0744987904
 20
60.85829076300061
 30
0.0
 11
2192.0744987904
 21
59.75762409633395
 31
0.0
 12
2188.772498790401
 22
60.30795742966728
 32
0.0
 13
2188.772498790401
 23
60.30795742966728
 33
0.0
  0
MTEXT
  5
2C13
330
2BEA
100
AcDbEntity
  8
0
  6
Continuous
 62
     0
370
     0
100
AcDbMText
 10
2226.8325792136
 20
64.68295742966728
 30
0.0
 40
3.5
 41
0.0
 71
     2
 72
     1
  1
\A1;73
  7
SLDTEXTSTYLE0
 73
     1
 44
1.0
1001
ACAD
1000
MTEXTBEGIN
1070
    73
1070
     1
1070
    44
1040
1.0
1070
    74
1070
     0
1000
MTEXTEND
  0
POINT
  5
2C14
330
2BEA
100
AcDbEntity
  8
Defpoints
  6
Continuous
 62
     0
100
AcDbPoint
 10
2261.772498790401
 20
123.0740091911672
 30
0.0
  0
POINT
  5
2C15
330
2BEA
100
AcDbEntity
  8
Defpoints
  6
Continuous
 62
     0
100
AcDbPoint
 10
2188.772498790401
 20
117.0828893553673
 30
0.0
  0
POINT
  5
2C16
330
2BEA
100
AcDbEntity
  8
Defpoints
  6
Continuous
 62
     0
100
AcDbPoint
 10
2188.772498790401
 20
60.30795742966728
 30
0.0
  0
ENDBLK
  5
2BEC
330
2BEA
100
AcDbEntity
  8
0
100
AcDbBlockEnd
  0
BLOCK
  5
2BF7
330
2BF6
100
AcDbEntity
  8
0
100
AcDbBlockBegin
  2
*D15
 70
     1
 10
0.0
 20
0.0
 30
0.0
  3
*D15
  1

  0
LINE
  5
2C17
330
2BF6
100
AcDbEntity
  8
0
  6
Continuous
 62
     0
370
    -2
100
AcDbLine
 10
1836.3108642375
 20
205.1365091911673
 30
0.0
 11
1836.3108642375
 21
346.5356239740673
 31
0.0
  0
LINE
  5
2C18
330
2BF6
100
AcDbEntity
  8
0
  6
Continuous
 62
     0
370
    -2
100
AcDbLine
 10
2087.6882002487
 20
205.1365091911673
 30
0.0
 11
2087.6882002487
 21
346.5356239740673
 31
0.0
  0
LINE
  5
2C19
330
2BF6
100
AcDbEntity
  8
0
  6
Continuous
 62
     0
370
    -2
100
AcDbLine
 10
1839.6128642375
 20
346.5356239740673
 30
0.0
 11
2084.3862002487
 21
346.5356239740673
 31
0.0
  0
SOLID
  5
2C1A
330
2BF6
100
AcDbEntity
  8
0
  6
Continuous
 62
     0
100
AcDbTrace
 10
1839.6128642375
 20
347.0859573074007
 30
0.0
 11
1839.6128642375
 21
345.985290640734
 31
0.0
 12
1836.3108642375
 22
346.5356239740673
 32
0.0
 13
1836.3108642375
 23
346.5356239740673
 33
0.0
  0
SOLID
  5
2C1B
330
2BF6
100
AcDbEntity
  8
0
  6
Continuous
 62
     0
100
AcDbTrace
 10
2084.3862002487
 20
347.0859573074007
 30
0.0
 11
2084.3862002487
 21
345.985290640734
 31
0.0
 12
2087.6882002487
 22
346.5356239740673
 32
0.0
 13
2087.6882002487
 23
346.5356239740673
 33
0.0
  0
MTEXT
  5
2C1C
330
2BF6
100
AcDbEntity
  8
0
  6
Continuous
 62
     0
370
     0
100
AcDbMText
 10
1964.7023880186
 20
350.9106239740674
 30
0.0
 40
3.5
 41
0.0
 71
     2
 72
     1
  1
\A1;251.38
  7
SLDTEXTSTYLE0
 73
     1
 44
1.0
1001
ACAD
1000
MTEXTBEGIN
1070
    73
1070
     1
1070
    44
1040
1.0
1070
    74
1070
     0
1000
MTEXTEND
  0
POINT
  5
2C1D
330
2BF6
100
AcDbEntity
  8
Defpoints
  6
Continuous
 62
     0
100
AcDbPoint
 10
1836.3108642375
 20
205.0740091911673
 30
0.0
  0
POINT
  5
2C1E
330
2BF6
100
AcDbEntity
  8
Defpoints
  6
Continuous
 62
     0
100
AcDbPoint
 10
2087.6882002487
 20
205.0740091911673
 30
0.0
  0
POINT
  5
2C1F
330
2BF6
100
AcDbEntity
  8
Defpoints
  6
Continuous
 62
     0
100
AcDbPoint
 10
2087.6882002487
 20
346.5356239740673
 30
0.0
  0
ENDBLK
  5
2BF8
330
2BF6
100
AcDbEntity
  8
0
100
AcDbBlockEnd
  0
BLOCK
  5
2C03
330
2C02
100
AcDbEntity
  8
0
100
AcDbBlockBegin
  2
*D16
 70
     1
 10
0.0
 20
0.0
 30
0.0
  3
*D16
  1

  0
LINE
  5
2C20
330
2C02
100
AcDbEntity
  8
0
  6
Continuous
 62
     0
370
    -2
100
AcDbLine
 10
1962.0620322433
 20
330.5355989740673
 30
0.0
 11
2109.6882252487
 21
330.5355989740673
 31
0.0
  0
LINE
  5
2C21
330
2C02
100
AcDbEntity
  8
0
  6
Continuous
 62
     0
370
    -2
100
AcDbLine
 10
1962.0620322433
 20
79.61241940826733
 30
0.0
 11
2109.6882252487
 21
79.61241940826727
 31
0.0
  0
LINE
  5
2C22
330
2C02
100
AcDbEntity
  8
0
  6
Continuous
 62
     0
370
    -2
100
AcDbLine
 10
2109.6882252487
 20
327.2335989740672
 30
0.0
 11
2109.6882252487
 21
82.91441940826729
 31
0.0
  0
SOLID
  5
2C23
330
2C02
100
AcDbEntity
  8
0
  6
Continuous
 62
     0
100
AcDbTrace
 10
2109.137891915366
 20
327.2335989740672
 30
0.0
 11
2110.238558582033
 21
327.2335989740672
 31
0.0
 12
2109.6882252487
 22
330.5355989740673
 32
0.0
 13
2109.6882252487
 23
330.5355989740673
 33
0.0
  0
SOLID
  5
2C24
330
2C02
100
AcDbEntity
  8
0
  6
Continuous
 62
     0
100
AcDbTrace
 10
2109.137891915366
 20
82.91441940826729
 30
0.0
 11
2110.238558582033
 21
82.91441940826729
 31
0.0
 12
2109.6882252487
 22
79.61241940826727
 32
0.0
 13
2109.6882252487
 23
79.61241940826727
 33
0.0
  0
MTEXT
  5
2C25
330
2C02
100
AcDbEntity
  8
0
  6
Continuous
 62
     0
370
     0
100
AcDbMText
 10
2105.3132252487
 20
211.1955168616673
 30
0.0
 40
3.5
 41
0.0
 71
     2
 72
     1
  1
\A1;250.92
  7
SLDTEXTSTYLE0
 11
0.0000000000000001
 21
1.0
 31
0.0
 73
     1
 44
1.0
1001
ACAD
1000
MTEXTBEGIN
1070
    73
1070
     1
1070
    44
1040
1.0
1070
    74
1070
     0
1000
MTEXTEND
  0
POINT
  5
2C26
330
2C02
100
AcDbEntity
  8
Defpoints
  6
Continuous
 62
     0
100
AcDbPoint
 10
1961.9995322433
 20
330.5355989740673
 30
0.0
  0
POINT
  5
2C27
330
2C02
100
AcDbEntity
  8
Defpoints
  6
Continuous
 62
     0
100
AcDbPoint
 10
1961.9995322433
 20
79.61241940826733
 30
0.0
  0
POINT
  5
2C28
330
2C02
100
AcDbEntity
  8
Defpoints
  6
Continuous
 62
     0
100
AcDbPoint
 10
2109.6882252487
 20
79.61241940826727
 30
0.0
  0
ENDBLK
  5
2C04
330
2C02
100
AcDbEntity
  8
0
100
AcDbBlockEnd
  0
BLOCK
  5
39F7
330
39F6
100
AcDbEntity
  8
0
100
AcDbBlockBegin
  2
*D17
 70
     1
 10
0.0
 20
0.0
 30
0.0
  3
*D17
  1

  0
LINE
  5
6819
330
39F6
100
AcDbEntity
  8
0
 62
     0
370
    -2
100
AcDbLine
 10
655.5418306915702
 20
195.9417071871204
 30
0.0
 11
655.5418306915702
 21
133.2381554256204
 31
0.0
  0
LINE
  5
681A
330
39F6
100
AcDbEntity
  8
0
 62
     0
370
    -2
100
AcDbLine
 10
582.5418306915702
 20
189.9505873513205
 30
0.0
 11
582.5418306915702
 21
133.2381554256204
 31
0.0
  0
LINE
  5
681B
330
39F6
100
AcDbEntity
  8
0
 62
     0
370
    -2
100
AcDbLine
 10
652.2398306915703
 20
133.2381554256204
 30
0.0
 11
585.8438306915702
 21
133.2381554256204
 31
0.0
  0
SOLID
  5
681C
330
39F6
100
AcDbEntity
  8
0
 62
     0
100
AcDbTrace
 10
652.2398306915703
 20
133.7884887589537
 30
0.0
 11
652.2398306915703
 21
132.6878220922871
 31
0.0
 12
655.5418306915702
 22
133.2381554256204
 32
0.0
 13
655.5418306915702
 23
133.2381554256204
 33
0.0
  0
SOLID
  5
681D
330
39F6
100
AcDbEntity
  8
0
 62
     0
100
AcDbTrace
 10
585.8438306915702
 20
133.7884887589537
 30
0.0
 11
585.8438306915702
 21
132.6878220922871
 31
0.0
 12
582.5418306915702
 22
133.2381554256204
 32
0.0
 13
582.5418306915702
 23
133.2381554256204
 33
0.0
  0
MTEXT
  5
681E
330
39F6
100
AcDbEntity
  8
0
 62
     0
370
    13
100
AcDbMText
 10
620.6019111147702
 20
137.6131554256204
 30
0.0
 40
3.5
 41
0.0
 71
     2
 72
     1
  1
\A1;73
  7
SLDTEXTSTYLE0
 73
     1
 44
1.0
1001
ACAD
1000
MTEXTBEGIN
1070
    73
1070
     1
1070
    44
1040
1.0
1070
    74
1070
     0
1000
MTEXTEND
  0
POINT
  5
681F
330
39F6
100
AcDbEntity
  8
Defpoints
 62
     0
100
AcDbPoint
 10
655.5418306915702
 20
196.0042071871204
 30
0.0
  0
POINT
  5
6820
330
39F6
100
AcDbEntity
  8
Defpoints
 62
     0
100
AcDbPoint
 10
582.5418306915702
 20
190.0130873513204
 30
0.0
  0
POINT
  5
6821
330
39F6
100
AcDbEntity
  8
Defpoints
 62
     0
100
AcDbPoint
 10
582.5418306915702
 20
133.2381554256204
 30
0.0
  0
ENDBLK
  5
39F8
330
39F6
100
AcDbEntity
  8
0
100
AcDbBlockEnd
  0
BLOCK
  5
3A03
330
3A02
100
AcDbEntity
  8
0
100
AcDbBlockBegin
  2
*D18
 70
     1
 10
0.0
 20
0.0
 30
0.0
  3
*D18
  1

  0
LINE
  5
6AF0
330
3A02
100
AcDbEntity
  8
10000_FRONT
 62
     0
370
    -2
100
AcDbLine
 10
230.0801961386704
 20
277.9417071871204
 30
0.0
 11
230.0801961386704
 21
136.5425924042204
 31
0.0
  0
LINE
  5
6AF1
330
3A02
100
AcDbEntity
  8
10000_FRONT
 62
     0
370
    -2
100
AcDbLine
 10
481.4575321498702
 20
277.9417071871204
 30
0.0
 11
481.4575321498702
 21
136.5425924042204
 31
0.0
  0
LINE
  5
6AF2
330
3A02
100
AcDbEntity
  8
10000_FRONT
 62
     0
370
    -2
100
AcDbLine
 10
233.3821961386703
 20
136.5425924042204
 30
0.0
 11
478.1555321498702
 21
136.5425924042204
 31
0.0
  0
SOLID
  5
6AF3
330
3A02
100
AcDbEntity
  8
10000_FRONT
 62
     0
100
AcDbTrace
 10
233.3821961386703
 20
137.0929257375537
 30
0.0
 11
233.3821961386703
 21
135.9922590708871
 31
0.0
 12
230.0801961386704
 22
136.5425924042204
 32
0.0
 13
230.0801961386704
 23
136.5425924042204
 33
0.0
  0
SOLID
  5
6AF4
330
3A02
100
AcDbEntity
  8
10000_FRONT
 62
     0
100
AcDbTrace
 10
478.1555321498702
 20
137.0929257375537
 30
0.0
 11
478.1555321498702
 21
135.9922590708871
 31
0.0
 12
481.4575321498702
 22
136.5425924042204
 32
0.0
 13
481.4575321498702
 23
136.5425924042204
 33
0.0
  0
MTEXT
  5
6AF5
330
3A02
100
AcDbEntity
  8
10000_FRONT
 62
     0
370
    13
100
AcDbMText
 10
355.0054572279703
 20
140.9175924042204
 30
0.0
 40
3.5
 41
0.0
 71
     2
 72
     1
  1
\A1;251
  7
SLDTEXTSTYLE0
 73
     1
 44
1.0
1001
ACAD
1000
MTEXTBEGIN
1070
    73
1070
     1
1070
    44
1040
1.0
1070
    74
1070
     0
1000
MTEXTEND
  0
POINT
  5
6AF6
330
3A02
100
AcDbEntity
  8
Defpoints
 62
     0
100
AcDbPoint
 10
230.0801961386704
 20
278.0042071871204
 30
0.0
  0
POINT
  5
6AF7
330
3A02
100
AcDbEntity
  8
Defpoints
 62
     0
100
AcDbPoint
 10
481.4575321498702
 20
278.0042071871204
 30
0.0
  0
POINT
  5
6AF8
330
3A02
100
AcDbEntity
  8
Defpoints
 62
     0
100
AcDbPoint
 10
481.4575321498702
 20
136.5425924042204
 30
0.0
  0
ENDBLK
  5
3A04
330
3A02
100
AcDbEntity
  8
0
100
AcDbBlockEnd
  0
BLOCK
  5
3A0F
330
3A0E
100
AcDbEntity
  8
0
100
AcDbBlockBegin
  2
*D19
 70
     1
 10
0.0
 20
0.0
 30
0.0
  3
*D19
  1

  0
LINE
  5
6AE7
330
3A0E
100
AcDbEntity
  8
10000_FRONT
 62
     0
370
    -2
100
AcDbLine
 10
355.8313641444703
 20
403.4657969700202
 30
0.0
 11
503.4575571498702
 21
403.4657969700202
 31
0.0
  0
LINE
  5
6AE8
330
3A0E
100
AcDbEntity
  8
10000_FRONT
 62
     0
370
    -2
100
AcDbLine
 10
355.8313641444703
 20
152.5426174042204
 30
0.0
 11
503.4575571498702
 21
152.5426174042204
 31
0.0
  0
LINE
  5
6AE9
330
3A0E
100
AcDbEntity
  8
10000_FRONT
 62
     0
370
    -2
100
AcDbLine
 10
503.4575571498702
 20
400.1637969700201
 30
0.0
 11
503.4575571498702
 21
155.8446174042203
 31
0.0
  0
SOLID
  5
6AEA
330
3A0E
100
AcDbEntity
  8
10000_FRONT
 62
     0
100
AcDbTrace
 10
502.907223816537
 20
400.1637969700201
 30
0.0
 11
504.0078904832036
 21
400.1637969700201
 31
0.0
 12
503.4575571498702
 22
403.4657969700202
 32
0.0
 13
503.4575571498702
 23
403.4657969700202
 33
0.0
  0
SOLID
  5
6AEB
330
3A0E
100
AcDbEntity
  8
10000_FRONT
 62
     0
100
AcDbTrace
 10
502.9072238165367
 20
155.8446174042203
 30
0.0
 11
504.0078904832036
 21
155.8446174042203
 31
0.0
 12
503.4575571498702
 22
152.5426174042204
 32
0.0
 13
503.4575571498702
 23
152.5426174042204
 33
0.0
  0
MTEXT
  5
6AEC
330
3A0E
100
AcDbEntity
  8
10000_FRONT
 62
     0
370
    13
100
AcDbMText
 10
499.0825571498702
 20
284.1257148576204
 30
0.0
 40
3.5
 41
0.0
 71
     2
 72
     1
  1
\A1;251
  7
SLDTEXTSTYLE0
 11
0.0000000000000001
 21
1.0
 31
0.0
 73
     1
 44
1.0
1001
ACAD
1000
MTEXTBEGIN
1070
    73
1070
     1
1070
    44
1040
1.0
1070
    74
1070
     0
1000
MTEXTEND
  0
POINT
  5
6AED
330
3A0E
100
AcDbEntity
  8
Defpoints
 62
     0
100
AcDbPoint
 10
355.7688641444703
 20
403.4657969700202
 30
0.0
  0
POINT
  5
6AEE
330
3A0E
100
AcDbEntity
  8
Defpoints
 62
     0
100
AcDbPoint
 10
355.7688641444703
 20
152.5426174042204
 30
0.0
  0
POINT
  5
6AEF
330
3A0E
100
AcDbEntity
  8
Defpoints
 62
     0
100
AcDbPoint
 10
503.4575571498702
 20
152.5426174042204
 30
0.0
  0
ENDBLK
  5
3A10
330
3A0E
100
AcDbEntity
  8
0
100
AcDbBlockEnd
  0
BLOCK
  5
3AB4
330
3AB3
100
AcDbEntity
  8
0
100
AcDbBlockBegin
  2
_D_3
 70
     0
 10
0.0
 20
0.0
 30
0.0
  3
_D_3
  1

  0
SOLID
  5
3AB5
330
3AB3
100
AcDbEntity
  8
0
  6
Continuous
 62
     7
370
     0
100
AcDbTrace
 10
900.3446940753999
 20
273.3493192059
 30
0.0
 11
897.0426940753998
 21
273.8573192059
 31
0.0
 12
897.0426940753998
 22
272.8413192059
 32
0.0
 13
897.0426940753998
 23
272.8413192059
 33
0.0
  0
SOLID
  5
3AB6
330
3AB3
100
AcDbEntity
  8
0
  6
Continuous
 62
     7
370
     0
100
AcDbTrace
 10
832.3446940753999
 20
273.3493192059
 30
0.0
 11
835.6466940754
 21
272.8413192059
 31
0.0
 12
835.6466940754
 22
273.8573192059
 32
0.0
 13
835.6466940754
 23
273.8573192059
 33
0.0
  0
LINE
  5
3AB7
330
3AB3
100
AcDbEntity
  8
0
  6
Continuous
 62
     7
370
     0
100
AcDbLine
 10
900.3446940753999
 20
366.3987718251001
 30
0.0
 11
900.3446940753999
 21
272.3493192059
 31
0.0
  0
LINE
  5
3AB8
330
3AB3
100
AcDbEntity
  8
0
  6
Continuous
 62
     7
370
     0
100
AcDbLine
 10
832.3446940753999
 20
360.3109339887999
 30
0.0
 11
832.3446940753999
 21
272.3493192059
 31
0.0
  0
LINE
  5
3AB9
330
3AB3
100
AcDbEntity
  8
0
  6
Continuous
 62
     7
370
     0
100
AcDbLine
 10
900.3446940753999
 20
273.3493192059
 30
0.0
 11
832.3446940753999
 21
273.3493192059
 31
0.0
  0
MTEXT
  5
3ABA
330
3AB3
100
AcDbEntity
  8
0
  6
Continuous
 62
     7
370
     0
100
AcDbMText
 10
857.2559518166
 20
277.8610561204
 30
0.0999999998
 40
3.5
 41
0.0
 71
     1
 72
     1
  1
68
  7
SLDTEXTSTYLE0
 73
     1
 44
1.0
1001
ACAD
1000
MTEXTBEGIN
1070
    73
1070
     1
1070
    44
1040
1.0
1070
    74
1070
     0
1000
MTEXTEND
  0
ENDBLK
  5
3ABB
330
3AB3
100
AcDbEntity
  8
0
100
AcDbBlockEnd
  0
BLOCK
  5
6322
330
6321
100
AcDbEntity
  8
0
100
AcDbBlockBegin
  2
*D21
 70
     1
 10
0.0
 20
0.0
 30
0.0
  3
*D21
  1

  0
LINE
  5
6ADE
330
6321
100
AcDbEntity
  8
10000_FRONT
 62
     0
370
    -2
100
AcDbLine
 10
119.3554688006393
 20
198.0042071871204
 30
0.0
 11
162.4816659765392
 21
198.0042071871204
 31
0.0
  0
LINE
  5
6ADF
330
6321
100
AcDbEntity
  8
10000_FRONT
 62
     0
370
    -2
100
AcDbLine
 10
27.35546886493945
 20
385.0042071871205
 30
0.0
 11
162.4816659765392
 21
385.0042071871205
 31
0.0
  0
LINE
  5
6AE0
330
6321
100
AcDbEntity
  8
10000_FRONT
 62
     0
370
    -2
100
AcDbLine
 10
162.4816659765392
 20
201.3062071871204
 30
0.0
 11
162.4816659765392
 21
381.7022071871205
 31
0.0
  0
SOLID
  5
6AE1
330
6321
100
AcDbEntity
  8
10000_FRONT
 62
     0
100
AcDbTrace
 10
161.9313326432059
 20
201.3062071871204
 30
0.0
 11
163.0319993098725
 21
201.3062071871204
 31
0.0
 12
162.4816659765392
 22
198.0042071871204
 32
0.0
 13
162.4816659765392
 23
198.0042071871204
 33
0.0
  0
SOLID
  5
6AE2
330
6321
100
AcDbEntity
  8
10000_FRONT
 62
     0
100
AcDbTrace
 10
161.9313326432059
 20
381.7022071871205
 30
0.0
 11
163.0319993098726
 21
381.7022071871205
 31
0.0
 12
162.4816659765392
 22
385.0042071871205
 32
0.0
 13
162.4816659765392
 23
385.0042071871205
 33
0.0
  0
MTEXT
  5
6AE3
330
6321
100
AcDbEntity
  8
10000_FRONT
 62
     0
370
    13
100
AcDbMText
 10
158.1066659765392
 20
284.1257148576206
 30
0.0
 40
3.5
 41
0.0
 71
     2
 72
     1
  1
\A1;187
  7
SLDTEXTSTYLE0
 11
0.0000000000000001
 21
1.0
 31
0.0
 73
     1
 44
1.0
1001
ACAD
1000
MTEXTBEGIN
1070
    73
1070
     1
1070
    44
1040
1.0
1070
    74
1070
     0
1000
MTEXTEND
  0
POINT
  5
6AE4
330
6321
100
AcDbEntity
  8
Defpoints
 62
     0
100
AcDbPoint
 10
119.2929688006393
 20
198.0042071871204
 30
0.0
  0
POINT
  5
6AE5
330
6321
100
AcDbEntity
  8
Defpoints
 62
     0
100
AcDbPoint
 10
27.29296886493945
 20
385.0042071871205
 30
0.0
  0
POINT
  5
6AE6
330
6321
100
AcDbEntity
  8
Defpoints
 62
     0
100
AcDbPoint
 10
162.4816659765392
 20
385.0042071871205
 30
0.0
  0
ENDBLK
  5
6323
330
6321
100
AcDbEntity
  8
0
100
AcDbBlockEnd
  0
BLOCK
  5
632E
330
632D
100
AcDbEntity
  8
0
100
AcDbBlockBegin
  2
*D22
 70
     1
 10
0.0
 20
0.0
 30
0.0
  3
*D22
  1

  0
LINE
  5
6AD5
330
632D
100
AcDbEntity
  8
10000_FRONT
 62
     0
370
    -2
100
AcDbLine
 10
-71.20702702886068
 20
191.4417113574205
 30
0.0
 11
-71.20702702886068
 21
136.5425924042204
 31
0.0
  0
LINE
  5
6AD6
330
632D
100
AcDbEntity
  8
10000_FRONT
 62
     0
370
    -2
100
AcDbLine
 10
112.7929729711393
 20
191.4417113575204
 30
0.0
 11
112.7929729711393
 21
136.5425924042204
 31
0.0
  0
LINE
  5
6AD7
330
632D
100
AcDbEntity
  8
10000_FRONT
 62
     0
370
    -2
100
AcDbLine
 10
-67.90502702886067
 20
136.5425924042204
 30
0.0
 11
109.4909729711392
 21
136.5425924042204
 31
0.0
  0
SOLID
  5
6AD8
330
632D
100
AcDbEntity
  8
10000_FRONT
 62
     0
100
AcDbTrace
 10
-67.90502702886067
 20
137.0929257375537
 30
0.0
 11
-67.90502702886067
 21
135.9922590708871
 31
0.0
 12
-71.20702702886068
 22
136.5425924042204
 32
0.0
 13
-71.20702702886068
 23
136.5425924042204
 33
0.0
  0
SOLID
  5
6AD9
330
632D
100
AcDbEntity
  8
10000_FRONT
 62
     0
100
AcDbTrace
 10
109.4909729711392
 20
137.0929257375537
 30
0.0
 11
109.4909729711392
 21
135.9922590708871
 31
0.0
 12
112.7929729711393
 22
136.5425924042204
 32
0.0
 13
112.7929729711393
 23
136.5425924042204
 33
0.0
  0
MTEXT
  5
6ADA
330
632D
100
AcDbEntity
  8
10000_FRONT
 62
     0
370
    13
100
AcDbMText
 10
27.39393313143933
 20
140.9175924042204
 30
0.0
 40
3.5
 41
0.0
 71
     2
 72
     1
  1
\A1;184
  7
SLDTEXTSTYLE0
 73
     1
 44
1.0
1001
ACAD
1000
MTEXTBEGIN
1070
    73
1070
     1
1070
    44
1040
1.0
1070
    74
1070
     0
1000
MTEXTEND
  0
POINT
  5
6ADB
330
632D
100
AcDbEntity
  8
Defpoints
 62
     0
100
AcDbPoint
 10
-71.20702702886068
 20
191.5042113574205
 30
0.0
  0
POINT
  5
6ADC
330
632D
100
AcDbEntity
  8
Defpoints
 62
     0
100
AcDbPoint
 10
112.7929729711393
 20
191.5042113575204
 30
0.0
  0
POINT
  5
6ADD
330
632D
100
AcDbEntity
  8
Defpoints
 62
     0
100
AcDbPoint
 10
112.7929729711393
 20
136.5425924042204
 30
0.0
  0
ENDBLK
  5
632F
330
632D
100
AcDbEntity
  8
0
100
AcDbBlockEnd
  0
BLOCK
  5
633A
330
6339
100
AcDbEntity
  8
0
100
AcDbBlockBegin
  2
*D23
 70
     1
 10
0.0
 20
0.0
 30
0.0
  3
*D23
  1

  0
LINE
  5
63C6
330
6339
100
AcDbEntity
  8
0
  6
Continuous
 62
     0
370
    -2
100
AcDbLine
 10
726.6709529072836
 20
136.7160273690471
 30
0.0
 11
726.6709529072836
 21
80.00359544334704
 31
0.0
  0
LINE
  5
63C7
330
6339
100
AcDbEntity
  8
0
  6
Continuous
 62
     0
370
    -2
100
AcDbLine
 10
783.1709529072838
 20
117.419738114647
 30
0.0
 11
783.1709529072838
 21
80.00359544334704
 31
0.0
  0
LINE
  5
63C8
330
6339
100
AcDbEntity
  8
0
  6
Continuous
 62
     0
370
    -2
100
AcDbLine
 10
729.9729529072838
 20
80.00359544334704
 30
0.0
 11
779.8689529072836
 21
80.00359544334704
 31
0.0
  0
SOLID
  5
63C9
330
6339
100
AcDbEntity
  8
0
  6
Continuous
 62
     0
100
AcDbTrace
 10
729.9729529072838
 20
80.55392877668039
 30
0.0
 11
729.9729529072838
 21
79.45326211001371
 31
0.0
 12
726.6709529072836
 22
80.00359544334704
 32
0.0
 13
726.6709529072836
 23
80.00359544334704
 33
0.0
  0
SOLID
  5
63CA
330
6339
100
AcDbEntity
  8
0
  6
Continuous
 62
     0
100
AcDbTrace
 10
779.8689529072836
 20
80.55392877668039
 30
0.0
 11
779.8689529072836
 21
79.45326211001371
 31
0.0
 12
783.1709529072838
 22
80.00359544334704
 32
0.0
 13
783.1709529072838
 23
80.00359544334704
 33
0.0
  0
MTEXT
  5
63CB
330
6339
100
AcDbEntity
  8
0
  6
Continuous
 62
     0
370
     0
100
AcDbMText
 10
755.5901969295837
 20
84.37859544334704
 30
0.0
 40
3.5
 41
0.0
 71
     2
 72
     1
  1
\A1;56.5
  7
SLDTEXTSTYLE0
 73
     1
 44
1.0
1001
ACAD
1000
MTEXTBEGIN
1070
    73
1070
     1
1070
    44
1040
1.0
1070
    74
1070
     0
1000
MTEXTEND
  0
POINT
  5
63CC
330
6339
100
AcDbEntity
  8
Defpoints
  6
Continuous
 62
     0
100
AcDbPoint
 10
726.6709529072836
 20
136.778527369047
 30
0.0
  0
POINT
  5
63CD
330
6339
100
AcDbEntity
  8
Defpoints
  6
Continuous
 62
     0
100
AcDbPoint
 10
783.1709529072838
 20
117.482238114647
 30
0.0
  0
POINT
  5
63CE
330
6339
100
AcDbEntity
  8
Defpoints
  6
Continuous
 62
     0
100
AcDbPoint
 10
783.1709529072838
 20
80.00359544334704
 30
0.0
  0
ENDBLK
  5
633B
330
6339
100
AcDbEntity
  8
0
100
AcDbBlockEnd
  0
BLOCK
  5
6346
330
6345
100
AcDbEntity
  8
0
100
AcDbBlockBegin
  2
*D24
 70
     1
 10
0.0
 20
0.0
 30
0.0
  3
*D24
  1

  0
LINE
  5
63CF
330
6345
100
AcDbEntity
  8
0
  6
Continuous
 62
     0
370
    -2
100
AcDbLine
 10
794.6709529072836
 20
153.294985041147
 30
0.0
 11
794.6709529072836
 21
59.30803242194703
 31
0.0
  0
LINE
  5
63D0
330
6345
100
AcDbEntity
  8
0
  6
Continuous
 62
     0
370
    -2
100
AcDbLine
 10
726.6709529072836
 20
147.207147204847
 30
0.0
 11
726.6709529072836
 21
59.30803242194703
 31
0.0
  0
LINE
  5
63D1
330
6345
100
AcDbEntity
  8
0
  6
Continuous
 62
     0
370
    -2
100
AcDbLine
 10
791.3689529072836
 20
59.30803242194703
 30
0.0
 11
729.9729529072838
 21
59.30803242194703
 31
0.0
  0
SOLID
  5
63D2
330
6345
100
AcDbEntity
  8
0
  6
Continuous
 62
     0
100
AcDbTrace
 10
791.3689529072836
 20
59.85836575528036
 30
0.0
 11
791.3689529072836
 21
58.7576990886137
 31
0.0
 12
794.6709529072836
 22
59.30803242194703
 32
0.0
 13
794.6709529072836
 23
59.30803242194703
 33
0.0
  0
SOLID
  5
63D3
330
6345
100
AcDbEntity
  8
0
  6
Continuous
 62
     0
100
AcDbTrace
 10
729.9729529072838
 20
59.85836575528036
 30
0.0
 11
729.9729529072838
 21
58.7576990886137
 31
0.0
 12
726.6709529072836
 22
59.30803242194703
 32
0.0
 13
726.6709529072836
 23
59.30803242194703
 33
0.0
  0
MTEXT
  5
63D4
330
6345
100
AcDbEntity
  8
0
  6
Continuous
 62
     0
370
     0
100
AcDbMText
 10
755.5901969295837
 20
63.68303242194703
 30
0.0
 40
3.5
 41
0.0
 71
     2
 72
     1
  1
\A1;68
  7
SLDTEXTSTYLE0
 73
     1
 44
1.0
1001
ACAD
1000
MTEXTBEGIN
1070
    73
1070
     1
1070
    44
1040
1.0
1070
    74
1070
     0
1000
MTEXTEND
  0
POINT
  5
63D5
330
6345
100
AcDbEntity
  8
Defpoints
  6
Continuous
 62
     0
100
AcDbPoint
 10
794.6709529072836
 20
153.357485041147
 30
0.0
  0
POINT
  5
63D6
330
6345
100
AcDbEntity
  8
Defpoints
  6
Continuous
 62
     0
100
AcDbPoint
 10
726.6709529072836
 20
147.269647204847
 30
0.0
  0
POINT
  5
63D7
330
6345
100
AcDbEntity
  8
Defpoints
  6
Continuous
 62
     0
100
AcDbPoint
 10
726.6709529072836
 20
59.30803242194703
 30
0.0
  0
ENDBLK
  5
6347
330
6345
100
AcDbEntity
  8
0
100
AcDbBlockEnd
  0
BLOCK
  5
68DD
330
68DC
100
AcDbEntity
  8
0
100
AcDbBlockBegin
  2
*D25
 70
     1
 10
0.0
 20
0.0
 30
0.0
  3
*D25
  1

  0
LINE
  5
68DE
330
68DC
100
AcDbEntity
  8
11000_LEFT
 62
     0
370
    -2
100
AcDbLine
 10
655.5418307367872
 20
195.9417106745123
 30
0.0
 11
655.5418307367872
 21
133.2381589130123
 31
0.0
  0
LINE
  5
68DF
330
68DC
100
AcDbEntity
  8
11000_LEFT
 62
     0
370
    -2
100
AcDbLine
 10
582.5418307367875
 20
189.9505908387123
 30
0.0
 11
582.5418307367875
 21
133.2381589130123
 31
0.0
  0
LINE
  5
68E0
330
68DC
100
AcDbEntity
  8
11000_LEFT
 62
     0
370
    -2
100
AcDbLine
 10
652.2398307367872
 20
133.2381589130123
 30
0.0
 11
585.8438307367872
 21
133.2381589130123
 31
0.0
  0
SOLID
  5
68E1
330
68DC
100
AcDbEntity
  8
11000_LEFT
 62
     0
100
AcDbTrace
 10
652.2398307367872
 20
133.7884922463456
 30
0.0
 11
652.2398307367872
 21
132.6878255796789
 31
0.0
 12
655.5418307367872
 22
133.2381589130123
 32
0.0
 13
655.5418307367872
 23
133.2381589130123
 33
0.0
  0
SOLID
  5
68E2
330
68DC
100
AcDbEntity
  8
11000_LEFT
 62
     0
100
AcDbTrace
 10
585.8438307367872
 20
133.7884922463456
 30
0.0
 11
585.8438307367872
 21
132.6878255796789
 31
0.0
 12
582.5418307367875
 22
133.2381589130123
 32
0.0
 13
582.5418307367875
 23
133.2381589130123
 33
0.0
  0
MTEXT
  5
68E3
330
68DC
100
AcDbEntity
  8
11000_LEFT
 62
     0
370
    13
100
AcDbMText
 10
620.6019111599872
 20
137.6131589130123
 30
0.0
 40
3.5
 41
0.0
 71
     2
 72
     1
  1
\A1;73
  7
SLDTEXTSTYLE0
 73
     1
 44
1.0
1001
ACAD
1000
MTEXTBEGIN
1070
    73
1070
     1
1070
    44
1040
1.0
1070
    74
1070
     0
1000
MTEXTEND
  0
POINT
  5
68E4
330
68DC
100
AcDbEntity
  8
Defpoints
 62
     0
100
AcDbPoint
 10
655.5418307367872
 20
196.0042106745121
 30
0.0
  0
POINT
  5
68E5
330
68DC
100
AcDbEntity
  8
Defpoints
 62
     0
100
AcDbPoint
 10
582.5418307367875
 20
190.0130908387123
 30
0.0
  0
POINT
  5
68E6
330
68DC
100
AcDbEntity
  8
Defpoints
 62
     0
100
AcDbPoint
 10
582.5418307367875
 20
133.2381589130123
 30
0.0
  0
ENDBLK
  5
68E7
330
68DC
100
AcDbEntity
  8
0
100
AcDbBlockEnd
  0
BLOCK
  5
68E9
330
68E8
100
AcDbEntity
  8
0
100
AcDbBlockBegin
  2
*D26
 70
     1
 10
0.0
 20
0.0
 30
0.0
  3
*D26
  1

  0
LINE
  5
68EA
330
68E8
100
AcDbEntity
  8
11000_LEFT
 62
     0
370
    -2
100
AcDbLine
 10
592.4418307818872
 20
152.5426208926226
 30
0.0
 11
560.3136328613816
 21
152.5426208926227
 31
0.0
  0
LINE
  5
68EB
330
68E8
100
AcDbEntity
  8
11000_LEFT
 62
     0
370
    -2
100
AcDbLine
 10
583.9793308485872
 20
232.0106083873476
 30
0.0
 11
560.3136328613816
 21
232.0106083873476
 31
0.0
  0
LINE
  5
68EC
330
68E8
100
AcDbEntity
  8
11000_LEFT
 62
     0
370
    -2
100
AcDbLine
 10
560.3136328613816
 20
155.8446208926227
 30
0.0
 11
560.3136328613816
 21
228.7086083873476
 31
0.0
  0
SOLID
  5
68ED
330
68E8
100
AcDbEntity
  8
11000_LEFT
 62
     0
100
AcDbTrace
 10
559.7632995280481
 20
155.8446208926227
 30
0.0
 11
560.8639661947148
 21
155.8446208926227
 31
0.0
 12
560.3136328613816
 22
152.5426208926227
 32
0.0
 13
560.3136328613816
 23
152.5426208926227
 33
0.0
  0
SOLID
  5
68EE
330
68E8
100
AcDbEntity
  8
11000_LEFT
 62
     0
100
AcDbTrace
 10
559.7632995280481
 20
228.7086083873476
 30
0.0
 11
560.8639661947148
 21
228.7086083873476
 31
0.0
 12
560.3136328613816
 22
232.0106083873476
 32
0.0
 13
560.3136328613816
 23
232.0106083873476
 33
0.0
  0
MTEXT
  5
68EF
330
68E8
100
AcDbEntity
  8
11000_LEFT
 62
     0
370
    13
100
AcDbMText
 10
555.3552995280483
 20
190.2693644060904
 30
0.0
 40
3.5
 41
0.0
 71
     2
 72
     1
  1
\A1;79,5
  7
SLDTEXTSTYLE0
 11
0.0000000000000001
 21
1.0
 31
0.0
 73
     1
 44
1.0
1001
ACAD
1000
MTEXTBEGIN
1070
    73
1070
     1
1070
    44
1040
1.0
1070
    74
1070
     0
1000
MTEXTEND
  0
POINT
  5
68F0
330
68E8
100
AcDbEntity
  8
Defpoints
 62
     0
100
AcDbPoint
 10
592.5043307818874
 20
152.5426208926226
 30
0.0
  0
POINT
  5
68F1
330
68E8
100
AcDbEntity
  8
Defpoints
 62
     0
100
AcDbPoint
 10
584.0418308485872
 20
232.0106083873476
 30
0.0
  0
POINT
  5
68F2
330
68E8
100
AcDbEntity
  8
Defpoints
 62
     0
100
AcDbPoint
 10
560.3136328613816
 20
232.0106083873476
 30
0.0
  0
ENDBLK
  5
68F3
330
68E8
100
AcDbEntity
  8
0
100
AcDbBlockEnd
  0
BLOCK
  5
6A51
330
6A50
100
AcDbEntity
  8
0
100
AcDbBlockBegin
  2
*D27
 70
     1
 10
0.0
 20
0.0
 30
0.0
  3
*D27
  1

  0
LINE
  5
6A7A
330
6A50
100
AcDbEntity
  8
11000_LEFT
 62
     0
370
    -2
100
AcDbLine
 10
655.5418307367872
 20
195.941710674512
 30
0.0
 11
655.5418307367872
 21
133.2381589130122
 31
0.0
  0
LINE
  5
6A7B
330
6A50
100
AcDbEntity
  8
11000_LEFT
 62
     0
370
    -2
100
AcDbLine
 10
582.5418307367875
 20
189.9505908387122
 30
0.0
 11
582.5418307367875
 21
133.2381589130122
 31
0.0
  0
LINE
  5
6A7C
330
6A50
100
AcDbEntity
  8
11000_LEFT
 62
     0
370
    -2
100
AcDbLine
 10
652.2398307367872
 20
133.2381589130122
 30
0.0
 11
585.8438307367872
 21
133.2381589130122
 31
0.0
  0
SOLID
  5
6A7D
330
6A50
100
AcDbEntity
  8
11000_LEFT
 62
     0
100
AcDbTrace
 10
652.2398307367872
 20
133.7884922463455
 30
0.0
 11
652.2398307367872
 21
132.6878255796789
 31
0.0
 12
655.5418307367872
 22
133.2381589130122
 32
0.0
 13
655.5418307367872
 23
133.2381589130122
 33
0.0
  0
SOLID
  5
6A7E
330
6A50
100
AcDbEntity
  8
11000_LEFT
 62
     0
100
AcDbTrace
 10
585.8438307367872
 20
133.7884922463455
 30
0.0
 11
585.8438307367872
 21
132.6878255796789
 31
0.0
 12
582.5418307367875
 22
133.2381589130122
 32
0.0
 13
582.5418307367875
 23
133.2381589130122
 33
0.0
  0
MTEXT
  5
6A7F
330
6A50
100
AcDbEntity
  8
11000_LEFT
 62
     0
370
    13
100
AcDbMText
 10
620.6019111599872
 20
137.6131589130122
 30
0.0
 40
3.5
 41
0.0
 71
     2
 72
     1
  1
\A1;73
  7
SLDTEXTSTYLE0
 73
     1
 44
1.0
1001
ACAD
1000
MTEXTBEGIN
1070
    73
1070
     1
1070
    44
1040
1.0
1070
    74
1070
     0
1000
MTEXTEND
  0
POINT
  5
6A80
330
6A50
100
AcDbEntity
  8
Defpoints
 62
     0
100
AcDbPoint
 10
655.5418307367872
 20
196.004210674512
 30
0.0
  0
POINT
  5
6A81
330
6A50
100
AcDbEntity
  8
Defpoints
 62
     0
100
AcDbPoint
 10
582.5418307367875
 20
190.0130908387122
 30
0.0
  0
POINT
  5
6A82
330
6A50
100
AcDbEntity
  8
Defpoints
 62
     0
100
AcDbPoint
 10
582.5418307367875
 20
133.2381589130122
 30
0.0
  0
ENDBLK
  5
6A52
330
6A50
100
AcDbEntity
  8
0
100
AcDbBlockEnd
  0
BLOCK
  5
6A5D
330
6A5C
100
AcDbEntity
  8
0
100
AcDbBlockBegin
  2
*D28
 70
     1
 10
0.0
 20
0.0
 30
0.0
  3
*D28
  1

  0
LINE
  5
6A83
330
6A5C
100
AcDbEntity
  8
11000_LEFT
 62
     0
370
    -2
100
AcDbLine
 10
592.4418307818872
 20
152.5426208926225
 30
0.0
 11
560.3136328613816
 21
152.5426208926225
 31
0.0
  0
LINE
  5
6A84
330
6A5C
100
AcDbEntity
  8
11000_LEFT
 62
     0
370
    -2
100
AcDbLine
 10
583.9793308485872
 20
232.0106083873476
 30
0.0
 11
560.3136328613816
 21
232.0106083873476
 31
0.0
  0
LINE
  5
6A85
330
6A5C
100
AcDbEntity
  8
11000_LEFT
 62
     0
370
    -2
100
AcDbLine
 10
560.3136328613816
 20
155.8446208926225
 30
0.0
 11
560.3136328613816
 21
228.7086083873476
 31
0.0
  0
SOLID
  5
6A86
330
6A5C
100
AcDbEntity
  8
11000_LEFT
 62
     0
100
AcDbTrace
 10
559.7632995280481
 20
155.8446208926225
 30
0.0
 11
560.8639661947148
 21
155.8446208926225
 31
0.0
 12
560.3136328613816
 22
152.5426208926225
 32
0.0
 13
560.3136328613816
 23
152.5426208926225
 33
0.0
  0
SOLID
  5
6A87
330
6A5C
100
AcDbEntity
  8
11000_LEFT
 62
     0
100
AcDbTrace
 10
559.7632995280481
 20
228.7086083873476
 30
0.0
 11
560.8639661947148
 21
228.7086083873476
 31
0.0
 12
560.3136328613816
 22
232.0106083873476
 32
0.0
 13
560.3136328613816
 23
232.0106083873476
 33
0.0
  0
MTEXT
  5
6A88
330
6A5C
100
AcDbEntity
  8
11000_LEFT
 62
     0
370
    13
100
AcDbMText
 10
555.3552995280483
 20
190.2693644060903
 30
0.0
 40
3.5
 41
0.0
 71
     2
 72
     1
  1
\A1;79,5
  7
SLDTEXTSTYLE0
 11
0.0000000000000001
 21
1.0
 31
0.0
 73
     1
 44
1.0
1001
ACAD
1000
MTEXTBEGIN
1070
    73
1070
     1
1070
    44
1040
1.0
1070
    74
1070
     0
1000
MTEXTEND
  0
POINT
  5
6A89
330
6A5C
100
AcDbEntity
  8
Defpoints
 62
     0
100
AcDbPoint
 10
592.5043307818874
 20
152.5426208926225
 30
0.0
  0
POINT
  5
6A8A
330
6A5C
100
AcDbEntity
  8
Defpoints
 62
     0
100
AcDbPoint
 10
584.0418308485872
 20
232.0106083873476
 30
0.0
  0
POINT
  5
6A8B
330
6A5C
100
AcDbEntity
  8
Defpoints
 62
     0
100
AcDbPoint
 10
560.3136328613816
 20
232.0106083873476
 30
0.0
  0
ENDBLK
  5
6A5E
330
6A5C
100
AcDbEntity
  8
0
100
AcDbBlockEnd
  0
BLOCK
  5
6F68
330
6F66
100
AcDbEntity
  8
0
100
AcDbBlockBegin
  2
TYP_SYMB
 70
     0
 10
0.0
 20
0.0
 30
0.0
  3
TYP_SYMB
  1

  0
LINE
  5
6F69
330
6F66
100
AcDbEntity
  8
91100_TIP_SYM
 48
0.5
370
    18
100
AcDbLine
 10
-35.61364655357738
 20
9.0
 30
0.0
 11
-19.11364655357738
 21
9.0
 31
0.0
1001
AcDbBlockRepETag
1070
     1
1071
        0
1005
6F69
  0
LINE
  5
6F6A
330
6F66
100
AcDbEntity
  8
91200_TIP_SYMB
370
    18
100
AcDbLine
 10
-21.11364655357738
 20
4.0
 30
0.0
 11
-33.61364655357738
 21
5.5
 31
0.0
1001
AcDbBlockRepETag
1070
     1
1071
        1
1005
6F6A
  0
LINE
  5
6F6B
330
6F66
100
AcDbEntity
  8
91200_TIP_SYMB
370
    18
100
AcDbLine
 10
-33.61364655357738
 20
12.5
 30
0.0
 11
-21.11364655357738
 21
14.0
 31
0.0
1001
AcDbBlockRepETag
1070
     1
1071
        2
1005
6F6B
  0
LINE
  5
6F6C
330
6F66
100
AcDbEntity
  8
91200_TIP_SYMB
370
    18
100
AcDbLine
 10
-33.61364655357738
 20
5.5
 30
0.0
 11
-33.61364655357738
 21
12.5
 31
0.0
1001
AcDbBlockRepETag
1070
     1
1071
        3
1005
6F6C
  0
CIRCLE
  5
6F6D
330
6F66
100
AcDbEntity
  8
91200_TIP_SYMB
370
    18
100
AcDbCircle
 10
-11.0
 20
9.0
 30
0.0
 40
5.0
1001
AcDbBlockRepETag
1070
     1
1071
        4
1005
6F6D
  0
LINE
  5
6F6E
330
6F66
100
AcDbEntity
  8
91200_TIP_SYMB
370
    18
100
AcDbLine
 10
-21.11364655357738
 20
14.0
 30
0.0
 11
-21.11364655357738
 21
4.0
 31
0.0
1001
AcDbBlockRepETag
1070
     1
1071
        5
1005
6F6E
  0
CIRCLE
  5
6F6F
330
6F66
100
AcDbEntity
  8
91200_TIP_SYMB
370
    18
100
AcDbCircle
 10
-11.0
 20
9.0
 30
0.0
 40
2.0
1001
AcDbBlockRepETag
1070
     1
1071
        6
1005
6F6F
  0
LINE
  5
6F70
330
6F66
100
AcDbEntity
  8
91100_TIP_SYM
 48
0.5
370
    18
100
AcDbLine
 10
-11.0
 20
16.0
 30
0.0
 11
-11.0
 21
2.0
 31
0.0
1001
AcDbBlockRepETag
1070
     1
1071
        7
1005
6F70
  0
LINE
  5
6F71
330
6F66
100
AcDbEntity
  8
91100_TIP_SYM
 48
0.5
370
    18
100
AcDbLine
 10
-18.0
 20
9.0
 30
0.0
 11
-4.0
 21
9.0
 31
0.0
1001
AcDbBlockRepETag
1070
     1
1071
        8
1005
6F71
  0
ENDBLK
  5
6F72
330
6F66
100
AcDbEntity
  8
0
100
AcDbBlockEnd
  0
BLOCK
  5
6F75
330
6F73
100
AcDbEntity
  8
0
370
    18
100
AcDbBlockBegin
  2
text_allg
 70
     0
 10
0.0
 20
0.0
 30
0.0
  3
text_allg
  1

  0
TEXT
  5
6F76
330
6F73
100
AcDbEntity
  8
0
370
    25
100
AcDbText
 10
-0.0028789134175895
 20
6.473535615360106
 30
0.0
 40
2.5
  1
Alle Bemassungswerte sind in Millimeter (mm) angegeben
100
AcDbText
1001
AcDbBlockRepETag
1070
     1
1071
        0
1005
6F76
  0
TEXT
  5
6F77
330
6F73
100
AcDbEntity
  8
0
370
    25
100
AcDbText
 10
-0.0028789134175895
 20
2.965492351154351
 30
0.0
 40
2.5
  1
All dimensions are in millimeters (mm)
100
AcDbText
1001
AcDbBlockRepETag
1070
     1
1071
        1
1005
6F77
  0
ENDBLK
  5
6F78
330
6F73
100
AcDbEntity
  8
0
370
    18
100
AcDbBlockEnd
  0
BLOCK
  5
6F7A
330
6F79
100
AcDbEntity
  8
0
100
AcDbBlockBegin
  2
Block_A4
 70
     2
 10
0.0
 20
0.0
 30
0.0
  3
Block_A4
  1

  0
INSERT
  5
6F7B
330
6F79
100
AcDbEntity
  8
90000_FRAME
100
AcDbBlockReference
  2
TYP_SYMB
 10
1355.855350620598
 20
8.463678075133428
 30
0.0
  0
MTEXT
  5
6F7C
330
6F79
100
AcDbEntity
  8
90000_FRAME
370
    13
100
AcDbMText
 10
1427.105350620598
 20
11.46367807513342
 30
0.0
 40
2.5
 41
42.5
 71
     5
 72
     5
  1
Format/Size: DIN A4
 73
     1
 44
1.0
1001
ACAD
1000
MTEXTBEGIN
1070
    73
1070
     1
1070
    44
1040
1.0
1070
    74
1070
     0
1000
MTEXTEND
  0
LINE
  5
6F7D
330
6F79
100
AcDbEntity
  8
90000_FRAME
370
    25
100
AcDbLine
 10
1334.741704067021
 20
12.46367807513343
 30
0.0
 11
1322.241704067021
 21
13.96367807513343
 31
0.0
1001
AcDbBlockRepETag
1070
     1
1071
        1
1005
6F7D
  0
LINE
  5
6F7E
330
6F79
100
AcDbEntity
  8
90000_FRAME
370
    25
100
AcDbLine
 10
1322.241704067021
 20
20.96367807513343
 30
0.0
 11
1334.741704067021
 21
22.46367807513343
 31
0.0
1001
AcDbBlockRepETag
1070
     1
1071
        2
1005
6F7E
  0
LINE
  5
6F7F
330
6F79
100
AcDbEntity
  8
90000_FRAME
370
    25
100
AcDbLine
 10
1322.241704067021
 20
13.96367807513343
 30
0.0
 11
1322.241704067021
 21
20.96367807513343
 31
0.0
1001
AcDbBlockRepETag
1070
     1
1071
        3
1005
6F7F
  0
CIRCLE
  5
6F80
330
6F79
100
AcDbEntity
  8
90000_FRAME
370
    25
100
AcDbCircle
 10
1344.855350620598
 20
17.46367807513343
 30
0.0
 40
5.0
1001
AcDbBlockRepETag
1070
     1
1071
        4
1005
6F80
  0
LINE
  5
6F81
330
6F79
100
AcDbEntity
  8
90000_FRAME
370
    25
100
AcDbLine
 10
1334.741704067021
 20
22.46367807513343
 30
0.0
 11
1334.741704067021
 21
12.46367807513343
 31
0.0
1001
AcDbBlockRepETag
1070
     1
1071
        5
1005
6F81
  0
CIRCLE
  5
6F82
330
6F79
100
AcDbEntity
  8
90000_FRAME
370
    25
100
AcDbCircle
 10
1344.855350620598
 20
17.46367807513343
 30
0.0
 40
2.0
1001
AcDbBlockRepETag
1070
     1
1071
        6
1005
6F82
  0
LINE
  5
6F83
330
6F79
100
AcDbEntity
  8
90000_FRAME
370
    25
100
AcDbLine
 10
1453.355350620598
 20
8.463678075133428
 30
0.0
 11
1453.355350620598
 21
14.46367807513342
 31
0.0
1001
GENIUS_GENREC_14
1002
{
1000
PYDIR
1011
1360.855350620598
1021
26.46367807513343
1031
0.0
1002
}
1002
{
1000
PXDIR
1011
1495.855350620598
1021
8.463678075133428
1031
0.0
1002
}
1002
{
1000
PORI
1011
1360.855350620598
1021
8.463678075133428
1031
0.0
1002
}
1002
{
1000
PINS
1011
1360.855350620598
1021
8.463678075133428
1031
0.0
1002
}
1002
{
1000
HVAL
1000
18
1002
}
1002
{
1000
H
1070
     2
1002
}
1002
{
1000
WVAL
1000
135
1002
}
1002
{
1000
W
1070
     2
1002
}
1002
{
1000
C
1070
     1
1002
}
1001
GENIUS_GENOBJ-N-REC_13
1002
{
1000
OWNER
1000
GEN
1002
}
1001
GENIUS_GENODEF_13
1002
{
1000
HIER
1070
     0
1002
}
1002
{
1000
MANEDIT
1070
     0
1002
}
1002
{
1000
NOSEL
1070
     0
1002
}
1002
{
1000
BEHIND
1070
     0
1002
}
1002
{
1000
OTHER
1070
     0
1002
}
1002
{
1000
REACTOR
1002
}
1001
AcDbBlockRepETag
1070
     1
1071
       17
1005
6F83
  0
LINE
  5
6F84
330
6F79
100
AcDbEntity
  8
90000_FRAME
370
    25
100
AcDbLine
 10
1490.855350620598
 20
8.463678075133428
 30
0.0
 11
1490.855350620598
 21
26.46367807513343
 31
0.0
1001
GENIUS_GENREC_14
1002
{
1000
PYDIR
1011
1355.855350620598
1021
26.46367807513343
1031
0.0
1002
}
1002
{
1000
PXDIR
1011
1490.855350620598
1021
8.463678075133428
1031
0.0
1002
}
1002
{
1000
PORI
1011
1355.855350620598
1021
8.463678075133428
1031
0.0
1002
}
1002
{
1000
PINS
1011
1355.855350620598
1021
8.463678075133428
1031
0.0
1002
}
1002
{
1000
HVAL
1000
18
1002
}
1002
{
1000
H
1070
     2
1002
}
1002
{
1000
WVAL
1000
135
1002
}
1002
{
1000
W
1070
     2
1002
}
1002
{
1000
C
1070
     1
1002
}
1001
GENIUS_GENOBJ-N-REC_13
1002
{
1000
OWNER
1000
GEN
1002
}
1001
GENIUS_GENODEF_13
1002
{
1000
HIER
1070
     0
1002
}
1002
{
1000
MANEDIT
1070
     0
1002
}
1002
{
1000
NOSEL
1070
     0
1002
}
1002
{
1000
BEHIND
1070
     0
1002
}
1002
{
1000
OTHER
1070
     0
1002
}
1002
{
1000
REACTOR
1002
}
1001
AcDbBlockRepETag
1070
     1
1071
       18
1005
6F84
  0
INSERT
  5
6F85
330
6F79
100
AcDbEntity
  8
91000_TIP
370
    25
100
AcDbBlockReference
  2
text_allg
 10
1355.855350620598
 20
26.46367807513343
 30
0.0
1001
AcDbBlockRepETag
1070
     1
1071
       19
1005
6F85
  0
MTEXT
  5
6F86
330
6F79
100
AcDbEntity
  8
90000_FRAME
100
AcDbMText
 10
1380.855350620598
 20
20.46367807513343
 30
0.0
 40
3.5
 41
40.0
 71
     5
 72
     5
  1
{\fSiemens Logo|b0|i0|c0|p2;s}
 73
     1
 44
1.0
1001
AcDbBlockRepETag
1070
     1
1071
       20
1005
6F86
1001
ACAD
1000
MTEXTBEGIN
1070
    73
1070
     1
1070
    44
1040
1.0
1070
    74
1070
     0
1000
MTEXTEND
  0
LINE
  5
6F87
330
6F79
100
AcDbEntity
  8
90000_FRAME
370
    25
100
AcDbLine
 10
1355.855350620598
 20
8.463678075133428
 30
0.0
 11
1490.855350620598
 21
8.463678075133428
 31
0.0
1001
GENIUS_GENREC_14
1002
{
1000
PYDIR
1011
1355.855350620598
1021
26.46367807513343
1031
0.0
1002
}
1002
{
1000
PXDIR
1011
1490.855350620598
1021
8.463678075133428
1031
0.0
1002
}
1002
{
1000
PORI
1011
1355.855350620598
1021
8.463678075133428
1031
0.0
1002
}
1002
{
1000
PINS
1011
1355.855350620598
1021
8.463678075133428
1031
0.0
1002
}
1002
{
1000
HVAL
1000
18
1002
}
1002
{
1000
H
1070
     2
1002
}
1002
{
1000
WVAL
1000
135
1002
}
1002
{
1000
W
1070
     2
1002
}
1002
{
1000
C
1070
     1
1002
}
1001
GENIUS_GENOBJ-N-REC_13
1002
{
1000
OWNER
1000
GEN
1002
}
1001
GENIUS_GENODEF_13
1002
{
1000
HIER
1070
     0
1002
}
1002
{
1000
MANEDIT
1070
     0
1002
}
1002
{
1000
NOSEL
1070
     0
1002
}
1002
{
1000
BEHIND
1070
     0
1002
}
1002
{
1000
OTHER
1070
     0
1002
}
1002
{
1000
REACTOR
1002
}
1001
AcDbBlockRepETag
1070
     1
1071
       21
1005
6F87
  0
LINE
  5
6F88
330
6F79
100
AcDbEntity
  8
90000_FRAME
370
    25
100
AcDbLine
 10
1490.855350620598
 20
26.46367807513343
 30
0.0
 11
1355.855350620598
 21
26.46367807513343
 31
0.0
1001
GENIUS_GENREC_14
1002
{
1000
PYDIR
1011
1355.855350620598
1021
26.46367807513343
1031
0.0
1002
}
1002
{
1000
PXDIR
1011
1490.855350620598
1021
8.463678075133428
1031
0.0
1002
}
1002
{
1000
PORI
1011
1355.855350620598
1021
8.463678075133428
1031
0.0
1002
}
1002
{
1000
PINS
1011
1355.855350620598
1021
8.463678075133428
1031
0.0
1002
}
1002
{
1000
HVAL
1000
18
1002
}
1002
{
1000
H
1070
     2
1002
}
1002
{
1000
WVAL
1000
135
1002
}
1002
{
1000
W
1070
     2
1002
}
1002
{
1000
C
1070
     1
1002
}
1001
GENIUS_GENOBJ-N-REC_13
1002
{
1000
OWNER
1000
GEN
1002
}
1001
GENIUS_GENODEF_13
1002
{
1000
HIER
1070
     0
1002
}
1002
{
1000
MANEDIT
1070
     0
1002
}
1002
{
1000
NOSEL
1070
     0
1002
}
1002
{
1000
BEHIND
1070
     0
1002
}
1002
{
1000
OTHER
1070
     0
1002
}
1002
{
1000
REACTOR
1002
}
1001
AcDbBlockRepETag
1070
     1
1071
       22
1005
6F88
  0
LINE
  5
6F89
330
6F79
100
AcDbEntity
  8
90000_FRAME
370
    25
100
AcDbLine
 10
1490.855350620598
 20
14.46367807513342
 30
0.0
 11
1355.855350620598
 21
14.46367807513342
 31
0.0
1001
GENIUS_GENREC_14
1002
{
1000
PYDIR
1011
1355.855350620598
1021
26.46367807513343
1031
0.0
1002
}
1002
{
1000
PXDIR
1011
1490.855350620598
1021
8.463678075133428
1031
0.0
1002
}
1002
{
1000
PORI
1011
1355.855350620598
1021
8.463678075133428
1031
0.0
1002
}
1002
{
1000
PINS
1011
1355.855350620598
1021
8.463678075133428
1031
0.0
1002
}
1002
{
1000
HVAL
1000
18
1002
}
1002
{
1000
H
1070
     2
1002
}
1002
{
1000
WVAL
1000
135
1002
}
1002
{
1000
W
1070
     2
1002
}
1002
{
1000
C
1070
     1
1002
}
1001
GENIUS_GENOBJ-N-REC_13
1002
{
1000
OWNER
1000
GEN
1002
}
1001
GENIUS_GENODEF_13
1002
{
1000
HIER
1070
     0
1002
}
1002
{
1000
MANEDIT
1070
     0
1002
}
1002
{
1000
NOSEL
1070
     0
1002
}
1002
{
1000
BEHIND
1070
     0
1002
}
1002
{
1000
OTHER
1070
     0
1002
}
1002
{
1000
REACTOR
1002
}
1001
AcDbBlockRepETag
1070
     1
1071
       23
1005
6F89
  0
MTEXT
  5
6F8A
330
6F79
100
AcDbEntity
  8
90000_FRAME
370
    25
100
AcDbMText
 10
1363.105350620598
 20
11.46367807513342
 30
0.0
 40
2.5
 41
11.0
 71
     5
 72
     5
  1
Date:
 73
     1
 44
1.0
1001
AcDbBlockRepETag
1070
     1
1071
       24
1005
6F8A
1001
ACAD
1000
MTEXTBEGIN
1070
    73
1070
     1
1070
    44
1040
1.0
1070
    74
1070
     0
1000
MTEXTEND
  0
LINE
  5
6F8B
330
6F79
100
AcDbEntity
  8
90000_FRAME
370
    25
100
AcDbLine
 10
1355.855350620598
 20
26.46367807513343
 30
0.0
 11
1355.855350620598
 21
8.463678075133428
 31
0.0
1001
GENIUS_GENREC_14
1002
{
1000
PYDIR
1011
1355.855350620598
1021
26.46367807513343
1031
0.0
1002
}
1002
{
1000
PXDIR
1011
1490.855350620598
1021
8.463678075133428
1031
0.0
1002
}
1002
{
1000
PORI
1011
1355.855350620598
1021
8.463678075133428
1031
0.0
1002
}
1002
{
1000
PINS
1011
1355.855350620598
1021
8.463678075133428
1031
0.0
1002
}
1002
{
1000
HVAL
1000
18
1002
}
1002
{
1000
H
1070
     2
1002
}
1002
{
1000
WVAL
1000
135
1002
}
1002
{
1000
W
1070
     2
1002
}
1002
{
1000
C
1070
     1
1002
}
1001
GENIUS_GENOBJ-N-REC_13
1002
{
1000
OWNER
1000
GEN
1002
}
1001
GENIUS_GENODEF_13
1002
{
1000
HIER
1070
     0
1002
}
1002
{
1000
MANEDIT
1070
     0
1002
}
1002
{
1000
NOSEL
1070
     0
1002
}
1002
{
1000
BEHIND
1070
     0
1002
}
1002
{
1000
OTHER
1070
     0
1002
}
1002
{
1000
REACTOR
1002
}
1001
AcDbBlockRepETag
1070
     1
1071
       25
1005
6F8B
  0
MTEXT
  5
6F8C
330
6F79
100
AcDbEntity
  8
90000_FRAME
370
    25
100
AcDbMText
 10
1388.105350620598
 20
11.46367807513342
 30
0.0
 40
2.5
 41
11.0
 71
     5
 72
     5
  1
Name:
 73
     1
 44
1.0
1001
AcDbBlockRepETag
1070
     1
1071
        9
1005
6F8C
1001
ACAD
1000
MTEXTBEGIN
1070
    73
1070
     1
1070
    44
1040
1.0
1070
    74
1070
     0
1000
MTEXTEND
  0
LINE
  5
6F8D
330
6F79
100
AcDbEntity
  8
90000_FRAME
100
AcDbLine
 10
1380.855350620598
 20
14.46367807513342
 30
0.0
 11
1380.855350620598
 21
8.463678075133428
 31
0.0
1001
GENIUS_GENREC_14
1002
{
1000
PYDIR
1011
1355.855350620598
1021
26.46367807513343
1031
0.0
1002
}
1002
{
1000
PXDIR
1011
1490.855350620598
1021
8.463678075133428
1031
0.0
1002
}
1002
{
1000
PORI
1011
1355.855350620598
1021
8.463678075133428
1031
0.0
1002
}
1002
{
1000
PINS
1011
1355.855350620598
1021
8.463678075133428
1031
0.0
1002
}
1002
{
1000
HVAL
1000
18
1002
}
1002
{
1000
H
1070
     2
1002
}
1002
{
1000
WVAL
1000
135
1002
}
1002
{
1000
W
1070
     2
1002
}
1002
{
1000
C
1070
     1
1002
}
1001
GENIUS_GENOBJ-N-REC_13
1002
{
1000
OWNER
1000
GEN
1002
}
1001
GENIUS_GENODEF_13
1002
{
1000
HIER
1070
     0
1002
}
1002
{
1000
MANEDIT
1070
     0
1002
}
1002
{
1000
NOSEL
1070
     0
1002
}
1002
{
1000
BEHIND
1070
     0
1002
}
1002
{
1000
OTHER
1070
     0
1002
}
1002
{
1000
REACTOR
1002
}
1001
AcDbBlockRepETag
1070
     1
1071
       10
1005
6F8D
  0
TEXT
  5
6F8E
330
6F79
100
AcDbEntity
  8
90000_FRAME
370
    25
100
AcDbText
 10
1457.230350620598
 20
10.2146250448304
 30
0.0
 40
2.5
  1
Massstab/Scale:
100
AcDbText
1001
AcDbBlockRepETag
1070
     1
1071
       26
1005
6F8E
  0
LINE
  5
6F8F
330
6F79
100
AcDbEntity
  8
90000_FRAME
370
    25
100
AcDbLine
 10
1405.855350620598
 20
26.46367807513343
 30
0.0
 11
1405.855350620598
 21
8.463678075133428
 31
0.0
1001
GENIUS_GENREC_14
1002
{
1000
PYDIR
1011
1355.855350620598
1021
26.46367807513343
1031
0.0
1002
}
1002
{
1000
PXDIR
1011
1490.855350620598
1021
8.463678075133428
1031
0.0
1002
}
1002
{
1000
PORI
1011
1355.855350620598
1021
8.463678075133428
1031
0.0
1002
}
1002
{
1000
PINS
1011
1355.855350620598
1021
8.463678075133428
1031
0.0
1002
}
1002
{
1000
HVAL
1000
18
1002
}
1002
{
1000
H
1070
     2
1002
}
1002
{
1000
WVAL
1000
135
1002
}
1002
{
1000
W
1070
     2
1002
}
1002
{
1000
C
1070
     1
1002
}
1001
GENIUS_GENOBJ-N-REC_13
1002
{
1000
OWNER
1000
GEN
1002
}
1001
GENIUS_GENODEF_13
1002
{
1000
HIER
1070
     0
1002
}
1002
{
1000
MANEDIT
1070
     0
1002
}
1002
{
1000
NOSEL
1070
     0
1002
}
1002
{
1000
BEHIND
1070
     0
1002
}
1002
{
1000
OTHER
1070
     0
1002
}
1002
{
1000
REACTOR
1002
}
1001
AcDbBlockRepETag
1070
     1
1071
       12
1005
6F8F
  0
LINE
  5
6F90
330
6F79
100
AcDbEntity
  8
90000_FRAME
370
    25
100
AcDbLine
 10
1453.355350620598
 20
8.463678075133428
 30
0.0
 11
1453.355350620598
 21
14.46367807513342
 31
0.0
1001
GENIUS_GENREC_14
1002
{
1000
PYDIR
1011
1360.855350620598
1021
26.46367807513343
1031
0.0
1002
}
1002
{
1000
PXDIR
1011
1495.855350620598
1021
8.463678075133428
1031
0.0
1002
}
1002
{
1000
PORI
1011
1360.855350620598
1021
8.463678075133428
1031
0.0
1002
}
1002
{
1000
PINS
1011
1360.855350620598
1021
8.463678075133428
1031
0.0
1002
}
1002
{
1000
HVAL
1000
18
1002
}
1002
{
1000
H
1070
     2
1002
}
1002
{
1000
WVAL
1000
135
1002
}
1002
{
1000
W
1070
     2
1002
}
1002
{
1000
C
1070
     1
1002
}
1001
GENIUS_GENOBJ-N-REC_13
1002
{
1000
OWNER
1000
GEN
1002
}
1001
GENIUS_GENODEF_13
1002
{
1000
HIER
1070
     0
1002
}
1002
{
1000
MANEDIT
1070
     0
1002
}
1002
{
1000
NOSEL
1070
     0
1002
}
1002
{
1000
BEHIND
1070
     0
1002
}
1002
{
1000
OTHER
1070
     0
1002
}
1002
{
1000
REACTOR
1002
}
1001
AcDbBlockRepETag
1070
     1
1071
       27
1005
6F90
  0
ATTDEF
  5
6F91
330
6F79
100
AcDbEntity
  8
90000_FRAME
370
    25
100
AcDbText
 10
1482.804547038154
 20
10.30858325672682
 30
0.0
 40
2.5
  1
1:1
 72
     1
 11
1484.471213704821
 21
11.55858325672682
 31
0.0
100
AcDbAttributeDefinition
  3
Massstab
  2
MASSSTAB/SCALE:
 70
     0
 74
     2
1001
AcDbBlockRepETag
1070
     1
1071
       13
1005
0
  0
ATTDEF
  5
6F92
330
6F79
100
AcDbEntity
  8
90000_FRAME
370
    35
100
AcDbText
 10
1448.355350620599
 20
20.71367807513354
 30
0.0
 40
3.5
  1

 72
     1
 11
1448.355350620599
 21
22.46367807513354
 31
0.0
100
AcDbAttributeDefinition
  3
Z-Name
  2
ZEICHNUNGSNAME
 70
     0
 74
     2
1001
AcDbBlockRepETag
1070
     1
1071
       14
1005
0
  0
ATTDEF
  5
6F93
330
6F79
100
AcDbEntity
  8
90000_FRAME
370
    25
100
AcDbText
 10
1448.355350620599
 20
15.69146140529358
 30
0.0
 40
2.5
  1

 72
     1
 11
1448.355350620599
 21
16.94146140529358
 31
0.0
100
AcDbAttributeDefinition
  3
A-Name
  2
ARTIKELNAME
 70
     0
 74
     2
1001
AcDbBlockRepETag
1070
     1
1071
       28
1005
0
  0
ATTDEF
  5
6F94
330
6F79
100
AcDbEntity
  8
90000_FRAME
370
    25
100
AcDbText
 10
1373.855350620599
 20
10.21367807513342
 30
0.0
 40
2.5
  1

 72
     1
 11
1373.855350620599
 21
11.46367807513342
 31
0.0
100
AcDbAttributeDefinition
  3
Datum
  2
DATUM
 70
     0
 74
     2
1001
AcDbBlockRepETag
1070
     1
1071
       16
1005
0
  0
ATTDEF
  5
6F95
330
6F79
100
AcDbEntity
  8
90000_FRAME
370
    25
100
AcDbText
 10
1398.855350620599
 20
10.21367807513342
 30
0.0
 40
2.5
  1

 72
     1
 11
1398.855350620599
 21
11.46367807513342
 31
0.0
100
AcDbAttributeDefinition
  3
Name
  2
NAME
 70
     0
 74
     2
1001
AcDbBlockRepETag
1070
     1
1071
       15
1005
0
  0
ENDBLK
  5
6F96
330
6F79
100
AcDbEntity
  8
0
100
AcDbBlockEnd
  0
BLOCK
  5
6FAB
330
6F9C
100
AcDbEntity
  8
0
100
AcDbBlockBegin
  2
A$C7DFB5AF4
 70
     0
 10
0.0
 20
0.0
 30
0.0
  3
A$C7DFB5AF4
  1

  0
LWPOLYLINE
  5
6F9D
330
6F9C
100
AcDbEntity
  8
90000_FRAME
100
AcDbPolyline
 90
        4
 70
     1
 43
0.0
 10
0.0000017204431515
 20
0.0000019847602744
 10
297.0000017204434
 20
0.0000019847602744
 10
297.0000017204434
 20
210.0000019847603
 10
0.0000017204431515
 20
210.0000019847603
1001
GENIUS_GENREC_14
1002
{
1000
PYDIR
1011
0.0000017204431515
1021
210.0000019847603
1031
0.0
1002
}
1002
{
1000
PXDIR
1011
297.0000017204434
1021
0.0000019847602744
1031
0.0
1002
}
1002
{
1000
PORI
1011
0.0000017204431515
1021
0.0000019847602744
1031
0.0
1002
}
1002
{
1000
PINS
1011
0.0000017204431515
1021
0.0000019847602744
1031
0.0
1002
}
1002
{
1000
HVAL
1000
210
1002
}
1002
{
1000
H
1070
     2
1002
}
1002
{
1000
WVAL
1000
297
1002
}
1002
{
1000
W
1070
     2
1002
}
1002
{
1000
C
1070
     1
1002
}
1001
GENIUS_GENODEF_13
1002
{
1000
HIER
1070
     0
1002
}
1002
{
1000
MANEDIT
1070
     0
1002
}
1002
{
1000
NOSEL
1070
     0
1002
}
1002
{
1000
BEHIND
1070
     0
1002
}
1002
{
1000
OTHER
1070
     0
1002
}
1002
{
1000
REACTOR
1002
}
1001
GENIUS_GENOBJ-N-REC_13
1002
{
1000
OWNER
1000
GEN
1002
}
1001
AcDbBlockRepETag
1070
     1
1071
       12
1005
6F9D
  0
LWPOLYLINE
  5
6F9E
330
6F9C
100
AcDbEntity
  8
90000_FRAME
100
AcDbPolyline
 90
        4
 70
     1
 43
0.0
 10
5.000001720442242
 20
5.000001984760273
 10
292.0000017204434
 20
5.000001984760273
 10
292.0000017204434
 20
205.0000019847603
 10
5.000001720442242
 20
205.0000019847603
1001
GENIUS_GENREC_14
1002
{
1000
PYDIR
1011
0.0000017204431515
1021
210.0000019847603
1031
0.0
1002
}
1002
{
1000
PXDIR
1011
297.0000017204434
1021
0.0000019847602744
1031
0.0
1002
}
1002
{
1000
PORI
1011
0.0000017204431515
1021
0.0000019847602744
1031
0.0
1002
}
1002
{
1000
PINS
1011
0.0000017204431515
1021
0.0000019847602744
1031
0.0
1002
}
1002
{
1000
HVAL
1000
210
1002
}
1002
{
1000
H
1070
     2
1002
}
1002
{
1000
WVAL
1000
297
1002
}
1002
{
1000
W
1070
     2
1002
}
1002
{
1000
C
1070
     1
1002
}
1001
GENIUS_GENODEF_13
1002
{
1000
HIER
1070
     0
1002
}
1002
{
1000
MANEDIT
1070
     0
1002
}
1002
{
1000
NOSEL
1070
     0
1002
}
1002
{
1000
BEHIND
1070
     0
1002
}
1002
{
1000
OTHER
1070
     0
1002
}
1002
{
1000
REACTOR
1002
}
1001
GENIUS_GENOBJ-N-REC_13
1002
{
1000
OWNER
1000
GEN
1002
}
1001
AcDbBlockRepETag
1070
     1
1071
       16
1005
6F9E
  0
LINE
  5
6F9F
330
6F9C
100
AcDbEntity
  8
91100_TIP_SYM
 48
0.5
370
    18
100
AcDbLine
 10
118.1849428032421
 20
17.4636800598937
 30
0.0
 11
134.6849428032421
 21
17.4636800598937
 31
0.0
1001
AcDbBlockRepETag
1070
     1
1071
        0
1005
6F9F
  0
LINE
  5
6FA0
330
6F9C
100
AcDbEntity
  8
91100_TIP_SYM
 48
0.5
370
    18
100
AcDbLine
 10
142.7985893568195
 20
24.4636800598937
 30
0.0
 11
142.7985893568195
 21
10.4636800598937
 31
0.0
1001
AcDbBlockRepETag
1070
     1
1071
        7
1005
6FA0
  0
LINE
  5
6FA1
330
6F9C
100
AcDbEntity
  8
91100_TIP_SYM
 48
0.5
370
    18
100
AcDbLine
 10
135.7985893568195
 20
17.4636800598937
 30
0.0
 11
149.7985893568195
 21
17.4636800598937
 31
0.0
1001
AcDbBlockRepETag
1070
     1
1071
        8
1005
6FA1
  0
INSERT
  5
6FA2
330
6F9C
100
AcDbEntity
  8
90100_FRAME_THICK
100
AcDbBlockReference
 66
     1
  2
Block_A4
 10
-1202.056761263779
 20
0.0000019847602744
 30
0.0
  0
ATTRIB
  5
6FA3
330
6FA2
100
AcDbEntity
  8
90000_FRAME
370
    25
100
AcDbText
 10
280.7477857743757
 20
10.30858524148709
 30
0.0
 40
2.5
  1
1:1
 72
     1
 11
282.4144524410424
 21
11.55858524148709
 31
0.0
100
AcDbAttribute
  2
MASSSTAB/SCALE:
 70
     0
 74
     2
1001
AcDbBlockRepETag
1070
     1
1071
       13
1005
0
  0
ATTRIB
  5
6FA4
330
6FA2
100
AcDbEntity
  8
90000_FRAME
370
    35
100
AcDbText
 10
246.29858935682
 20
20.71368005989381
 30
0.0
 40
3.5
  1

 72
     1
 11
246.29858935682
 21
22.46368005989381
 31
0.0
100
AcDbAttribute
  2
ZEICHNUNGSNAME
 70
     0
 74
     2
1001
AcDbBlockRepETag
1070
     1
1071
       14
1005
0
  0
ATTRIB
  5
6FA5
330
6FA2
100
AcDbEntity
  8
90000_FRAME
370
    25
100
AcDbText
 10
246.29858935682
 20
15.69146339005385
 30
0.0
 40
2.5
  1

 72
     1
 11
246.29858935682
 21
16.94146339005385
 31
0.0
100
AcDbAttribute
  2
ARTIKELNAME
 70
     0
 74
     2
1001
AcDbBlockRepETag
1070
     1
1071
       28
1005
0
  0
ATTRIB
  5
6FA6
330
6FA2
100
AcDbEntity
  8
90000_FRAME
370
    25
100
AcDbText
 10
171.79858935682
 20
10.2136800598937
 30
0.0
 40
2.5
  1

 72
     1
 11
171.79858935682
 21
11.4636800598937
 31
0.0
100
AcDbAttribute
  2
DATUM
 70
     0
 74
     2
1001
AcDbBlockRepETag
1070
     1
1071
       16
1005
0
  0
ATTRIB
  5
6FA7
330
6FA2
100
AcDbEntity
  8
90000_FRAME
370
    25
100
AcDbText
 10
196.79858935682
 20
10.2136800598937
 30
0.0
 40
2.5
  1

 72
     1
 11
196.79858935682
 21
11.4636800598937
 31
0.0
100
AcDbAttribute
  2
NAME
 70
     0
 74
     2
1001
AcDbBlockRepETag
1070
     1
1071
       15
1005
0
  0
SEQEND
  5
6FA8
330
6FA2
100
AcDbEntity
  8
90100_FRAME_THICK
  0
ENDBLK
  5
6FAC
330
6F9C
100
AcDbEntity
  8
0
100
AcDbBlockEnd
  0
BLOCK
  5
6FAF
330
6FAE
100
AcDbEntity
  8
0
100
AcDbBlockBegin
  2
Block_A3
 70
     2
 10
0.0
 20
0.0
 30
0.0
  3
Block_A3
  1

  0
TEXT
  5
6FB0
330
6FAE
100
AcDbEntity
  8
90000_FRAME
100
AcDbText
 10
1015.091762989233
 20
9.902565055430358
 30
0.0
 40
2.5
  1
Format/Size: DIN A3
100
AcDbText
  0
LINE
  5
6FB1
330
6FAE
100
AcDbEntity
  8
90000_FRAME
 48
0.5
370
    18
100
AcDbLine
 10
923.7281164356557
 20
17.15161808573339
 30
0.0
 11
940.2281164356557
 21
17.15161808573339
 31
0.0
1001
AcDbBlockRepETag
1070
     1
1071
        0
1005
6FB1
  0
LINE
  5
6FB2
330
6FAE
100
AcDbEntity
  8
90000_FRAME
370
    18
100
AcDbLine
 10
938.2281164356557
 20
12.15161808573339
 30
0.0
 11
925.7281164356557
 21
13.65161808573339
 31
0.0
1001
AcDbBlockRepETag
1070
     1
1071
        1
1005
6FB2
  0
LINE
  5
6FB3
330
6FAE
100
AcDbEntity
  8
90000_FRAME
370
    18
100
AcDbLine
 10
925.7281164356557
 20
20.65161808573339
 30
0.0
 11
938.2281164356557
 21
22.15161808573339
 31
0.0
1001
AcDbBlockRepETag
1070
     1
1071
        2
1005
6FB3
  0
LINE
  5
6FB4
330
6FAE
100
AcDbEntity
  8
90000_FRAME
370
    18
100
AcDbLine
 10
925.7281164356557
 20
13.65161808573339
 30
0.0
 11
925.7281164356557
 21
20.65161808573339
 31
0.0
1001
AcDbBlockRepETag
1070
     1
1071
        3
1005
6FB4
  0
CIRCLE
  5
6FB5
330
6FAE
100
AcDbEntity
  8
90000_FRAME
370
    18
100
AcDbCircle
 10
948.3417629892333
 20
17.15161808573339
 30
0.0
 40
5.0
1001
AcDbBlockRepETag
1070
     1
1071
        4
1005
6FB5
  0
LINE
  5
6FB6
330
6FAE
100
AcDbEntity
  8
90000_FRAME
370
    18
100
AcDbLine
 10
938.2281164356557
 20
22.15161808573339
 30
0.0
 11
938.2281164356557
 21
12.15161808573339
 31
0.0
1001
AcDbBlockRepETag
1070
     1
1071
        5
1005
6FB6
  0
CIRCLE
  5
6FB7
330
6FAE
100
AcDbEntity
  8
90000_FRAME
370
    18
100
AcDbCircle
 10
948.3417629892333
 20
17.15161808573339
 30
0.0
 40
2.0
1001
AcDbBlockRepETag
1070
     1
1071
        6
1005
6FB7
  0
LINE
  5
6FB8
330
6FAE
100
AcDbEntity
  8
90000_FRAME
 48
0.5
370
    18
100
AcDbLine
 10
948.3417629892333
 20
24.15161808573339
 30
0.0
 11
948.3417629892333
 21
10.15161808573339
 31
0.0
1001
AcDbBlockRepETag
1070
     1
1071
        7
1005
6FB8
  0
LINE
  5
6FB9
330
6FAE
100
AcDbEntity
  8
90000_FRAME
 48
0.5
370
    18
100
AcDbLine
 10
941.3417629892332
 20
17.15161808573339
 30
0.0
 11
955.3417629892333
 21
17.15161808573339
 31
0.0
1001
AcDbBlockRepETag
1070
     1
1071
        8
1005
6FB9
  0
LINE
  5
6FBA
330
6FAE
100
AcDbEntity
  8
90000_FRAME
 48
0.5
370
    18
100
AcDbLine
 10
923.7281164356557
 20
17.15161808573339
 30
0.0
 11
940.2281164356557
 21
17.15161808573339
 31
0.0
1001
AcDbBlockRepETag
1070
     1
1071
        0
1005
6FBA
  0
LINE
  5
6FBB
330
6FAE
100
AcDbEntity
  8
90000_FRAME
370
    25
100
AcDbLine
 10
938.2281164356557
 20
12.15161808573339
 30
0.0
 11
925.7281164356557
 21
13.65161808573339
 31
0.0
1001
AcDbBlockRepETag
1070
     1
1071
        1
1005
6FBB
  0
LINE
  5
6FBC
330
6FAE
100
AcDbEntity
  8
90000_FRAME
370
    25
100
AcDbLine
 10
925.7281164356557
 20
20.65161808573339
 30
0.0
 11
938.2281164356557
 21
22.15161808573339
 31
0.0
1001
AcDbBlockRepETag
1070
     1
1071
        2
1005
6FBC
  0
LINE
  5
6FBD
330
6FAE
100
AcDbEntity
  8
90000_FRAME
370
    25
100
AcDbLine
 10
925.7281164356557
 20
13.65161808573339
 30
0.0
 11
925.7281164356557
 21
20.65161808573339
 31
0.0
1001
AcDbBlockRepETag
1070
     1
1071
        3
1005
6FBD
  0
CIRCLE
  5
6FBE
330
6FAE
100
AcDbEntity
  8
90000_FRAME
370
    25
100
AcDbCircle
 10
948.3417629892333
 20
17.15161808573339
 30
0.0
 40
5.0
1001
AcDbBlockRepETag
1070
     1
1071
        4
1005
6FBE
  0
LINE
  5
6FBF
330
6FAE
100
AcDbEntity
  8
90000_FRAME
370
    25
100
AcDbLine
 10
938.2281164356557
 20
22.15161808573339
 30
0.0
 11
938.2281164356557
 21
12.15161808573339
 31
0.0
1001
AcDbBlockRepETag
1070
     1
1071
        5
1005
6FBF
  0
CIRCLE
  5
6FC0
330
6FAE
100
AcDbEntity
  8
90000_FRAME
370
    25
100
AcDbCircle
 10
948.3417629892333
 20
17.15161808573339
 30
0.0
 40
2.0
1001
AcDbBlockRepETag
1070
     1
1071
        6
1005
6FC0
  0
LINE
  5
6FC1
330
6FAE
100
AcDbEntity
  8
90000_FRAME
 48
0.5
370
    18
100
AcDbLine
 10
948.3417629892333
 20
24.15161808573339
 30
0.0
 11
948.3417629892333
 21
10.15161808573339
 31
0.0
1001
AcDbBlockRepETag
1070
     1
1071
        7
1005
6FC1
  0
LINE
  5
6FC2
330
6FAE
100
AcDbEntity
  8
90000_FRAME
 48
0.5
370
    18
100
AcDbLine
 10
941.3417629892332
 20
17.15161808573339
 30
0.0
 11
955.3417629892333
 21
17.15161808573339
 31
0.0
1001
AcDbBlockRepETag
1070
     1
1071
        8
1005
6FC2
  0
LINE
  5
6FC3
330
6FAE
100
AcDbEntity
  8
90000_FRAME
370
    25
100
AcDbLine
 10
1056.841762989233
 20
8.151618085733389
 30
0.0
 11
1056.841762989233
 21
14.15161808573339
 31
0.0
1001
GENIUS_GENREC_14
1002
{
1000
PYDIR
1011
964.3417629892333
1021
26.15161808573339
1031
0.0
1002
}
1002
{
1000
PXDIR
1011
1099.341762989233
1021
8.151618085733389
1031
0.0
1002
}
1002
{
1000
PORI
1011
964.3417629892333
1021
8.151618085733389
1031
0.0
1002
}
1002
{
1000
PINS
1011
964.3417629892333
1021
8.151618085733389
1031
0.0
1002
}
1002
{
1000
HVAL
1000
18
1002
}
1002
{
1000
H
1070
     2
1002
}
1002
{
1000
WVAL
1000
135
1002
}
1002
{
1000
W
1070
     2
1002
}
1002
{
1000
C
1070
     1
1002
}
1001
GENIUS_GENOBJ-N-REC_13
1002
{
1000
OWNER
1000
GEN
1002
}
1001
GENIUS_GENODEF_13
1002
{
1000
HIER
1070
     0
1002
}
1002
{
1000
MANEDIT
1070
     0
1002
}
1002
{
1000
NOSEL
1070
     0
1002
}
1002
{
1000
BEHIND
1070
     0
1002
}
1002
{
1000
OTHER
1070
     0
1002
}
1002
{
1000
REACTOR
1002
}
1001
AcDbBlockRepETag
1070
     1
1071
       17
1005
6FC3
  0
LINE
  5
6FC4
330
6FAE
100
AcDbEntity
  8
90000_FRAME
370
    25
100
AcDbLine
 10
1094.341762989233
 20
8.151618085733389
 30
0.0
 11
1094.341762989233
 21
26.15161808573339
 31
0.0
1001
GENIUS_GENREC_14
1002
{
1000
PYDIR
1011
959.3417629892327
1021
26.15161808573339
1031
0.0
1002
}
1002
{
1000
PXDIR
1011
1094.341762989233
1021
8.151618085733389
1031
0.0
1002
}
1002
{
1000
PORI
1011
959.3417629892327
1021
8.151618085733389
1031
0.0
1002
}
1002
{
1000
PINS
1011
959.3417629892327
1021
8.151618085733389
1031
0.0
1002
}
1002
{
1000
HVAL
1000
18
1002
}
1002
{
1000
H
1070
     2
1002
}
1002
{
1000
WVAL
1000
135
1002
}
1002
{
1000
W
1070
     2
1002
}
1002
{
1000
C
1070
     1
1002
}
1001
GENIUS_GENOBJ-N-REC_13
1002
{
1000
OWNER
1000
GEN
1002
}
1001
GENIUS_GENODEF_13
1002
{
1000
HIER
1070
     0
1002
}
1002
{
1000
MANEDIT
1070
     0
1002
}
1002
{
1000
NOSEL
1070
     0
1002
}
1002
{
1000
BEHIND
1070
     0
1002
}
1002
{
1000
OTHER
1070
     0
1002
}
1002
{
1000
REACTOR
1002
}
1001
AcDbBlockRepETag
1070
     1
1071
       18
1005
6FC4
  0
INSERT
  5
6FC5
330
6FAE
100
AcDbEntity
  8
91000_TIP
370
    25
100
AcDbBlockReference
  2
text_allg
 10
959.3417629892327
 20
26.15161808573339
 30
0.0
1001
AcDbBlockRepETag
1070
     1
1071
       19
1005
6FC5
  0
MTEXT
  5
6FC6
330
6FAE
100
AcDbEntity
  8
90000_FRAME
100
AcDbMText
 10
984.3417629892327
 20
20.15161808573339
 30
0.0
 40
3.5
 41
40.0
 71
     5
 72
     5
  1
{\fSiemens Logo|b0|i0|c0|p2;s}
 73
     1
 44
1.0
1001
AcDbBlockRepETag
1070
     1
1071
       20
1005
6FC6
1001
ACAD
1000
MTEXTBEGIN
1070
    73
1070
     1
1070
    44
1040
1.0
1070
    74
1070
     0
1000
MTEXTEND
  0
LINE
  5
6FC7
330
6FAE
100
AcDbEntity
  8
90000_FRAME
370
    25
100
AcDbLine
 10
959.3417629892327
 20
8.151618085733389
 30
0.0
 11
1094.341762989233
 21
8.151618085733389
 31
0.0
1001
GENIUS_GENREC_14
1002
{
1000
PYDIR
1011
959.3417629892327
1021
26.15161808573339
1031
0.0
1002
}
1002
{
1000
PXDIR
1011
1094.341762989233
1021
8.151618085733389
1031
0.0
1002
}
1002
{
1000
PORI
1011
959.3417629892327
1021
8.151618085733389
1031
0.0
1002
}
1002
{
1000
PINS
1011
959.3417629892327
1021
8.151618085733389
1031
0.0
1002
}
1002
{
1000
HVAL
1000
18
1002
}
1002
{
1000
H
1070
     2
1002
}
1002
{
1000
WVAL
1000
135
1002
}
1002
{
1000
W
1070
     2
1002
}
1002
{
1000
C
1070
     1
1002
}
1001
GENIUS_GENOBJ-N-REC_13
1002
{
1000
OWNER
1000
GEN
1002
}
1001
GENIUS_GENODEF_13
1002
{
1000
HIER
1070
     0
1002
}
1002
{
1000
MANEDIT
1070
     0
1002
}
1002
{
1000
NOSEL
1070
     0
1002
}
1002
{
1000
BEHIND
1070
     0
1002
}
1002
{
1000
OTHER
1070
     0
1002
}
1002
{
1000
REACTOR
1002
}
1001
AcDbBlockRepETag
1070
     1
1071
       21
1005
6FC7
  0
LINE
  5
6FC8
330
6FAE
100
AcDbEntity
  8
90000_FRAME
370
    25
100
AcDbLine
 10
1094.341762989233
 20
26.15161808573339
 30
0.0
 11
959.3417629892327
 21
26.15161808573339
 31
0.0
1001
GENIUS_GENREC_14
1002
{
1000
PYDIR
1011
959.3417629892327
1021
26.15161808573339
1031
0.0
1002
}
1002
{
1000
PXDIR
1011
1094.341762989233
1021
8.151618085733389
1031
0.0
1002
}
1002
{
1000
PORI
1011
959.3417629892327
1021
8.151618085733389
1031
0.0
1002
}
1002
{
1000
PINS
1011
959.3417629892327
1021
8.151618085733389
1031
0.0
1002
}
1002
{
1000
HVAL
1000
18
1002
}
1002
{
1000
H
1070
     2
1002
}
1002
{
1000
WVAL
1000
135
1002
}
1002
{
1000
W
1070
     2
1002
}
1002
{
1000
C
1070
     1
1002
}
1001
GENIUS_GENOBJ-N-REC_13
1002
{
1000
OWNER
1000
GEN
1002
}
1001
GENIUS_GENODEF_13
1002
{
1000
HIER
1070
     0
1002
}
1002
{
1000
MANEDIT
1070
     0
1002
}
1002
{
1000
NOSEL
1070
     0
1002
}
1002
{
1000
BEHIND
1070
     0
1002
}
1002
{
1000
OTHER
1070
     0
1002
}
1002
{
1000
REACTOR
1002
}
1001
AcDbBlockRepETag
1070
     1
1071
       22
1005
6FC8
  0
LINE
  5
6FC9
330
6FAE
100
AcDbEntity
  8
90000_FRAME
370
    25
100
AcDbLine
 10
1094.341762989233
 20
14.15161808573339
 30
0.0
 11
959.3417629892327
 21
14.15161808573339
 31
0.0
1001
GENIUS_GENREC_14
1002
{
1000
PYDIR
1011
959.3417629892327
1021
26.15161808573339
1031
0.0
1002
}
1002
{
1000
PXDIR
1011
1094.341762989233
1021
8.151618085733389
1031
0.0
1002
}
1002
{
1000
PORI
1011
959.3417629892327
1021
8.151618085733389
1031
0.0
1002
}
1002
{
1000
PINS
1011
959.3417629892327
1021
8.151618085733389
1031
0.0
1002
}
1002
{
1000
HVAL
1000
18
1002
}
1002
{
1000
H
1070
     2
1002
}
1002
{
1000
WVAL
1000
135
1002
}
1002
{
1000
W
1070
     2
1002
}
1002
{
1000
C
1070
     1
1002
}
1001
GENIUS_GENOBJ-N-REC_13
1002
{
1000
OWNER
1000
GEN
1002
}
1001
GENIUS_GENODEF_13
1002
{
1000
HIER
1070
     0
1002
}
1002
{
1000
MANEDIT
1070
     0
1002
}
1002
{
1000
NOSEL
1070
     0
1002
}
1002
{
1000
BEHIND
1070
     0
1002
}
1002
{
1000
OTHER
1070
     0
1002
}
1002
{
1000
REACTOR
1002
}
1001
AcDbBlockRepETag
1070
     1
1071
       23
1005
6FC9
  0
MTEXT
  5
6FCA
330
6FAE
100
AcDbEntity
  8
90000_FRAME
370
    25
100
AcDbMText
 10
966.591762989233
 20
11.15161808573339
 30
0.0
 40
2.5
 41
11.0
 71
     5
 72
     5
  1
Date:
 73
     1
 44
1.0
1001
AcDbBlockRepETag
1070
     1
1071
       24
1005
6FCA
1001
ACAD
1000
MTEXTBEGIN
1070
    73
1070
     1
1070
    44
1040
1.0
1070
    74
1070
     0
1000
MTEXTEND
  0
LINE
  5
6FCB
330
6FAE
100
AcDbEntity
  8
90000_FRAME
370
    25
100
AcDbLine
 10
959.3417629892327
 20
26.15161808573339
 30
0.0
 11
959.3417629892327
 21
8.151618085733389
 31
0.0
1001
GENIUS_GENREC_14
1002
{
1000
PYDIR
1011
959.3417629892327
1021
26.15161808573339
1031
0.0
1002
}
1002
{
1000
PXDIR
1011
1094.341762989233
1021
8.151618085733389
1031
0.0
1002
}
1002
{
1000
PORI
1011
959.3417629892327
1021
8.151618085733389
1031
0.0
1002
}
1002
{
1000
PINS
1011
959.3417629892327
1021
8.151618085733389
1031
0.0
1002
}
1002
{
1000
HVAL
1000
18
1002
}
1002
{
1000
H
1070
     2
1002
}
1002
{
1000
WVAL
1000
135
1002
}
1002
{
1000
W
1070
     2
1002
}
1002
{
1000
C
1070
     1
1002
}
1001
GENIUS_GENOBJ-N-REC_13
1002
{
1000
OWNER
1000
GEN
1002
}
1001
GENIUS_GENODEF_13
1002
{
1000
HIER
1070
     0
1002
}
1002
{
1000
MANEDIT
1070
     0
1002
}
1002
{
1000
NOSEL
1070
     0
1002
}
1002
{
1000
BEHIND
1070
     0
1002
}
1002
{
1000
OTHER
1070
     0
1002
}
1002
{
1000
REACTOR
1002
}
1001
AcDbBlockRepETag
1070
     1
1071
       25
1005
6FCB
  0
MTEXT
  5
6FCC
330
6FAE
100
AcDbEntity
  8
90000_FRAME
370
    25
100
AcDbMText
 10
991.591762989233
 20
11.15161808573339
 30
0.0
 40
2.5
 41
11.0
 71
     5
 72
     5
  1
Name:
 73
     1
 44
1.0
1001
AcDbBlockRepETag
1070
     1
1071
        9
1005
6FCC
1001
ACAD
1000
MTEXTBEGIN
1070
    73
1070
     1
1070
    44
1040
1.0
1070
    74
1070
     0
1000
MTEXTEND
  0
LINE
  5
6FCD
330
6FAE
100
AcDbEntity
  8
90000_FRAME
100
AcDbLine
 10
984.3417629892327
 20
14.15161808573339
 30
0.0
 11
984.3417629892327
 21
8.151618085733389
 31
0.0
1001
GENIUS_GENREC_14
1002
{
1000
PYDIR
1011
959.3417629892327
1021
26.15161808573339
1031
0.0
1002
}
1002
{
1000
PXDIR
1011
1094.341762989233
1021
8.151618085733389
1031
0.0
1002
}
1002
{
1000
PORI
1011
959.3417629892327
1021
8.151618085733389
1031
0.0
1002
}
1002
{
1000
PINS
1011
959.3417629892327
1021
8.151618085733389
1031
0.0
1002
}
1002
{
1000
HVAL
1000
18
1002
}
1002
{
1000
H
1070
     2
1002
}
1002
{
1000
WVAL
1000
135
1002
}
1002
{
1000
W
1070
     2
1002
}
1002
{
1000
C
1070
     1
1002
}
1001
GENIUS_GENOBJ-N-REC_13
1002
{
1000
OWNER
1000
GEN
1002
}
1001
GENIUS_GENODEF_13
1002
{
1000
HIER
1070
     0
1002
}
1002
{
1000
MANEDIT
1070
     0
1002
}
1002
{
1000
NOSEL
1070
     0
1002
}
1002
{
1000
BEHIND
1070
     0
1002
}
1002
{
1000
OTHER
1070
     0
1002
}
1002
{
1000
REACTOR
1002
}
1001
AcDbBlockRepETag
1070
     1
1071
       10
1005
6FCD
  0
TEXT
  5
6FCE
330
6FAE
100
AcDbEntity
  8
90000_FRAME
370
    25
100
AcDbText
 10
1060.716762989233
 20
9.902565055430358
 30
0.0
 40
2.5
  1
Massstab/Scale:
100
AcDbText
1001
AcDbBlockRepETag
1070
     1
1071
       26
1005
6FCE
  0
LINE
  5
6FCF
330
6FAE
100
AcDbEntity
  8
90000_FRAME
370
    25
100
AcDbLine
 10
1009.341762989233
 20
26.15161808573339
 30
0.0
 11
1009.341762989233
 21
8.151618085733389
 31
0.0
1001
GENIUS_GENREC_14
1002
{
1000
PYDIR
1011
959.3417629892327
1021
26.15161808573339
1031
0.0
1002
}
1002
{
1000
PXDIR
1011
1094.341762989233
1021
8.151618085733389
1031
0.0
1002
}
1002
{
1000
PORI
1011
959.3417629892327
1021
8.151618085733389
1031
0.0
1002
}
1002
{
1000
PINS
1011
959.3417629892327
1021
8.151618085733389
1031
0.0
1002
}
1002
{
1000
HVAL
1000
18
1002
}
1002
{
1000
H
1070
     2
1002
}
1002
{
1000
WVAL
1000
135
1002
}
1002
{
1000
W
1070
     2
1002
}
1002
{
1000
C
1070
     1
1002
}
1001
GENIUS_GENOBJ-N-REC_13
1002
{
1000
OWNER
1000
GEN
1002
}
1001
GENIUS_GENODEF_13
1002
{
1000
HIER
1070
     0
1002
}
1002
{
1000
MANEDIT
1070
     0
1002
}
1002
{
1000
NOSEL
1070
     0
1002
}
1002
{
1000
BEHIND
1070
     0
1002
}
1002
{
1000
OTHER
1070
     0
1002
}
1002
{
1000
REACTOR
1002
}
1001
AcDbBlockRepETag
1070
     1
1071
       12
1005
6FCF
  0
LINE
  5
6FD0
330
6FAE
100
AcDbEntity
  8
90000_FRAME
370
    25
100
AcDbLine
 10
1056.841762989233
 20
8.151618085733389
 30
0.0
 11
1056.841762989233
 21
14.15161808573339
 31
0.0
1001
GENIUS_GENREC_14
1002
{
1000
PYDIR
1011
964.3417629892333
1021
26.15161808573339
1031
0.0
1002
}
1002
{
1000
PXDIR
1011
1099.341762989233
1021
8.151618085733389
1031
0.0
1002
}
1002
{
1000
PORI
1011
964.3417629892333
1021
8.151618085733389
1031
0.0
1002
}
1002
{
1000
PINS
1011
964.3417629892333
1021
8.151618085733389
1031
0.0
1002
}
1002
{
1000
HVAL
1000
18
1002
}
1002
{
1000
H
1070
     2
1002
}
1002
{
1000
WVAL
1000
135
1002
}
1002
{
1000
W
1070
     2
1002
}
1002
{
1000
C
1070
     1
1002
}
1001
GENIUS_GENOBJ-N-REC_13
1002
{
1000
OWNER
1000
GEN
1002
}
1001
GENIUS_GENODEF_13
1002
{
1000
HIER
1070
     0
1002
}
1002
{
1000
MANEDIT
1070
     0
1002
}
1002
{
1000
NOSEL
1070
     0
1002
}
1002
{
1000
BEHIND
1070
     0
1002
}
1002
{
1000
OTHER
1070
     0
1002
}
1002
{
1000
REACTOR
1002
}
1001
AcDbBlockRepETag
1070
     1
1071
       27
1005
6FD0
  0
ATTDEF
  5
6FD1
330
6FAE
100
AcDbEntity
  8
90000_FRAME
370
    25
100
AcDbText
 10
1086.290959406789
 20
9.996523267326779
 30
0.0
 40
2.5
  1
1:1
 72
     1
 11
1087.957626073456
 21
11.24652326732678
 31
0.0
100
AcDbAttributeDefinition
  3
Massstab
  2
MASSSTAB/SCALE:
 70
     0
 74
     2
1001
AcDbBlockRepETag
1070
     1
1071
       13
1005
0
  0
ATTDEF
  5
6FD2
330
6FAE
100
AcDbEntity
  8
90000_FRAME
370
    35
100
AcDbText
 10
1051.841762989233
 20
20.4016180857335
 30
0.0
 40
3.5
  1

 72
     1
 11
1051.841762989233
 21
22.1516180857335
 31
0.0
100
AcDbAttributeDefinition
  3
Z-Name
  2
ZEICHNUNGSNAME
 70
     0
 74
     2
1001
AcDbBlockRepETag
1070
     1
1071
       14
1005
0
  0
ATTDEF
  5
6FD3
330
6FAE
100
AcDbEntity
  8
90000_FRAME
370
    25
100
AcDbText
 10
1051.841762989233
 20
15.37940141589354
 30
0.0
 40
2.5
  1

 72
     1
 11
1051.841762989233
 21
16.62940141589354
 31
0.0
100
AcDbAttributeDefinition
  3
A-Name
  2
ARTIKELNAME
 70
     0
 74
     2
1001
AcDbBlockRepETag
1070
     1
1071
       28
1005
0
  0
ATTDEF
  5
6FD4
330
6FAE
100
AcDbEntity
  8
90000_FRAME
370
    25
100
AcDbText
 10
977.3417629892335
 20
9.901618085733389
 30
0.0
 40
2.5
  1

 72
     1
 11
977.3417629892335
 21
11.15161808573339
 31
0.0
100
AcDbAttributeDefinition
  3
Datum
  2
DATUM
 70
     0
 74
     2
1001
AcDbBlockRepETag
1070
     1
1071
       16
1005
0
  0
ATTDEF
  5
6FD5
330
6FAE
100
AcDbEntity
  8
90000_FRAME
370
    25
100
AcDbText
 10
1002.341762989233
 20
9.901618085733389
 30
0.0
 40
2.5
  1

 72
     1
 11
1002.341762989233
 21
11.15161808573339
 31
0.0
100
AcDbAttributeDefinition
  3
Name
  2
NAME
 70
     0
 74
     2
1001
AcDbBlockRepETag
1070
     1
1071
       15
1005
0
  0
ENDBLK
  5
6FD6
330
6FAE
100
AcDbEntity
  8
0
100
AcDbBlockEnd
  0
BLOCK
  5
7042
330
7041
100
AcDbEntity
  8
0
100
AcDbBlockBegin
  2
*D34
 70
     1
 10
0.0
 20
0.0
 30
0.0
  3
*D34
  1

  0
LINE
  5
710F
330
7041
100
AcDbEntity
  8
10100_DIM_FRONT
100
AcDbLine
 10
1220.922660585656
 20
-46.50161480693581
 30
0.0
 11
1220.922660585656
 21
-80.15181807559498
 31
0.0
  0
LINE
  5
7110
330
7041
100
AcDbEntity
  8
10100_DIM_FRONT
100
AcDbLine
 10
1347.214695569256
 20
-42.60161491273589
 30
0.0
 11
1347.214695569256
 21
-80.15181807559498
 31
0.0
  0
LINE
  5
7111
330
7041
100
AcDbEntity
  8
10100_DIM_FRONT
100
AcDbLine
 10
1224.422660585656
 20
-79.15181807559497
 30
0.0
 11
1343.714695569256
 21
-79.15181807559497
 31
0.0
  0
SOLID
  5
7112
330
7041
100
AcDbEntity
  8
10100_DIM_FRONT
100
AcDbTrace
 10
1224.422660585656
 20
-78.56848474226166
 30
0.0
 11
1224.422660585656
 21
-79.7351514089283
 31
0.0
 12
1220.922660585656
 22
-79.15181807559497
 32
0.0
 13
1220.922660585656
 23
-79.15181807559497
 33
0.0
  0
SOLID
  5
7113
330
7041
100
AcDbEntity
  8
10100_DIM_FRONT
100
AcDbTrace
 10
1343.714695569256
 20
-78.56848474226166
 30
0.0
 11
1343.714695569256
 21
-79.7351514089283
 31
0.0
 12
1347.214695569256
 22
-79.15181807559497
 32
0.0
 13
1347.214695569256
 23
-79.15181807559497
 33
0.0
  0
MTEXT
  5
7114
330
7041
100
AcDbEntity
  8
10100_DIM_FRONT
100
AcDbMText
 10
1286.516362063925
 20
-75.6101514089283
 30
0.0
 40
3.5
 41
0.0
 71
     5
 72
     1
  1
126,3
 73
     1
 44
1.0
1001
ACAD
1000
MTEXTBEGIN
1070
    73
1070
     1
1070
    44
1040
1.0
1070
    74
1070
     0
1000
MTEXTEND
  0
POINT
  5
7115
330
7041
100
AcDbEntity
  8
Defpoints
 62
     0
100
AcDbPoint
 10
1220.922660585656
 20
-46.50161480693581
 30
0.0
  0
POINT
  5
7116
330
7041
100
AcDbEntity
  8
Defpoints
 62
     0
100
AcDbPoint
 10
1347.214695569256
 20
-42.60161491273589
 30
0.0
  0
POINT
  5
7117
330
7041
100
AcDbEntity
  8
Defpoints
 62
     0
100
AcDbPoint
 10
1347.214695569256
 20
-79.15181807559497
 30
0.0
  0
ENDBLK
  5
7043
330
7041
100
AcDbEntity
  8
0
100
AcDbBlockEnd
  0
BLOCK
  5
7050
330
704F
100
AcDbEntity
  8
0
100
AcDbBlockBegin
  2
*D35
 70
     1
 10
0.0
 20
0.0
 30
0.0
  3
*D35
  1

  0
LINE
  5
7106
330
704F
100
AcDbEntity
  8
10100_DIM_FRONT
100
AcDbLine
 10
1226.372663434756
 20
-50.90161478303588
 30
0.0
 11
1226.372663434756
 21
-66.38045538070423
 31
0.0
  0
LINE
  5
7107
330
704F
100
AcDbEntity
  8
10100_DIM_FRONT
100
AcDbLine
 10
1347.214695569256
 20
-42.60161491273589
 30
0.0
 11
1347.214695569256
 21
-66.38045538070423
 31
0.0
  0
LINE
  5
7108
330
704F
100
AcDbEntity
  8
10100_DIM_FRONT
100
AcDbLine
 10
1229.872663434756
 20
-65.38045538070424
 30
0.0
 11
1343.714695569256
 21
-65.38045538070424
 31
0.0
  0
SOLID
  5
7109
330
704F
100
AcDbEntity
  8
10100_DIM_FRONT
100
AcDbTrace
 10
1229.872663434756
 20
-64.7971220473709
 30
0.0
 11
1229.872663434756
 21
-65.96378871403756
 31
0.0
 12
1226.372663434756
 22
-65.38045538070424
 32
0.0
 13
1226.372663434756
 23
-65.38045538070424
 33
0.0
  0
SOLID
  5
710A
330
704F
100
AcDbEntity
  8
10100_DIM_FRONT
100
AcDbTrace
 10
1343.714695569256
 20
-64.7971220473709
 30
0.0
 11
1343.714695569256
 21
-65.96378871403756
 31
0.0
 12
1347.214695569256
 22
-65.38045538070424
 32
0.0
 13
1347.214695569256
 23
-65.38045538070424
 33
0.0
  0
MTEXT
  5
710B
330
704F
100
AcDbEntity
  8
10100_DIM_FRONT
100
AcDbMText
 10
1286.793679502006
 20
-61.83878871403757
 30
0.0
 40
3.5
 41
0.0
 71
     5
 72
     1
  1
120,8
 73
     1
 44
1.0
1001
ACAD
1000
MTEXTBEGIN
1070
    73
1070
     1
1070
    44
1040
1.0
1070
    74
1070
     0
1000
MTEXTEND
  0
POINT
  5
710C
330
704F
100
AcDbEntity
  8
Defpoints
 62
     0
100
AcDbPoint
 10
1226.372663434756
 20
-50.90161478303588
 30
0.0
  0
POINT
  5
710D
330
704F
100
AcDbEntity
  8
Defpoints
 62
     0
100
AcDbPoint
 10
1347.214695569256
 20
-42.60161491273589
 30
0.0
  0
POINT
  5
710E
330
704F
100
AcDbEntity
  8
Defpoints
 62
     0
100
AcDbPoint
 10
1347.214695569256
 20
-65.38045538070424
 30
0.0
  0
ENDBLK
  5
7051
330
704F
100
AcDbEntity
  8
0
100
AcDbBlockEnd
  0
BLOCK
  5
705E
330
705D
100
AcDbEntity
  8
0
100
AcDbBlockBegin
  2
*D36
 70
     1
 10
0.0
 20
0.0
 30
0.0
  3
*D36
  1

  0
LINE
  5
711B
330
705D
100
AcDbEntity
  8
11100 _DIM_LEFT
100
AcDbLine
 10
1394.49029832384
 20
-44.00161439723581
 30
0.0
 11
1394.49029832384
 21
-66.86092579258832
 31
0.0
  0
LINE
  5
711C
330
705D
100
AcDbEntity
  8
11100 _DIM_LEFT
100
AcDbLine
 10
1532.79029808244
 20
-47.40161444233586
 30
0.0
 11
1532.79029808244
 21
-66.86092579258832
 31
0.0
  0
LINE
  5
711D
330
705D
100
AcDbEntity
  8
11100 _DIM_LEFT
100
AcDbLine
 10
1397.99029832384
 20
-65.8609257925883
 30
0.0
 11
1529.29029808244
 21
-65.8609257925883
 31
0.0
  0
SOLID
  5
711E
330
705D
100
AcDbEntity
  8
11100 _DIM_LEFT
100
AcDbTrace
 10
1397.99029832384
 20
-65.27759245925499
 30
0.0
 11
1397.99029832384
 21
-66.44425912592165
 31
0.0
 12
1394.49029832384
 22
-65.8609257925883
 32
0.0
 13
1394.49029832384
 23
-65.8609257925883
 33
0.0
  0
SOLID
  5
711F
330
705D
100
AcDbEntity
  8
11100 _DIM_LEFT
100
AcDbTrace
 10
1529.29029808244
 20
-65.27759245925499
 30
0.0
 11
1529.29029808244
 21
-66.44425912592165
 31
0.0
 12
1532.79029808244
 22
-65.8609257925883
 32
0.0
 13
1532.79029808244
 23
-65.8609257925883
 33
0.0
  0
MTEXT
  5
7120
330
705D
100
AcDbEntity
  8
11100 _DIM_LEFT
100
AcDbMText
 10
1463.64029820314
 20
-62.31925912592163
 30
0.0
 40
3.5
 41
0.0
 71
     5
 72
     1
  1
138,3
 73
     1
 44
1.0
1001
ACAD
1000
MTEXTBEGIN
1070
    73
1070
     1
1070
    44
1040
1.0
1070
    74
1070
     0
1000
MTEXTEND
  0
POINT
  5
7121
330
705D
100
AcDbEntity
  8
Defpoints
 62
     0
100
AcDbPoint
 10
1394.49029832384
 20
-44.00161439723581
 30
0.0
  0
POINT
  5
7122
330
705D
100
AcDbEntity
  8
Defpoints
 62
     0
100
AcDbPoint
 10
1532.79029808244
 20
-47.40161444233586
 30
0.0
  0
POINT
  5
7123
330
705D
100
AcDbEntity
  8
Defpoints
 62
     0
100
AcDbPoint
 10
1532.79029808244
 20
-65.8609257925883
 30
0.0
  0
ENDBLK
  5
705F
330
705D
100
AcDbEntity
  8
0
100
AcDbBlockEnd
  0
BLOCK
  5
706C
330
706B
100
AcDbEntity
  8
0
100
AcDbBlockBegin
  2
*D37
 70
     1
 10
0.0
 20
0.0
 30
0.0
  3
*D37
  1

  0
LINE
  5
7124
330
706B
100
AcDbEntity
  8
11100 _DIM_LEFT
100
AcDbLine
 10
1520.59029831784
 20
-26.80161381313588
 30
0.0
 11
1557.9894734046
 21
-26.80161381313589
 31
0.0
  0
LINE
  5
7125
330
706B
100
AcDbEntity
  8
11100 _DIM_LEFT
100
AcDbLine
 10
1524.29029855184
 20
-48.40161437333586
 30
0.0
 11
1557.9894734046
 21
-48.40161437333587
 31
0.0
  0
LINE
  5
7126
330
706B
100
AcDbEntity
  8
11100 _DIM_LEFT
100
AcDbLine
 10
1556.989473404599
 20
-30.30161381313589
 30
0.0
 11
1556.989473404599
 21
-44.90161437333584
 31
0.0
  0
SOLID
  5
7127
330
706B
100
AcDbEntity
  8
11100 _DIM_LEFT
100
AcDbTrace
 10
1556.406140071266
 20
-30.30161381313589
 30
0.0
 11
1557.572806737933
 21
-30.30161381313589
 31
0.0
 12
1556.989473404599
 22
-26.80161381313589
 32
0.0
 13
1556.989473404599
 23
-26.80161381313589
 33
0.0
  0
SOLID
  5
7128
330
706B
100
AcDbEntity
  8
11100 _DIM_LEFT
100
AcDbTrace
 10
1556.406140071266
 20
-44.90161437333584
 30
0.0
 11
1557.572806737933
 21
-44.90161437333584
 31
0.0
 12
1556.989473404599
 22
-48.40161437333587
 32
0.0
 13
1556.989473404599
 23
-48.40161437333587
 33
0.0
  0
MTEXT
  5
7129
330
706B
100
AcDbEntity
  8
11100 _DIM_LEFT
100
AcDbMText
 10
1553.447806737933
 20
-37.60161409323564
 30
0.0
 40
3.5
 41
0.0
 71
     5
 72
     1
  1
21,6
 11
0.0000000000000001
 21
1.0
 31
0.0
 73
     1
 44
1.0
1001
ACAD
1000
MTEXTBEGIN
1070
    73
1070
     1
1070
    44
1040
1.0
1070
    74
1070
     0
1000
MTEXTEND
  0
POINT
  5
712A
330
706B
100
AcDbEntity
  8
Defpoints
 62
     0
100
AcDbPoint
 10
1520.59029831784
 20
-26.80161381313588
 30
0.0
  0
POINT
  5
712B
330
706B
100
AcDbEntity
  8
Defpoints
 62
     0
100
AcDbPoint
 10
1524.29029855184
 20
-48.40161437333586
 30
0.0
  0
POINT
  5
712C
330
706B
100
AcDbEntity
  8
Defpoints
 62
     0
100
AcDbPoint
 10
1556.989473404599
 20
-48.40161437333587
 30
0.0
  0
ENDBLK
  5
706D
330
706B
100
AcDbEntity
  8
0
100
AcDbBlockEnd
  0
BLOCK
  5
7A78
330
7A77
100
AcDbEntity
  8
0
100
AcDbBlockBegin
  2
*D38
 70
     1
 10
0.0
 20
0.0
 30
0.0
  3
*D38
  1

  0
LINE
  5
7A79
330
7A77
100
AcDbEntity
  8
10100_DIM_FRONT
 62
     0
370
    -2
100
AcDbLine
 10
837.0379755309157
 20
230.0233357736541
 30
0.0
 11
846.1438836070325
 21
230.0233357736541
 31
0.0
  0
LINE
  5
7A7A
330
7A77
100
AcDbEntity
  8
10100_DIM_FRONT
 62
     0
370
    -2
100
AcDbLine
 10
833.5243745147158
 20
217.023335854654
 30
0.0
 11
846.1438836070325
 21
217.023335854654
 31
0.0
  0
LINE
  5
7A7B
330
7A77
100
AcDbEntity
  8
10100_DIM_FRONT
 62
     0
370
    -2
100
AcDbLine
 10
846.1438836070325
 20
226.7213357736541
 30
0.0
 11
846.1438836070325
 21
220.325335854654
 31
0.0
  0
SOLID
  5
7A7C
330
7A77
100
AcDbEntity
  8
10100_DIM_FRONT
 62
     0
100
AcDbTrace
 10
845.5935502736991
 20
226.7213357736541
 30
0.0
 11
846.6942169403658
 21
226.7213357736541
 31
0.0
 12
846.1438836070325
 22
230.0233357736541
 32
0.0
 13
846.1438836070325
 23
230.0233357736541
 33
0.0
  0
SOLID
  5
7A7D
330
7A77
100
AcDbEntity
  8
10100_DIM_FRONT
 62
     0
100
AcDbTrace
 10
845.5935502736991
 20
220.325335854654
 30
0.0
 11
846.6942169403658
 21
220.325335854654
 31
0.0
 12
846.1438836070325
 22
217.023335854654
 32
0.0
 13
846.1438836070325
 23
217.023335854654
 33
0.0
  0
MTEXT
  5
7A7E
330
7A77
100
AcDbEntity
  8
10100_DIM_FRONT
 62
     0
100
AcDbMText
 10
841.7688836070322
 20
223.7170386946874
 30
0.0
 40
3.5
 41
0.0
 71
     2
 72
     1
  1
\A1;13
  7
SLDTEXTSTYLE0
 11
0.0000000000000001
 21
1.0
 31
0.0
 73
     1
 44
1.0
1001
ACAD
1000
MTEXTBEGIN
1070
    73
1070
     1
1070
    44
1040
1.0
1070
    74
1070
     0
1000
MTEXTEND
  0
POINT
  5
7A7F
330
7A77
100
AcDbEntity
  8
Defpoints
 62
     0
100
AcDbPoint
 10
836.9754755309156
 20
230.0233357736541
 30
0.0
  0
POINT
  5
7A80
330
7A77
100
AcDbEntity
  8
Defpoints
 62
     0
100
AcDbPoint
 10
833.4618745147157
 20
217.023335854654
 30
0.0
  0
POINT
  5
7A81
330
7A77
100
AcDbEntity
  8
Defpoints
 62
     0
100
AcDbPoint
 10
846.1438836070325
 20
217.023335854654
 30
0.0
  0
ENDBLK
  5
7A82
330
7A77
100
AcDbEntity
  8
0
100
AcDbBlockEnd
  0
BLOCK
  5
7A84
330
7A83
100
AcDbEntity
  8
0
100
AcDbBlockBegin
  2
*D39
 70
     1
 10
0.0
 20
0.0
 30
0.0
  3
*D39
  1

  0
LINE
  5
7A85
330
7A83
100
AcDbEntity
  8
10100_DIM_FRONT
 62
     0
370
    -2
100
AcDbLine
 10
827.8993745705157
 20
222.8583358699541
 30
0.0
 11
827.8993745705157
 21
209.365633286526
 31
0.0
  0
LINE
  5
7A86
330
7A83
100
AcDbEntity
  8
10100_DIM_FRONT
 62
     0
370
    -2
100
AcDbLine
 10
834.1493745705157
 20
222.7958358699541
 30
0.0
 11
834.1493745705157
 21
209.365633286526
 31
0.0
  0
LINE
  5
7A87
330
7A83
100
AcDbEntity
  8
10100_DIM_FRONT
 62
     0
370
    -2
100
AcDbLine
 10
824.5973745705157
 20
209.365633286526
 30
0.0
 11
821.2953745705156
 21
209.365633286526
 31
0.0
  0
LINE
  5
7A88
330
7A83
100
AcDbEntity
  8
10100_DIM_FRONT
 62
     0
370
    -2
100
AcDbLine
 10
837.4513745705158
 20
209.365633286526
 30
0.0
 11
850.3783745705158
 21
209.365633286526
 31
0.0
  0
SOLID
  5
7A89
330
7A83
100
AcDbEntity
  8
10100_DIM_FRONT
 62
     0
100
AcDbTrace
 10
824.5973745705157
 20
209.9159666198593
 30
0.0
 11
824.5973745705157
 21
208.8152999531927
 31
0.0
 12
827.8993745705157
 22
209.365633286526
 32
0.0
 13
827.8993745705157
 23
209.365633286526
 33
0.0
  0
SOLID
  5
7A8A
330
7A83
100
AcDbEntity
  8
10100_DIM_FRONT
 62
     0
100
AcDbTrace
 10
837.4513745705158
 20
209.9159666198593
 30
0.0
 11
837.4513745705158
 21
208.8152999531927
 31
0.0
 12
834.1493745705157
 22
209.365633286526
 32
0.0
 13
834.1493745705157
 23
209.365633286526
 33
0.0
  0
MTEXT
  5
7A8B
330
7A83
100
AcDbEntity
  8
10100_DIM_FRONT
 62
     0
100
AcDbMText
 10
845.5658745705157
 20
213.740633286526
 30
0.0
 40
3.5
 41
0.0
 71
     2
 72
     1
  1
\A1;6.25
  7
SLDTEXTSTYLE0
 73
     1
 44
1.0
1001
ACAD
1000
MTEXTBEGIN
1070
    73
1070
     1
1070
    44
1040
1.0
1070
    74
1070
     0
1000
MTEXTEND
  0
POINT
  5
7A8C
330
7A83
100
AcDbEntity
  8
Defpoints
 62
     0
100
AcDbPoint
 10
827.8993745705157
 20
222.9208358699541
 30
0.0
  0
POINT
  5
7A8D
330
7A83
100
AcDbEntity
  8
Defpoints
 62
     0
100
AcDbPoint
 10
834.1493745705157
 20
222.8583358699541
 30
0.0
  0
POINT
  5
7A8E
330
7A83
100
AcDbEntity
  8
Defpoints
 62
     0
100
AcDbPoint
 10
834.1493745705157
 20
209.365633286526
 30
0.0
  0
ENDBLK
  5
7A8F
330
7A83
100
AcDbEntity
  8
0
100
AcDbBlockEnd
  0
BLOCK
  5
7A91
330
7A90
100
AcDbEntity
  8
0
100
AcDbBlockBegin
  2
*D40
 70
     1
 10
0.0
 20
0.0
 30
0.0
  3
*D40
  1

  0
LINE
  5
7A92
330
7A90
100
AcDbEntity
  8
11100_DIM_LEFT
 62
     0
370
    -2
100
AcDbLine
 10
916.342432540809
 20
228.308335986154
 30
0.0
 11
932.9167471689045
 21
228.308335986154
 31
0.0
  0
LINE
  5
7A93
330
7A90
100
AcDbEntity
  8
11100_DIM_LEFT
 62
     0
370
    -2
100
AcDbLine
 10
916.342432540809
 20
226.9083355704541
 30
0.0
 11
932.9167471689045
 21
226.9083355704541
 31
0.0
  0
LINE
  5
7A94
330
7A90
100
AcDbEntity
  8
11100_DIM_LEFT
 62
     0
370
    -2
100
AcDbLine
 10
932.9167471689045
 20
231.6103359861541
 30
0.0
 11
932.9167471689045
 21
234.9123359861541
 31
0.0
  0
LINE
  5
7A95
330
7A90
100
AcDbEntity
  8
11100_DIM_LEFT
 62
     0
370
    -2
100
AcDbLine
 10
932.9167471689045
 20
223.6063355704541
 30
0.0
 11
932.9167471689045
 21
214.1793355704539
 31
0.0
  0
SOLID
  5
7A96
330
7A90
100
AcDbEntity
  8
11100_DIM_LEFT
 62
     0
100
AcDbTrace
 10
932.3664138355713
 20
231.6103359861541
 30
0.0
 11
933.4670805022375
 21
231.6103359861541
 31
0.0
 12
932.9167471689045
 22
228.308335986154
 32
0.0
 13
932.9167471689045
 23
228.308335986154
 33
0.0
  0
SOLID
  5
7A97
330
7A90
100
AcDbEntity
  8
11100_DIM_LEFT
 62
     0
100
AcDbTrace
 10
932.3664138355713
 20
223.6063355704541
 30
0.0
 11
933.4670805022375
 21
223.6063355704541
 31
0.0
 12
932.9167471689045
 22
226.9083355704541
 32
0.0
 13
932.9167471689045
 23
226.9083355704541
 33
0.0
  0
MTEXT
  5
7A98
330
7A90
100
AcDbEntity
  8
11100_DIM_LEFT
 62
     0
100
AcDbMText
 10
928.5417471689044
 20
217.2418355704541
 30
0.0
 40
3.5
 41
0.0
 71
     2
 72
     1
  1
\A1;1.2
  7
SLDTEXTSTYLE0
 11
0.0000000000000001
 21
1.0
 31
0.0
 73
     1
 44
1.0
1001
ACAD
1000
MTEXTBEGIN
1070
    73
1070
     1
1070
    44
1040
1.0
1070
    74
1070
     0
1000
MTEXTEND
  0
POINT
  5
7A99
330
7A90
100
AcDbEntity
  8
Defpoints
 62
     0
100
AcDbPoint
 10
916.2799325408087
 20
228.308335986154
 30
0.0
  0
POINT
  5
7A9A
330
7A90
100
AcDbEntity
  8
Defpoints
 62
     0
100
AcDbPoint
 10
916.2799325408087
 20
226.9083355704541
 30
0.0
  0
POINT
  5
7A9B
330
7A90
100
AcDbEntity
  8
Defpoints
 62
     0
100
AcDbPoint
 10
932.9167471689045
 20
226.9083355704541
 30
0.0
  0
ENDBLK
  5
7A9C
330
7A90
100
AcDbEntity
  8
0
100
AcDbBlockEnd
  0
BLOCK
  5
7A9E
330
7A9D
100
AcDbEntity
  8
0
100
AcDbBlockBegin
  2
*D41
 70
     1
 10
0.0
 20
0.0
 30
0.0
  3
*D41
  1

  0
LINE
  5
7A9F
330
7A9D
100
AcDbEntity
  8
14100_DIM_BOTTOM
 62
     0
370
    -2
100
AcDbLine
 10
833.2950672533737
 20
308.4691093777396
 30
0.0
 11
847.441518452114
 21
308.4691093777396
 31
0.0
  0
LINE
  5
7AA0
330
7A9D
100
AcDbEntity
  8
14100_DIM_BOTTOM
 62
     0
370
    -2
100
AcDbLine
 10
837.1534414974572
 20
267.2467020784086
 30
0.0
 11
847.441518452114
 21
267.2467020784086
 31
0.0
  0
LINE
  5
7AA1
330
7A9D
100
AcDbEntity
  8
14100_DIM_BOTTOM
 62
     0
370
    -2
100
AcDbLine
 10
847.441518452114
 20
305.1671093777396
 30
0.0
 11
847.441518452114
 21
270.5487020784086
 31
0.0
  0
SOLID
  5
7AA2
330
7A9D
100
AcDbEntity
  8
14100_DIM_BOTTOM
 62
     0
100
AcDbTrace
 10
846.8911851187806
 20
305.1671093777396
 30
0.0
 11
847.9918517854471
 21
305.1671093777396
 31
0.0
 12
847.441518452114
 22
308.4691093777396
 32
0.0
 13
847.441518452114
 23
308.4691093777396
 33
0.0
  0
SOLID
  5
7AA3
330
7A9D
100
AcDbEntity
  8
14100_DIM_BOTTOM
 62
     0
100
AcDbTrace
 10
846.8911851187806
 20
270.5487020784086
 30
0.0
 11
847.9918517854471
 21
270.5487020784086
 31
0.0
 12
847.441518452114
 22
267.2467020784086
 32
0.0
 13
847.441518452114
 23
267.2467020784086
 33
0.0
  0
MTEXT
  5
7AA4
330
7A9D
100
AcDbEntity
  8
14100_DIM_BOTTOM
 62
     0
100
AcDbMText
 10
843.0665184521137
 20
287.7091346622016
 30
0.0
 40
3.5
 41
0.0
 71
     2
 72
     1
  1
\A1;41.8
  7
SLDTEXTSTYLE0
 11
0.0000000000000001
 21
1.0
 31
0.0
 73
     1
 44
1.0
1001
ACAD
1000
MTEXTBEGIN
1070
    73
1070
     1
1070
    44
1040
1.0
1070
    74
1070
     0
1000
MTEXTEND
  0
POINT
  5
7AA5
330
7A9D
100
AcDbEntity
  8
Defpoints
 62
     0
100
AcDbPoint
 10
833.2325672533736
 20
308.4691093777396
 30
0.0
  0
POINT
  5
7AA6
330
7A9D
100
AcDbEntity
  8
Defpoints
 62
     0
100
AcDbPoint
 10
837.0909414974571
 20
267.2467020784086
 30
0.0
  0
POINT
  5
7AA7
330
7A9D
100
AcDbEntity
  8
Defpoints
 62
     0
100
AcDbPoint
 10
847.441518452114
 20
267.2467020784086
 30
0.0
  0
ENDBLK
  5
7AA8
330
7A9D
100
AcDbEntity
  8
0
100
AcDbBlockEnd
  0
BLOCK
  5
7AAA
330
7AA9
100
AcDbEntity
  8
0
100
AcDbBlockBegin
  2
*D42
 70
     1
 10
0.0
 20
0.0
 30
0.0
  3
*D42
  1

  0
LINE
  5
7AAB
330
7AA9
100
AcDbEntity
  8
14100_DIM_BOTTOM
 62
     0
370
    -2
100
AcDbLine
 10
833.2950672533737
 20
308.4691093777396
 30
0.0
 11
855.4614464806697
 21
308.4691093777396
 31
0.0
  0
LINE
  5
7AAC
330
7AA9
100
AcDbEntity
  8
14100_DIM_BOTTOM
 62
     0
370
    -2
100
AcDbLine
 10
839.2534411897569
 20
263.9732485149086
 30
0.0
 11
855.4614464806697
 21
263.9732485149086
 31
0.0
  0
LINE
  5
7AAD
330
7AA9
100
AcDbEntity
  8
14100_DIM_BOTTOM
 62
     0
370
    -2
100
AcDbLine
 10
855.4614464806697
 20
305.1671093777396
 30
0.0
 11
855.4614464806697
 21
267.2752485149086
 31
0.0
  0
SOLID
  5
7AAE
330
7AA9
100
AcDbEntity
  8
14100_DIM_BOTTOM
 62
     0
100
AcDbTrace
 10
854.9111131473365
 20
305.1671093777396
 30
0.0
 11
856.0117798140032
 21
305.1671093777396
 31
0.0
 12
855.4614464806697
 22
308.4691093777396
 32
0.0
 13
855.4614464806697
 23
308.4691093777396
 33
0.0
  0
SOLID
  5
7AAF
330
7AA9
100
AcDbEntity
  8
14100_DIM_BOTTOM
 62
     0
100
AcDbTrace
 10
854.9111131473365
 20
267.2752485149086
 30
0.0
 11
856.0117798140032
 21
267.2752485149086
 31
0.0
 12
855.4614464806697
 22
263.9732485149086
 32
0.0
 13
855.4614464806697
 23
263.9732485149086
 33
0.0
  0
MTEXT
  5
7AB0
330
7AA9
100
AcDbEntity
  8
14100_DIM_BOTTOM
 62
     0
100
AcDbMText
 10
851.0864464806697
 20
287.3006854600415
 30
0.0
 40
3.5
 41
0.0
 71
     2
 72
     1
  1
\A1;45
  7
SLDTEXTSTYLE0
 11
0.0000000000000001
 21
1.0
 31
0.0
 73
     1
 44
1.0
1001
ACAD
1000
MTEXTBEGIN
1070
    73
1070
     1
1070
    44
1040
1.0
1070
    74
1070
     0
1000
MTEXTEND
  0
POINT
  5
7AB1
330
7AA9
100
AcDbEntity
  8
Defpoints
 62
     0
100
AcDbPoint
 10
833.2325672533736
 20
308.4691093777396
 30
0.0
  0
POINT
  5
7AB2
330
7AA9
100
AcDbEntity
  8
Defpoints
 62
     0
100
AcDbPoint
 10
839.1909411897572
 20
263.9732485149086
 30
0.0
  0
POINT
  5
7AB3
330
7AA9
100
AcDbEntity
  8
Defpoints
 62
     0
100
AcDbPoint
 10
855.4614464806697
 20
263.9732485149086
 30
0.0
  0
ENDBLK
  5
7AB4
330
7AA9
100
AcDbEntity
  8
0
100
AcDbBlockEnd
  0
BLOCK
  5
7AB6
330
7AB5
100
AcDbEntity
  8
0
100
AcDbBlockBegin
  2
*D43
 70
     1
 10
0.0
 20
0.0
 30
0.0
  3
*D43
  1

  0
LINE
  5
7AB7
330
7AB5
100
AcDbEntity
  8
14100_DIM_BOTTOM
 62
     0
370
    -2
100
AcDbLine
 10
825.7284416010573
 20
263.9732485149086
 30
0.0
 11
817.9639580085362
 21
263.9732485149086
 31
0.0
  0
LINE
  5
7AB8
330
7AB5
100
AcDbEntity
  8
14100_DIM_BOTTOM
 62
     0
370
    -2
100
AcDbLine
 10
826.4420422514572
 20
320.4732475314086
 30
0.0
 11
817.9639580085362
 21
320.4732475314086
 31
0.0
  0
LINE
  5
7AB9
330
7AB5
100
AcDbEntity
  8
14100_DIM_BOTTOM
 62
     0
370
    -2
100
AcDbLine
 10
817.9639580085362
 20
267.2752485149086
 30
0.0
 11
817.9639580085362
 21
317.1712475314085
 31
0.0
  0
SOLID
  5
7ABA
330
7AB5
100
AcDbEntity
  8
14100_DIM_BOTTOM
 62
     0
100
AcDbTrace
 10
817.4136246752029
 20
267.2752485149086
 30
0.0
 11
818.5142913418697
 21
267.2752485149086
 31
0.0
 12
817.9639580085362
 22
263.9732485149086
 32
0.0
 13
817.9639580085362
 23
263.9732485149086
 33
0.0
  0
SOLID
  5
7ABB
330
7AB5
100
AcDbEntity
  8
14100_DIM_BOTTOM
 62
     0
100
AcDbTrace
 10
817.4136246752029
 20
317.1712475314085
 30
0.0
 11
818.5142913418697
 21
317.1712475314085
 31
0.0
 12
817.9639580085362
 22
320.4732475314086
 32
0.0
 13
817.9639580085362
 23
320.4732475314086
 33
0.0
  0
MTEXT
  5
7ABC
330
7AB5
100
AcDbEntity
  8
14100_DIM_BOTTOM
 62
     0
100
AcDbMText
 10
813.5889580085361
 20
291.489474985283
 30
0.0
 40
3.5
 41
0.0
 71
     2
 72
     1
  1
\A1;56.5
  7
SLDTEXTSTYLE0
 11
0.0000000000000001
 21
1.0
 31
0.0
 73
     1
 44
1.0
1001
ACAD
1000
MTEXTBEGIN
1070
    73
1070
     1
1070
    44
1040
1.0
1070
    74
1070
     0
1000
MTEXTEND
  0
POINT
  5
7ABD
330
7AB5
100
AcDbEntity
  8
Defpoints
 62
     0
100
AcDbPoint
 10
825.7909416010571
 20
263.9732485149086
 30
0.0
  0
POINT
  5
7ABE
330
7AB5
100
AcDbEntity
  8
Defpoints
 62
     0
100
AcDbPoint
 10
826.5045422514571
 20
320.4732475314086
 30
0.0
  0
POINT
  5
7ABF
330
7AB5
100
AcDbEntity
  8
Defpoints
 62
     0
100
AcDbPoint
 10
817.9639580085362
 20
320.4732475314086
 30
0.0
  0
ENDBLK
  5
7AC0
330
7AB5
100
AcDbEntity
  8
0
100
AcDbBlockEnd
  0
BLOCK
  5
7AC2
330
7AC1
100
AcDbEntity
  8
0
100
AcDbBlockBegin
  2
*D44
 70
     1
 10
0.0
 20
0.0
 30
0.0
  3
*D44
  1

  0
LINE
  5
7AC3
330
7AC1
100
AcDbEntity
  8
13100_DIM_TOP
 62
     0
370
    -2
100
AcDbLine
 10
840.6025082294663
 20
166.8250741405641
 30
0.0
 11
840.6025082294663
 21
172.5531609853121
 31
0.0
  0
LINE
  5
7AC4
330
7AC1
100
AcDbEntity
  8
13100_DIM_TOP
 62
     0
370
    -2
100
AcDbLine
 10
827.2025086407664
 20
166.8875741405641
 30
0.0
 11
827.2025086407664
 21
172.5531609853121
 31
0.0
  0
LINE
  5
7AC5
330
7AC1
100
AcDbEntity
  8
13100_DIM_TOP
 62
     0
370
    -2
100
AcDbLine
 10
837.3005082294662
 20
172.5531609853121
 30
0.0
 11
830.5045086407664
 21
172.5531609853121
 31
0.0
  0
SOLID
  5
7AC6
330
7AC1
100
AcDbEntity
  8
13100_DIM_TOP
 62
     0
100
AcDbTrace
 10
837.3005082294662
 20
173.1034943186454
 30
0.0
 11
837.3005082294662
 21
172.0028276519787
 31
0.0
 12
840.6025082294663
 22
172.5531609853121
 32
0.0
 13
840.6025082294663
 23
172.5531609853121
 33
0.0
  0
SOLID
  5
7AC7
330
7AC1
100
AcDbEntity
  8
13100_DIM_TOP
 62
     0
100
AcDbTrace
 10
830.5045086407664
 20
173.1034943186454
 30
0.0
 11
830.5045086407664
 21
172.0028276519787
 31
0.0
 12
827.2025086407664
 22
172.5531609853121
 32
0.0
 13
827.2025086407664
 23
172.5531609853121
 33
0.0
  0
MTEXT
  5
7AC8
330
7AC1
100
AcDbEntity
  8
13100_DIM_TOP
 62
     0
100
AcDbMText
 10
834.265861056088
 20
176.9281609853121
 30
0.0
 40
3.5
 41
0.0
 71
     2
 72
     1
  1
\A1;13.4
  7
SLDTEXTSTYLE0
 73
     1
 44
1.0
1001
ACAD
1000
MTEXTBEGIN
1070
    73
1070
     1
1070
    44
1040
1.0
1070
    74
1070
     0
1000
MTEXTEND
  0
POINT
  5
7AC9
330
7AC1
100
AcDbEntity
  8
Defpoints
 62
     0
100
AcDbPoint
 10
840.6025082294663
 20
166.7625741405641
 30
0.0
  0
POINT
  5
7ACA
330
7AC1
100
AcDbEntity
  8
Defpoints
 62
     0
100
AcDbPoint
 10
827.2025086407664
 20
166.8250741405641
 30
0.0
  0
POINT
  5
7ACB
330
7AC1
100
AcDbEntity
  8
Defpoints
 62
     0
100
AcDbPoint
 10
827.2025086407664
 20
172.5531609853121
 30
0.0
  0
ENDBLK
  5
7ACC
330
7AC1
100
AcDbEntity
  8
0
100
AcDbBlockEnd
  0
BLOCK
  5
7ACE
330
7ACD
100
AcDbEntity
  8
0
100
AcDbBlockBegin
  2
*D45
 70
     1
 10
0.0
 20
0.0
 30
0.0
  3
*D45
  1

  0
LINE
  5
7ACF
330
7ACD
100
AcDbEntity
  8
13100_DIM_TOP
 62
     0
370
    -2
100
AcDbLine
 10
827.0536092531662
 20
109.816191282664
 30
0.0
 11
827.0536092531662
 21
100.9274895174128
 31
0.0
  0
LINE
  5
7AD0
330
7ACD
100
AcDbEntity
  8
13100_DIM_TOP
 62
     0
370
    -2
100
AcDbLine
 10
840.7536094130664
 20
109.7536910312648
 30
0.0
 11
840.7536094130664
 21
100.9274895174128
 31
0.0
  0
LINE
  5
7AD1
330
7ACD
100
AcDbEntity
  8
13100_DIM_TOP
 62
     0
370
    -2
100
AcDbLine
 10
830.3556092531662
 20
100.9274895174128
 30
0.0
 11
837.4516094130664
 21
100.9274895174128
 31
0.0
  0
SOLID
  5
7AD2
330
7ACD
100
AcDbEntity
  8
13100_DIM_TOP
 62
     0
100
AcDbTrace
 10
830.3556092531662
 20
101.4778228507461
 30
0.0
 11
830.3556092531662
 21
100.3771561840794
 31
0.0
 12
827.0536092531662
 22
100.9274895174128
 32
0.0
 13
827.0536092531662
 23
100.9274895174128
 33
0.0
  0
SOLID
  5
7AD3
330
7ACD
100
AcDbEntity
  8
13100_DIM_TOP
 62
     0
100
AcDbTrace
 10
837.4516094130664
 20
101.4778228507461
 30
0.0
 11
837.4516094130664
 21
100.3771561840794
 31
0.0
 12
840.7536094130664
 22
100.9274895174128
 32
0.0
 13
840.7536094130664
 23
100.9274895174128
 33
0.0
  0
MTEXT
  5
7AD4
330
7ACD
100
AcDbEntity
  8
13100_DIM_TOP
 62
     0
100
AcDbMText
 10
834.4019472966234
 20
105.3024895174128
 30
0.0
 40
3.5
 41
0.0
 71
     2
 72
     1
  1
\A1;13.7
  7
SLDTEXTSTYLE0
 73
     1
 44
1.0
1001
ACAD
1000
MTEXTBEGIN
1070
    73
1070
     1
1070
    44
1040
1.0
1070
    74
1070
     0
1000
MTEXTEND
  0
POINT
  5
7AD5
330
7ACD
100
AcDbEntity
  8
Defpoints
 62
     0
100
AcDbPoint
 10
827.0536092531662
 20
109.878691282664
 30
0.0
  0
POINT
  5
7AD6
330
7ACD
100
AcDbEntity
  8
Defpoints
 62
     0
100
AcDbPoint
 10
840.7536094130664
 20
109.8161910312648
 30
0.0
  0
POINT
  5
7AD7
330
7ACD
100
AcDbEntity
  8
Defpoints
 62
     0
100
AcDbPoint
 10
840.7536094130664
 20
100.9274895174128
 30
0.0
  0
ENDBLK
  5
7AD8
330
7ACD
100
AcDbEntity
  8
0
100
AcDbBlockEnd
  0
BLOCK
  5
83EA
330
83E9
100
AcDbEntity
  8
0
100
AcDbBlockBegin
  2
*D47
 70
     1
 10
0.0
 20
0.0
 30
0.0
  3
*D47
  1

  0
LINE
  5
8570
330
83E9
100
AcDbEntity
  8
10100_DIM_FRONT
100
AcDbLine
 10
1125.965346913572
 20
-31.22699069146441
 30
0.0
 11
1136.133754989689
 21
-31.22699069146441
 31
0.0
  0
LINE
  5
8571
330
83E9
100
AcDbEntity
  8
10100_DIM_FRONT
100
AcDbLine
 10
1122.451745897372
 20
-44.22699061046452
 30
0.0
 11
1136.133754989689
 21
-44.22699061046453
 31
0.0
  0
LINE
  5
8572
330
83E9
100
AcDbEntity
  8
10100_DIM_FRONT
100
AcDbLine
 10
1135.133754989689
 20
-33.72699069146441
 30
0.0
 11
1135.133754989689
 21
-41.72699061046452
 31
0.0
  0
SOLID
  5
8573
330
83E9
100
AcDbEntity
  8
10100_DIM_FRONT
100
AcDbTrace
 10
1134.717088323022
 20
-33.72699069146441
 30
0.0
 11
1135.550421656356
 21
-33.72699069146441
 31
0.0
 12
1135.133754989689
 22
-31.22699069146441
 32
0.0
 13
1135.133754989689
 23
-31.22699069146441
 33
0.0
  0
SOLID
  5
8574
330
83E9
100
AcDbEntity
  8
10100_DIM_FRONT
100
AcDbTrace
 10
1134.717088323022
 20
-41.72699061046452
 30
0.0
 11
1135.550421656356
 21
-41.72699061046452
 31
0.0
 12
1135.133754989689
 22
-44.22699061046452
 32
0.0
 13
1135.133754989689
 23
-44.22699061046452
 33
0.0
  0
MTEXT
  5
8575
330
83E9
100
AcDbEntity
  8
10100_DIM_FRONT
100
AcDbMText
 10
1131.133754989689
 20
-37.53328777043109
 30
0.0
 40
2.5
 41
0.0
 71
     2
 72
     1
  1
13
 11
0.0000000000000001
 21
1.0
 31
0.0
 73
     1
 44
1.0
1001
ACAD
1000
MTEXTBEGIN
1070
    73
1070
     1
1070
    44
1040
1.0
1070
    74
1070
     0
1000
MTEXTEND
  0
POINT
  5
8576
330
83E9
100
AcDbEntity
  8
Defpoints
 62
     0
100
AcDbPoint
 10
1125.965346913572
 20
-31.22699069146441
 30
0.0
  0
POINT
  5
8577
330
83E9
100
AcDbEntity
  8
Defpoints
 62
     0
100
AcDbPoint
 10
1122.451745897372
 20
-44.22699061046452
 30
0.0
  0
POINT
  5
8578
330
83E9
100
AcDbEntity
  8
Defpoints
 62
     0
100
AcDbPoint
 10
1135.133754989689
 20
-44.22699061046452
 30
0.0
  0
ENDBLK
  5
83EB
330
83E9
100
AcDbEntity
  8
0
100
AcDbBlockEnd
  0
BLOCK
  5
83F6
330
83F5
100
AcDbEntity
  8
0
100
AcDbBlockBegin
  2
*D48
 70
     1
 10
0.0
 20
0.0
 30
0.0
  3
*D48
  1

  0
LINE
  5
8565
330
83F5
100
AcDbEntity
  8
10100_DIM_FRONT
100
AcDbLine
 10
1116.889245953172
 20
-38.3294905951644
 30
0.0
 11
1116.889245953172
 21
-52.88469317859252
 31
0.0
  0
LINE
  5
8566
330
83F5
100
AcDbEntity
  8
10100_DIM_FRONT
100
AcDbLine
 10
1123.139245953172
 20
-38.3919905951644
 30
0.0
 11
1123.139245953172
 21
-52.88469317859252
 31
0.0
  0
LINE
  5
8567
330
83F5
100
AcDbEntity
  8
10100_DIM_FRONT
100
AcDbLine
 10
1114.389245953172
 20
-51.88469317859253
 30
0.0
 11
1111.889245953172
 21
-51.88469317859253
 31
0.0
  0
LINE
  5
8568
330
83F5
100
AcDbEntity
  8
10100_DIM_FRONT
100
AcDbLine
 10
1125.639245953172
 20
-51.88469317859253
 30
0.0
 11
1138.055745953172
 21
-51.88469317859253
 31
0.0
  0
LINE
  5
8569
330
83F5
100
AcDbEntity
  8
10100_DIM_FRONT
100
AcDbLine
 10
1116.889245953172
 20
-51.88469317859253
 30
0.0
 11
1123.139245953172
 21
-51.88469317859253
 31
0.0
  0
SOLID
  5
856A
330
83F5
100
AcDbEntity
  8
10100_DIM_FRONT
100
AcDbTrace
 10
1114.389245953172
 20
-51.46802651192587
 30
0.0
 11
1114.389245953172
 21
-52.30135984525919
 31
0.0
 12
1116.889245953172
 22
-51.88469317859253
 32
0.0
 13
1116.889245953172
 23
-51.88469317859253
 33
0.0
  0
SOLID
  5
856B
330
83F5
100
AcDbEntity
  8
10100_DIM_FRONT
100
AcDbTrace
 10
1125.639245953172
 20
-51.46802651192587
 30
0.0
 11
1125.639245953172
 21
-52.30135984525919
 31
0.0
 12
1123.139245953172
 22
-51.88469317859253
 32
0.0
 13
1123.139245953172
 23
-51.88469317859253
 33
0.0
  0
MTEXT
  5
856C
330
83F5
100
AcDbEntity
  8
10100_DIM_FRONT
100
AcDbMText
 10
1134.555745953172
 20
-47.88469317859252
 30
0.0
 40
2.5
 41
0.0
 71
     2
 72
     1
  1
6.3
 73
     1
 44
1.0
1001
ACAD
1000
MTEXTBEGIN
1070
    73
1070
     1
1070
    44
1040
1.0
1070
    74
1070
     0
1000
MTEXTEND
  0
POINT
  5
856D
330
83F5
100
AcDbEntity
  8
Defpoints
 62
     0
100
AcDbPoint
 10
1116.889245953172
 20
-38.3294905951644
 30
0.0
  0
POINT
  5
856E
330
83F5
100
AcDbEntity
  8
Defpoints
 62
     0
100
AcDbPoint
 10
1123.139245953172
 20
-38.3919905951644
 30
0.0
  0
POINT
  5
856F
330
83F5
100
AcDbEntity
  8
Defpoints
 62
     0
100
AcDbPoint
 10
1123.139245953172
 20
-51.88469317859253
 30
0.0
  0
ENDBLK
  5
83F7
330
83F5
100
AcDbEntity
  8
0
100
AcDbBlockEnd
  0
BLOCK
  5
8403
330
8402
100
AcDbEntity
  8
0
100
AcDbBlockBegin
  2
*D49
 70
     1
 10
0.0
 20
0.0
 30
0.0
  3
*D49
  1

  0
LINE
  5
855A
330
8402
100
AcDbEntity
  8
11100_DIM_LEFT
100
AcDbLine
 10
1205.269803923465
 20
-32.94199047896453
 30
0.0
 11
1222.906618551561
 21
-32.94199047896453
 31
0.0
  0
LINE
  5
855B
330
8402
100
AcDbEntity
  8
11100_DIM_LEFT
100
AcDbLine
 10
1205.269803923465
 20
-34.34199089466441
 30
0.0
 11
1222.906618551561
 21
-34.34199089466441
 31
0.0
  0
LINE
  5
855C
330
8402
100
AcDbEntity
  8
11100_DIM_LEFT
100
AcDbLine
 10
1221.906618551561
 20
-30.44199047896453
 30
0.0
 11
1221.906618551561
 21
-27.94199047896453
 31
0.0
  0
LINE
  5
855D
330
8402
100
AcDbEntity
  8
11100_DIM_LEFT
100
AcDbLine
 10
1221.906618551561
 20
-36.84199089466441
 30
0.0
 11
1221.906618551561
 21
-47.17515756133128
 31
0.0
  0
LINE
  5
855E
330
8402
100
AcDbEntity
  8
11100_DIM_LEFT
100
AcDbLine
 10
1221.906618551561
 20
-32.94199047896453
 30
0.0
 11
1221.906618551561
 21
-34.34199089466441
 31
0.0
  0
SOLID
  5
855F
330
8402
100
AcDbEntity
  8
11100_DIM_LEFT
100
AcDbTrace
 10
1221.489951884894
 20
-30.44199047896453
 30
0.0
 11
1222.323285218228
 21
-30.44199047896453
 31
0.0
 12
1221.906618551561
 22
-32.94199047896453
 32
0.0
 13
1221.906618551561
 23
-32.94199047896453
 33
0.0
  0
SOLID
  5
8560
330
8402
100
AcDbEntity
  8
11100_DIM_LEFT
100
AcDbTrace
 10
1221.489951884894
 20
-36.84199089466441
 30
0.0
 11
1222.323285218228
 21
-36.84199089466441
 31
0.0
 12
1221.906618551561
 22
-34.34199089466441
 32
0.0
 13
1221.906618551561
 23
-34.34199089466441
 33
0.0
  0
MTEXT
  5
8561
330
8402
100
AcDbEntity
  8
11100_DIM_LEFT
100
AcDbMText
 10
1217.906618551561
 20
-44.00849089466442
 30
0.0
 40
2.5
 41
0.0
 71
     2
 72
     1
  1
1.2
 11
0.0000000000000001
 21
1.0
 31
0.0
 73
     1
 44
1.0
1001
ACAD
1000
MTEXTBEGIN
1070
    73
1070
     1
1070
    44
1040
1.0
1070
    74
1070
     0
1000
MTEXTEND
  0
POINT
  5
8562
330
8402
100
AcDbEntity
  8
Defpoints
 62
     0
100
AcDbPoint
 10
1205.269803923465
 20
-32.94199047896453
 30
0.0
  0
POINT
  5
8563
330
8402
100
AcDbEntity
  8
Defpoints
 62
     0
100
AcDbPoint
 10
1205.269803923465
 20
-34.34199089466441
 30
0.0
  0
POINT
  5
8564
330
8402
100
AcDbEntity
  8
Defpoints
 62
     0
100
AcDbPoint
 10
1221.906618551561
 20
-34.34199089466441
 30
0.0
  0
ENDBLK
  5
8404
330
8402
100
AcDbEntity
  8
0
100
AcDbBlockEnd
  0
BLOCK
  5
8410
330
840F
100
AcDbEntity
  8
0
100
AcDbBlockBegin
  2
*D50
 70
     1
 10
0.0
 20
0.0
 30
0.0
  3
*D50
  1

  0
LINE
  5
8551
330
840F
100
AcDbEntity
  8
14100_DIM_BOTTOM
100
AcDbLine
 10
1122.22243863603
 20
47.21878291262112
 30
0.0
 11
1137.43138983477
 21
47.21878291262111
 31
0.0
  0
LINE
  5
8552
330
840F
100
AcDbEntity
  8
14100_DIM_BOTTOM
100
AcDbLine
 10
1126.080812880114
 20
5.996375613290069
 30
0.0
 11
1137.43138983477
 21
5.996375613290067
 31
0.0
  0
LINE
  5
8553
330
840F
100
AcDbEntity
  8
14100_DIM_BOTTOM
100
AcDbLine
 10
1136.43138983477
 20
44.71878291262111
 30
0.0
 11
1136.43138983477
 21
8.496375613290066
 31
0.0
  0
SOLID
  5
8554
330
840F
100
AcDbEntity
  8
14100_DIM_BOTTOM
100
AcDbTrace
 10
1136.014723168104
 20
44.71878291262111
 30
0.0
 11
1136.848056501437
 21
44.71878291262111
 31
0.0
 12
1136.43138983477
 22
47.21878291262111
 32
0.0
 13
1136.43138983477
 23
47.21878291262111
 33
0.0
  0
SOLID
  5
8555
330
840F
100
AcDbEntity
  8
14100_DIM_BOTTOM
100
AcDbTrace
 10
1136.014723168104
 20
8.496375613290066
 30
0.0
 11
1136.848056501437
 21
8.496375613290066
 31
0.0
 12
1136.43138983477
 22
5.996375613290067
 32
0.0
 13
1136.43138983477
 23
5.996375613290067
 33
0.0
  0
MTEXT
  5
8556
330
840F
100
AcDbEntity
  8
14100_DIM_BOTTOM
100
AcDbMText
 10
1132.43138983477
 20
26.4588081970831
 30
0.0
 40
2.5
 41
0.0
 71
     2
 72
     1
  1
41.8
 11
0.0000000000000001
 21
1.0
 31
0.0
 73
     1
 44
1.0
1001
ACAD
1000
MTEXTBEGIN
1070
    73
1070
     1
1070
    44
1040
1.0
1070
    74
1070
     0
1000
MTEXTEND
  0
POINT
  5
8557
330
840F
100
AcDbEntity
  8
Defpoints
 62
     0
100
AcDbPoint
 10
1122.22243863603
 20
47.21878291262112
 30
0.0
  0
POINT
  5
8558
330
840F
100
AcDbEntity
  8
Defpoints
 62
     0
100
AcDbPoint
 10
1126.080812880114
 20
5.996375613290069
 30
0.0
  0
POINT
  5
8559
330
840F
100
AcDbEntity
  8
Defpoints
 62
     0
100
AcDbPoint
 10
1136.43138983477
 20
5.996375613290067
 30
0.0
  0
ENDBLK
  5
8411
330
840F
100
AcDbEntity
  8
0
100
AcDbBlockEnd
  0
BLOCK
  5
841C
330
841B
100
AcDbEntity
  8
0
100
AcDbBlockBegin
  2
*D51
 70
     1
 10
0.0
 20
0.0
 30
0.0
  3
*D51
  1

  0
LINE
  5
8548
330
841B
100
AcDbEntity
  8
14100_DIM_BOTTOM
100
AcDbLine
 10
1122.22243863603
 20
47.21878291262112
 30
0.0
 11
1145.451317863326
 21
47.21878291262111
 31
0.0
  0
LINE
  5
8549
330
841B
100
AcDbEntity
  8
14100_DIM_BOTTOM
100
AcDbLine
 10
1128.180812572414
 20
2.722922049790099
 30
0.0
 11
1145.451317863326
 21
2.722922049790094
 31
0.0
  0
LINE
  5
854A
330
841B
100
AcDbEntity
  8
14100_DIM_BOTTOM
100
AcDbLine
 10
1144.451317863326
 20
44.71878291262111
 30
0.0
 11
1144.451317863326
 21
5.222922049790095
 31
0.0
  0
SOLID
  5
854B
330
841B
100
AcDbEntity
  8
14100_DIM_BOTTOM
100
AcDbTrace
 10
1144.034651196659
 20
44.71878291262111
 30
0.0
 11
1144.867984529993
 21
44.71878291262111
 31
0.0
 12
1144.451317863326
 22
47.21878291262111
 32
0.0
 13
1144.451317863326
 23
47.21878291262111
 33
0.0
  0
SOLID
  5
854C
330
841B
100
AcDbEntity
  8
14100_DIM_BOTTOM
100
AcDbTrace
 10
1144.034651196659
 20
5.222922049790095
 30
0.0
 11
1144.867984529993
 21
5.222922049790095
 31
0.0
 12
1144.451317863326
 22
2.722922049790095
 32
0.0
 13
1144.451317863326
 23
2.722922049790095
 33
0.0
  0
MTEXT
  5
854D
330
841B
100
AcDbEntity
  8
14100_DIM_BOTTOM
100
AcDbMText
 10
1140.451317863326
 20
26.05035899492299
 30
0.0
 40
2.5
 41
0.0
 71
     2
 72
     1
  1
45
 11
0.0000000000000001
 21
1.0
 31
0.0
 73
     1
 44
1.0
1001
ACAD
1000
MTEXTBEGIN
1070
    73
1070
     1
1070
    44
1040
1.0
1070
    74
1070
     0
1000
MTEXTEND
  0
POINT
  5
854E
330
841B
100
AcDbEntity
  8
Defpoints
 62
     0
100
AcDbPoint
 10
1122.22243863603
 20
47.21878291262112
 30
0.0
  0
POINT
  5
854F
330
841B
100
AcDbEntity
  8
Defpoints
 62
     0
100
AcDbPoint
 10
1128.180812572414
 20
2.722922049790099
 30
0.0
  0
POINT
  5
8550
330
841B
100
AcDbEntity
  8
Defpoints
 62
     0
100
AcDbPoint
 10
1144.451317863326
 20
2.722922049790095
 30
0.0
  0
ENDBLK
  5
841D
330
841B
100
AcDbEntity
  8
0
100
AcDbBlockEnd
  0
BLOCK
  5
8428
330
8427
100
AcDbEntity
  8
0
100
AcDbBlockBegin
  2
*D52
 70
     1
 10
0.0
 20
0.0
 30
0.0
  3
*D52
  1

  0
LINE
  5
853F
330
8427
100
AcDbEntity
  8
14100_DIM_BOTTOM
100
AcDbLine
 10
1114.780812983714
 20
2.722922049790099
 30
0.0
 11
1105.953829391193
 21
2.722922049790101
 31
0.0
  0
LINE
  5
8540
330
8427
100
AcDbEntity
  8
14100_DIM_BOTTOM
100
AcDbLine
 10
1115.494413634114
 20
59.2229210662901
 30
0.0
 11
1105.953829391193
 21
59.2229210662901
 31
0.0
  0
LINE
  5
8541
330
8427
100
AcDbEntity
  8
14100_DIM_BOTTOM
100
AcDbLine
 10
1106.953829391193
 20
5.222922049790101
 30
0.0
 11
1106.953829391193
 21
56.7229210662901
 31
0.0
  0
SOLID
  5
8542
330
8427
100
AcDbEntity
  8
14100_DIM_BOTTOM
100
AcDbTrace
 10
1106.537162724526
 20
5.222922049790101
 30
0.0
 11
1107.37049605786
 21
5.222922049790101
 31
0.0
 12
1106.953829391193
 22
2.722922049790101
 32
0.0
 13
1106.953829391193
 23
2.722922049790101
 33
0.0
  0
SOLID
  5
8543
330
8427
100
AcDbEntity
  8
14100_DIM_BOTTOM
100
AcDbTrace
 10
1106.537162724526
 20
56.7229210662901
 30
0.0
 11
1107.37049605786
 21
56.7229210662901
 31
0.0
 12
1106.953829391193
 22
59.2229210662901
 32
0.0
 13
1106.953829391193
 23
59.2229210662901
 33
0.0
  0
MTEXT
  5
8544
330
8427
100
AcDbEntity
  8
14100_DIM_BOTTOM
100
AcDbMText
 10
1102.953829391193
 20
30.23914852016452
 30
0.0
 40
2.5
 41
0.0
 71
     2
 72
     1
  1
56.5
 11
0.0000000000000001
 21
1.0
 31
0.0
 73
     1
 44
1.0
1001
ACAD
1000
MTEXTBEGIN
1070
    73
1070
     1
1070
    44
1040
1.0
1070
    74
1070
     0
1000
MTEXTEND
  0
POINT
  5
8545
330
8427
100
AcDbEntity
  8
Defpoints
 62
     0
100
AcDbPoint
 10
1114.780812983714
 20
2.722922049790099
 30
0.0
  0
POINT
  5
8546
330
8427
100
AcDbEntity
  8
Defpoints
 62
     0
100
AcDbPoint
 10
1115.494413634114
 20
59.2229210662901
 30
0.0
  0
POINT
  5
8547
330
8427
100
AcDbEntity
  8
Defpoints
 62
     0
100
AcDbPoint
 10
1106.953829391193
 20
59.2229210662901
 30
0.0
  0
ENDBLK
  5
8429
330
8427
100
AcDbEntity
  8
0
100
AcDbBlockEnd
  0
BLOCK
  5
8434
330
8433
100
AcDbEntity
  8
0
100
AcDbBlockBegin
  2
*D53
 70
     1
 10
0.0
 20
0.0
 30
0.0
  3
*D53
  1

  0
LINE
  5
8536
330
8433
100
AcDbEntity
  8
13100_DIM_TOP
100
AcDbLine
 10
1129.592379612123
 20
-94.48775232455441
 30
0.0
 11
1129.592379612123
 21
-87.69716547980644
 31
0.0
  0
LINE
  5
8537
330
8433
100
AcDbEntity
  8
13100_DIM_TOP
100
AcDbLine
 10
1116.192380023423
 20
-94.42525232455441
 30
0.0
 11
1116.192380023423
 21
-87.69716547980644
 31
0.0
  0
LINE
  5
8538
330
8433
100
AcDbEntity
  8
13100_DIM_TOP
100
AcDbLine
 10
1127.092379612123
 20
-88.69716547980644
 30
0.0
 11
1118.692380023423
 21
-88.69716547980644
 31
0.0
  0
SOLID
  5
8539
330
8433
100
AcDbEntity
  8
13100_DIM_TOP
100
AcDbTrace
 10
1127.092379612123
 20
-88.28049881313978
 30
0.0
 11
1127.092379612123
 21
-89.11383214647312
 31
0.0
 12
1129.592379612123
 22
-88.69716547980644
 32
0.0
 13
1129.592379612123
 23
-88.69716547980644
 33
0.0
  0
SOLID
  5
853A
330
8433
100
AcDbEntity
  8
13100_DIM_TOP
100
AcDbTrace
 10
1118.692380023423
 20
-88.28049881313978
 30
0.0
 11
1118.692380023423
 21
-89.11383214647312
 31
0.0
 12
1116.192380023423
 22
-88.69716547980644
 32
0.0
 13
1116.192380023423
 23
-88.69716547980644
 33
0.0
  0
MTEXT
  5
853B
330
8433
100
AcDbEntity
  8
13100_DIM_TOP
100
AcDbMText
 10
1123.255732438745
 20
-84.69716547980643
 30
0.0
 40
2.5
 41
0.0
 71
     2
 72
     1
  1
13.4
 73
     1
 44
1.0
1001
ACAD
1000
MTEXTBEGIN
1070
    73
1070
     1
1070
    44
1040
1.0
1070
    74
1070
     0
1000
MTEXTEND
  0
POINT
  5
853C
330
8433
100
AcDbEntity
  8
Defpoints
 62
     0
100
AcDbPoint
 10
1129.592379612123
 20
-94.48775232455441
 30
0.0
  0
POINT
  5
853D
330
8433
100
AcDbEntity
  8
Defpoints
 62
     0
100
AcDbPoint
 10
1116.192380023423
 20
-94.42525232455441
 30
0.0
  0
POINT
  5
853E
330
8433
100
AcDbEntity
  8
Defpoints
 62
     0
100
AcDbPoint
 10
1116.192380023423
 20
-88.69716547980644
 30
0.0
  0
ENDBLK
  5
8435
330
8433
100
AcDbEntity
  8
0
100
AcDbBlockEnd
  0
BLOCK
  5
8440
330
843F
100
AcDbEntity
  8
0
100
AcDbBlockBegin
  2
*D54
 70
     1
 10
0.0
 20
0.0
 30
0.0
  3
*D54
  1

  0
LINE
  5
852D
330
843F
100
AcDbEntity
  8
13100_DIM_TOP
100
AcDbLine
 10
1116.043480635823
 20
-151.3716351824545
 30
0.0
 11
1116.043480635823
 21
-161.3228369477057
 31
0.0
  0
LINE
  5
852E
330
843F
100
AcDbEntity
  8
13100_DIM_TOP
100
AcDbLine
 10
1129.743480795723
 20
-151.4341354338537
 30
0.0
 11
1129.743480795723
 21
-161.3228369477057
 31
0.0
  0
LINE
  5
852F
330
843F
100
AcDbEntity
  8
13100_DIM_TOP
100
AcDbLine
 10
1118.543480635823
 20
-160.3228369477057
 30
0.0
 11
1127.243480795723
 21
-160.3228369477057
 31
0.0
  0
SOLID
  5
8530
330
843F
100
AcDbEntity
  8
13100_DIM_TOP
100
AcDbTrace
 10
1118.543480635823
 20
-159.906170281039
 30
0.0
 11
1118.543480635823
 21
-160.7395036143724
 31
0.0
 12
1116.043480635823
 22
-160.3228369477057
 32
0.0
 13
1116.043480635823
 23
-160.3228369477057
 33
0.0
  0
SOLID
  5
8531
330
843F
100
AcDbEntity
  8
13100_DIM_TOP
100
AcDbTrace
 10
1127.243480795723
 20
-159.906170281039
 30
0.0
 11
1127.243480795723
 21
-160.7395036143724
 31
0.0
 12
1129.743480795723
 22
-160.3228369477057
 32
0.0
 13
1129.743480795723
 23
-160.3228369477057
 33
0.0
  0
MTEXT
  5
8532
330
843F
100
AcDbEntity
  8
13100_DIM_TOP
100
AcDbMText
 10
1123.39181867928
 20
-156.3228369477057
 30
0.0
 40
2.5
 41
0.0
 71
     2
 72
     1
  1
13.7
 73
     1
 44
1.0
1001
ACAD
1000
MTEXTBEGIN
1070
    73
1070
     1
1070
    44
1040
1.0
1070
    74
1070
     0
1000
MTEXTEND
  0
POINT
  5
8533
330
843F
100
AcDbEntity
  8
Defpoints
 62
     0
100
AcDbPoint
 10
1116.043480635823
 20
-151.3716351824545
 30
0.0
  0
POINT
  5
8534
330
843F
100
AcDbEntity
  8
Defpoints
 62
     0
100
AcDbPoint
 10
1129.743480795723
 20
-151.4341354338537
 30
0.0
  0
POINT
  5
8535
330
843F
100
AcDbEntity
  8
Defpoints
 62
     0
100
AcDbPoint
 10
1129.743480795723
 20
-160.3228369477057
 30
0.0
  0
ENDBLK
  5
8441
330
843F
100
AcDbEntity
  8
0
100
AcDbBlockEnd
  0
ENDSEC
  0
SECTION
  2
ENTITIES
  0
TEXT
  5
F4F
330
6B
100
AcDbEntity
  8
90000_FRAME
100
AcDbText
 10
1268.314560772988
 20
-189.3833026153937
 30
0.0
 40
2.2
  1
Format / Size: DIN A3
 41
0.7267573696
 51
0.000018724
  7
TEXTSTYLE_3
100
AcDbText
  0
TEXT
  5
F50
330
6B
100
AcDbEntity
  8
90000_FRAME
100
AcDbText
 10
1310.814560772988
 20
-189.3833026153937
 30
0.0
 40
2.2
  1
Massstab / Scale: 1:1
 41
0.6689342404000001
 51
0.000018724
  7
TEXTSTYLE_4
100
AcDbText
  0
TEXT
  5
F52
330
6B
100
AcDbEntity
  8
91000_TIP
100
AcDbText
 10
961.0557098790563
 20
-179.5656336612147
 30
0.0
 40
3.5
  1
Alle Bemassungswerte sind in Millimeter (mm) angegeben.
 41
0.7014991182
 51
0.000018724
  7
TEXTSTYLE_6
100
AcDbText
  0
TEXT
  5
F53
330
6B
100
AcDbEntity
  8
91000_TIP
100
AcDbText
 10
961.0557098790563
 20
-184.8156336612147
 30
0.0
 40
3.5
  1
All dimensions are in millimeters (mm).
 41
0.6825396825
 51
0.000018724
  7
TEXTSTYLE_7
100
AcDbText
  0
LINE
  5
F54
330
6B
100
AcDbEntity
  8
90000_FRAME
100
AcDbLine
 10
1182.465024772989
 20
-179.1099926153937
 30
0.0
 11
1192.465023772988
 21
-176.6099926153937
 31
0.0
  0
LINE
  5
F55
330
6B
100
AcDbEntity
  8
90000_FRAME
100
AcDbLine
 10
1217.654560772988
 20
-191.2833026153936
 30
0.0
 11
1352.654560772988
 21
-191.2833026153936
 31
0.0
  0
LINE
  5
F56
330
6B
100
AcDbEntity
  8
90000_FRAME
100
AcDbLine
 10
1267.654560772988
 20
-185.2833026153937
 30
0.0
 11
1352.654560772988
 21
-185.2833026153937
 31
0.0
  0
LWPOLYLINE
  5
F57
330
6B
100
AcDbEntity
  8
90000_FRAME
100
AcDbPolyline
 90
        2
 70
     0
 43
0.1011566197
 10
1241.051493772988
 20
-184.5340906153938
 10
1241.907082772988
 20
-184.5340906153938
  0
LWPOLYLINE
  5
F58
330
6B
100
AcDbEntity
  8
90000_FRAME
100
AcDbPolyline
 90
        2
 70
     0
 43
0.1011566197
 10
1254.241815772988
 20
-184.4865576153937
 10
1252.720769772988
 20
-184.4865576153937
  0
LWPOLYLINE
  5
F59
330
6B
100
AcDbEntity
  8
90000_FRAME
100
AcDbPolyline
 90
        2
 70
     0
 43
0.1011566197
 10
1244.616445772989
 20
-184.4865576153937
 10
1243.237997772988
 20
-184.4865576153937
  0
LWPOLYLINE
  5
F5A
330
6B
100
AcDbEntity
  8
90000_FRAME
100
AcDbPolyline
 90
        2
 70
     0
 43
0.1011566197
 10
1231.877684772989
 20
-184.4865576153937
 10
1233.303665772988
 20
-184.4865576153937
  0
LWPOLYLINE
  5
F5B
330
6B
100
AcDbEntity
  8
90000_FRAME
100
AcDbPolyline
 90
        2
 70
     0
 43
0.1011566197
 10
1234.396916772989
 20
-184.4865576153937
 10
1237.961868772988
 20
-184.4865576153937
  0
LWPOLYLINE
  5
F5C
330
6B
100
AcDbEntity
  8
90000_FRAME
100
AcDbPolyline
 90
        2
 70
     0
 43
0.1011566197
 10
1238.769924772988
 20
-184.4865576153937
 10
1239.720578772989
 20
-184.4865576153937
  0
LWPOLYLINE
  5
F5D
330
6B
100
AcDbEntity
  8
90000_FRAME
100
AcDbPolyline
 90
        2
 70
     0
 43
0.1011566197
 10
1245.709697772988
 20
-184.4865576153937
 10
1249.274649772988
 20
-184.4865576153937
  0
LWPOLYLINE
  5
F5E
330
6B
100
AcDbEntity
  8
90000_FRAME
100
AcDbPolyline
 90
        2
 70
     0
 43
0.1011566197
 10
1250.058938772989
 20
-184.4865576153937
 10
1251.009592772988
 20
-184.4865576153937
  0
LWPOLYLINE
  5
F5F
330
6B
100
AcDbEntity
  8
90000_FRAME
100
AcDbPolyline
 90
        2
 70
     0
 43
0.1011566197
 10
1249.274649772988
 20
-183.5834366153937
 10
1247.088145772988
 20
-183.5834366153937
  0
LWPOLYLINE
  5
F60
330
6B
100
AcDbEntity
  8
90000_FRAME
100
AcDbPolyline
 90
        2
 70
     0
 43
0.1011566197
 10
1237.961868772988
 20
-183.5834366153937
 10
1235.775364772989
 20
-183.5834366153937
  0
LWPOLYLINE
  5
F61
330
6B
100
AcDbEntity
  8
90000_FRAME
100
AcDbPolyline
 90
        2
 70
     0
 43
0.1011566197
 10
1248.941920772988
 20
-182.4664186153936
 10
1247.088145772988
 20
-182.4664186153936
  0
LWPOLYLINE
  5
F62
330
6B
100
AcDbEntity
  8
90000_FRAME
100
AcDbPolyline
 90
        2
 70
     0
 43
0.1011566197
 10
1237.629139772989
 20
-182.4664186153936
 10
1235.775364772989
 20
-182.4664186153936
  0
LWPOLYLINE
  5
F63
330
6B
100
AcDbEntity
  8
90000_FRAME
100
AcDbPolyline
 90
        2
 70
     0
 43
0.1011566197
 10
1248.941920772988
 20
-181.6821296153936
 10
1247.088145772988
 20
-181.6821296153936
  0
LWPOLYLINE
  5
F64
330
6B
100
AcDbEntity
  8
90000_FRAME
100
AcDbPolyline
 90
        2
 70
     0
 43
0.1011566197
 10
1237.629139772989
 20
-181.6821296153936
 10
1235.775364772989
 20
-181.6821296153936
  0
LINE
  5
F65
330
6B
100
AcDbEntity
  8
90000_FRAME
100
AcDbLine
 10
1181.185513772988
 20
-181.6099926153937
 30
0.0
 11
1204.787502772989
 21
-181.6099926153937
 31
0.0
  0
LWPOLYLINE
  5
F66
330
6B
100
AcDbEntity
  8
90000_FRAME
100
AcDbPolyline
 90
        2
 70
     0
 43
0.1011566197
 10
1249.227116772989
 20
-180.6126436153936
 10
1247.088145772988
 20
-180.6126436153936
  0
LWPOLYLINE
  5
F67
330
6B
100
AcDbEntity
  8
90000_FRAME
100
AcDbPolyline
 90
        2
 70
     0
 43
0.1011566197
 10
1237.914336772988
 20
-180.6126436153936
 10
1235.775364772989
 20
-180.6126436153936
  0
LWPOLYLINE
  5
F68
330
6B
100
AcDbEntity
  8
90000_FRAME
100
AcDbPolyline
 90
        2
 70
     0
 43
0.1011566197
 10
1254.241815772988
 20
-179.7332886153937
 10
1253.291161772988
 20
-179.7332886153937
  0
LWPOLYLINE
  5
F69
330
6B
100
AcDbEntity
  8
90000_FRAME
100
AcDbPolyline
 90
        2
 70
     0
 43
0.1011566197
 10
1251.603751772989
 20
-179.7332886153937
 10
1250.058938772989
 20
-179.7332886153937
  0
LWPOLYLINE
  5
F6A
330
6B
100
AcDbEntity
  8
90000_FRAME
100
AcDbPolyline
 90
        2
 70
     0
 43
0.1011566197
 10
1249.227116772989
 20
-179.7332886153937
 10
1245.709697772988
 20
-179.7332886153937
  0
LWPOLYLINE
  5
F6B
330
6B
100
AcDbEntity
  8
90000_FRAME
100
AcDbPolyline
 90
        2
 70
     0
 43
0.1011566197
 10
1244.616445772989
 20
-179.7332886153937
 10
1242.905268772988
 20
-179.7332886153937
  0
LWPOLYLINE
  5
F6C
330
6B
100
AcDbEntity
  8
90000_FRAME
100
AcDbPolyline
 90
        2
 70
     0
 43
0.1011566197
 10
1240.481101772988
 20
-179.7332886153937
 10
1238.769924772988
 20
-179.7332886153937
  0
LWPOLYLINE
  5
F6D
330
6B
100
AcDbEntity
  8
90000_FRAME
100
AcDbPolyline
 90
        2
 70
     0
 43
0.1011566197
 10
1237.914336772988
 20
-179.7332886153937
 10
1234.396916772989
 20
-179.7332886153937
  0
LWPOLYLINE
  5
F6E
330
6B
100
AcDbEntity
  8
90000_FRAME
100
AcDbPolyline
 90
        2
 70
     0
 43
0.1011566197
 10
1231.877684772989
 20
-179.7332886153937
 10
1233.303665772988
 20
-179.7332886153937
  0
LINE
  5
F6F
330
6B
100
AcDbEntity
  8
90000_FRAME
100
AcDbLine
 10
1217.654560772988
 20
-173.2833026153936
 30
0.0
 11
1352.654560772988
 21
-173.2833026153936
 31
0.0
  0
LINE
  5
F70
330
6B
100
AcDbEntity
  8
90000_FRAME
100
AcDbLine
 10
1182.465024772989
 20
-184.1099926153937
 30
0.0
 11
1192.465023772988
 21
-186.6099926153937
 31
0.0
  0
LWPOLYLINE
  5
F71
330
6B
100
AcDbEntity
  8
90000_FRAME
100
AcDbPolyline
 90
        2
 70
     0
 43
0.1011566197
 10
1251.603751772989
 20
-179.7332886153937
 10
1253.291161772988
 20
-182.6803156153937
  0
LWPOLYLINE
  5
F72
330
6B
100
AcDbEntity
  8
90000_FRAME
100
AcDbPolyline
 90
        2
 70
     0
 43
0.1011566197
 10
1252.720769772988
 20
-184.4865576153937
 10
1251.009592772988
 20
-181.4444656153937
  0
LWPOLYLINE
  5
F73
330
6B
100
AcDbEntity
  8
90000_FRAME
100
AcDbPolyline
 90
        2
 70
     0
 43
0.1011566197
 10
1241.051493772988
 20
-184.5340906153938
 10
1239.720578772989
 20
-181.4444656153937
  0
LWPOLYLINE
  5
F74
330
6B
100
AcDbEntity
  8
90000_FRAME
100
AcDbPolyline
 90
        2
 70
     0
 43
0.1011566197
 10
1240.481101772988
 20
-179.7332886153937
 10
1241.716951772988
 20
-182.6327826153936
  0
LINE
  5
F75
330
6B
100
AcDbEntity
  8
90000_FRAME
100
AcDbLine
 10
1182.465024772989
 20
-179.1099926153937
 30
0.0
 11
1182.465024772989
 21
-184.1099926153937
 31
0.0
  0
LINE
  5
F76
330
6B
100
AcDbEntity
  8
90000_FRAME
100
AcDbLine
 10
1192.465023772988
 20
-176.6099926153937
 30
0.0
 11
1192.465023772988
 21
-186.6099926153937
 31
0.0
  0
LINE
  5
F77
330
6B
100
AcDbEntity
  8
90000_FRAME
100
AcDbLine
 10
1198.965023772988
 20
-187.3314736153936
 30
0.0
 11
1198.965023772988
 21
-176.0480876153936
 31
0.0
  0
LINE
  5
F78
330
6B
100
AcDbEntity
  8
90000_FRAME
100
AcDbLine
 10
1217.654560772988
 20
-191.2833026153936
 30
0.0
 11
1217.654560772988
 21
-173.2833026153936
 31
0.0
  0
LWPOLYLINE
  5
F79
330
6B
100
AcDbEntity
  8
90000_FRAME
100
AcDbPolyline
 90
        2
 70
     0
 43
0.1011566197
 10
1227.457144772988
 20
-184.3914926153937
 10
1227.457144772988
 20
-183.4408386153937
  0
LWPOLYLINE
  5
F7A
330
6B
100
AcDbEntity
  8
90000_FRAME
100
AcDbPolyline
 90
        2
 70
     0
 43
0.1011566197
 10
1230.784432772988
 20
-180.7314756153936
 10
1230.784432772988
 20
-179.7808216153937
  0
LWPOLYLINE
  5
F7B
330
6B
100
AcDbEntity
  8
90000_FRAME
100
AcDbPolyline
 90
        2
 70
     0
 43
0.1011566197
 10
1231.877684772989
 20
-179.7332886153937
 10
1231.877684772989
 20
-184.4865576153937
  0
LWPOLYLINE
  5
F7C
330
6B
100
AcDbEntity
  8
90000_FRAME
100
AcDbPolyline
 90
        2
 70
     0
 43
0.1011566197
 10
1233.303665772988
 20
-179.7332886153937
 10
1233.303665772988
 20
-184.4865576153937
  0
LWPOLYLINE
  5
F7D
330
6B
100
AcDbEntity
  8
90000_FRAME
100
AcDbPolyline
 90
        2
 70
     0
 43
0.1011566197
 10
1234.396916772989
 20
-179.7332886153937
 10
1234.396916772989
 20
-184.4865576153937
  0
LWPOLYLINE
  5
F7E
330
6B
100
AcDbEntity
  8
90000_FRAME
100
AcDbPolyline
 90
        2
 70
     0
 43
0.1011566197
 10
1235.775364772989
 20
-180.6126436153936
 10
1235.775364772989
 20
-181.6821296153936
  0
LWPOLYLINE
  5
F7F
330
6B
100
AcDbEntity
  8
90000_FRAME
100
AcDbPolyline
 90
        2
 70
     0
 43
0.1011566197
 10
1235.775364772989
 20
-182.4664186153936
 10
1235.775364772989
 20
-183.5834366153937
  0
LWPOLYLINE
  5
F80
330
6B
100
AcDbEntity
  8
90000_FRAME
100
AcDbPolyline
 90
        2
 70
     0
 43
0.1011566197
 10
1237.629139772989
 20
-181.6821296153936
 10
1237.629139772989
 20
-182.4664186153936
  0
LWPOLYLINE
  5
F81
330
6B
100
AcDbEntity
  8
90000_FRAME
100
AcDbPolyline
 90
        2
 70
     0
 43
0.1011566197
 10
1237.914336772988
 20
-179.7332886153937
 10
1237.914336772988
 20
-180.6126436153936
  0
LWPOLYLINE
  5
F82
330
6B
100
AcDbEntity
  8
90000_FRAME
100
AcDbPolyline
 90
        2
 70
     0
 43
0.1011566197
 10
1237.961868772988
 20
-183.5834366153937
 10
1237.961868772988
 20
-184.4865576153937
  0
LWPOLYLINE
  5
F83
330
6B
100
AcDbEntity
  8
90000_FRAME
100
AcDbPolyline
 90
        2
 70
     0
 43
0.1011566197
 10
1238.769924772988
 20
-184.4865576153937
 10
1238.769924772988
 20
-179.7332886153937
  0
LWPOLYLINE
  5
F84
330
6B
100
AcDbEntity
  8
90000_FRAME
100
AcDbPolyline
 90
        2
 70
     0
 43
0.1011566197
 10
1239.720578772989
 20
-184.4865576153937
 10
1239.720578772989
 20
-181.4444656153937
  0
LWPOLYLINE
  5
F85
330
6B
100
AcDbEntity
  8
90000_FRAME
100
AcDbPolyline
 90
        2
 70
     0
 43
0.1011566197
 10
1243.237997772988
 20
-181.3969326153938
 10
1243.237997772988
 20
-184.4865576153937
  0
LWPOLYLINE
  5
F86
330
6B
100
AcDbEntity
  8
90000_FRAME
100
AcDbPolyline
 90
        2
 70
     0
 43
0.1011566197
 10
1244.616445772989
 20
-179.7332886153937
 10
1244.616445772989
 20
-184.4865576153937
  0
LWPOLYLINE
  5
F87
330
6B
100
AcDbEntity
  8
90000_FRAME
100
AcDbPolyline
 90
        2
 70
     0
 43
0.1011566197
 10
1245.709697772988
 20
-179.7332886153937
 10
1245.709697772988
 20
-184.4865576153937
  0
LWPOLYLINE
  5
F88
330
6B
100
AcDbEntity
  8
90000_FRAME
100
AcDbPolyline
 90
        2
 70
     0
 43
0.1011566197
 10
1247.088145772988
 20
-180.6126436153936
 10
1247.088145772988
 20
-181.6821296153936
  0
LWPOLYLINE
  5
F89
330
6B
100
AcDbEntity
  8
90000_FRAME
100
AcDbPolyline
 90
        2
 70
     0
 43
0.1011566197
 10
1247.088145772988
 20
-182.4664186153936
 10
1247.088145772988
 20
-183.5834366153937
  0
LWPOLYLINE
  5
F8A
330
6B
100
AcDbEntity
  8
90000_FRAME
100
AcDbPolyline
 90
        2
 70
     0
 43
0.1011566197
 10
1248.941920772988
 20
-181.6821296153936
 10
1248.941920772988
 20
-182.4664186153936
  0
LWPOLYLINE
  5
F8B
330
6B
100
AcDbEntity
  8
90000_FRAME
100
AcDbPolyline
 90
        2
 70
     0
 43
0.1011566197
 10
1249.227116772989
 20
-179.7332886153937
 10
1249.227116772989
 20
-180.6126436153936
  0
LWPOLYLINE
  5
F8C
330
6B
100
AcDbEntity
  8
90000_FRAME
100
AcDbPolyline
 90
        2
 70
     0
 43
0.1011566197
 10
1249.274649772988
 20
-183.5834366153937
 10
1249.274649772988
 20
-184.4865576153937
  0
LWPOLYLINE
  5
F8D
330
6B
100
AcDbEntity
  8
90000_FRAME
100
AcDbPolyline
 90
        2
 70
     0
 43
0.1011566197
 10
1250.058938772989
 20
-184.4865576153937
 10
1250.058938772989
 20
-179.7332886153937
  0
LWPOLYLINE
  5
F8E
330
6B
100
AcDbEntity
  8
90000_FRAME
100
AcDbPolyline
 90
        2
 70
     0
 43
0.1011566197
 10
1251.009592772988
 20
-184.4865576153937
 10
1251.009592772988
 20
-181.4444656153937
  0
LWPOLYLINE
  5
F8F
330
6B
100
AcDbEntity
  8
90000_FRAME
100
AcDbPolyline
 90
        2
 70
     0
 43
0.1011566197
 10
1253.291161772988
 20
-179.7332886153937
 10
1253.291161772988
 20
-182.6803156153937
  0
LWPOLYLINE
  5
F90
330
6B
100
AcDbEntity
  8
90000_FRAME
100
AcDbPolyline
 90
        2
 70
     0
 43
0.1011566197
 10
1254.241815772988
 20
-179.7332886153937
 10
1254.241815772988
 20
-184.4865576153937
  0
LWPOLYLINE
  5
F91
330
6B
100
AcDbEntity
  8
90000_FRAME
100
AcDbPolyline
 90
        2
 70
     0
 43
0.1011566197
 10
1255.049871772988
 20
-184.3914926153937
 10
1255.049871772988
 20
-183.4408386153937
  0
LWPOLYLINE
  5
F92
330
6B
100
AcDbEntity
  8
90000_FRAME
100
AcDbPolyline
 90
        2
 70
     0
 43
0.1011566197
 10
1258.377159772989
 20
-180.7314756153936
 10
1258.377159772989
 20
-179.7808216153937
  0
LINE
  5
F93
330
6B
100
AcDbEntity
  8
90000_FRAME
100
AcDbLine
 10
1267.654560772988
 20
-191.2833026153936
 30
0.0
 11
1267.654560772988
 21
-173.2833026153936
 31
0.0
  0
LINE
  5
F94
330
6B
100
AcDbEntity
  8
90000_FRAME
100
AcDbLine
 10
1310.154560772988
 20
-191.2833026153936
 30
0.0
 11
1310.154560772988
 21
-185.2833026153937
 31
0.0
  0
LWPOLYLINE
  5
F95
330
6B
100
AcDbEntity
  8
90000_FRAME
100
AcDbPolyline
 90
        2
 70
     0
 43
0.1011566197
 10
1242.905268772988
 20
-179.7332886153937
 10
1241.716951772988
 20
-182.6327826153936
  0
LWPOLYLINE
  5
F96
330
6B
100
AcDbEntity
  8
90000_FRAME
100
AcDbPolyline
 90
        2
 70
     0
 43
0.1011566197
 10
1243.237997772988
 20
-181.3969326153938
 10
1241.907082772988
 20
-184.5340906153938
  0
LWPOLYLINE
  5
F97
330
6B
100
AcDbEntity
  8
90000_FRAME
100
AcDbPolyline
 90
        2
 70
     0
 43
0.0503845197
 10
1227.648972772988
 20
-180.3140946153937
 10
1227.923038772988
 20
-180.0400216153937
  0
LINE
  5
F98
330
6B
100
AcDbEntity
  8
90000_FRAME
100
AcDbLine
 10
1352.654560772988
 20
-191.2833026153936
 30
0.0
 11
1352.654560772988
 21
-173.2833026153936
 31
0.0
  0
LWPOLYLINE
  5
F99
330
6B
100
AcDbEntity
  8
90000_FRAME
100
AcDbPolyline
 90
        2
 70
     0
 43
0.1011566162
 10
1229.548582772988
 20
-182.9298626153937
 42
0.0089813097
 10
1228.978190605288
 20
-182.6803160182937
  0
LWPOLYLINE
  5
F9A
330
6B
100
AcDbEntity
  8
90000_FRAME
100
AcDbPolyline
 90
        2
 70
     0
 43
0.1011566162
 10
1228.265199772988
 20
-182.3475866153937
 42
0.0185121879
 10
1228.978190715589
 20
-182.6803157512937
  0
LWPOLYLINE
  5
F9B
330
6B
100
AcDbEntity
  8
90000_FRAME
100
AcDbPolyline
 90
        2
 70
     0
 43
0.1011566162
 10
1230.784432772988
 20
-179.7808216153937
 42
0.0376822739
 10
1229.429750792389
 20
-179.6144572010937
  0
LWPOLYLINE
  5
F9C
330
6B
100
AcDbEntity
  8
90000_FRAME
100
AcDbPolyline
 90
        2
 70
     0
 43
0.1011566162
 10
1230.404170772988
 20
-181.8722596153938
 42
0.036238485
 10
1229.511354979289
 20
-181.4378230994936
  0
CIRCLE
  5
F9D
330
6B
100
AcDbEntity
  8
90000_FRAME
100
AcDbCircle
 10
1198.965023772988
 20
-181.6099926153937
 30
0.0
 40
5.0
  0
LWPOLYLINE
  5
F9E
330
6B
100
AcDbEntity
  8
90000_FRAME
100
AcDbPolyline
 90
        2
 70
     0
 43
0.1011566162
 10
1227.457144772988
 20
-184.3914926153937
 42
0.124502225
 10
1229.786245758789
 20
-184.5222075421939
  0
LWPOLYLINE
  5
F9F
330
6B
100
AcDbEntity
  8
90000_FRAME
100
AcDbPolyline
 90
        2
 70
     0
 43
0.1011566162
 10
1230.784432772988
 20
-180.7314756153936
 42
0.0554265283
 10
1229.786245718988
 20
-180.4938120519937
  0
LWPOLYLINE
  5
FA0
330
6B
100
AcDbEntity
  8
90000_FRAME
100
AcDbPolyline
 90
        2
 70
     0
 43
0.1011566162
 10
1227.457144772988
 20
-183.4408386153937
 42
0.1460086942
 10
1229.310919697888
 20
-183.6309692201936
  0
LWPOLYLINE
  5
FA1
330
6B
100
AcDbEntity
  8
90000_FRAME
100
AcDbPolyline
 90
        2
 70
     0
 43
0.1011566162
 10
1229.025722772988
 20
-181.2186856153936
 42
0.0494757662
 10
1229.511354854188
 20
-181.4378233744937
  0
CIRCLE
  5
FA2
330
6B
100
AcDbEntity
  8
90000_FRAME
100
AcDbCircle
 10
1198.965023772988
 20
-181.6099926153937
 30
0.0
 40
2.5
  0
LWPOLYLINE
  5
FA3
330
6B
100
AcDbEntity
  8
90000_FRAME
100
AcDbPolyline
 90
        2
 70
     0
 43
0.1011566162
 10
1229.429750772988
 20
-179.6144576153937
 42
0.150367553
 10
1228.075070111488
 20
-179.9353031916937
  0
LWPOLYLINE
  5
FA4
330
6B
100
AcDbEntity
  8
90000_FRAME
100
AcDbPolyline
 90
        2
 70
     0
 43
0.1011566162
 10
1229.786245772988
 20
-180.4938116153936
 42
0.0844238199
 10
1229.049489707388
 20
-180.5413443386936
  0
LWPOLYLINE
  5
FA5
330
6B
100
AcDbEntity
  8
90000_FRAME
100
AcDbPolyline
 90
        2
 70
     0
 43
0.1011566162
 10
1227.789872772988
 20
-182.0148576153937
 42
0.0672618877
 10
1228.265199724688
 20
-182.3475867089936
  0
LWPOLYLINE
  5
FA6
330
6B
100
AcDbEntity
  8
90000_FRAME
100
AcDbPolyline
 90
        2
 70
     0
 43
0.1011566162
 10
1229.786245772988
 20
-184.5222076153937
 42
0.1292500127
 10
1230.736899789488
 20
-184.0349976337936
  0
LWPOLYLINE
  5
FA7
330
6B
100
AcDbEntity
  8
90000_FRAME
100
AcDbPolyline
 90
        2
 70
     0
 43
0.1011566162
 10
1228.075069772988
 20
-179.9353026153936
 42
0.088858002
 10
1227.656781509089
 20
-180.3036814056936
  0
LWPOLYLINE
  5
FA8
330
6B
100
AcDbEntity
  8
90000_FRAME
100
AcDbPolyline
 90
        2
 70
     0
 43
0.1011566162
 10
1230.993023772988
 20
-182.5099486153937
 42
0.1473425333
 10
1230.404170889788
 20
-181.8722594172938
  0
LWPOLYLINE
  5
FA9
330
6B
100
AcDbEntity
  8
90000_FRAME
100
AcDbPolyline
 90
        2
 70
     0
 43
0.1011566162
 10
1230.736899772989
 20
-184.0349976153937
 42
0.0770883009
 10
1230.990766829489
 20
-183.6763596434937
  0
LWPOLYLINE
  5
FAA
330
6B
100
AcDbEntity
  8
90000_FRAME
100
AcDbPolyline
 90
        2
 70
     0
 43
0.1011566162
 10
1230.990766772988
 20
-183.6763596153936
 42
0.2171429263
 10
1230.993023398288
 20
-182.5099487852939
  0
LWPOLYLINE
  5
FAB
330
6B
100
AcDbEntity
  8
90000_FRAME
100
AcDbPolyline
 90
        2
 70
     0
 43
0.1011566162
 10
1227.457144772988
 20
-180.7314756153936
 42
0.1387837924
 10
1227.457144772988
 20
-181.4444656153937
  0
LWPOLYLINE
  5
FAC
330
6B
100
AcDbEntity
  8
90000_FRAME
100
AcDbPolyline
 90
        2
 70
     0
 43
0.1011566162
 10
1227.457144772988
 20
-181.4444656153937
 42
0.1357491989
 10
1227.789872999689
 20
-182.0148573828936
  0
LWPOLYLINE
  5
FAD
330
6B
100
AcDbEntity
  8
90000_FRAME
100
AcDbPolyline
 90
        2
 70
     0
 43
0.1011566162
 10
1227.656781772989
 20
-180.3036816153938
 42
0.1065971698
 10
1227.457144811289
 20
-180.7314756240937
  0
LWPOLYLINE
  5
FAE
330
6B
100
AcDbEntity
  8
90000_FRAME
100
AcDbPolyline
 90
        2
 70
     0
 43
0.1011566162
 10
1229.310919772989
 20
-183.6309696153936
 42
0.0786071698
 10
1229.643648038489
 20
-183.5311511673938
  0
LWPOLYLINE
  5
FAF
330
6B
100
AcDbEntity
  8
90000_FRAME
100
AcDbPolyline
 90
        2
 70
     0
 43
0.1011566162
 10
1228.835592772988
 20
-181.0642046153937
 42
0.0710676268
 10
1229.025722945888
 20
-181.2186853271937
  0
LWPOLYLINE
  5
FB0
330
6B
100
AcDbEntity
  8
90000_FRAME
100
AcDbPolyline
 90
        2
 70
     0
 43
0.1011566162
 10
1229.049489772988
 20
-180.5413446153936
 42
0.2052579165
 10
1228.788059565589
 20
-180.7314754918938
  0
LWPOLYLINE
  5
FB1
330
6B
100
AcDbEntity
  8
90000_FRAME
100
AcDbPolyline
 90
        2
 70
     0
 43
0.1011566162
 10
1229.643647772988
 20
-183.5311506153936
 42
0.6185903865000001
 10
1229.548582466289
 20
-182.9298635860936
  0
LWPOLYLINE
  5
FB2
330
6B
100
AcDbEntity
  8
90000_FRAME
100
AcDbPolyline
 90
        2
 70
     0
 43
0.1011566162
 10
1228.788059772988
 20
-180.7314756153936
 42
0.3027759204
 10
1228.835592597588
 20
-181.0642047722937
  0
LWPOLYLINE
  5
FB3
330
6B
100
AcDbEntity
  8
90000_FRAME
100
AcDbPolyline
 90
        2
 70
     0
 43
0.1011566162
 10
1257.141309772989
 20
-182.9298626153937
 42
0.0089813097
 10
1256.570917605289
 20
-182.6803160182937
  0
LWPOLYLINE
  5
FB4
330
6B
100
AcDbEntity
  8
90000_FRAME
100
AcDbPolyline
 90
        2
 70
     0
 43
0.1011566162
 10
1255.857926772989
 20
-182.3475866153937
 42
0.0185121879
 10
1256.570917715589
 20
-182.6803157512937
  0
LWPOLYLINE
  5
FB5
330
6B
100
AcDbEntity
  8
90000_FRAME
100
AcDbPolyline
 90
        2
 70
     0
 43
0.1011566162
 10
1258.377159772989
 20
-179.7808216153937
 42
0.0376822739
 10
1257.022477792389
 20
-179.6144572010937
  0
LWPOLYLINE
  5
FB6
330
6B
100
AcDbEntity
  8
90000_FRAME
100
AcDbPolyline
 90
        2
 70
     0
 43
0.1011566162
 10
1257.996897772988
 20
-181.8722596153938
 42
0.036238485
 10
1257.104081979289
 20
-181.4378230994936
  0
LWPOLYLINE
  5
FB7
330
6B
100
AcDbEntity
  8
90000_FRAME
100
AcDbPolyline
 90
        2
 70
     0
 43
0.1011566162
 10
1255.049871772988
 20
-184.3914926153937
 42
0.124502225
 10
1257.378972758788
 20
-184.5222075421939
  0
LWPOLYLINE
  5
FB8
330
6B
100
AcDbEntity
  8
90000_FRAME
100
AcDbPolyline
 90
        2
 70
     0
 43
0.1011566162
 10
1258.377159772989
 20
-180.7314756153936
 42
0.0554265283
 10
1257.378972718989
 20
-180.4938120519937
  0
LWPOLYLINE
  5
FB9
330
6B
100
AcDbEntity
  8
90000_FRAME
100
AcDbPolyline
 90
        2
 70
     0
 43
0.1011566162
 10
1255.049871772988
 20
-183.4408386153937
 42
0.1460086942
 10
1256.903646697888
 20
-183.6309692201936
  0
LWPOLYLINE
  5
FBA
330
6B
100
AcDbEntity
  8
90000_FRAME
100
AcDbPolyline
 90
        2
 70
     0
 43
0.1011566162
 10
1256.618449772989
 20
-181.2186856153936
 42
0.0494757662
 10
1257.104081854189
 20
-181.4378233744937
  0
LWPOLYLINE
  5
FBB
330
6B
100
AcDbEntity
  8
90000_FRAME
100
AcDbPolyline
 90
        2
 70
     0
 43
0.1011566162
 10
1257.022477772989
 20
-179.6144576153937
 42
0.150367553
 10
1255.667797111488
 20
-179.9353031916937
  0
LWPOLYLINE
  5
FBC
330
6B
100
AcDbEntity
  8
90000_FRAME
100
AcDbPolyline
 90
        2
 70
     0
 43
0.1011566162
 10
1257.378972772988
 20
-180.4938116153936
 42
0.0844238199
 10
1256.642216707389
 20
-180.5413443386936
  0
LWPOLYLINE
  5
FBD
330
6B
100
AcDbEntity
  8
90000_FRAME
100
AcDbPolyline
 90
        2
 70
     0
 43
0.1011566162
 10
1255.382599772989
 20
-182.0148576153937
 42
0.0672618877
 10
1255.857926724688
 20
-182.3475867089936
  0
LWPOLYLINE
  5
FBE
330
6B
100
AcDbEntity
  8
90000_FRAME
100
AcDbPolyline
 90
        2
 70
     0
 43
0.1011566162
 10
1257.378972772988
 20
-184.5222076153937
 42
0.1292500127
 10
1258.329626789488
 20
-184.0349976337936
  0
LWPOLYLINE
  5
FBF
330
6B
100
AcDbEntity
  8
90000_FRAME
100
AcDbPolyline
 90
        2
 70
     0
 43
0.1011566162
 10
1255.667796772988
 20
-179.9353026153936
 42
0.088858002
 10
1255.249508509088
 20
-180.3036814056936
  0
LWPOLYLINE
  5
FC0
330
6B
100
AcDbEntity
  8
90000_FRAME
100
AcDbPolyline
 90
        2
 70
     0
 43
0.1011566162
 10
1258.585750772988
 20
-182.5099486153937
 42
0.1473425333
 10
1257.996897889788
 20
-181.8722594172938
  0
LWPOLYLINE
  5
FC1
330
6B
100
AcDbEntity
  8
90000_FRAME
100
AcDbPolyline
 90
        2
 70
     0
 43
0.1011566162
 10
1258.329626772988
 20
-184.0349976153937
 42
0.0770883009
 10
1258.583493829488
 20
-183.6763596434937
  0
LWPOLYLINE
  5
FC2
330
6B
100
AcDbEntity
  8
90000_FRAME
100
AcDbPolyline
 90
        2
 70
     0
 43
0.1011566162
 10
1258.583493772988
 20
-183.6763596153936
 42
0.2171429263
 10
1258.585750398288
 20
-182.5099487852939
  0
LWPOLYLINE
  5
FC3
330
6B
100
AcDbEntity
  8
90000_FRAME
100
AcDbPolyline
 90
        2
 70
     0
 43
0.1011566162
 10
1255.049871772988
 20
-180.7314756153936
 42
0.1387837924
 10
1255.049871772988
 20
-181.4444656153937
  0
LWPOLYLINE
  5
FC4
330
6B
100
AcDbEntity
  8
90000_FRAME
100
AcDbPolyline
 90
        2
 70
     0
 43
0.1011566162
 10
1255.049871772988
 20
-181.4444656153937
 42
0.1357491989
 10
1255.382599999689
 20
-182.0148573828936
  0
LWPOLYLINE
  5
FC5
330
6B
100
AcDbEntity
  8
90000_FRAME
100
AcDbPolyline
 90
        2
 70
     0
 43
0.1011566162
 10
1255.249508772988
 20
-180.3036816153938
 42
0.1065971698
 10
1255.049871811288
 20
-180.7314756240937
  0
LWPOLYLINE
  5
FC6
330
6B
100
AcDbEntity
  8
90000_FRAME
100
AcDbPolyline
 90
        2
 70
     0
 43
0.1011566162
 10
1256.903646772988
 20
-183.6309696153936
 42
0.0786071698
 10
1257.236375038489
 20
-183.5311511673938
  0
LWPOLYLINE
  5
FC7
330
6B
100
AcDbEntity
  8
90000_FRAME
100
AcDbPolyline
 90
        2
 70
     0
 43
0.1011566162
 10
1256.428319772989
 20
-181.0642046153937
 42
0.0710676268
 10
1256.618449945889
 20
-181.2186853271937
  0
LWPOLYLINE
  5
FC8
330
6B
100
AcDbEntity
  8
90000_FRAME
100
AcDbPolyline
 90
        2
 70
     0
 43
0.1011566162
 10
1256.642216772988
 20
-180.5413446153936
 42
0.2052579165
 10
1256.380786565588
 20
-180.7314754918938
  0
LWPOLYLINE
  5
FC9
330
6B
100
AcDbEntity
  8
90000_FRAME
100
AcDbPolyline
 90
        2
 70
     0
 43
0.1011566162
 10
1257.236374772989
 20
-183.5311506153936
 42
0.6185903865000001
 10
1257.141309466289
 20
-182.9298635860936
  0
LWPOLYLINE
  5
FCA
330
6B
100
AcDbEntity
  8
90000_FRAME
100
AcDbPolyline
 90
        2
 70
     0
 43
0.1011566162
 10
1256.380786772988
 20
-180.7314756153936
 42
0.3027759204
 10
1256.428319597588
 20
-181.0642047722937
  0
LWPOLYLINE
  5
6FEB
330
6B
100
AcDbEntity
  8
90000_FRAME
100
AcDbPolyline
 90
        4
 70
     1
 43
0.0
 10
941.2195210272047
 20
-200.8600296769086
 10
1361.219521027203
 20
-200.8600296769086
 10
1361.219521027203
 20
96.13997032309143
 10
941.2195210272047
 20
96.13997032309143
1001
GENIUS_GENREC_14
1002
{
1000
PYDIR
1011
941.2195210272047
1021
96.13997032309143
1031
0.0
1002
}
1002
{
1000
PXDIR
1011
1361.219521027203
1021
-200.8600296769086
1031
0.0
1002
}
1002
{
1000
PORI
1011
941.2195210272047
1021
-200.8600296769086
1031
0.0
1002
}
1002
{
1000
PINS
1011
941.2195210272047
1021
-200.8600296769086
1031
0.0
1002
}
1002
{
1000
HVAL
1000
297
1002
}
1002
{
1000
H
1070
     2
1002
}
1002
{
1000
WVAL
1000
420
1002
}
1002
{
1000
W
1070
     2
1002
}
1002
{
1000
C
1070
     1
1002
}
1001
GENIUS_GENOBJ-N-REC_13
1002
{
1000
OWNER
1000
GEN
1002
}
1001
GENIUS_GENODEF_13
1002
{
1000
HIER
1070
     0
1002
}
1002
{
1000
MANEDIT
1070
     0
1002
}
1002
{
1000
NOSEL
1070
     0
1002
}
1002
{
1000
BEHIND
1070
     0
1002
}
1002
{
1000
OTHER
1070
     0
1002
}
1002
{
1000
REACTOR
1002
}
1001
AcDbBlockRepETag
1070
     1
1071
       11
1005
0
  0
LWPOLYLINE
  5
6FEC
330
6B
100
AcDbEntity
  8
90000_FRAME
100
AcDbPolyline
 90
        4
 70
     1
 43
0.0
 10
946.2195210272046
 20
-195.8600296769084
 10
1356.219521027203
 20
-195.8600296769084
 10
1356.219521027203
 20
91.13997032309141
 10
946.2195210272046
 20
91.13997032309141
1001
GENIUS_GENREC_14
1002
{
1000
PYDIR
1011
941.2195210272047
1021
96.13997032309143
1031
0.0
1002
}
1002
{
1000
PXDIR
1011
1361.219521027203
1021
-200.8600296769086
1031
0.0
1002
}
1002
{
1000
PORI
1011
941.2195210272047
1021
-200.8600296769086
1031
0.0
1002
}
1002
{
1000
PINS
1011
941.2195210272047
1021
-200.8600296769086
1031
0.0
1002
}
1002
{
1000
HVAL
1000
297
1002
}
1002
{
1000
H
1070
     2
1002
}
1002
{
1000
WVAL
1000
420
1002
}
1002
{
1000
W
1070
     2
1002
}
1002
{
1000
C
1070
     1
1002
}
1001
GENIUS_GENOBJ-N-REC_13
1002
{
1000
OWNER
1000
GEN
1002
}
1001
GENIUS_GENODEF_13
1002
{
1000
HIER
1070
     0
1002
}
1002
{
1000
MANEDIT
1070
     0
1002
}
1002
{
1000
NOSEL
1070
     0
1002
}
1002
{
1000
BEHIND
1070
     0
1002
}
1002
{
1000
OTHER
1070
     0
1002
}
1002
{
1000
REACTOR
1002
}
1001
AcDbBlockRepETag
1070
     1
1071
       15
1005
0
  0
TEXT
  5
7F64
330
6B
100
AcDbEntity
  8
10300_FRONT_GERMAN_ENGLISH
100
AcDbText
 10
1107.190471332041
 20
-18.69131210910771
 30
0.0
 40
3.5
  1
Vorne / Front
 41
0.7161172161186836
 72
     5
 11
1139.773804665441
 21
-18.69131210910771
 31
0.0
100
AcDbText
  0
TEXT
  5
7F65
330
6B
100
AcDbEntity
  8
11300_LEFT_GERMAN_ENGLISH
100
AcDbText
 10
1172.866825313695
 20
-18.6221176745787
 30
0.0
 40
3.5
  1
Links / Left
 41
0.7402597402597344
 72
     5
 11
1201.366825313695
 21
-18.6221176745787
 31
0.0
100
AcDbText
  0
TEXT
  5
7F66
330
6B
100
AcDbEntity
  8
13300_TOP_GERMAN_ENGLISH
100
AcDbText
 10
1110.448021316001
 20
-74.18404993244855
 30
0.0
 40
3.5
  1
Oben / Top
 41
0.7807881773379347
 72
     5
 11
1136.864687982601
 21
-74.18404993244855
 31
0.0
100
AcDbText
  0
TEXT
  5
7F67
330
6B
100
AcDbEntity
  8
14300_BOTTOM_GERMAN_ENGLISH
100
AcDbText
 10
1105.740698285981
 20
71.59732201405057
 30
0.0
 40
3.5
  1
Unten / Bottom
 41
0.6811846689909476
 72
     5
 11
1138.324031619381
 21
71.59732201405057
 31
0.0
100
AcDbText
  0
TEXT
  5
7F68
330
6B
100
AcDbEntity
  8
15300_BACK_GERMAN_ENGLISH
100
AcDbText
 10
1241.764698459743
 20
-16.52845124445693
 30
0.0
 40
3.5
  1
Hinten / Back
 41
0.7161172161
 51
0.000019
  7
TEXTSTYLE_1
100
AcDbText
  0
LINE
  5
7F69
330
6B
100
AcDbEntity
  8
10000_FRONT
100
AcDbLine
 10
1113.165346771272
 20
-41.22699058436444
 30
0.0
 11
1113.165346771272
 21
-41.7269905498644
 31
0.0
  0
LINE
  5
7F6A
330
6B
100
AcDbEntity
  8
10000_FRONT
100
AcDbLine
 10
1113.965346809272
 20
-41.7269905498644
 30
0.0
 11
1113.965346809272
 21
-41.22699058436444
 31
0.0
  0
LINE
  5
7F6B
330
6B
100
AcDbEntity
  8
10000_FRONT
100
AcDbLine
 10
1126.865346781672
 20
-41.22699058436444
 30
0.0
 11
1126.865346781672
 21
-34.80434039896454
 31
0.0
  0
LINE
  5
7F6C
330
6B
100
AcDbEntity
  8
10000_FRONT
100
AcDbLine
 10
1126.065346743672
 20
-34.80434039896454
 30
0.0
 11
1126.065346743672
 21
-41.22699058436444
 31
0.0
  0
LINE
  5
7F6D
330
6B
100
AcDbEntity
  8
10000_FRONT
100
AcDbLine
 10
1113.965346809272
 20
-41.22699058436444
 30
0.0
 11
1113.965346809272
 21
-34.80434039896454
 31
0.0
  0
LINE
  5
7F6E
330
6B
100
AcDbEntity
  8
10000_FRONT
100
AcDbLine
 10
1113.165346771272
 20
-34.80434039896454
 30
0.0
 11
1113.165346771272
 21
-41.22699058436444
 31
0.0
  0
LINE
  5
7F6F
330
6B
100
AcDbEntity
  8
10000_FRONT
100
AcDbLine
 10
1113.165346771272
 20
-33.93831564396453
 30
0.0
 11
1113.165346771272
 21
-34.80434039896454
 31
0.0
  0
LINE
  5
7F70
330
6B
100
AcDbEntity
  8
10000_FRONT
100
AcDbLine
 10
1113.965346809272
 20
-34.80434039896454
 30
0.0
 11
1113.965346809272
 21
-33.93831564396453
 31
0.0
  0
LINE
  5
7F71
330
6B
100
AcDbEntity
  8
10000_FRONT
100
AcDbLine
 10
1126.065346743672
 20
-41.22699058436444
 30
0.0
 11
1126.065346743672
 21
-41.7269905498644
 31
0.0
  0
LINE
  5
7F72
330
6B
100
AcDbEntity
  8
10000_FRONT
100
AcDbLine
 10
1126.865346781672
 20
-41.7269905498644
 30
0.0
 11
1126.865346781672
 21
-41.22699058436444
 31
0.0
  0
LINE
  5
7F73
330
6B
100
AcDbEntity
  8
10000_FRONT
100
AcDbLine
 10
1126.065346743672
 20
-33.93831564396453
 30
0.0
 11
1126.065346743672
 21
-34.80434039896454
 31
0.0
  0
LINE
  5
7F74
330
6B
100
AcDbEntity
  8
10000_FRONT
100
AcDbLine
 10
1126.865346781672
 20
-34.80434039896454
 30
0.0
 11
1126.865346781672
 21
-33.93831564396453
 31
0.0
  0
LINE
  5
7F75
330
6B
100
AcDbEntity
  8
10000_FRONT
100
AcDbLine
 10
1126.865346781672
 20
-33.93831564396453
 30
0.0
 11
1126.865346781672
 21
-32.42699051566444
 31
0.0
  0
LINE
  5
7F76
330
6B
100
AcDbEntity
  8
10000_FRONT
100
AcDbLine
 10
1126.065346743672
 20
-32.42699051566444
 30
0.0
 11
1126.065346743672
 21
-33.93831564396453
 31
0.0
  0
LINE
  5
7F77
330
6B
100
AcDbEntity
  8
10000_FRONT
100
AcDbLine
 10
1113.965346809272
 20
-33.93831564396453
 30
0.0
 11
1113.965346809272
 21
-32.42699051566444
 31
0.0
  0
LINE
  5
7F78
330
6B
100
AcDbEntity
  8
10000_FRONT
100
AcDbLine
 10
1113.165346771272
 20
-32.42699051566444
 30
0.0
 11
1113.165346771272
 21
-33.93831564396453
 31
0.0
  0
LINE
  5
7F79
330
6B
100
AcDbEntity
  8
10000_FRONT
100
AcDbLine
 10
1114.011474285072
 20
-41.32699064726452
 30
0.0
 11
1113.965346809272
 21
-41.32699064726452
 31
0.0
  0
LINE
  5
7F7A
330
6B
100
AcDbEntity
  8
10000_FRONT
100
AcDbLine
 10
1113.565347023072
 20
-42.12699056886444
 30
0.0
 11
1113.614246114872
 21
-42.12699056886444
 31
0.0
  0
LINE
  5
7F7B
330
6B
100
AcDbEntity
  8
10000_FRONT
100
AcDbLine
 10
1126.414245791572
 20
-42.12699056886444
 30
0.0
 11
1126.465346995572
 21
-42.12699056886444
 31
0.0
  0
LINE
  5
7F7C
330
6B
100
AcDbEntity
  8
10000_FRONT
100
AcDbLine
 10
1126.065346743672
 20
-41.32699064726452
 30
0.0
 11
1126.016090489772
 21
-41.32699064726452
 31
0.0
  0
LINE
  5
7F7D
330
6B
100
AcDbEntity
  8
10000_FRONT
100
AcDbLine
 10
1121.814245922273
 20
-33.0269904276644
 30
0.0
 11
1124.464245844473
 21
-33.0269904276644
 31
0.0
  0
LINE
  5
7F7E
330
6B
100
AcDbEntity
  8
10000_FRONT
100
AcDbLine
 10
1115.564246061973
 20
-33.0269904276644
 30
0.0
 11
1118.214245984172
 21
-33.0269904276644
 31
0.0
  0
LINE
  5
7F7F
330
6B
100
AcDbEntity
  8
10000_FRONT
100
AcDbLine
 10
1125.965346913572
 20
-31.22699069146441
 30
0.0
 11
1114.665347017172
 21
-31.22699069146441
 31
0.0
  0
LWPOLYLINE
  5
7F80
330
6B
100
AcDbEntity
  8
10000_FRONT
100
AcDbPolyline
 90
       10
 70
   128
 43
0.0
 10
1113.977344106672
 20
-31.82705020816445
 10
1113.882308691573
 20
-31.82987397826443
 10
1113.712949078372
 20
-31.85446275686442
 10
1113.547697994672
 20
-31.90738050556442
 10
1113.413470662972
 20
-31.98096057686451
 10
1113.309048913172
 20
-32.07099432416442
 10
1113.231623876672
 20
-32.17679536256444
 10
1113.182646088072
 20
-32.29643212916443
 10
1113.165353290572
 20
-32.42451133496451
 10
1113.165609869873
 20
-32.44319739106442
  0
LWPOLYLINE
  5
7F81
330
6B
100
AcDbEntity
  8
10000_FRONT
100
AcDbPolyline
 90
       10
 70
   128
 43
0.0
 10
1126.865084614372
 20
-32.44318528386453
 10
1126.852381840172
 20
-32.31375286646443
 10
1126.807824574172
 20
-32.19301341386452
 10
1126.738760020372
 20
-32.09029784716441
 10
1126.648357469372
 20
-32.00384876046451
 10
1126.535544968972
 20
-31.93209687536441
 10
1126.396837975672
 20
-31.87565593336453
 10
1126.235111947872
 20
-31.8391834786645
 10
1126.073591276772
 20
-31.82701854316452
 10
1126.054578326472
 20
-31.82703903226451
  0
LINE
  5
7F82
330
6B
100
AcDbEntity
  8
10000_FRONT
100
AcDbLine
 10
1114.665347017172
 20
-31.82699060356441
 30
0.0
 11
1113.965346809272
 21
-31.82699060356441
 31
0.0
  0
LINE
  5
7F83
330
6B
100
AcDbEntity
  8
10000_FRONT
100
AcDbLine
 10
1113.965346809272
 20
-32.62699017586454
 30
0.0
 11
1114.665347017172
 21
-32.62699017586454
 31
0.0
  0
LINE
  5
7F84
330
6B
100
AcDbEntity
  8
10000_FRONT
100
AcDbLine
 10
1125.965346913572
 20
-32.62699017586454
 30
0.0
 11
1126.065346743672
 21
-32.62699017586454
 31
0.0
  0
LINE
  5
7F85
330
6B
100
AcDbEntity
  8
10000_FRONT
100
AcDbLine
 10
1126.065346743672
 20
-31.82699060356441
 30
0.0
 11
1125.965346913572
 21
-31.82699060356441
 31
0.0
  0
LINE
  5
7F86
330
6B
100
AcDbEntity
  8
10000_FRONT
100
AcDbLine
 10
1127.037248439872
 20
-39.24199048716443
 30
0.0
 11
1127.037248439872
 21
-37.54199058106454
 31
0.0
  0
LINE
  5
7F87
330
6B
100
AcDbEntity
  8
10000_FRONT
100
AcDbLine
 10
1112.991243466572
 20
-37.54199058106454
 30
0.0
 11
1112.991243466572
 21
-39.24199048716443
 31
0.0
  0
ARC
  5
7F88
330
6B
100
AcDbEntity
  8
10000_FRONT
100
AcDbCircle
 10
1113.565346931173
 20
-41.72699059516441
 30
0.0
 40
0.4000000000003753
100
AcDbArc
 50
270.0
 51
0.0
  0
ARC
  5
7F89
330
6B
100
AcDbEntity
  8
10000_FRONT
100
AcDbCircle
 10
1113.565346931173
 20
-41.72699059516441
 30
0.0
 40
0.3999999999998636
100
AcDbArc
 50
180.0
 51
270.0
  0
ARC
  5
7F8A
330
6B
100
AcDbEntity
  8
10000_FRONT
100
AcDbCircle
 10
1126.465346931172
 20
-41.72699059516441
 30
0.0
 40
0.4000000000000341
100
AcDbArc
 50
179.999999999899
 51
359.9999999998991
  0
LWPOLYLINE
  5
7F8B
330
6B
100
AcDbEntity
  8
10000_FRONT
100
AcDbPolyline
 90
        3
 70
   128
 43
0.0
 10
1126.065346743672
 20
-32.42699051566444
 10
1126.066421024273
 20
-32.40162128866444
 10
1126.068768888472
 20
-32.38177480466442
  0
LINE
  5
7F8C
330
6B
100
AcDbEntity
  8
10000_FRONT
100
AcDbLine
 10
1113.958691578173
 20
-32.36406104926442
 30
0.0
 11
1113.965346809272
 21
-32.42699051566444
 31
0.0
  0
LINE
  5
7F8D
330
6B
100
AcDbEntity
  8
10000_FRONT
100
AcDbLine
 10
1125.464246008372
 20
-35.15699081406453
 30
0.0
 11
1125.464246008372
 21
-33.44199056096443
 31
0.0
  0
LINE
  5
7F8E
330
6B
100
AcDbEntity
  8
10000_FRONT
100
AcDbLine
 10
1126.065346743672
 20
-33.44199056096443
 30
0.0
 11
1125.464246008372
 21
-33.44199056096443
 31
0.0
  0
LINE
  5
7F8F
330
6B
100
AcDbEntity
  8
10000_FRONT
100
AcDbLine
 10
1126.065346743672
 20
-35.15699081406453
 30
0.0
 11
1125.464246008372
 21
-35.15699081406453
 31
0.0
  0
LINE
  5
7F90
330
6B
100
AcDbEntity
  8
10000_FRONT
100
AcDbLine
 10
1113.164245947972
 20
-35.15699081406453
 30
0.0
 11
1113.165346771272
 21
-35.15699081406453
 31
0.0
  0
LINE
  5
7F91
330
6B
100
AcDbEntity
  8
10000_FRONT
100
AcDbLine
 10
1113.965346809272
 20
-35.15699081406453
 30
0.0
 11
1114.564245898072
 21
-35.15699081406453
 31
0.0
  0
LINE
  5
7F92
330
6B
100
AcDbEntity
  8
10000_FRONT
100
AcDbLine
 10
1113.164245947972
 20
-33.44199056096443
 30
0.0
 11
1113.165346771272
 21
-33.44199056096443
 31
0.0
  0
LINE
  5
7F93
330
6B
100
AcDbEntity
  8
10000_FRONT
100
AcDbLine
 10
1113.965346809272
 20
-33.44199056096443
 30
0.0
 11
1114.564245898072
 21
-33.44199056096443
 31
0.0
  0
LINE
  5
7F94
330
6B
100
AcDbEntity
  8
10000_FRONT
100
AcDbLine
 10
1114.564245898072
 20
-33.44199056096443
 30
0.0
 11
1114.564245898072
 21
-35.15699081406453
 31
0.0
  0
LINE
  5
7F95
330
6B
100
AcDbEntity
  8
10000_FRONT
100
AcDbLine
 10
1113.164245947972
 20
-33.44199056096443
 30
0.0
 11
1113.164245947972
 21
-35.15699081406453
 31
0.0
  0
LINE
  5
7F96
330
6B
100
AcDbEntity
  8
10000_FRONT
100
AcDbLine
 10
1119.214245973472
 20
-35.15699081406453
 30
0.0
 11
1120.814245932972
 21
-35.15699081406453
 31
0.0
  0
LINE
  5
7F97
330
6B
100
AcDbEntity
  8
10000_FRONT
100
AcDbLine
 10
1119.214245973472
 20
-33.44199056096443
 30
0.0
 11
1120.814245932972
 21
-33.44199056096443
 31
0.0
  0
LINE
  5
7F98
330
6B
100
AcDbEntity
  8
10000_FRONT
100
AcDbLine
 10
1119.214245973472
 20
-33.44199056096443
 30
0.0
 11
1119.214245973472
 21
-35.15699081406453
 31
0.0
  0
LINE
  5
7F99
330
6B
100
AcDbEntity
  8
10000_FRONT
100
AcDbLine
 10
1120.814245932972
 20
-35.15699081406453
 30
0.0
 11
1120.814245932972
 21
-33.44199056096443
 31
0.0
  0
LINE
  5
7F9A
330
6B
100
AcDbEntity
  8
10000_FRONT
100
AcDbLine
 10
1114.014245901072
 20
-43.24199061896442
 30
0.0
 11
1126.014246005373
 21
-43.24199061896442
 31
0.0
  0
LINE
  5
7F9B
330
6B
100
AcDbEntity
  8
10000_FRONT
100
AcDbLine
 10
1114.014245901072
 20
-43.24199061896442
 30
0.0
 11
1114.014245901072
 21
-41.22699058436444
 31
0.0
  0
LINE
  5
7F9C
330
6B
100
AcDbEntity
  8
10000_FRONT
100
AcDbLine
 10
1114.554245821972
 20
-36.05699068226452
 30
0.0
 11
1115.139245852672
 21
-36.05699068226452
 31
0.0
  0
LINE
  5
7F9D
330
6B
100
AcDbEntity
  8
10000_FRONT
100
AcDbLine
 10
1114.554245821972
 20
-36.05699068226452
 30
0.0
 11
1114.554245821972
 21
-40.7269906187644
 31
0.0
  0
LINE
  5
7F9E
330
6B
100
AcDbEntity
  8
10000_FRONT
100
AcDbLine
 10
1118.639245960673
 20
-36.05699068226452
 30
0.0
 11
1118.639245960673
 21
-35.15699081406453
 31
0.0
  0
LINE
  5
7F9F
330
6B
100
AcDbEntity
  8
10000_FRONT
100
AcDbLine
 10
1114.564245898072
 20
-35.15699081406453
 30
0.0
 11
1115.139245852672
 21
-35.15699081406453
 31
0.0
  0
LINE
  5
7FA0
330
6B
100
AcDbEntity
  8
10000_FRONT
100
AcDbLine
 10
1120.804245973272
 20
-36.05699068226452
 30
0.0
 11
1121.389245945772
 21
-36.05699068226452
 31
0.0
  0
LINE
  5
7FA1
330
6B
100
AcDbEntity
  8
10000_FRONT
100
AcDbLine
 10
1120.804245973272
 20
-36.05699068226452
 30
0.0
 11
1120.804245973272
 21
-40.7269906187644
 31
0.0
  0
LINE
  5
7FA2
330
6B
100
AcDbEntity
  8
10000_FRONT
100
AcDbLine
 10
1115.139245852672
 20
-35.15699081406453
 30
0.0
 11
1115.139245852672
 21
-36.05699068226452
 31
0.0
  0
LINE
  5
7FA3
330
6B
100
AcDbEntity
  8
10000_FRONT
100
AcDbLine
 10
1125.464246008372
 20
-35.15699081406453
 30
0.0
 11
1124.889246053772
 21
-35.15699081406453
 31
0.0
  0
LINE
  5
7FA4
330
6B
100
AcDbEntity
  8
10000_FRONT
100
AcDbLine
 10
1119.224245933172
 20
-40.7269906187644
 30
0.0
 11
1119.224245933172
 21
-36.05699068226452
 31
0.0
  0
LINE
  5
7FA5
330
6B
100
AcDbEntity
  8
10000_FRONT
100
AcDbLine
 10
1124.889246053772
 20
-36.05699068226452
 30
0.0
 11
1124.889246053772
 21
-35.15699081406453
 31
0.0
  0
LINE
  5
7FA6
330
6B
100
AcDbEntity
  8
10000_FRONT
100
AcDbLine
 10
1121.389245945772
 20
-35.15699081406453
 30
0.0
 11
1121.389245945772
 21
-36.05699068226452
 31
0.0
  0
LINE
  5
7FA7
330
6B
100
AcDbEntity
  8
10000_FRONT
100
AcDbLine
 10
1126.014246005373
 20
-41.22699058436444
 30
0.0
 11
1126.065346743672
 21
-41.22699058436444
 31
0.0
  0
LINE
  5
7FA8
330
6B
100
AcDbEntity
  8
10000_FRONT
100
AcDbLine
 10
1119.224245933172
 20
-40.7269906187644
 30
0.0
 11
1114.554245821972
 21
-40.7269906187644
 31
0.0
  0
LINE
  5
7FA9
330
6B
100
AcDbEntity
  8
10000_FRONT
100
AcDbLine
 10
1125.464246008372
 20
-40.7269906187644
 30
0.0
 11
1120.804245973272
 21
-40.7269906187644
 31
0.0
  0
LINE
  5
7FAA
330
6B
100
AcDbEntity
  8
10000_FRONT
100
AcDbLine
 10
1119.214245973472
 20
-35.15699081406453
 30
0.0
 11
1118.639245960673
 21
-35.15699081406453
 31
0.0
  0
LINE
  5
7FAB
330
6B
100
AcDbEntity
  8
10000_FRONT
100
AcDbLine
 10
1118.639245960673
 20
-36.05699068226452
 30
0.0
 11
1119.224245933172
 21
-36.05699068226452
 31
0.0
  0
LINE
  5
7FAC
330
6B
100
AcDbEntity
  8
10000_FRONT
100
AcDbLine
 10
1126.014246005373
 20
-43.24199061896442
 30
0.0
 11
1126.014246005373
 21
-41.22699058436444
 31
0.0
  0
LINE
  5
7FAD
330
6B
100
AcDbEntity
  8
10000_FRONT
100
AcDbLine
 10
1114.014245901072
 20
-41.22699058436444
 30
0.0
 11
1113.965346809272
 21
-41.22699058436444
 31
0.0
  0
LINE
  5
7FAE
330
6B
100
AcDbEntity
  8
10000_FRONT
100
AcDbLine
 10
1113.165346771272
 20
-41.22699058436444
 30
0.0
 11
1113.164245947972
 21
-41.22699058436444
 31
0.0
  0
LINE
  5
7FAF
330
6B
100
AcDbEntity
  8
10000_FRONT
100
AcDbLine
 10
1113.164245947972
 20
-41.22699058436444
 30
0.0
 11
1113.164245947972
 21
-35.15699081406453
 31
0.0
  0
LINE
  5
7FB0
330
6B
100
AcDbEntity
  8
10000_FRONT
100
AcDbLine
 10
1124.889246053772
 20
-36.05699068226452
 30
0.0
 11
1125.464246008372
 21
-36.05699068226452
 31
0.0
  0
LINE
  5
7FB1
330
6B
100
AcDbEntity
  8
10000_FRONT
100
AcDbLine
 10
1125.464246008372
 20
-40.7269906187644
 30
0.0
 11
1125.464246008372
 21
-36.05699068226452
 31
0.0
  0
LINE
  5
7FB2
330
6B
100
AcDbEntity
  8
10000_FRONT
100
AcDbLine
 10
1121.389245945772
 20
-35.15699081406453
 30
0.0
 11
1120.814245932972
 21
-35.15699081406453
 31
0.0
  0
LINE
  5
7FB3
330
6B
100
AcDbEntity
  8
10000_FRONT
100
AcDbLine
 10
1126.014246005373
 20
-43.24199061896442
 30
0.0
 11
1126.414245791572
 21
-42.5819905992644
 31
0.0
  0
LINE
  5
7FB4
330
6B
100
AcDbEntity
  8
10000_FRONT
100
AcDbLine
 10
1126.414245791572
 20
-42.5819905992644
 30
0.0
 11
1126.414245791572
 21
-42.12699056886444
 31
0.0
  0
LINE
  5
7FB5
330
6B
100
AcDbEntity
  8
10000_FRONT
100
AcDbLine
 10
1126.014246005373
 20
-42.12699056886444
 30
0.0
 11
1126.414245791572
 21
-42.12699056886444
 31
0.0
  0
LINE
  5
7FB6
330
6B
100
AcDbEntity
  8
10000_FRONT
100
AcDbLine
 10
1113.614246114872
 20
-42.5819905992644
 30
0.0
 11
1114.014245901072
 21
-43.24199061896442
 31
0.0
  0
LINE
  5
7FB7
330
6B
100
AcDbEntity
  8
10000_FRONT
100
AcDbLine
 10
1114.014245901072
 20
-42.12699056886444
 30
0.0
 11
1113.614246114872
 21
-42.12699056886444
 31
0.0
  0
LINE
  5
7FB8
330
6B
100
AcDbEntity
  8
10000_FRONT
100
AcDbLine
 10
1113.614246114872
 20
-42.5819905992644
 30
0.0
 11
1113.614246114872
 21
-42.12699056886444
 31
0.0
  0
LINE
  5
7FB9
330
6B
100
AcDbEntity
  8
10000_FRONT
100
AcDbLine
 10
1125.965346913572
 20
-31.22699069146441
 30
0.0
 11
1125.965346913572
 21
-32.94199047896453
 31
0.0
  0
LINE
  5
7FBA
330
6B
100
AcDbEntity
  8
10000_FRONT
100
AcDbLine
 10
1114.665347017172
 20
-32.94199047896453
 30
0.0
 11
1114.665347017172
 21
-31.22699069146441
 31
0.0
  0
LINE
  5
7FBB
330
6B
100
AcDbEntity
  8
10000_FRONT
100
AcDbLine
 10
1115.564246061973
 20
-32.94199047896453
 30
0.0
 11
1115.564246061973
 21
-33.62730978346443
 31
0.0
  0
LINE
  5
7FBC
330
6B
100
AcDbEntity
  8
10000_FRONT
100
AcDbLine
 10
1114.564245898072
 20
-33.62730978346443
 30
0.0
 11
1115.564246061973
 21
-33.62730978346443
 31
0.0
  0
LINE
  5
7FBD
330
6B
100
AcDbEntity
  8
10000_FRONT
100
AcDbLine
 10
1113.164245947972
 20
-32.94199047896453
 30
0.0
 11
1113.165346771272
 21
-32.94199047896453
 31
0.0
  0
LINE
  5
7FBE
330
6B
100
AcDbEntity
  8
10000_FRONT
100
AcDbLine
 10
1113.965346809272
 20
-32.94199047896453
 30
0.0
 11
1115.564246061973
 21
-32.94199047896453
 31
0.0
  0
LINE
  5
7FBF
330
6B
100
AcDbEntity
  8
10000_FRONT
100
AcDbLine
 10
1113.164245947972
 20
-32.94199047896453
 30
0.0
 11
1113.164245947972
 21
-33.44199056096443
 31
0.0
  0
LINE
  5
7FC0
330
6B
100
AcDbEntity
  8
10000_FRONT
100
AcDbLine
 10
1121.814245922273
 20
-33.62730978346443
 30
0.0
 11
1120.814245932972
 21
-33.62730978346443
 31
0.0
  0
LINE
  5
7FC1
330
6B
100
AcDbEntity
  8
10000_FRONT
100
AcDbLine
 10
1121.814245922273
 20
-33.62730978346443
 30
0.0
 11
1121.814245922273
 21
-34.25699094596442
 31
0.0
  0
LINE
  5
7FC2
330
6B
100
AcDbEntity
  8
10000_FRONT
100
AcDbLine
 10
1121.814245922273
 20
-34.25699094596442
 30
0.0
 11
1120.814245932972
 21
-34.25699094596442
 31
0.0
  0
LINE
  5
7FC3
330
6B
100
AcDbEntity
  8
10000_FRONT
100
AcDbLine
 10
1114.564245898072
 20
-34.25699094596442
 30
0.0
 11
1115.564246061973
 21
-34.25699094596442
 31
0.0
  0
LINE
  5
7FC4
330
6B
100
AcDbEntity
  8
10000_FRONT
100
AcDbLine
 10
1115.564246061973
 20
-33.62730978346443
 30
0.0
 11
1115.564246061973
 21
-34.25699094596442
 31
0.0
  0
LINE
  5
7FC5
330
6B
100
AcDbEntity
  8
10000_FRONT
100
AcDbLine
 10
1119.214245973472
 20
-33.62730978346443
 30
0.0
 11
1118.214245984172
 21
-33.62730978346443
 31
0.0
  0
LINE
  5
7FC6
330
6B
100
AcDbEntity
  8
10000_FRONT
100
AcDbLine
 10
1118.214245984172
 20
-32.94199047896453
 30
0.0
 11
1118.214245984172
 21
-33.62730978346443
 31
0.0
  0
LINE
  5
7FC7
330
6B
100
AcDbEntity
  8
10000_FRONT
100
AcDbLine
 10
1121.814245922273
 20
-32.94199047896453
 30
0.0
 11
1121.814245922273
 21
-33.62730978346443
 31
0.0
  0
LINE
  5
7FC8
330
6B
100
AcDbEntity
  8
10000_FRONT
100
AcDbLine
 10
1118.214245984172
 20
-32.94199047896453
 30
0.0
 11
1121.814245922273
 21
-32.94199047896453
 31
0.0
  0
LINE
  5
7FC9
330
6B
100
AcDbEntity
  8
10000_FRONT
100
AcDbLine
 10
1119.214245973472
 20
-34.25699094596442
 30
0.0
 11
1118.214245984172
 21
-34.25699094596442
 31
0.0
  0
LINE
  5
7FCA
330
6B
100
AcDbEntity
  8
10000_FRONT
100
AcDbLine
 10
1118.214245984172
 20
-33.62730978346443
 30
0.0
 11
1118.214245984172
 21
-34.25699094596442
 31
0.0
  0
LINE
  5
7FCB
330
6B
100
AcDbEntity
  8
10000_FRONT
100
AcDbLine
 10
1125.464246008372
 20
-33.62730978346443
 30
0.0
 11
1124.464245844473
 21
-33.62730978346443
 31
0.0
  0
LINE
  5
7FCC
330
6B
100
AcDbEntity
  8
10000_FRONT
100
AcDbLine
 10
1126.065346743672
 20
-32.94199047896453
 30
0.0
 11
1124.464245844473
 21
-32.94199047896453
 31
0.0
  0
LINE
  5
7FCD
330
6B
100
AcDbEntity
  8
10000_FRONT
100
AcDbLine
 10
1124.464245844473
 20
-33.62730978346443
 30
0.0
 11
1124.464245844473
 21
-32.94199047896453
 31
0.0
  0
LINE
  5
7FCE
330
6B
100
AcDbEntity
  8
10000_FRONT
100
AcDbLine
 10
1125.464246008372
 20
-34.25699094596442
 30
0.0
 11
1124.464245844473
 21
-34.25699094596442
 31
0.0
  0
LINE
  5
7FCF
330
6B
100
AcDbEntity
  8
10000_FRONT
100
AcDbLine
 10
1124.464245844473
 20
-34.25699094596442
 30
0.0
 11
1124.464245844473
 21
-33.62730978346443
 31
0.0
  0
LWPOLYLINE
  5
7FD0
330
6B
100
AcDbEntity
  8
10000_FRONT
100
AcDbPolyline
 90
        3
 70
   128
 43
0.0
 10
1113.965346809272
 20
-32.42699051566444
 10
1113.965350068873
 20
-32.45182423206453
 10
1113.965373817672
 20
-32.47049538706443
  0
LINE
  5
7FD1
330
6B
100
AcDbEntity
  8
10000_FRONT
100
AcDbLine
 10
1114.014245901072
 20
-43.24199061896442
 30
0.0
 11
1113.164245947972
 21
-43.24199061896442
 31
0.0
  0
LINE
  5
7FD2
330
6B
100
AcDbEntity
  8
10000_FRONT
100
AcDbLine
 10
1113.164245947972
 20
-43.24199061896442
 30
0.0
 11
1113.164245947972
 21
-41.22699058436444
 31
0.0
  0
LINE
  5
7FD3
330
6B
100
AcDbEntity
  8
10000_FRONT
100
AcDbLine
 10
1126.864245958472
 20
-43.24199061896442
 30
0.0
 11
1126.014246005373
 21
-43.24199061896442
 31
0.0
  0
LINE
  5
7FD4
330
6B
100
AcDbEntity
  8
10000_FRONT
100
AcDbLine
 10
1126.864245958472
 20
-43.24199061896442
 30
0.0
 11
1126.864245958472
 21
-41.75664816806443
 31
0.0
  0
LINE
  5
7FD5
330
6B
100
AcDbEntity
  8
10000_FRONT
100
AcDbLine
 10
1117.514246009072
 20
-43.24199061896442
 30
0.0
 11
1117.514246009072
 21
-44.22699061046452
 31
0.0
  0
LINE
  5
7FD6
330
6B
100
AcDbEntity
  8
10000_FRONT
100
AcDbLine
 10
1122.514245897372
 20
-44.22699061046452
 30
0.0
 11
1117.514246009072
 21
-44.22699061046452
 31
0.0
  0
LINE
  5
7FD7
330
6B
100
AcDbEntity
  8
10000_FRONT
100
AcDbLine
 10
1122.514245897372
 20
-43.24199061896442
 30
0.0
 11
1122.514245897372
 21
-44.22699061046452
 31
0.0
  0
LINE
  5
7FD8
330
6B
100
AcDbEntity
  8
10000_FRONT
100
AcDbLine
 10
1127.037248439872
 20
-39.24199048716443
 30
0.0
 11
1126.864245958472
 21
-39.24199048716443
 31
0.0
  0
LINE
  5
7FD9
330
6B
100
AcDbEntity
  8
10000_FRONT
100
AcDbLine
 10
1126.864245958472
 20
-37.54199058106454
 30
0.0
 11
1127.037248439872
 21
-37.54199058106454
 31
0.0
  0
LINE
  5
7FDA
330
6B
100
AcDbEntity
  8
10000_FRONT
100
AcDbLine
 10
1113.164245947972
 20
-39.24199048716443
 30
0.0
 11
1112.991243466572
 21
-39.24199048716443
 31
0.0
  0
LINE
  5
7FDB
330
6B
100
AcDbEntity
  8
10000_FRONT
100
AcDbLine
 10
1112.991243466572
 20
-37.54199058106454
 30
0.0
 11
1113.164245947972
 21
-37.54199058106454
 31
0.0
  0
LINE
  5
7FDC
330
6B
100
AcDbEntity
  8
10000_FRONT
100
AcDbLine
 10
1118.639245960673
 20
-35.15699081406453
 30
0.0
 11
1115.139245852672
 21
-35.15699081406453
 31
0.0
  0
LINE
  5
7FDD
330
6B
100
AcDbEntity
  8
10000_FRONT
100
AcDbLine
 10
1124.889246053772
 20
-35.15699081406453
 30
0.0
 11
1121.389245945772
 21
-35.15699081406453
 31
0.0
  0
CIRCLE
  5
7FDE
330
6B
100
AcDbEntity
  8
10000_FRONT
100
AcDbCircle
 10
1116.889245953172
 20
-38.3919905951644
 30
0.0
 40
1.460000000000019
  0
CIRCLE
  5
7FDF
330
6B
100
AcDbEntity
  8
10000_FRONT
100
AcDbCircle
 10
1116.889245953172
 20
-38.3919905951644
 30
0.0
 40
1.31000000000002
  0
CIRCLE
  5
7FE0
330
6B
100
AcDbEntity
  8
10000_FRONT
100
AcDbCircle
 10
1116.889245953172
 20
-38.3919905951644
 30
0.0
 40
0.625
  0
CIRCLE
  5
7FE1
330
6B
100
AcDbEntity
  8
10000_FRONT
100
AcDbCircle
 10
1123.139245953172
 20
-38.3919905951644
 30
0.0
 40
1.459999999999993
  0
CIRCLE
  5
7FE2
330
6B
100
AcDbEntity
  8
10000_FRONT
100
AcDbCircle
 10
1123.139245953172
 20
-38.3919905951644
 30
0.0
 40
1.310000000000024
  0
CIRCLE
  5
7FE3
330
6B
100
AcDbEntity
  8
10000_FRONT
100
AcDbCircle
 10
1123.139245953172
 20
-38.3919905951644
 30
0.0
 40
0.6250000000000419
  0
LWPOLYLINE
  5
7FE4
330
6B
100
AcDbEntity
  8
10000_FRONT
100
AcDbPolyline
 90
       11
 70
   128
 43
0.0
 10
1126.068768888472
 20
-32.38177480466442
 10
1126.105990592172
 20
-32.27484872846444
 10
1126.180562522073
 20
-32.18373464706451
 10
1126.284733745972
 20
-32.11790504216441
 10
1126.407677173372
 20
-32.08419954686451
 10
1126.536614592872
 20
-32.08612272806443
 10
1126.658145203973
 20
-32.1234752825645
 10
1126.759636547172
 20
-32.19237359526443
 10
1126.830540463172
 20
-32.28565672696442
 10
1126.863487861872
 20
-32.39363054096433
 10
1126.865346781672
 20
-32.42699051566444
  0
LWPOLYLINE
  5
7FE5
330
6B
100
AcDbEntity
  8
10000_FRONT
100
AcDbPolyline
 90
       11
 70
   128
 43
0.0
 10
1113.165346771272
 20
-32.42699051566444
 10
1113.175640214072
 20
-32.34891029356442
 10
1113.224579352672
 20
-32.24558471056443
 10
1113.308936223172
 20
-32.16111468436452
 10
1113.419943820472
 20
-32.10427793026452
 10
1113.546063989172
 20
-32.08098275876441
 10
1113.674188364072
 20
-32.09365153966442
 10
1113.790999963673
 20
-32.14096552046451
 10
1113.884358532573
 20
-32.21800824916443
 10
1113.944559689372
 20
-32.31677128286441
 10
1113.958691578173
 20
-32.36406104926442
  0
ARC
  5
7FE6
330
6B
100
AcDbEntity
  8
11000_LEFT
100
AcDbCircle
 10
1213.716187628766
 20
-34.80434086436444
 30
0.0
 40
0.599999999999909
100
AcDbArc
 50
0.0
 51
60.00000000000028
  0
ARC
  5
7FE7
330
6B
100
AcDbEntity
  8
11000_LEFT
100
AcDbCircle
 10
1213.716187628766
 20
-34.80434086436444
 30
0.0
 40
1.399999999999882
100
AcDbArc
 50
0.0
 51
60.00000000000028
  0
LINE
  5
7FE8
330
6B
100
AcDbEntity
  8
11000_LEFT
100
AcDbLine
 10
1214.416187886965
 20
-33.59190555576442
 30
0.0
 11
1211.798496243465
 21
-32.08058042736443
 31
0.0
  0
LINE
  5
7FE9
330
6B
100
AcDbEntity
  8
11000_LEFT
100
AcDbLine
 10
1211.969803717865
 20
-33.10324525746444
 30
0.0
 11
1214.016187635165
 21
-34.28472573226452
 31
0.0
  0
LINE
  5
7FEA
330
6B
100
AcDbEntity
  8
11000_LEFT
100
AcDbLine
 10
1211.398495991566
 20
-32.7734006038645
 30
0.0
 11
1211.690502405965
 21
-32.94199047896453
 31
0.0
  0
LWPOLYLINE
  5
7FEB
330
6B
100
AcDbEntity
  8
11000_LEFT
100
AcDbPolyline
 90
        9
 70
   128
 43
0.0
 10
1211.052085903365
 20
-32.57340094356442
 10
1211.058742065765
 20
-32.57724358056441
 10
1211.078454905065
 20
-32.58862527376442
 10
1211.110466790265
 20
-32.60710643886444
 10
1211.153546978665
 20
-32.63197927086441
 10
1211.206040975565
 20
-32.66228637016443
 10
1211.265930605065
 20
-32.69686451466453
 10
1211.330915034666
 20
-32.73438284456444
 10
1211.398495991566
 20
-32.7734006038645
  0
LWPOLYLINE
  5
7FEC
330
6B
100
AcDbEntity
  8
11000_LEFT
100
AcDbPolyline
 90
        9
 70
   128
 43
0.0
 10
1211.798496243465
 20
-32.08058042736443
 10
1211.730914820866
 20
-32.04156266816443
 10
1211.665930856865
 20
-32.0040434068645
 10
1211.606041227365
 20
-31.96946619366452
 10
1211.553547230465
 20
-31.9391590944644
 10
1211.510466576465
 20
-31.91428626246443
 10
1211.478454691265
 20
-31.89580416596442
 10
1211.458742317665
 20
-31.88442340406445
 10
1211.335678749665
 20
-31.84158256566445
  0
ARC
  5
7FED
330
6B
100
AcDbEntity
  8
11000_LEFT
100
AcDbCircle
 10
1214.216187628765
 20
-41.22699059516441
 30
0.0
 40
0.1000000000000227
100
AcDbArc
 50
270.0
 51
0.0
  0
ARC
  5
7FEE
330
6B
100
AcDbEntity
  8
11000_LEFT
100
AcDbCircle
 10
1214.216187628765
 20
-41.22699059516441
 30
0.0
 40
0.899999999999977
100
AcDbArc
 50
270.0
 51
0.0
  0
LINE
  5
7FEF
330
6B
100
AcDbEntity
  8
11000_LEFT
100
AcDbLine
 10
1212.516187854965
 20
-41.32699064726452
 30
0.0
 11
1211.935834192565
 21
-41.32699064726452
 31
0.0
  0
LINE
  5
7FF0
330
6B
100
AcDbEntity
  8
11000_LEFT
100
AcDbLine
 10
1211.936161552466
 20
-42.12699056886444
 30
0.0
 11
1212.516187854965
 21
-42.12699056886444
 31
0.0
  0
LINE
  5
7FF1
330
6B
100
AcDbEntity
  8
11000_LEFT
100
AcDbLine
 10
1212.516187854965
 20
-42.12699056886444
 30
0.0
 11
1214.216187295366
 21
-42.12699056886444
 31
0.0
  0
LINE
  5
7FF2
330
6B
100
AcDbEntity
  8
11000_LEFT
100
AcDbLine
 10
1214.216187295366
 20
-41.32699064726452
 30
0.0
 11
1212.516187854965
 21
-41.32699064726452
 31
0.0
  0
LINE
  5
7FF3
330
6B
100
AcDbEntity
  8
11000_LEFT
100
AcDbLine
 10
1215.116187629165
 20
-41.22699058436444
 30
0.0
 11
1215.116187629165
 21
-34.80434039896454
 31
0.0
  0
LINE
  5
7FF4
330
6B
100
AcDbEntity
  8
11000_LEFT
100
AcDbLine
 10
1214.316188056865
 20
-34.80434039896454
 30
0.0
 11
1214.316188056865
 21
-41.22699058436444
 31
0.0
  0
LINE
  5
7FF5
330
6B
100
AcDbEntity
  8
11000_LEFT
100
AcDbLine
 10
1208.014140070365
 20
-39.24199048716443
 30
0.0
 11
1208.014140070365
 21
-37.54199058106454
 31
0.0
  0
LINE
  5
7FF6
330
6B
100
AcDbEntity
  8
11000_LEFT
100
AcDbLine
 10
1208.014140070365
 20
-39.24199048716443
 30
0.0
 11
1203.114140012166
 21
-39.24199048716443
 31
0.0
  0
LINE
  5
7FF7
330
6B
100
AcDbEntity
  8
11000_LEFT
100
AcDbLine
 10
1203.114140012166
 20
-37.54199058106454
 30
0.0
 11
1203.114140012166
 21
-39.24199048716443
 31
0.0
  0
LINE
  5
7FF8
330
6B
100
AcDbEntity
  8
11000_LEFT
100
AcDbLine
 10
1203.114140012166
 20
-37.54199058106454
 30
0.0
 11
1208.014140070365
 21
-37.54199058106454
 31
0.0
  0
LINE
  5
7FF9
330
6B
100
AcDbEntity
  8
11000_LEFT
100
AcDbLine
 10
1205.269803923465
 20
-32.94199047896453
 30
0.0
 11
1205.269803923465
 21
-35.04199063696442
 31
0.0
  0
LINE
  5
7FFA
330
6B
100
AcDbEntity
  8
11000_LEFT
100
AcDbLine
 10
1205.269803923465
 20
-32.94199047896453
 30
0.0
 11
1211.969803717865
 21
-32.94199047896453
 31
0.0
  0
ARC
  5
7FFB
330
6B
100
AcDbEntity
  8
11000_LEFT
100
AcDbCircle
 10
1214.269803923465
 20
-32.75721654276444
 30
0.0
 40
2.399774052478444
100
AcDbArc
 50
196.5797341946987
 51
270.0
  0
LINE
  5
7FFC
330
6B
100
AcDbEntity
  8
11000_LEFT
100
AcDbLine
 10
1214.269803536065
 20
-41.22699058436444
 30
0.0
 11
1214.269803536065
 21
-35.15699081406453
 31
0.0
  0
LINE
  5
7FFD
330
6B
100
AcDbEntity
  8
11000_LEFT
100
AcDbLine
 10
1211.469804101565
 20
-43.24199061896442
 30
0.0
 11
1211.469804101565
 21
-41.22699058436444
 31
0.0
  0
LINE
  5
7FFE
330
6B
100
AcDbEntity
  8
11000_LEFT
100
AcDbLine
 10
1211.469804101565
 20
-43.24199061896442
 30
0.0
 11
1205.269803923465
 21
-43.24199061896442
 31
0.0
  0
LINE
  5
7FFF
330
6B
100
AcDbEntity
  8
11000_LEFT
100
AcDbLine
 10
1205.269803923465
 20
-42.14199056666442
 30
0.0
 11
1205.269803923465
 21
-43.24199061896442
 31
0.0
  0
LINE
  5
8000
330
6B
100
AcDbEntity
  8
11000_LEFT
100
AcDbLine
 10
1205.269803923465
 20
-42.14199056666442
 30
0.0
 11
1209.869804025565
 21
-42.14199056666442
 31
0.0
  0
LINE
  5
8001
330
6B
100
AcDbEntity
  8
11000_LEFT
100
AcDbLine
 10
1209.869804025565
 20
-42.14199056666442
 30
0.0
 11
1209.869804025565
 21
-36.34199075686442
 31
0.0
  0
LINE
  5
8002
330
6B
100
AcDbEntity
  8
11000_LEFT
100
AcDbLine
 10
1208.569803905565
 20
-35.04199063696442
 30
0.0
 11
1209.869804025565
 21
-36.34199075686442
 31
0.0
  0
LINE
  5
8003
330
6B
100
AcDbEntity
  8
11000_LEFT
100
AcDbLine
 10
1208.569803905565
 20
-35.04199063696442
 30
0.0
 11
1205.269803923465
 21
-35.04199063696442
 31
0.0
  0
LINE
  5
8004
330
6B
100
AcDbEntity
  8
11000_LEFT
100
AcDbLine
 10
1211.469804101565
 20
-41.22699058436444
 30
0.0
 11
1214.269803536065
 21
-41.22699058436444
 31
0.0
  0
LINE
  5
8005
330
6B
100
AcDbEntity
  8
11000_LEFT
100
AcDbLine
 10
1211.969803717865
 20
-32.94199047896453
 30
0.0
 11
1211.969803717865
 21
-33.44199056096443
 31
0.0
  0
LINE
  5
8006
330
6B
100
AcDbEntity
  8
11000_LEFT
100
AcDbLine
 10
1211.335678749665
 20
-31.84158256566445
 30
0.0
 11
1211.252086029265
 21
-31.82699060356441
 31
0.0
  0
ARC
  5
8007
330
6B
100
AcDbEntity
  8
11000_LEFT
100
AcDbCircle
 10
1211.252086013665
 20
-32.22699059516441
 30
0.0
 40
0.4000000000000949
100
AcDbArc
 50
90.0
 51
240.0000000000002
  0
ARC
  5
8008
330
6B
100
AcDbEntity
  8
11000_LEFT
100
AcDbCircle
 10
1211.932781128258
 20
-41.71890344042608
 30
0.0
 40
0.4081011292128503
100
AcDbArc
 50
215.4712265360346
 51
270.4746035752797
  0
ARC
  5
8009
330
6B
100
AcDbEntity
  8
11000_LEFT
100
AcDbCircle
 10
1211.927341058035
 20
-41.7262931034989
 30
0.0
 40
0.3993927702011852
100
AcDbArc
 50
88.78150662056842
 51
215.0607412150183
  0
LINE
  5
800A
330
6B
100
AcDbEntity
  8
11000_LEFT
100
AcDbLine
 10
1183.469803702965
 20
-37.14199079486443
 30
0.0
 11
1185.269804370465
 21
-37.14199079486443
 31
0.0
  0
LINE
  5
800B
330
6B
100
AcDbEntity
  8
11000_LEFT
100
AcDbLine
 10
1183.469803702965
 20
-37.14199079486443
 30
0.0
 11
1183.469803702965
 21
-36.64199071286453
 31
0.0
  0
LINE
  5
800C
330
6B
100
AcDbEntity
  8
11000_LEFT
100
AcDbLine
 10
1183.469803702965
 20
-36.64199071286453
 30
0.0
 11
1185.269804370465
 21
-36.64199071286453
 31
0.0
  0
LINE
  5
800D
330
6B
100
AcDbEntity
  8
11000_LEFT
100
AcDbLine
 10
1185.269804370465
 20
-36.64199071286453
 30
0.0
 11
1185.269804370465
 21
-37.14199079486443
 31
0.0
  0
LINE
  5
800E
330
6B
100
AcDbEntity
  8
11000_LEFT
100
AcDbLine
 10
1175.169804763865
 20
-36.64199071286453
 30
0.0
 11
1175.169804763865
 21
-37.14199079486443
 31
0.0
  0
LINE
  5
800F
330
6B
100
AcDbEntity
  8
11000_LEFT
100
AcDbLine
 10
1173.369804096265
 20
-37.14199079486443
 30
0.0
 11
1175.169804763865
 21
-37.14199079486443
 31
0.0
  0
LINE
  5
8010
330
6B
100
AcDbEntity
  8
11000_LEFT
100
AcDbLine
 10
1173.369804096265
 20
-37.14199079486443
 30
0.0
 11
1173.369804096265
 21
-36.64199071286453
 31
0.0
  0
LINE
  5
8011
330
6B
100
AcDbEntity
  8
11000_LEFT
100
AcDbLine
 10
1175.169804763865
 20
-36.64199071286453
 30
0.0
 11
1173.369804096265
 21
-36.64199071286453
 31
0.0
  0
LINE
  5
8012
330
6B
100
AcDbEntity
  8
11000_LEFT
100
AcDbLine
 10
1199.569803827365
 20
-41.14199063556441
 30
0.0
 11
1199.569803827365
 21
-35.34199059296452
 31
0.0
  0
LINE
  5
8013
330
6B
100
AcDbEntity
  8
11000_LEFT
100
AcDbLine
 10
1199.569803827365
 20
-35.34199059296452
 30
0.0
 11
1185.269804370465
 21
-35.34199059296452
 31
0.0
  0
LINE
  5
8014
330
6B
100
AcDbEntity
  8
11000_LEFT
100
AcDbLine
 10
1185.269804370465
 20
-34.14199030316445
 30
0.0
 11
1185.269804370465
 21
-35.34199059296452
 31
0.0
  0
LINE
  5
8015
330
6B
100
AcDbEntity
  8
11000_LEFT
100
AcDbLine
 10
1185.269804370465
 20
-34.14199030316445
 30
0.0
 11
1200.069803909265
 21
-34.14199030316445
 31
0.0
  0
LINE
  5
8016
330
6B
100
AcDbEntity
  8
11000_LEFT
100
AcDbLine
 10
1200.069803909265
 20
-34.14199030316445
 30
0.0
 11
1200.069803909265
 21
-42.74199059516442
 31
0.0
  0
LINE
  5
8017
330
6B
100
AcDbEntity
  8
11000_LEFT
100
AcDbLine
 10
1200.069803909265
 20
-42.74199059516442
 30
0.0
 11
1198.569804129065
 21
-42.74199059516442
 31
0.0
  0
LINE
  5
8018
330
6B
100
AcDbEntity
  8
11000_LEFT
100
AcDbLine
 10
1198.569804129065
 20
-41.14199063556441
 30
0.0
 11
1198.569804129065
 21
-42.74199059516442
 31
0.0
  0
LINE
  5
8019
330
6B
100
AcDbEntity
  8
11000_LEFT
100
AcDbLine
 10
1198.569804129065
 20
-41.14199063556441
 30
0.0
 11
1199.569803827365
 21
-41.14199063556441
 31
0.0
  0
LINE
  5
801A
330
6B
100
AcDbEntity
  8
11000_LEFT
100
AcDbLine
 10
1185.269804370465
 20
-36.34199075686442
 30
0.0
 11
1185.269804370465
 21
-36.64199071286453
 31
0.0
  0
LINE
  5
801B
330
6B
100
AcDbEntity
  8
11000_LEFT
100
AcDbLine
 10
1183.469803702965
 20
-36.34199075686442
 30
0.0
 11
1185.269804370465
 21
-36.34199075686442
 31
0.0
  0
LINE
  5
801C
330
6B
100
AcDbEntity
  8
11000_LEFT
100
AcDbLine
 10
1183.469803702965
 20
-36.64199071286453
 30
0.0
 11
1183.469803702965
 21
-36.34199075686442
 31
0.0
  0
LINE
  5
801D
330
6B
100
AcDbEntity
  8
11000_LEFT
100
AcDbLine
 10
1175.169804763865
 20
-35.34199059296452
 30
0.0
 11
1175.169804763865
 21
-34.14199030316445
 31
0.0
  0
LINE
  5
801E
330
6B
100
AcDbEntity
  8
11000_LEFT
100
AcDbLine
 10
1183.469803702965
 20
-35.34199059296452
 30
0.0
 11
1183.469803702965
 21
-34.14199030316445
 31
0.0
  0
LINE
  5
801F
330
6B
100
AcDbEntity
  8
11000_LEFT
100
AcDbLine
 10
1175.169804763865
 20
-34.14199030316445
 30
0.0
 11
1183.469803702965
 21
-34.14199030316445
 31
0.0
  0
LINE
  5
8020
330
6B
100
AcDbEntity
  8
11000_LEFT
100
AcDbLine
 10
1175.169804763865
 20
-35.34199059296452
 30
0.0
 11
1183.469803702965
 21
-35.34199059296452
 31
0.0
  0
LINE
  5
8021
330
6B
100
AcDbEntity
  8
11000_LEFT
100
AcDbLine
 10
1173.369804096265
 20
-36.34199075686442
 30
0.0
 11
1173.369804096265
 21
-36.64199071286453
 31
0.0
  0
LINE
  5
8022
330
6B
100
AcDbEntity
  8
11000_LEFT
100
AcDbLine
 10
1175.169804763865
 20
-36.64199071286453
 30
0.0
 11
1175.169804763865
 21
-36.34199075686442
 31
0.0
  0
LINE
  5
8023
330
6B
100
AcDbEntity
  8
11000_LEFT
100
AcDbLine
 10
1175.169804763865
 20
-36.34199075686442
 30
0.0
 11
1173.369804096265
 21
-36.34199075686442
 31
0.0
  0
LINE
  5
8024
330
6B
100
AcDbEntity
  8
11000_LEFT
100
AcDbLine
 10
1157.769804519465
 20
-34.14199030316445
 30
0.0
 11
1157.769804519465
 21
-37.7419907069644
 31
0.0
  0
LINE
  5
8025
330
6B
100
AcDbEntity
  8
11000_LEFT
100
AcDbLine
 10
1162.669805508966
 20
-42.64199059776442
 30
0.0
 11
1157.769804519465
 21
-37.7419907069644
 31
0.0
  0
LINE
  5
8026
330
6B
100
AcDbEntity
  8
11000_LEFT
100
AcDbLine
 10
1169.369803440665
 20
-35.34199059296452
 30
0.0
 11
1169.369803440665
 21
-41.14199063556441
 31
0.0
  0
LINE
  5
8027
330
6B
100
AcDbEntity
  8
11000_LEFT
100
AcDbLine
 10
1173.369804096265
 20
-35.34199059296452
 30
0.0
 11
1173.369804096265
 21
-34.14199030316445
 31
0.0
  0
LINE
  5
8028
330
6B
100
AcDbEntity
  8
11000_LEFT
100
AcDbLine
 10
1173.369804096265
 20
-34.14199030316445
 30
0.0
 11
1157.769804519465
 21
-34.14199030316445
 31
0.0
  0
LINE
  5
8029
330
6B
100
AcDbEntity
  8
11000_LEFT
100
AcDbLine
 10
1162.669805508966
 20
-42.64199059776442
 30
0.0
 11
1169.969802421466
 21
-42.64199059776442
 31
0.0
  0
LINE
  5
802A
330
6B
100
AcDbEntity
  8
11000_LEFT
100
AcDbLine
 10
1173.369804096265
 20
-35.34199059296452
 30
0.0
 11
1169.369803440665
 21
-35.34199059296452
 31
0.0
  0
LINE
  5
802B
330
6B
100
AcDbEntity
  8
11000_LEFT
100
AcDbLine
 10
1169.969802421466
 20
-41.14199063556441
 30
0.0
 11
1169.969802421466
 21
-42.64199059776442
 31
0.0
  0
LINE
  5
802C
330
6B
100
AcDbEntity
  8
11000_LEFT
100
AcDbLine
 10
1169.969802421466
 20
-41.14199063556441
 30
0.0
 11
1169.369803440665
 21
-41.14199063556441
 31
0.0
  0
LINE
  5
802D
330
6B
100
AcDbEntity
  8
11000_LEFT
100
AcDbLine
 10
1173.255791586765
 20
-37.16322960616444
 30
0.0
 11
1175.255791914565
 21
-37.16322960616444
 31
0.0
  0
LINE
  5
802E
330
6B
100
AcDbEntity
  8
11000_LEFT
100
AcDbLine
 10
1175.255791914565
 20
-37.16322960616444
 30
0.0
 11
1175.255791914565
 21
-36.31322965316452
 31
0.0
  0
LINE
  5
802F
330
6B
100
AcDbEntity
  8
11000_LEFT
100
AcDbLine
 10
1175.255791914565
 20
-36.31322965316452
 30
0.0
 11
1173.255791586765
 21
-36.31322965316452
 31
0.0
  0
LINE
  5
8030
330
6B
100
AcDbEntity
  8
11000_LEFT
100
AcDbLine
 10
1173.255791586765
 20
-36.31322965316452
 30
0.0
 11
1173.255791586765
 21
-37.16322960616444
 31
0.0
  0
LINE
  5
8031
330
6B
100
AcDbEntity
  8
11000_LEFT
100
AcDbLine
 10
1183.355791193365
 20
-37.16322960616444
 30
0.0
 11
1185.355791521165
 21
-37.16322960616444
 31
0.0
  0
LINE
  5
8032
330
6B
100
AcDbEntity
  8
11000_LEFT
100
AcDbLine
 10
1185.355791521165
 20
-37.16322960616444
 30
0.0
 11
1185.355791521165
 21
-36.31322965316452
 31
0.0
  0
LINE
  5
8033
330
6B
100
AcDbEntity
  8
11000_LEFT
100
AcDbLine
 10
1185.355791521165
 20
-36.31322965316452
 30
0.0
 11
1183.355791193365
 21
-36.31322965316452
 31
0.0
  0
LINE
  5
8034
330
6B
100
AcDbEntity
  8
11000_LEFT
100
AcDbLine
 10
1183.355791193365
 20
-36.31322965316452
 30
0.0
 11
1183.355791193365
 21
-37.16322960616444
 31
0.0
  0
LINE
  5
8035
330
6B
100
AcDbEntity
  8
11000_LEFT
100
AcDbLine
 10
1185.269804370465
 20
-35.34199059296452
 30
0.0
 11
1183.469803702965
 21
-35.34199059296452
 31
0.0
  0
LINE
  5
8036
330
6B
100
AcDbEntity
  8
11000_LEFT
100
AcDbLine
 10
1175.169804763865
 20
-35.34199059296452
 30
0.0
 11
1173.369804096265
 21
-35.34199059296452
 31
0.0
  0
LINE
  5
8037
330
6B
100
AcDbEntity
  8
11000_LEFT
100
AcDbLine
 10
1198.569804129065
 20
-42.64199059776442
 30
0.0
 11
1169.969802421466
 21
-42.64199059776442
 31
0.0
  0
LINE
  5
8038
330
6B
100
AcDbEntity
  8
11000_LEFT
100
AcDbLine
 10
1205.269803923465
 20
-42.14199056666442
 30
0.0
 11
1200.069803909265
 21
-42.14199056666442
 31
0.0
  0
LINE
  5
8039
330
6B
100
AcDbEntity
  8
11000_LEFT
100
AcDbLine
 10
1200.069803909265
 20
-34.34199089466441
 30
0.0
 11
1205.269803923465
 21
-34.34199089466441
 31
0.0
  0
ARC
  5
803A
330
6B
100
AcDbEntity
  8
11000_LEFT
100
AcDbCircle
 10
1208.214140065465
 20
-39.54199059516441
 30
0.0
 40
0.3000000000000682
100
AcDbArc
 50
270.0
 51
90.0
  0
LINE
  5
803B
330
6B
100
AcDbEntity
  8
11000_LEFT
100
AcDbLine
 10
1202.914140119165
 20
-36.69199062796451
 30
0.0
 11
1202.914140119165
 21
-37.54199058106454
 31
0.0
  0
LINE
  5
803C
330
6B
100
AcDbEntity
  8
11000_LEFT
100
AcDbLine
 10
1201.914139955165
 20
-39.24199048716443
 30
0.0
 11
1201.914139955165
 21
-36.69199062796451
 31
0.0
  0
ARC
  5
803D
330
6B
100
AcDbEntity
  8
11000_LEFT
100
AcDbCircle
 10
1208.214140065465
 20
-37.24199059516442
 30
0.0
 40
0.3000000000000682
100
AcDbArc
 50
270.0
 51
90.0
  0
LINE
  5
803E
330
6B
100
AcDbEntity
  8
11000_LEFT
100
AcDbLine
 10
1208.214139963365
 20
-36.94199066896454
 30
0.0
 11
1203.711862607766
 21
-36.94199066896454
 31
0.0
  0
ARC
  5
803F
330
6B
100
AcDbEntity
  8
11000_LEFT
100
AcDbCircle
 10
1201.664140065465
 20
-36.69199059516441
 30
0.0
 40
0.25
100
AcDbArc
 50
359.9999999998013
 51
180.0
  0
LINE
  5
8040
330
6B
100
AcDbEntity
  8
11000_LEFT
100
AcDbLine
 10
1201.414140106066
 20
-36.69199062796451
 30
0.0
 11
1201.414140106066
 21
-39.84199063206452
 31
0.0
  0
ARC
  5
8041
330
6B
100
AcDbEntity
  8
11000_LEFT
100
AcDbCircle
 10
1203.711862622965
 20
-36.6419905951644
 30
0.0
 40
0.3000000000008861
100
AcDbArc
 50
185.215908570299
 51
270.0000000003973
  0
LINE
  5
8042
330
6B
100
AcDbEntity
  8
11000_LEFT
100
AcDbLine
 10
1201.414140106066
 20
-39.84199063206452
 30
0.0
 11
1208.214139963365
 21
-39.84199063206452
 31
0.0
  0
ARC
  5
8043
330
6B
100
AcDbEntity
  8
11000_LEFT
100
AcDbCircle
 10
1203.164140065466
 20
-36.69199059516441
 30
0.0
 40
0.2500000000001137
100
AcDbArc
 50
5.215908570599799
 51
180.0
  0
LINE
  5
8044
330
6B
100
AcDbEntity
  8
11000_LEFT
100
AcDbLine
 10
1203.114140012166
 20
-39.24199048716443
 30
0.0
 11
1201.914139955165
 21
-39.24199048716443
 31
0.0
  0
LINE
  5
8045
330
6B
100
AcDbEntity
  8
11000_LEFT
100
AcDbLine
 10
1208.214139963365
 20
-39.24199048716443
 30
0.0
 11
1208.014140070365
 21
-39.24199048716443
 31
0.0
  0
LINE
  5
8046
330
6B
100
AcDbEntity
  8
11000_LEFT
100
AcDbLine
 10
1203.114140012166
 20
-37.54199058106454
 30
0.0
 11
1202.914140119165
 21
-37.54199058106454
 31
0.0
  0
LINE
  5
8047
330
6B
100
AcDbEntity
  8
11000_LEFT
100
AcDbLine
 10
1208.014140070365
 20
-37.54199058106454
 30
0.0
 11
1208.214139963365
 21
-37.54199058106454
 31
0.0
  0
LINE
  5
8048
330
6B
100
AcDbEntity
  8
11000_LEFT
100
AcDbLine
 10
1212.969803881766
 20
-43.24199061896442
 30
0.0
 11
1212.969803881766
 21
-42.5819905992644
 31
0.0
  0
LINE
  5
8049
330
6B
100
AcDbEntity
  8
11000_LEFT
100
AcDbLine
 10
1213.869804215566
 20
-42.5819905992644
 30
0.0
 11
1212.969803881766
 21
-42.5819905992644
 31
0.0
  0
LINE
  5
804A
330
6B
100
AcDbEntity
  8
11000_LEFT
100
AcDbLine
 10
1213.869804215566
 20
-42.5819905992644
 30
0.0
 11
1213.869804215566
 21
-43.24199061896442
 31
0.0
  0
LINE
  5
804B
330
6B
100
AcDbEntity
  8
11000_LEFT
100
AcDbLine
 10
1212.969803881766
 20
-43.24199061896442
 30
0.0
 11
1213.869804215566
 21
-43.24199061896442
 31
0.0
  0
LINE
  5
804C
330
6B
100
AcDbEntity
  8
11000_LEFT
100
AcDbLine
 10
1212.969803881766
 20
-42.12699056886444
 30
0.0
 11
1212.969803881766
 21
-42.5819905992644
 31
0.0
  0
LINE
  5
804D
330
6B
100
AcDbEntity
  8
11000_LEFT
100
AcDbLine
 10
1213.869804215566
 20
-42.12699056886444
 30
0.0
 11
1212.969803881766
 21
-42.12699056886444
 31
0.0
  0
LINE
  5
804E
330
6B
100
AcDbEntity
  8
11000_LEFT
100
AcDbLine
 10
1213.869804215566
 20
-42.5819905992644
 30
0.0
 11
1213.869804215566
 21
-42.12699056886444
 31
0.0
  0
LINE
  5
804F
330
6B
100
AcDbEntity
  8
11000_LEFT
100
AcDbLine
 10
1183.469803702965
 20
-34.14199030316445
 30
0.0
 11
1185.269804370465
 21
-34.14199030316445
 31
0.0
  0
LINE
  5
8050
330
6B
100
AcDbEntity
  8
11000_LEFT
100
AcDbLine
 10
1173.369804096265
 20
-34.14199030316445
 30
0.0
 11
1175.169804763865
 21
-34.14199030316445
 31
0.0
  0
LINE
  5
8051
330
6B
100
AcDbEntity
  8
11000_LEFT
100
AcDbLine
 10
1200.069803909265
 20
-42.74199059516442
 30
0.0
 11
1205.269803923465
 21
-42.74199059516442
 31
0.0
  0
LINE
  5
8052
330
6B
100
AcDbEntity
  8
11000_LEFT
100
AcDbLine
 10
1214.269803536065
 20
-43.24199061896442
 30
0.0
 11
1214.269803536065
 21
-42.12539212836452
 31
0.0
  0
LINE
  5
8053
330
6B
100
AcDbEntity
  8
11000_LEFT
100
AcDbLine
 10
1214.269803536065
 20
-41.31140205366452
 30
0.0
 11
1214.269803536065
 21
-41.22699058436444
 31
0.0
  0
LINE
  5
8054
330
6B
100
AcDbEntity
  8
11000_LEFT
100
AcDbLine
 10
1212.969803881766
 20
-43.24199061896442
 30
0.0
 11
1211.469804101565
 21
-43.24199061896442
 31
0.0
  0
LINE
  5
8055
330
6B
100
AcDbEntity
  8
11000_LEFT
100
AcDbLine
 10
1214.269803536065
 20
-43.24199061896442
 30
0.0
 11
1213.869804215566
 21
-43.24199061896442
 31
0.0
  0
LINE
  5
8056
330
6B
100
AcDbEntity
  8
11000_LEFT
100
AcDbLine
 10
1211.633891031965
 20
-32.94199047896453
 30
0.0
 11
1211.664462626765
 21
-32.92695613866451
 31
0.0
  0
ARC
  5
8057
330
6B
100
AcDbEntity
  8
11000_LEFT
100
AcDbCircle
 10
1211.252086013665
 20
-32.12699059516442
 30
0.0
 40
0.9000000000001408
100
AcDbArc
 50
350.3784442508
 51
244.898211293602
  0
ARC
  5
8058
330
6B
100
AcDbEntity
  8
11000_LEFT
100
AcDbCircle
 10
1190.845188184765
 20
-46.9673378173644
 30
0.0
 40
13.52534722222002
100
AcDbArc
 50
71.48586043879884
 51
108.5141395612012
  0
ARC
  5
8059
330
6B
100
AcDbEntity
  8
11000_LEFT
100
AcDbCircle
 10
1190.845188184765
 20
-46.9673378173644
 30
0.0
 40
13.42534722222
100
AcDbArc
 50
72.8058246114025
 51
107.1941753885975
  0
LINE
  5
805A
330
6B
100
AcDbEntity
  8
11000_LEFT
100
AcDbLine
 10
1211.469804101565
 20
-43.24199061896442
 30
0.0
 11
1211.469804101565
 21
-44.22699061046452
 31
0.0
  0
LINE
  5
805B
330
6B
100
AcDbEntity
  8
11000_LEFT
100
AcDbLine
 10
1211.469804101565
 20
-44.22699061046452
 30
0.0
 11
1209.869804025565
 21
-44.22699061046452
 31
0.0
  0
LINE
  5
805C
330
6B
100
AcDbEntity
  8
11000_LEFT
100
AcDbLine
 10
1209.869804025565
 20
-44.22699061046452
 30
0.0
 11
1209.302090273165
 21
-43.65927685806442
 31
0.0
  0
LINE
  5
805D
330
6B
100
AcDbEntity
  8
11000_LEFT
100
AcDbLine
 10
1209.302090273165
 20
-43.65927685806442
 30
0.0
 11
1204.869803933565
 21
-43.42699057246443
 31
0.0
  0
LINE
  5
805E
330
6B
100
AcDbEntity
  8
11000_LEFT
100
AcDbLine
 10
1204.869803933565
 20
-42.74199059516442
 30
0.0
 11
1204.869803933565
 21
-43.42699057246443
 31
0.0
  0
LINE
  5
805F
330
6B
100
AcDbEntity
  8
11000_LEFT
100
AcDbLine
 10
1204.869803933565
 20
-43.42699057246443
 30
0.0
 11
1204.184803927265
 21
-42.74199059516442
 31
0.0
  0
LINE
  5
8060
330
6B
100
AcDbEntity
  8
15000_BACK
100
AcDbLine
 10
1255.42322189542
 20
-33.44199056096452
 30
0.0
 11
1253.62322180992
 21
-33.44199056096452
 31
0.0
  0
LINE
  5
8061
330
6B
100
AcDbEntity
  8
15000_BACK
100
AcDbLine
 10
1260.02322188112
 20
-33.44199056096452
 30
0.0
 11
1258.22322191202
 21
-33.44199056096452
 31
0.0
  0
LINE
  5
8062
330
6B
100
AcDbEntity
  8
15000_BACK
100
AcDbLine
 10
1263.74622438562
 20
-39.2419904871646
 30
0.0
 11
1263.74622438562
 21
-37.5419905810646
 31
0.0
  0
LINE
  5
8063
330
6B
100
AcDbEntity
  8
15000_BACK
100
AcDbLine
 10
1249.70021941232
 20
-37.5419905810646
 30
0.0
 11
1249.70021941232
 21
-39.2419904871646
 31
0.0
  0
LINE
  5
8064
330
6B
100
AcDbEntity
  8
15000_BACK
100
AcDbLine
 10
1262.07212083502
 20
-31.22699069146461
 30
0.0
 11
1250.77212093862
 21
-31.22699069146461
 31
0.0
  0
LWPOLYLINE
  5
8065
330
6B
100
AcDbEntity
  8
15000_BACK
100
AcDbPolyline
 90
       10
 70
   128
 43
0.0
 10
1263.57185798222
 20
-32.44319739106453
 10
1263.55915846762
 20
-32.31376497366464
 10
1263.51460399562
 20
-32.19302365846463
 10
1263.44554130452
 20
-32.09030622906451
 10
1263.35514108182
 20
-32.0038562110646
 10
1263.24233044402
 20
-31.93210246326461
 10
1263.10362624462
 20
-31.87565965866463
 10
1262.94190114822
 20
-31.83918534136453
 10
1262.78037582052
 20
-31.82701854326462
 10
1262.76012374552
 20
-31.82705020816462
  0
LWPOLYLINE
  5
8066
330
6B
100
AcDbEntity
  8
15000_BACK
100
AcDbPolyline
 90
        9
 70
   128
 43
0.0
 10
1262.77201300952
 20
-32.62702463476453
 10
1262.81187827232
 20
-32.62900276396454
 10
1262.84333881452
 20
-32.63375157776451
 10
1262.856961801359
 20
-32.64147296972894
 10
1262.866333634506
 20
-32.65030769913082
 10
1262.866333634506
 20
-32.65030769913082
 10
1262.866333634506
 20
-32.65030769913082
 10
1262.866333634506
 20
-32.65030769913082
 10
1262.866333634506
 20
-32.65030769913082
  0
LINE
  5
8067
330
6B
100
AcDbEntity
  8
15000_BACK
100
AcDbLine
 10
1262.07212083502
 20
-32.62699017586454
 30
0.0
 11
1262.77212104292
 21
-32.62699017586454
 31
0.0
  0
LINE
  5
8068
330
6B
100
AcDbEntity
  8
15000_BACK
100
AcDbLine
 10
1262.77212104292
 20
-31.82699060356461
 30
0.0
 11
1262.07212083502
 21
-31.82699060356461
 31
0.0
  0
LINE
  5
8069
330
6B
100
AcDbEntity
  8
15000_BACK
100
AcDbLine
 10
1250.77212093862
 20
-31.82699060356461
 30
0.0
 11
1250.67212110842
 21
-31.82699060356461
 31
0.0
  0
LINE
  5
806A
330
6B
100
AcDbEntity
  8
15000_BACK
100
AcDbLine
 10
1250.67212110842
 20
-32.62699017586454
 30
0.0
 11
1250.77212093862
 21
-32.62699017586454
 31
0.0
  0
LWPOLYLINE
  5
806B
330
6B
100
AcDbEntity
  8
15000_BACK
100
AcDbPolyline
 90
       10
 70
   128
 43
0.0
 10
1250.68288952572
 20
-31.82703903236461
 10
1250.58785690452
 20
-31.82995965986461
 10
1250.41852150572
 20
-31.85473470306462
 10
1250.25330581232
 20
-31.90788062576462
 10
1250.11930898292
 20
-31.98160970866462
 10
1250.01510795662
 20
-32.07176732186463
 10
1249.93789619292
 20
-32.17768943226452
 10
1249.88915589172
 20
-32.29741746846452
 10
1249.87212293312
 20
-32.42553858376462
 10
1249.87238323772
 20
-32.44318528386453
  0
LWPOLYLINE
  5
806C
330
6B
100
AcDbEntity
  8
15000_BACK
100
AcDbPolyline
 90
        8
 70
   128
 43
0.0
 10
1250.56969332042
 20
-32.64256747726452
 10
1250.56945117652
 20
-32.64276305496461
 10
1250.58100935532
 20
-32.63869876326462
 10
1250.60249822672
 20
-32.63343027146462
 10
1250.63319555012
 20
-32.62891708226451
 10
1250.67135090472
 20
-32.62699110716454
 10
1250.67211691752
 20
-32.62702929146462
 10
1250.67211691752
 20
-32.62702929146462
  0
LINE
  5
806D
330
6B
100
AcDbEntity
  8
15000_BACK
100
AcDbLine
 10
1250.67212110842
 20
-32.94199047896461
 30
0.0
 11
1250.67212110842
 21
-32.62699017586454
 31
0.0
  0
LINE
  5
806E
330
6B
100
AcDbEntity
  8
15000_BACK
100
AcDbLine
 10
1249.87212107042
 20
-32.42699051566464
 30
0.0
 11
1249.87212107042
 21
-33.93831564396462
 31
0.0
  0
LINE
  5
806F
330
6B
100
AcDbEntity
  8
15000_BACK
100
AcDbLine
 10
1263.57212108092
 20
-32.94199047896461
 30
0.0
 11
1263.57212108092
 21
-32.42699051566464
 31
0.0
  0
LINE
  5
8070
330
6B
100
AcDbEntity
  8
15000_BACK
100
AcDbLine
 10
1262.77212104292
 20
-32.62699017586454
 30
0.0
 11
1262.77212104292
 21
-32.94199047896461
 31
0.0
  0
LINE
  5
8071
330
6B
100
AcDbEntity
  8
15000_BACK
100
AcDbLine
 10
1249.87212107042
 20
-33.93831564396462
 30
0.0
 11
1249.87212107042
 21
-34.8043403989646
 31
0.0
  0
LINE
  5
8072
330
6B
100
AcDbEntity
  8
15000_BACK
100
AcDbLine
 10
1249.87212107042
 20
-41.2269905843645
 30
0.0
 11
1249.87212107042
 21
-41.72699054986452
 31
0.0
  0
LINE
  5
8073
330
6B
100
AcDbEntity
  8
15000_BACK
100
AcDbLine
 10
1249.87212107042
 20
-34.8043403989646
 30
0.0
 11
1249.87212107042
 21
-37.5419905810646
 31
0.0
  0
LINE
  5
8074
330
6B
100
AcDbEntity
  8
15000_BACK
100
AcDbLine
 10
1249.87212107042
 20
-39.2419904871646
 30
0.0
 11
1249.87212107042
 21
-41.2269905843645
 31
0.0
  0
LINE
  5
8075
330
6B
100
AcDbEntity
  8
15000_BACK
100
AcDbLine
 10
1263.42322169332
 20
-37.7419907069646
 30
0.0
 11
1262.72322195112
 21
-37.7419907069646
 31
0.0
  0
LINE
  5
8076
330
6B
100
AcDbEntity
  8
15000_BACK
100
AcDbLine
 10
1263.42322169332
 20
-42.64199059776461
 30
0.0
 11
1263.42322169332
 21
-37.7419907069646
 31
0.0
  0
LINE
  5
8077
330
6B
100
AcDbEntity
  8
15000_BACK
100
AcDbLine
 10
1263.42322169332
 20
-42.64199059776461
 30
0.0
 11
1262.72322195112
 21
-42.64199059776461
 31
0.0
  0
LINE
  5
8078
330
6B
100
AcDbEntity
  8
15000_BACK
100
AcDbLine
 10
1262.72322195112
 20
-42.64199059776461
 30
0.0
 11
1262.72322195112
 21
-37.7419907069646
 31
0.0
  0
LINE
  5
8079
330
6B
100
AcDbEntity
  8
15000_BACK
100
AcDbLine
 10
1250.02322210462
 20
-42.64199059776461
 30
0.0
 11
1250.02322210462
 21
-37.7419907069646
 31
0.0
  0
LINE
  5
807A
330
6B
100
AcDbEntity
  8
15000_BACK
100
AcDbLine
 10
1250.72322184682
 20
-37.7419907069646
 30
0.0
 11
1250.02322210462
 21
-37.7419907069646
 31
0.0
  0
LINE
  5
807B
330
6B
100
AcDbEntity
  8
15000_BACK
100
AcDbLine
 10
1250.72322184682
 20
-42.64199059776461
 30
0.0
 11
1250.02322210462
 21
-42.64199059776461
 31
0.0
  0
LINE
  5
807C
330
6B
100
AcDbEntity
  8
15000_BACK
100
AcDbLine
 10
1250.72322184682
 20
-37.7419907069646
 30
0.0
 11
1250.72322184682
 21
-42.64199059776461
 31
0.0
  0
LINE
  5
807D
330
6B
100
AcDbEntity
  8
15000_BACK
100
AcDbLine
 10
1250.02322210462
 20
-34.14199030316462
 30
0.0
 11
1250.02322210462
 21
-37.7419907069646
 31
0.0
  0
LINE
  5
807E
330
6B
100
AcDbEntity
  8
15000_BACK
100
AcDbLine
 10
1263.42322169332
 20
-34.14199030316462
 30
0.0
 11
1250.02322210462
 21
-34.14199030316462
 31
0.0
  0
LINE
  5
807F
330
6B
100
AcDbEntity
  8
15000_BACK
100
AcDbLine
 10
1263.42322169332
 20
-34.14199030316462
 30
0.0
 11
1263.42322169332
 21
-37.7419907069646
 31
0.0
  0
LINE
  5
8080
330
6B
100
AcDbEntity
  8
15000_BACK
100
AcDbLine
 10
1262.72322195112
 20
-37.39199037016454
 30
0.0
 11
1262.72322195112
 21
-37.7419907069646
 31
0.0
  0
LINE
  5
8081
330
6B
100
AcDbEntity
  8
15000_BACK
100
AcDbLine
 10
1250.72322184682
 20
-37.39199037016454
 30
0.0
 11
1250.72322184682
 21
-37.7419907069646
 31
0.0
  0
LINE
  5
8082
330
6B
100
AcDbEntity
  8
15000_BACK
100
AcDbLine
 10
1262.72322195112
 20
-37.39199037016454
 30
0.0
 11
1250.72322184682
 21
-37.39199037016454
 31
0.0
  0
LINE
  5
8083
330
6B
100
AcDbEntity
  8
15000_BACK
100
AcDbLine
 10
1252.12322179692
 20
-40.29424948906452
 30
0.0
 11
1261.32322200102
 21
-40.29424948906452
 31
0.0
  0
LINE
  5
8084
330
6B
100
AcDbEntity
  8
15000_BACK
100
AcDbLine
 10
1252.12322179692
 20
-40.29424948906452
 30
0.0
 11
1252.12322179692
 21
-39.29424955796452
 31
0.0
  0
LINE
  5
8085
330
6B
100
AcDbEntity
  8
15000_BACK
100
AcDbLine
 10
1252.12322179692
 20
-39.29424955796452
 30
0.0
 11
1261.32322200102
 21
-39.29424955796452
 31
0.0
  0
LINE
  5
8086
330
6B
100
AcDbEntity
  8
15000_BACK
100
AcDbLine
 10
1261.32322200102
 20
-40.29424948906452
 30
0.0
 11
1261.32322200102
 21
-39.29424955796452
 31
0.0
  0
LINE
  5
8087
330
6B
100
AcDbEntity
  8
15000_BACK
100
AcDbLine
 10
1250.97322188782
 20
-41.9378880230646
 30
0.0
 11
1250.97322188782
 21
-42.52483331016461
 31
0.0
  0
LINE
  5
8088
330
6B
100
AcDbEntity
  8
15000_BACK
100
AcDbLine
 10
1250.97322188782
 20
-41.9378880230646
 30
0.0
 11
1262.47322191012
 21
-41.9378880230646
 31
0.0
  0
LINE
  5
8089
330
6B
100
AcDbEntity
  8
15000_BACK
100
AcDbLine
 10
1262.47322191012
 20
-41.9378880230646
 30
0.0
 11
1262.47322191012
 21
-42.52483331016461
 31
0.0
  0
LINE
  5
808A
330
6B
100
AcDbEntity
  8
15000_BACK
100
AcDbLine
 10
1250.97322188782
 20
-42.52483331016461
 30
0.0
 11
1262.47322191012
 21
-42.52483331016461
 31
0.0
  0
LINE
  5
808B
330
6B
100
AcDbEntity
  8
15000_BACK
100
AcDbLine
 10
1250.97322188782
 20
-41.79646669006461
 30
0.0
 11
1250.97322188782
 21
-41.9378880230646
 31
0.0
  0
LINE
  5
808C
330
6B
100
AcDbEntity
  8
15000_BACK
100
AcDbLine
 10
1250.97322188782
 20
-41.79646669006461
 30
0.0
 11
1262.47322191012
 21
-41.79646669006461
 31
0.0
  0
LINE
  5
808D
330
6B
100
AcDbEntity
  8
15000_BACK
100
AcDbLine
 10
1262.47322191012
 20
-41.79646669006461
 30
0.0
 11
1262.47322191012
 21
-41.9378880230646
 31
0.0
  0
LINE
  5
808E
330
6B
100
AcDbEntity
  8
15000_BACK
100
AcDbLine
 10
1250.97322188782
 20
-42.52483331016461
 30
0.0
 11
1250.97322188782
 21
-42.64199059776461
 31
0.0
  0
LINE
  5
808F
330
6B
100
AcDbEntity
  8
15000_BACK
100
AcDbLine
 10
1262.47322191012
 20
-42.52483331016461
 30
0.0
 11
1262.47322191012
 21
-42.64199059776461
 31
0.0
  0
LINE
  5
8090
330
6B
100
AcDbEntity
  8
15000_BACK
100
AcDbLine
 10
1262.47322191012
 20
-42.64199059776461
 30
0.0
 11
1250.97322188782
 21
-42.64199059776461
 31
0.0
  0
LINE
  5
8091
330
6B
100
AcDbEntity
  8
15000_BACK
100
AcDbLine
 10
1261.32322200102
 20
-39.29424955796452
 30
0.0
 11
1261.32322200102
 21
-37.39199037016454
 31
0.0
  0
LINE
  5
8092
330
6B
100
AcDbEntity
  8
15000_BACK
100
AcDbLine
 10
1261.32322200102
 20
-41.49424942966462
 30
0.0
 11
1262.72322195112
 21
-41.49424942966462
 31
0.0
  0
LINE
  5
8093
330
6B
100
AcDbEntity
  8
15000_BACK
100
AcDbLine
 10
1261.32322200102
 20
-41.49424942966462
 30
0.0
 11
1261.32322200102
 21
-40.29424948906452
 31
0.0
  0
LINE
  5
8094
330
6B
100
AcDbEntity
  8
15000_BACK
100
AcDbLine
 10
1262.72322195112
 20
-42.3435187892646
 30
0.0
 11
1262.47322191012
 21
-42.3435187892646
 31
0.0
  0
LINE
  5
8095
330
6B
100
AcDbEntity
  8
15000_BACK
100
AcDbLine
 10
1261.32322200102
 20
-41.79646669006461
 30
0.0
 11
1261.32322200102
 21
-41.49424942966462
 31
0.0
  0
LINE
  5
8096
330
6B
100
AcDbEntity
  8
15000_BACK
100
AcDbLine
 10
1250.72322184682
 20
-41.49424942966462
 30
0.0
 11
1252.12322179692
 21
-41.49424942966462
 31
0.0
  0
LINE
  5
8097
330
6B
100
AcDbEntity
  8
15000_BACK
100
AcDbLine
 10
1252.12322179692
 20
-37.39199037016454
 30
0.0
 11
1252.12322179692
 21
-39.29424955796452
 31
0.0
  0
LINE
  5
8098
330
6B
100
AcDbEntity
  8
15000_BACK
100
AcDbLine
 10
1252.12322179692
 20
-40.29424948906452
 30
0.0
 11
1252.12322179692
 21
-41.49424942966462
 31
0.0
  0
LINE
  5
8099
330
6B
100
AcDbEntity
  8
15000_BACK
100
AcDbLine
 10
1250.97322188782
 20
-42.3435187892646
 30
0.0
 11
1250.72322184682
 21
-42.3435187892646
 31
0.0
  0
LINE
  5
809A
330
6B
100
AcDbEntity
  8
15000_BACK
100
AcDbLine
 10
1252.12322179692
 20
-41.49424942966462
 30
0.0
 11
1252.12322179692
 21
-41.79646669006461
 31
0.0
  0
LINE
  5
809B
330
6B
100
AcDbEntity
  8
15000_BACK
100
AcDbLine
 10
1250.72322184682
 20
-42.64199059776461
 30
0.0
 11
1250.97322188782
 21
-42.64199059776461
 31
0.0
  0
LINE
  5
809C
330
6B
100
AcDbEntity
  8
15000_BACK
100
AcDbLine
 10
1262.47322191012
 20
-42.64199059776461
 30
0.0
 11
1262.72322195112
 21
-42.64199059776461
 31
0.0
  0
LINE
  5
809D
330
6B
100
AcDbEntity
  8
15000_BACK
100
AcDbLine
 10
1253.62322180992
 20
-34.14199030316462
 30
0.0
 11
1253.62322180992
 21
-33.44199056096452
 31
0.0
  0
LINE
  5
809E
330
6B
100
AcDbEntity
  8
15000_BACK
100
AcDbLine
 10
1255.42322189542
 20
-33.44199056096452
 30
0.0
 11
1255.42322189542
 21
-34.14199030316462
 31
0.0
  0
LINE
  5
809F
330
6B
100
AcDbEntity
  8
15000_BACK
100
AcDbLine
 10
1260.02322188112
 20
-33.44199056096452
 30
0.0
 11
1260.02322188112
 21
-34.14199030316462
 31
0.0
  0
LINE
  5
80A0
330
6B
100
AcDbEntity
  8
15000_BACK
100
AcDbLine
 10
1258.22322191202
 20
-34.14199030316462
 30
0.0
 11
1258.22322191202
 21
-33.44199056096452
 31
0.0
  0
LINE
  5
80A1
330
6B
100
AcDbEntity
  8
15000_BACK
100
AcDbLine
 10
1263.42322169332
 20
-42.74199059516454
 30
0.0
 11
1250.02322210462
 21
-42.74199059516454
 31
0.0
  0
LINE
  5
80A2
330
6B
100
AcDbEntity
  8
15000_BACK
100
AcDbLine
 10
1250.02322210462
 20
-42.74199059516454
 30
0.0
 11
1250.02322210462
 21
-42.64199059776461
 31
0.0
  0
LINE
  5
80A3
330
6B
100
AcDbEntity
  8
15000_BACK
100
AcDbLine
 10
1263.42322169332
 20
-42.64199059776461
 30
0.0
 11
1263.42322169332
 21
-42.74199059516454
 31
0.0
  0
LINE
  5
80A4
330
6B
100
AcDbEntity
  8
15000_BACK
100
AcDbLine
 10
1263.42322169332
 20
-37.5419905810646
 30
0.0
 11
1263.74622438562
 21
-37.5419905810646
 31
0.0
  0
LINE
  5
80A5
330
6B
100
AcDbEntity
  8
15000_BACK
100
AcDbLine
 10
1263.74622438562
 20
-39.2419904871646
 30
0.0
 11
1263.42322169332
 21
-39.2419904871646
 31
0.0
  0
LINE
  5
80A6
330
6B
100
AcDbEntity
  8
15000_BACK
100
AcDbLine
 10
1249.70021941232
 20
-37.5419905810646
 30
0.0
 11
1250.02322210462
 21
-37.5419905810646
 31
0.0
  0
LINE
  5
80A7
330
6B
100
AcDbEntity
  8
15000_BACK
100
AcDbLine
 10
1250.02322210462
 20
-39.2419904871646
 30
0.0
 11
1249.70021941232
 21
-39.2419904871646
 31
0.0
  0
LINE
  5
80A8
330
6B
100
AcDbEntity
  8
15000_BACK
100
AcDbLine
 10
1254.22322195482
 20
-42.74199059516454
 30
0.0
 11
1254.22322195482
 21
-43.42699057246451
 31
0.0
  0
LINE
  5
80A9
330
6B
100
AcDbEntity
  8
15000_BACK
100
AcDbLine
 10
1254.47254143182
 20
-42.74199059516454
 30
0.0
 11
1254.22322195482
 21
-43.42699057246451
 31
0.0
  0
LINE
  5
80AA
330
6B
100
AcDbEntity
  8
15000_BACK
100
AcDbLine
 10
1255.76717253532
 20
-42.74199059516454
 30
0.0
 11
1255.88795651672
 21
-43.42699057246451
 31
0.0
  0
LINE
  5
80AB
330
6B
100
AcDbEntity
  8
15000_BACK
100
AcDbLine
 10
1254.22322195482
 20
-43.42699057246451
 30
0.0
 11
1255.88795651672
 21
-43.42699057246451
 31
0.0
  0
LINE
  5
80AC
330
6B
100
AcDbEntity
  8
15000_BACK
100
AcDbLine
 10
1255.92322191922
 20
-43.43747214236453
 30
0.0
 11
1255.92322191922
 21
-42.74199059516454
 31
0.0
  0
LINE
  5
80AD
330
6B
100
AcDbEntity
  8
15000_BACK
100
AcDbLine
 10
1255.88795651672
 20
-43.42699057246451
 30
0.0
 11
1255.92322191922
 21
-43.43747214236453
 31
0.0
  0
LINE
  5
80AE
330
6B
100
AcDbEntity
  8
15000_BACK
100
AcDbLine
 10
1257.55848728112
 20
-43.42699057246451
 30
0.0
 11
1257.52322187872
 21
-43.43747214236453
 31
0.0
  0
LINE
  5
80AF
330
6B
100
AcDbEntity
  8
15000_BACK
100
AcDbLine
 10
1257.52322187872
 20
-43.43747214236453
 30
0.0
 11
1257.52322187872
 21
-42.74199059516454
 31
0.0
  0
LINE
  5
80B0
330
6B
100
AcDbEntity
  8
15000_BACK
100
AcDbLine
 10
1257.67927126252
 20
-42.74199059516454
 30
0.0
 11
1257.55848728112
 21
-43.42699057246451
 31
0.0
  0
LINE
  5
80B1
330
6B
100
AcDbEntity
  8
15000_BACK
100
AcDbLine
 10
1259.22322184312
 20
-43.42699057246451
 30
0.0
 11
1258.97390236612
 21
-42.74199059516454
 31
0.0
  0
LINE
  5
80B2
330
6B
100
AcDbEntity
  8
15000_BACK
100
AcDbLine
 10
1259.22322184312
 20
-43.42699057246451
 30
0.0
 11
1257.55848728112
 21
-43.42699057246451
 31
0.0
  0
LINE
  5
80B3
330
6B
100
AcDbEntity
  8
15000_BACK
100
AcDbLine
 10
1259.22322184312
 20
-42.74199059516454
 30
0.0
 11
1259.22322184312
 21
-43.42699057246451
 31
0.0
  0
LINE
  5
80B4
330
6B
100
AcDbEntity
  8
15000_BACK
100
AcDbLine
 10
1256.73809886672
 20
-43.62326476776451
 30
0.0
 11
1257.61309881452
 21
-43.58401283906451
 31
0.0
  0
LINE
  5
80B5
330
6B
100
AcDbEntity
  8
15000_BACK
100
AcDbLine
 10
1257.61309881452
 20
-43.58401283906451
 30
0.0
 11
1257.113098819919
 21
-43.58401283906451
 31
0.0
  0
LINE
  5
80B6
330
6B
100
AcDbEntity
  8
15000_BACK
100
AcDbLine
 10
1257.113098819919
 20
-43.58401283906451
 30
0.0
 11
1257.113098819919
 21
-43.5055089234645
 31
0.0
  0
LINE
  5
80B7
330
6B
100
AcDbEntity
  8
15000_BACK
100
AcDbLine
 10
1257.113098819919
 20
-43.5055089234645
 30
0.0
 11
1257.61309881452
 21
-43.50550886526451
 31
0.0
  0
LINE
  5
80B8
330
6B
100
AcDbEntity
  8
15000_BACK
100
AcDbLine
 10
1257.61309881452
 20
-43.50550886526451
 30
0.0
 11
1256.73809877212
 21
-43.46625693666462
 31
0.0
  0
LINE
  5
80B9
330
6B
100
AcDbEntity
  8
15000_BACK
100
AcDbLine
 10
1256.73809877212
 20
-43.46625693666462
 30
0.0
 11
1255.86309881872
 21
-43.50550886526451
 31
0.0
  0
LINE
  5
80BA
330
6B
100
AcDbEntity
  8
15000_BACK
100
AcDbLine
 10
1255.86309881872
 20
-43.50550886526451
 30
0.0
 11
1256.36309881342
 21
-43.50550886526451
 31
0.0
  0
LINE
  5
80BB
330
6B
100
AcDbEntity
  8
15000_BACK
100
AcDbLine
 10
1256.36309881342
 20
-43.50550886526451
 30
0.0
 11
1256.36309881342
 21
-43.58401283906451
 31
0.0
  0
LINE
  5
80BC
330
6B
100
AcDbEntity
  8
15000_BACK
100
AcDbLine
 10
1256.36309881342
 20
-43.58401283906451
 30
0.0
 11
1255.86309881872
 21
-43.58401283906451
 31
0.0
  0
LINE
  5
80BD
330
6B
100
AcDbEntity
  8
15000_BACK
100
AcDbLine
 10
1255.86309881872
 20
-43.58401283906451
 30
0.0
 11
1256.73809886672
 21
-43.62326476776451
 31
0.0
  0
LINE
  5
80BE
330
6B
100
AcDbEntity
  8
15000_BACK
100
AcDbLine
 10
1259.22322184312
 20
-43.65927685806454
 30
0.0
 11
1254.22322195482
 21
-43.65927685806454
 31
0.0
  0
LINE
  5
80BF
330
6B
100
AcDbEntity
  8
15000_BACK
100
AcDbLine
 10
1254.22322195482
 20
-43.65927685806454
 30
0.0
 11
1254.22322195482
 21
-43.42699057246451
 31
0.0
  0
LINE
  5
80C0
330
6B
100
AcDbEntity
  8
15000_BACK
100
AcDbLine
 10
1257.52322187872
 20
-43.43747214236453
 30
0.0
 11
1255.92322191922
 21
-43.43747214236453
 31
0.0
  0
LINE
  5
80C1
330
6B
100
AcDbEntity
  8
15000_BACK
100
AcDbLine
 10
1259.22322184312
 20
-43.65927685806454
 30
0.0
 11
1259.22322184312
 21
-43.42699057246451
 31
0.0
  0
LINE
  5
80C2
330
6B
100
AcDbEntity
  8
15000_BACK
100
AcDbLine
 10
1263.42322169332
 20
-42.1419905666645
 30
0.0
 11
1263.57322190422
 21
-42.1419905666645
 31
0.0
  0
LINE
  5
80C3
330
6B
100
AcDbEntity
  8
15000_BACK
100
AcDbLine
 10
1263.57322190422
 20
-42.1419905666645
 30
0.0
 11
1263.57322190422
 21
-43.24199061896462
 31
0.0
  0
LINE
  5
80C4
330
6B
100
AcDbEntity
  8
15000_BACK
100
AcDbLine
 10
1263.57322190422
 20
-43.24199061896462
 30
0.0
 11
1259.22322184312
 21
-43.24199061896462
 31
0.0
  0
LINE
  5
80C5
330
6B
100
AcDbEntity
  8
15000_BACK
100
AcDbLine
 10
1254.22322195482
 20
-43.24199061896462
 30
0.0
 11
1249.87322189372
 21
-43.24199061896462
 31
0.0
  0
LINE
  5
80C6
330
6B
100
AcDbEntity
  8
15000_BACK
100
AcDbLine
 10
1250.02322210462
 20
-42.1419905666645
 30
0.0
 11
1249.87322189372
 21
-42.1419905666645
 31
0.0
  0
LINE
  5
80C7
330
6B
100
AcDbEntity
  8
15000_BACK
100
AcDbLine
 10
1249.87322189372
 20
-43.24199061896462
 30
0.0
 11
1249.87322189372
 21
-42.1419905666645
 31
0.0
  0
LINE
  5
80C8
330
6B
100
AcDbEntity
  8
15000_BACK
100
AcDbLine
 10
1263.57322190422
 20
-32.94199047896461
 30
0.0
 11
1249.87322189372
 21
-32.94199047896461
 31
0.0
  0
LINE
  5
80C9
330
6B
100
AcDbEntity
  8
15000_BACK
100
AcDbLine
 10
1263.57322190422
 20
-32.94199047896461
 30
0.0
 11
1263.57322190422
 21
-35.04199063696453
 31
0.0
  0
LINE
  5
80CA
330
6B
100
AcDbEntity
  8
15000_BACK
100
AcDbLine
 10
1263.42322169332
 20
-35.04199063696453
 30
0.0
 11
1263.57322190422
 21
-35.04199063696453
 31
0.0
  0
LINE
  5
80CB
330
6B
100
AcDbEntity
  8
15000_BACK
100
AcDbLine
 10
1249.87322189372
 20
-35.04199063696453
 30
0.0
 11
1249.87322189372
 21
-32.94199047896461
 31
0.0
  0
LINE
  5
80CC
330
6B
100
AcDbEntity
  8
15000_BACK
100
AcDbLine
 10
1250.02322210462
 20
-35.04199063696453
 30
0.0
 11
1249.87322189372
 21
-35.04199063696453
 31
0.0
  0
LINE
  5
80CD
330
6B
100
AcDbEntity
  8
15000_BACK
100
AcDbLine
 10
1256.36309881342
 20
-43.48307918346461
 30
0.0
 11
1256.36309881342
 21
-43.50550886526451
 31
0.0
  0
LINE
  5
80CE
330
6B
100
AcDbEntity
  8
15000_BACK
100
AcDbLine
 10
1257.113098819919
 20
-43.5055089234645
 30
0.0
 11
1257.113098819919
 21
-43.48307918346461
 31
0.0
  0
LINE
  5
80CF
330
6B
100
AcDbEntity
  8
15000_BACK
100
AcDbLine
 10
1256.73809883122
 20
-43.46625693666462
 30
0.0
 11
1256.73809886672
 21
-43.62326476776451
 31
0.0
  0
LINE
  5
80D0
330
6B
100
AcDbEntity
  8
15000_BACK
100
AcDbLine
 10
1249.87322189372
 20
-36.34199075686462
 30
0.0
 11
1250.02322210462
 21
-36.34199075686462
 31
0.0
  0
LINE
  5
80D1
330
6B
100
AcDbEntity
  8
15000_BACK
100
AcDbLine
 10
1249.87322189372
 20
-36.34199075686462
 30
0.0
 11
1249.87322189372
 21
-35.04199063696453
 31
0.0
  0
LINE
  5
80D2
330
6B
100
AcDbEntity
  8
15000_BACK
100
AcDbLine
 10
1263.57322190422
 20
-36.34199075686462
 30
0.0
 11
1263.42322169332
 21
-36.34199075686462
 31
0.0
  0
LINE
  5
80D3
330
6B
100
AcDbEntity
  8
15000_BACK
100
AcDbLine
 10
1263.57322190422
 20
-35.04199063696453
 30
0.0
 11
1263.57322190422
 21
-36.34199075686462
 31
0.0
  0
LINE
  5
80D4
330
6B
100
AcDbEntity
  8
15000_BACK
100
AcDbLine
 10
1254.22322195482
 20
-44.22699061046452
 30
0.0
 11
1259.22322184312
 21
-44.22699061046452
 31
0.0
  0
LINE
  5
80D5
330
6B
100
AcDbEntity
  8
15000_BACK
100
AcDbLine
 10
1254.22322195482
 20
-44.22699061046452
 30
0.0
 11
1254.22322195482
 21
-43.65927685806454
 31
0.0
  0
LINE
  5
80D6
330
6B
100
AcDbEntity
  8
15000_BACK
100
AcDbLine
 10
1259.22322184312
 20
-44.22699061046452
 30
0.0
 11
1259.22322184312
 21
-43.65927685806454
 31
0.0
  0
LINE
  5
80D7
330
6B
100
AcDbEntity
  8
15000_BACK
100
AcDbLine
 10
1263.57322190422
 20
-42.1419905666645
 30
0.0
 11
1263.57322190422
 21
-39.2419904871646
 31
0.0
  0
LINE
  5
80D8
330
6B
100
AcDbEntity
  8
15000_BACK
100
AcDbLine
 10
1263.57322190422
 20
-37.5419905810646
 30
0.0
 11
1263.57322190422
 21
-36.34199075686462
 31
0.0
  0
LINE
  5
80D9
330
6B
100
AcDbEntity
  8
15000_BACK
100
AcDbLine
 10
1249.87322189372
 20
-42.1419905666645
 30
0.0
 11
1249.87322189372
 21
-39.2419904871646
 31
0.0
  0
LINE
  5
80DA
330
6B
100
AcDbEntity
  8
15000_BACK
100
AcDbLine
 10
1249.87322189372
 20
-37.5419905810646
 30
0.0
 11
1249.87322189372
 21
-36.34199075686462
 31
0.0
  0
LINE
  5
80DB
330
6B
100
AcDbEntity
  8
15000_BACK
100
AcDbLine
 10
1262.07212083502
 20
-31.22699069146461
 30
0.0
 11
1262.07212083502
 21
-32.94199047896461
 31
0.0
  0
LINE
  5
80DC
330
6B
100
AcDbEntity
  8
15000_BACK
100
AcDbLine
 10
1250.77212093862
 20
-32.94199047896461
 30
0.0
 11
1250.77212093862
 21
-31.22699069146461
 31
0.0
  0
LINE
  5
80DD
330
6B
100
AcDbEntity
  8
15000_BACK
100
AcDbLine
 10
1249.87322189372
 20
-41.69733304816452
 30
0.0
 11
1249.87322189372
 21
-41.75664816806454
 31
0.0
  0
ARC
  5
80DE
330
6B
100
AcDbEntity
  8
15000_BACK
100
AcDbCircle
 10
1263.16815647522
 20
-32.37735170166451
 30
0.0
 40
0.4069422609279381
100
AcDbArc
 50
222.1248770982995
 51
353.0640234964998
  0
ARC
  5
80DF
330
6B
100
AcDbEntity
  8
15000_BACK
100
AcDbCircle
 10
1250.268555430542
 20
-32.38056385012604
 30
0.0
 40
0.3991615329086662
100
AcDbArc
 50
186.7014255474415
 51
318.9752513736466
  0
LINE
  5
80E0
330
6B
100
AcDbEntity
  8
15000_BACK
100
AcDbLine
 10
1249.87322189372
 20
-33.96399965796451
 30
0.0
 11
1249.87212107042
 21
-33.93831564396462
 31
0.0
  0
LINE
  5
80E1
330
6B
100
AcDbEntity
  8
15000_BACK
100
AcDbLine
 10
1249.87212107042
 20
-34.8043403989646
 30
0.0
 11
1249.87322189372
 21
-34.8043403989646
 31
0.0
  0
LINE
  5
80E2
330
6B
100
AcDbEntity
  8
15000_BACK
100
AcDbLine
 10
1249.87322189372
 20
-41.2269905843645
 30
0.0
 11
1249.87212107042
 21
-41.2269905843645
 31
0.0
  0
ARC
  5
80E3
330
6B
100
AcDbEntity
  8
14000_BOTTOM
100
AcDbCircle
 10
1115.631913756014
 20
57.46930515908997
 30
0.0
 40
0.2000000000001261
100
AcDbArc
 50
180.0
 51
221.3899488901973
  0
ARC
  5
80E4
330
6B
100
AcDbEntity
  8
14000_BOTTOM
100
AcDbCircle
 10
1115.631913756014
 20
57.46930515908997
 30
0.0
 40
1.000000000000065
100
AcDbArc
 50
180.0
 51
261.2892672995981
  0
ARC
  5
80E5
330
6B
100
AcDbEntity
  8
14000_BOTTOM
100
AcDbCircle
 10
1127.331913756014
 20
57.46930515908997
 30
0.0
 40
0.200000000000028
100
AcDbArc
 50
318.0484812434031
 51
0.0
  0
ARC
  5
80E6
330
6B
100
AcDbEntity
  8
14000_BOTTOM
100
AcDbCircle
 10
1127.331913756014
 20
57.46930515908997
 30
0.0
 40
1.000000000000035
100
AcDbArc
 50
278.607449632696
 51
0.0
  0
LINE
  5
80E7
330
6B
100
AcDbEntity
  8
14000_BOTTOM
100
AcDbLine
 10
1128.331913606514
 20
57.46930538529028
 30
0.0
 11
1128.331913606514
 21
59.16930482569018
 31
0.0
  0
LINE
  5
80E8
330
6B
100
AcDbEntity
  8
14000_BOTTOM
100
AcDbLine
 10
1127.531913568514
 20
59.16930482569018
 30
0.0
 11
1127.531913568514
 21
58.82292174578998
 31
0.0
  0
LINE
  5
80E9
330
6B
100
AcDbEntity
  8
14000_BOTTOM
100
AcDbLine
 10
1127.531913568514
 20
57.92292141209009
 30
0.0
 11
1127.531913568514
 21
57.46930538529028
 31
0.0
  0
LINE
  5
80EA
330
6B
100
AcDbEntity
  8
14000_BOTTOM
100
AcDbLine
 10
1127.531913568514
 20
59.6693049076901
 30
0.0
 11
1127.531913568514
 21
59.16930482569018
 31
0.0
  0
LINE
  5
80EB
330
6B
100
AcDbEntity
  8
14000_BOTTOM
100
AcDbLine
 10
1128.331913606514
 20
59.16930482569018
 30
0.0
 11
1128.331913606514
 21
59.6693049076901
 31
0.0
  0
LINE
  5
80EC
330
6B
100
AcDbEntity
  8
14000_BOTTOM
100
AcDbLine
 10
1115.431913634114
 20
57.46930538529028
 30
0.0
 11
1115.431913634114
 21
57.92292141209009
 31
0.0
  0
LINE
  5
80ED
330
6B
100
AcDbEntity
  8
14000_BOTTOM
100
AcDbLine
 10
1115.431913634114
 20
58.82292174578998
 30
0.0
 11
1115.431913634114
 21
59.16930482569018
 31
0.0
  0
LINE
  5
80EE
330
6B
100
AcDbEntity
  8
14000_BOTTOM
100
AcDbLine
 10
1114.631913596114
 20
59.16930482569018
 30
0.0
 11
1114.631913596114
 21
57.46930538529028
 31
0.0
  0
LINE
  5
80EF
330
6B
100
AcDbEntity
  8
14000_BOTTOM
100
AcDbLine
 10
1114.631913596114
 20
59.6693049076901
 30
0.0
 11
1114.631913596114
 21
59.16930482569018
 31
0.0
  0
LINE
  5
80F0
330
6B
100
AcDbEntity
  8
14000_BOTTOM
100
AcDbLine
 10
1115.431913634114
 20
59.16930482569018
 30
0.0
 11
1115.431913634114
 21
59.6693049076901
 31
0.0
  0
LINE
  5
80F1
330
6B
100
AcDbEntity
  8
14000_BOTTOM
100
AcDbLine
 10
1128.331913606514
 20
56.55161364789012
 30
0.0
 11
1128.331913606514
 21
57.46930538529028
 31
0.0
  0
LINE
  5
80F2
330
6B
100
AcDbEntity
  8
14000_BOTTOM
100
AcDbLine
 10
1128.330812783314
 20
56.54238656939009
 30
0.0
 11
1128.331791137614
 21
56.56470757759018
 31
0.0
  0
LINE
  5
80F3
330
6B
100
AcDbEntity
  8
14000_BOTTOM
100
AcDbLine
 10
1118.980812833914
 20
54.82292155589016
 30
0.0
 11
1118.980812833914
 21
54.25520780349017
 31
0.0
  0
LINE
  5
80F4
330
6B
100
AcDbEntity
  8
14000_BOTTOM
100
AcDbLine
 10
1123.980812722214
 20
54.82292155589016
 30
0.0
 11
1118.980812833914
 21
54.82292155589016
 31
0.0
  0
LINE
  5
80F5
330
6B
100
AcDbEntity
  8
14000_BOTTOM
100
AcDbLine
 10
1123.980812722214
 20
54.82292155589016
 30
0.0
 11
1123.980812722214
 21
54.25520780349017
 31
0.0
  0
LINE
  5
80F6
330
6B
100
AcDbEntity
  8
14000_BOTTOM
100
AcDbLine
 10
1118.980812833914
 20
54.25520780349017
 30
0.0
 11
1123.980812722214
 21
54.25520780349017
 31
0.0
  0
LINE
  5
80F7
330
6B
100
AcDbEntity
  8
14000_BOTTOM
100
AcDbLine
 10
1123.980812722214
 20
56.42292163179019
 30
0.0
 11
1118.980812833914
 21
56.42292163179019
 31
0.0
  0
LINE
  5
80F8
330
6B
100
AcDbEntity
  8
14000_BOTTOM
100
AcDbLine
 10
1123.980812722214
 20
56.42292163179019
 30
0.0
 11
1123.980812722214
 21
54.82292155589016
 31
0.0
  0
LINE
  5
80F9
330
6B
100
AcDbEntity
  8
14000_BOTTOM
100
AcDbLine
 10
1118.980812833914
 20
56.42292163179019
 30
0.0
 11
1118.980812833914
 21
54.82292155589016
 31
0.0
  0
LINE
  5
80FA
330
6B
100
AcDbEntity
  8
14000_BOTTOM
100
AcDbLine
 10
1121.465935810314
 20
53.5680563546901
 30
0.0
 11
1120.590935862414
 21
52.81908417899012
 31
0.0
  0
LINE
  5
80FB
330
6B
100
AcDbEntity
  8
14000_BOTTOM
100
AcDbLine
 10
1120.590935862414
 20
52.81908417899012
 30
0.0
 11
1121.090935857114
 21
52.81908417899012
 31
0.0
  0
LINE
  5
80FC
330
6B
100
AcDbEntity
  8
14000_BOTTOM
100
AcDbLine
 10
1121.090935857114
 20
52.81908417899012
 30
0.0
 11
1121.090935857114
 21
51.32113994409014
 31
0.0
  0
LINE
  5
80FD
330
6B
100
AcDbEntity
  8
14000_BOTTOM
100
AcDbLine
 10
1121.090935857114
 20
51.32113994409014
 30
0.0
 11
1120.590935862414
 21
51.3211398276901
 31
0.0
  0
LINE
  5
80FE
330
6B
100
AcDbEntity
  8
14000_BOTTOM
100
AcDbLine
 10
1120.590935862414
 20
51.3211398276901
 30
0.0
 11
1121.465935904914
 21
50.57216773939001
 31
0.0
  0
LINE
  5
80FF
330
6B
100
AcDbEntity
  8
14000_BOTTOM
100
AcDbLine
 10
1121.465935904914
 20
50.57216773939001
 30
0.0
 11
1122.340935858214
 21
51.3211398276901
 31
0.0
  0
LINE
  5
8100
330
6B
100
AcDbEntity
  8
14000_BOTTOM
100
AcDbLine
 10
1122.340935858214
 20
51.3211398276901
 30
0.0
 11
1121.840935863614
 21
51.3211398276901
 31
0.0
  0
LINE
  5
8101
330
6B
100
AcDbEntity
  8
14000_BOTTOM
100
AcDbLine
 10
1121.840935863614
 20
51.3211398276901
 30
0.0
 11
1121.840935863614
 21
52.81908417899012
 31
0.0
  0
LINE
  5
8102
330
6B
100
AcDbEntity
  8
14000_BOTTOM
100
AcDbLine
 10
1121.840935863614
 20
52.81908417899012
 30
0.0
 11
1122.340935858214
 21
52.81908417899012
 31
0.0
  0
LINE
  5
8103
330
6B
100
AcDbEntity
  8
14000_BOTTOM
100
AcDbLine
 10
1122.340935858214
 20
52.81908417899012
 30
0.0
 11
1121.465935810314
 21
53.5680563546901
 31
0.0
  0
LINE
  5
8104
330
6B
100
AcDbEntity
  8
14000_BOTTOM
100
AcDbLine
 10
1123.980812722214
 20
49.82292146389028
 30
0.0
 11
1122.316078160214
 21
49.82292146389028
 31
0.0
  0
LINE
  5
8105
330
6B
100
AcDbEntity
  8
14000_BOTTOM
100
AcDbLine
 10
1122.316078160214
 20
49.82292146389028
 30
0.0
 11
1122.280812757813
 21
50.0229214587901
 31
0.0
  0
LINE
  5
8106
330
6B
100
AcDbEntity
  8
14000_BOTTOM
100
AcDbLine
 10
1120.680812798314
 20
50.0229214587901
 30
0.0
 11
1122.280812757813
 21
50.0229214587901
 31
0.0
  0
LINE
  5
8107
330
6B
100
AcDbEntity
  8
14000_BOTTOM
100
AcDbLine
 10
1120.645547395814
 20
49.82292146389028
 30
0.0
 11
1120.680812798314
 21
50.0229214587901
 31
0.0
  0
LINE
  5
8108
330
6B
100
AcDbEntity
  8
14000_BOTTOM
100
AcDbLine
 10
1118.980812833914
 20
49.82292146389028
 30
0.0
 11
1120.645547395814
 21
49.82292146389028
 31
0.0
  0
LINE
  5
8109
330
6B
100
AcDbEntity
  8
14000_BOTTOM
100
AcDbLine
 10
1123.980812722214
 20
54.25520780349017
 30
0.0
 11
1123.980812722214
 21
49.82292146389028
 31
0.0
  0
LINE
  5
810A
330
6B
100
AcDbEntity
  8
14000_BOTTOM
100
AcDbLine
 10
1118.980812833914
 20
54.25520780349017
 30
0.0
 11
1118.980812833914
 21
49.82292146389028
 31
0.0
  0
LINE
  5
810B
330
6B
100
AcDbEntity
  8
14000_BOTTOM
100
AcDbLine
 10
1121.090935857114
 20
52.8370088789901
 30
0.0
 11
1121.090935857114
 21
52.81908417899012
 31
0.0
  0
LINE
  5
810C
330
6B
100
AcDbEntity
  8
14000_BOTTOM
100
AcDbLine
 10
1120.611876592314
 20
52.8370088789901
 30
0.0
 11
1121.090935857114
 21
52.8370088789901
 31
0.0
  0
LINE
  5
810D
330
6B
100
AcDbEntity
  8
14000_BOTTOM
100
AcDbLine
 10
1121.840935863614
 20
52.81908417899012
 30
0.0
 11
1121.840935863614
 21
52.8370088789901
 31
0.0
  0
LINE
  5
810E
330
6B
100
AcDbEntity
  8
14000_BOTTOM
100
AcDbLine
 10
1121.840935863614
 20
52.8370088789901
 30
0.0
 11
1122.319995070214
 21
52.8370088789901
 31
0.0
  0
LINE
  5
810F
330
6B
100
AcDbEntity
  8
14000_BOTTOM
100
AcDbLine
 10
1121.465935847614
 20
50.58392103029013
 30
0.0
 11
1121.465935904914
 21
50.57216773939001
 31
0.0
  0
LINE
  5
8110
330
6B
100
AcDbEntity
  8
14000_BOTTOM
100
AcDbLine
 10
1121.465935847614
 20
50.58392103029013
 30
0.0
 11
1122.324845805613
 21
51.3211398276901
 31
0.0
  0
LINE
  5
8111
330
6B
100
AcDbEntity
  8
14000_BOTTOM
100
AcDbLine
 10
1120.607025915114
 20
51.3211398276901
 30
0.0
 11
1121.465935847614
 21
50.58392103029013
 31
0.0
  0
LINE
  5
8112
330
6B
100
AcDbEntity
  8
14000_BOTTOM
100
AcDbLine
 10
1123.707370394091
 20
49.13792145749011
 30
0.0
 11
1122.436862141614
 21
49.13792145749011
 31
0.0
  0
LINE
  5
8113
330
6B
100
AcDbEntity
  8
14000_BOTTOM
100
AcDbLine
 10
1118.980812833914
 20
49.82292146389028
 30
0.0
 11
1119.230132310914
 21
49.13792145749011
 31
0.0
  0
LINE
  5
8114
330
6B
100
AcDbEntity
  8
14000_BOTTOM
100
AcDbLine
 10
1120.514254501736
 20
49.13792145749011
 30
0.0
 11
1119.230132310914
 21
49.13792145749011
 31
0.0
  0
LINE
  5
8115
330
6B
100
AcDbEntity
  8
14000_BOTTOM
100
AcDbLine
 10
1115.480812725914
 20
57.92292141209009
 30
0.0
 11
1115.480812725914
 21
58.82292174578998
 31
0.0
  0
LINE
  5
8116
330
6B
100
AcDbEntity
  8
14000_BOTTOM
100
AcDbLine
 10
1115.080812939714
 20
58.82292174578998
 30
0.0
 11
1115.080812939714
 21
57.92292141209009
 31
0.0
  0
LINE
  5
8117
330
6B
100
AcDbEntity
  8
14000_BOTTOM
100
AcDbLine
 10
1115.080812939714
 20
58.82292174578998
 30
0.0
 11
1115.480812725914
 21
58.82292174578998
 31
0.0
  0
LINE
  5
8118
330
6B
100
AcDbEntity
  8
14000_BOTTOM
100
AcDbLine
 10
1115.480812725914
 20
57.92292141209009
 30
0.0
 11
1115.080812939714
 21
57.92292141209009
 31
0.0
  0
LINE
  5
8119
330
6B
100
AcDbEntity
  8
14000_BOTTOM
100
AcDbLine
 10
1127.880812616414
 20
57.92292141209009
 30
0.0
 11
1127.880812616414
 21
58.82292174578998
 31
0.0
  0
LINE
  5
811A
330
6B
100
AcDbEntity
  8
14000_BOTTOM
100
AcDbLine
 10
1127.480812830214
 20
58.82292174578998
 30
0.0
 11
1127.480812830214
 21
57.92292141209009
 31
0.0
  0
LINE
  5
811B
330
6B
100
AcDbEntity
  8
14000_BOTTOM
100
AcDbLine
 10
1127.480812830214
 20
58.82292174578998
 30
0.0
 11
1127.880812616414
 21
58.82292174578998
 31
0.0
  0
LINE
  5
811C
330
6B
100
AcDbEntity
  8
14000_BOTTOM
100
AcDbLine
 10
1127.880812616414
 20
57.92292141209009
 30
0.0
 11
1127.480812830214
 21
57.92292141209009
 31
0.0
  0
LINE
  5
811D
330
6B
100
AcDbEntity
  8
14000_BOTTOM
100
AcDbLine
 10
1115.480812725914
 20
57.92292141209009
 30
0.0
 11
1115.480812725914
 21
56.42292163179019
 31
0.0
  0
LINE
  5
811E
330
6B
100
AcDbEntity
  8
14000_BOTTOM
100
AcDbLine
 10
1115.480812725914
 20
59.2229210662901
 30
0.0
 11
1115.480812725914
 21
58.82292174578998
 31
0.0
  0
LINE
  5
811F
330
6B
100
AcDbEntity
  8
14000_BOTTOM
100
AcDbLine
 10
1128.330812783314
 20
50.22292145379009
 30
0.0
 11
1128.330812783314
 21
56.42292163179019
 31
0.0
  0
LINE
  5
8120
330
6B
100
AcDbEntity
  8
14000_BOTTOM
100
AcDbLine
 10
1128.330812783314
 20
56.42292163179019
 30
0.0
 11
1127.480812830214
 21
56.42292163179019
 31
0.0
  0
LINE
  5
8121
330
6B
100
AcDbEntity
  8
14000_BOTTOM
100
AcDbLine
 10
1115.480812725914
 20
56.42292163179019
 30
0.0
 11
1114.630812772814
 21
56.42292163179019
 31
0.0
  0
LINE
  5
8122
330
6B
100
AcDbEntity
  8
14000_BOTTOM
100
AcDbLine
 10
1123.980812722214
 20
50.22292145379009
 30
0.0
 11
1128.330812783314
 21
50.22292145379009
 31
0.0
  0
LINE
  5
8123
330
6B
100
AcDbEntity
  8
14000_BOTTOM
100
AcDbLine
 10
1114.630812772814
 20
56.42292163179019
 30
0.0
 11
1114.630812772814
 21
50.22292145379009
 31
0.0
  0
LINE
  5
8124
330
6B
100
AcDbEntity
  8
14000_BOTTOM
100
AcDbLine
 10
1115.480812725914
 20
59.2229210662901
 30
0.0
 11
1127.480812830214
 21
59.2229210662901
 31
0.0
  0
LINE
  5
8125
330
6B
100
AcDbEntity
  8
14000_BOTTOM
100
AcDbLine
 10
1114.630812772814
 20
50.22292145379009
 30
0.0
 11
1118.980812833914
 21
50.22292145379009
 31
0.0
  0
LINE
  5
8126
330
6B
100
AcDbEntity
  8
14000_BOTTOM
100
AcDbLine
 10
1127.480812830214
 20
58.82292174578998
 30
0.0
 11
1127.480812830214
 21
59.2229210662901
 31
0.0
  0
LINE
  5
8127
330
6B
100
AcDbEntity
  8
14000_BOTTOM
100
AcDbLine
 10
1127.480812830214
 20
56.42292163179019
 30
0.0
 11
1127.480812830214
 21
57.92292141209009
 31
0.0
  0
LINE
  5
8128
330
6B
100
AcDbEntity
  8
14000_BOTTOM
100
AcDbLine
 10
1114.780812983714
 20
45.02292143959016
 30
0.0
 11
1114.780812983714
 21
43.52292165939002
 31
0.0
  0
LINE
  5
8129
330
6B
100
AcDbEntity
  8
14000_BOTTOM
100
AcDbLine
 10
1114.780812983714
 20
45.02292143959016
 30
0.0
 11
1115.180812769814
 21
45.02292143959016
 31
0.0
  0
LINE
  5
812A
330
6B
100
AcDbEntity
  8
14000_BOTTOM
100
AcDbLine
 10
1115.180812769814
 20
45.02292143959016
 30
0.0
 11
1115.180812769814
 21
50.22292145379009
 31
0.0
  0
LINE
  5
812B
330
6B
100
AcDbEntity
  8
14000_BOTTOM
100
AcDbLine
 10
1127.780812786214
 20
50.22292145379009
 30
0.0
 11
1127.780812786214
 21
45.02292143959016
 31
0.0
  0
LINE
  5
812C
330
6B
100
AcDbEntity
  8
14000_BOTTOM
100
AcDbLine
 10
1128.180812572414
 20
45.02292143959016
 30
0.0
 11
1127.780812786214
 21
45.02292143959016
 31
0.0
  0
LINE
  5
812D
330
6B
100
AcDbEntity
  8
14000_BOTTOM
100
AcDbLine
 10
1128.180812572414
 20
43.52292165939002
 30
0.0
 11
1128.180812572414
 21
45.02292143959016
 31
0.0
  0
LINE
  5
812E
330
6B
100
AcDbEntity
  8
14000_BOTTOM
100
AcDbLine
 10
1114.780812983714
 20
43.52292165939002
 30
0.0
 11
1128.180812572414
 21
43.52292165939002
 31
0.0
  0
LINE
  5
812F
330
6B
100
AcDbEntity
  8
14000_BOTTOM
100
AcDbLine
 10
1127.230812789214
 20
12.82196425679007
 30
0.0
 11
1127.230812789214
 21
13.1048069226901
 31
0.0
  0
LINE
  5
8130
330
6B
100
AcDbEntity
  8
14000_BOTTOM
100
AcDbLine
 10
1115.730812766914
 20
12.82196425679007
 30
0.0
 11
1115.730812766914
 21
13.1048069226901
 31
0.0
  0
LINE
  5
8131
330
6B
100
AcDbEntity
  8
14000_BOTTOM
100
AcDbLine
 10
1115.480812725914
 20
7.622923039290071
 30
0.0
 11
1115.480812725914
 21
13.95407625319018
 31
0.0
  0
LINE
  5
8132
330
6B
100
AcDbEntity
  8
14000_BOTTOM
100
AcDbLine
 10
1114.780812983714
 20
7.622923039290071
 30
0.0
 11
1115.480812725914
 21
7.622923039290071
 31
0.0
  0
LINE
  5
8133
330
6B
100
AcDbEntity
  8
14000_BOTTOM
100
AcDbLine
 10
1114.780812983714
 20
7.622923039290071
 30
0.0
 11
1114.780812983714
 21
14.92291995169006
 31
0.0
  0
LINE
  5
8134
330
6B
100
AcDbEntity
  8
14000_BOTTOM
100
AcDbLine
 10
1114.880812813814
 20
14.92291995169006
 30
0.0
 11
1114.780812983714
 21
14.92291995169006
 31
0.0
  0
LINE
  5
8135
330
6B
100
AcDbEntity
  8
14000_BOTTOM
100
AcDbLine
 10
1114.880812813814
 20
43.52292165939002
 30
0.0
 11
1114.880812813814
 21
14.92291995169006
 31
0.0
  0
LINE
  5
8136
330
6B
100
AcDbEntity
  8
14000_BOTTOM
100
AcDbLine
 10
1128.080812742314
 20
14.92291995169006
 30
0.0
 11
1128.080812742314
 21
43.52292165939002
 31
0.0
  0
LINE
  5
8137
330
6B
100
AcDbEntity
  8
14000_BOTTOM
100
AcDbLine
 10
1128.180812572414
 20
14.92291995169006
 30
0.0
 11
1128.080812742314
 21
14.92291995169006
 31
0.0
  0
LINE
  5
8138
330
6B
100
AcDbEntity
  8
14000_BOTTOM
100
AcDbLine
 10
1128.180812572414
 20
14.92291995169006
 30
0.0
 11
1128.180812572414
 21
7.622923039290071
 31
0.0
  0
LINE
  5
8139
330
6B
100
AcDbEntity
  8
14000_BOTTOM
100
AcDbLine
 10
1127.480812830214
 20
7.622923039290071
 30
0.0
 11
1128.180812572414
 21
7.622923039290071
 31
0.0
  0
LINE
  5
813A
330
6B
100
AcDbEntity
  8
14000_BOTTOM
100
AcDbLine
 10
1127.480812830214
 20
7.622923039290071
 30
0.0
 11
1127.480812830214
 21
13.95407625319018
 31
0.0
  0
LINE
  5
813B
330
6B
100
AcDbEntity
  8
14000_BOTTOM
100
AcDbLine
 10
1127.480812830214
 20
13.95407625319018
 30
0.0
 11
1127.230812789214
 21
13.95407625319018
 31
0.0
  0
LINE
  5
813C
330
6B
100
AcDbEntity
  8
14000_BOTTOM
100
AcDbLine
 10
1127.230812789214
 20
13.95407625319018
 30
0.0
 11
1127.230812789214
 21
13.1048069226901
 31
0.0
  0
LINE
  5
813D
330
6B
100
AcDbEntity
  8
14000_BOTTOM
100
AcDbLine
 10
1115.730812766914
 20
13.95407625319018
 30
0.0
 11
1115.480812725914
 21
13.95407625319018
 31
0.0
  0
LINE
  5
813E
330
6B
100
AcDbEntity
  8
14000_BOTTOM
100
AcDbLine
 10
1115.730812766914
 20
13.1048069226901
 30
0.0
 11
1115.730812766914
 21
13.95407625319018
 31
0.0
  0
LINE
  5
813F
330
6B
100
AcDbEntity
  8
14000_BOTTOM
100
AcDbLine
 10
1115.480812725914
 20
7.622923039290071
 30
0.0
 11
1115.480812725914
 21
2.722922049790099
 31
0.0
  0
LINE
  5
8140
330
6B
100
AcDbEntity
  8
14000_BOTTOM
100
AcDbLine
 10
1114.780812983714
 20
2.722922049790099
 30
0.0
 11
1115.480812725914
 21
2.722922049790099
 31
0.0
  0
LINE
  5
8141
330
6B
100
AcDbEntity
  8
14000_BOTTOM
100
AcDbLine
 10
1114.780812983714
 20
7.622923039290071
 30
0.0
 11
1114.780812983714
 21
2.722922049790099
 31
0.0
  0
LINE
  5
8142
330
6B
100
AcDbEntity
  8
14000_BOTTOM
100
AcDbLine
 10
1128.180812572414
 20
7.622923039290071
 30
0.0
 11
1128.180812572414
 21
2.722922049790099
 31
0.0
  0
LINE
  5
8143
330
6B
100
AcDbEntity
  8
14000_BOTTOM
100
AcDbLine
 10
1127.480812830214
 20
2.722922049790099
 30
0.0
 11
1128.180812572414
 21
2.722922049790099
 31
0.0
  0
LINE
  5
8144
330
6B
100
AcDbEntity
  8
14000_BOTTOM
100
AcDbLine
 10
1127.480812830214
 20
2.722922049790099
 30
0.0
 11
1127.480812830214
 21
7.622923039290071
 31
0.0
  0
LINE
  5
8145
330
6B
100
AcDbEntity
  8
14000_BOTTOM
100
AcDbLine
 10
1127.230812789214
 20
12.23501869329004
 30
0.0
 11
1115.730812766914
 21
12.23501869329004
 31
0.0
  0
LINE
  5
8146
330
6B
100
AcDbEntity
  8
14000_BOTTOM
100
AcDbLine
 10
1127.230812789214
 20
12.23501869329004
 30
0.0
 11
1127.230812789214
 21
12.82196425679007
 31
0.0
  0
LINE
  5
8147
330
6B
100
AcDbEntity
  8
14000_BOTTOM
100
AcDbLine
 10
1115.730812766914
 20
12.23501869329004
 30
0.0
 11
1115.730812766914
 21
12.82196425679007
 31
0.0
  0
LINE
  5
8148
330
6B
100
AcDbEntity
  8
14000_BOTTOM
100
AcDbLine
 10
1115.730812766914
 20
13.1048069226901
 30
0.0
 11
1115.480812725914
 21
13.1048069226901
 31
0.0
  0
LINE
  5
8149
330
6B
100
AcDbEntity
  8
14000_BOTTOM
100
AcDbLine
 10
1127.480812830214
 20
13.1048069226901
 30
0.0
 11
1127.230812789214
 21
13.1048069226901
 31
0.0
  0
LINE
  5
814A
330
6B
100
AcDbEntity
  8
14000_BOTTOM
100
AcDbLine
 10
1114.980812643914
 20
50.22292145379009
 30
0.0
 11
1114.980812643914
 21
45.02292143959016
 31
0.0
  0
LINE
  5
814B
330
6B
100
AcDbEntity
  8
14000_BOTTOM
100
AcDbLine
 10
1127.980812912214
 20
45.02292143959016
 30
0.0
 11
1127.980812912214
 21
50.22292145379009
 31
0.0
  0
ARC
  5
814C
330
6B
100
AcDbEntity
  8
14000_BOTTOM
100
AcDbCircle
 10
1127.931913756014
 20
59.66930515909019
 30
0.0
 40
0.4000000000000341
100
AcDbArc
 50
0.0000000001009635
 51
179.999999999899
  0
ARC
  5
814D
330
6B
100
AcDbEntity
  8
14000_BOTTOM
100
AcDbCircle
 10
1115.031913756014
 20
59.66930515909019
 30
0.0
 40
0.4000000000000341
100
AcDbArc
 50
90.0
 51
180.0
  0
ARC
  5
814E
330
6B
100
AcDbEntity
  8
14000_BOTTOM
100
AcDbCircle
 10
1115.031913756014
 20
59.66930515909019
 30
0.0
 40
0.4000000000000341
100
AcDbArc
 50
0.0
 51
90.0
  0
LINE
  5
814F
330
6B
100
AcDbEntity
  8
14000_BOTTOM
100
AcDbLine
 10
1128.330812783314
 20
57.42239327019018
 30
0.0
 11
1128.330812783314
 21
56.42292163179019
 31
0.0
  0
LINE
  5
8150
330
6B
100
AcDbEntity
  8
14000_BOTTOM
100
AcDbLine
 10
1127.480812830214
 20
59.2229210662901
 30
0.0
 11
1127.531913568514
 21
59.2229210662901
 31
0.0
  0
LINE
  5
8151
330
6B
100
AcDbEntity
  8
14000_BOTTOM
100
AcDbLine
 10
1114.630812772814
 20
56.42292163179019
 30
0.0
 11
1114.630812772814
 21
59.2229210662901
 31
0.0
  0
LINE
  5
8152
330
6B
100
AcDbEntity
  8
14000_BOTTOM
100
AcDbLine
 10
1115.480812725914
 20
59.2229210662901
 30
0.0
 11
1115.431913634114
 21
59.2229210662901
 31
0.0
  0
LINE
  5
8153
330
6B
100
AcDbEntity
  8
14000_BOTTOM
100
AcDbLine
 10
1114.631913596114
 20
59.2229210662901
 30
0.0
 11
1114.630812772814
 21
59.2229210662901
 31
0.0
  0
LINE
  5
8154
330
6B
100
AcDbEntity
  8
14000_BOTTOM
100
AcDbLine
 10
1126.080812880114
 20
12.23501869329004
 30
0.0
 11
1126.080812880114
 21
5.996375613290069
 31
0.0
  0
LINE
  5
8155
330
6B
100
AcDbEntity
  8
14000_BOTTOM
100
AcDbLine
 10
1126.080812880114
 20
5.996375613290069
 30
0.0
 11
1116.880812676014
 21
5.996375613290069
 31
0.0
  0
LINE
  5
8156
330
6B
100
AcDbEntity
  8
14000_BOTTOM
100
AcDbLine
 10
1116.880812676014
 20
12.23501869329004
 30
0.0
 11
1116.880812676014
 21
5.996375613290069
 31
0.0
  0
ARC
  5
8157
330
6B
100
AcDbEntity
  8
14000_BOTTOM
100
AcDbCircle
 10
1122.403815425514
 20
50.51725759579011
 30
0.0
 40
6.000000000000026
100
AcDbArc
 50
338.3569392692001
 51
8.94690112710084
  0
ARC
  5
8158
330
6B
100
AcDbEntity
  8
14000_BOTTOM
100
AcDbCircle
 10
1122.503815425514
 20
50.51725759579011
 30
0.0
 40
5.999999999999997
100
AcDbArc
 50
335.8998196735971
 51
13.79232458779844
  0
ARC
  5
8159
330
6B
100
AcDbEntity
  8
14000_BOTTOM
100
AcDbCircle
 10
1120.457810130614
 20
50.51725759579011
 30
0.0
 40
6.000000000000052
100
AcDbArc
 50
166.2076754122016
 51
204.1001803264029
  0
ARC
  5
815A
330
6B
100
AcDbEntity
  8
14000_BOTTOM
100
AcDbCircle
 10
1120.557810130614
 20
50.51725759579011
 30
0.0
 40
6.000000000000007
100
AcDbArc
 50
171.0530988728991
 51
201.6430607307984
  0
LINE
  5
815B
330
6B
100
AcDbEntity
  8
14000_BOTTOM
100
AcDbLine
 10
1115.480812725914
 20
3.922920011290045
 30
0.0
 11
1127.480812830214
 21
3.922920011290045
 31
0.0
  0
LINE
  5
815C
330
6B
100
AcDbEntity
  8
14000_BOTTOM
100
AcDbLine
 10
1115.480812725914
 20
2.722922049790099
 30
0.0
 11
1127.480812830214
 21
2.722922049790099
 31
0.0
  0
LINE
  5
815D
330
6B
100
AcDbEntity
  8
14000_BOTTOM
100
AcDbLine
 10
1114.880812813814
 20
28.4229212331901
 30
0.0
 11
1114.780812983714
 21
28.4229212331901
 31
0.0
  0
LINE
  5
815E
330
6B
100
AcDbEntity
  8
14000_BOTTOM
100
AcDbLine
 10
1114.780812983714
 20
28.4229212331901
 30
0.0
 11
1114.780812983714
 21
30.22292190079009
 31
0.0
  0
LINE
  5
815F
330
6B
100
AcDbEntity
  8
14000_BOTTOM
100
AcDbLine
 10
1114.780812983714
 20
30.22292190079009
 30
0.0
 11
1114.880812813814
 21
30.22292190079009
 31
0.0
  0
LINE
  5
8160
330
6B
100
AcDbEntity
  8
14000_BOTTOM
100
AcDbLine
 10
1128.180812572414
 20
28.4229212331901
 30
0.0
 11
1128.180812572414
 21
30.22292190079009
 31
0.0
  0
LINE
  5
8161
330
6B
100
AcDbEntity
  8
14000_BOTTOM
100
AcDbLine
 10
1128.180812572414
 20
28.4229212331901
 30
0.0
 11
1128.080812742314
 21
28.4229212331901
 31
0.0
  0
LINE
  5
8162
330
6B
100
AcDbEntity
  8
14000_BOTTOM
100
AcDbLine
 10
1128.080812742314
 20
30.22292190079009
 30
0.0
 11
1128.180812572414
 21
30.22292190079009
 31
0.0
  0
LINE
  5
8163
330
6B
100
AcDbEntity
  8
14000_BOTTOM
100
AcDbLine
 10
1128.180812572414
 20
18.32292162659007
 30
0.0
 11
1128.180812572414
 21
20.12292229419017
 31
0.0
  0
LINE
  5
8164
330
6B
100
AcDbEntity
  8
14000_BOTTOM
100
AcDbLine
 10
1128.180812572414
 20
18.32292162659007
 30
0.0
 11
1128.080812742314
 21
18.32292162659007
 31
0.0
  0
LINE
  5
8165
330
6B
100
AcDbEntity
  8
14000_BOTTOM
100
AcDbLine
 10
1128.080812742314
 20
20.12292229419017
 30
0.0
 11
1128.180812572414
 21
20.12292229419017
 31
0.0
  0
LINE
  5
8166
330
6B
100
AcDbEntity
  8
14000_BOTTOM
100
AcDbLine
 10
1114.780812983714
 20
20.12292229419017
 30
0.0
 11
1114.780812983714
 21
18.32292162659007
 31
0.0
  0
LINE
  5
8167
330
6B
100
AcDbEntity
  8
14000_BOTTOM
100
AcDbLine
 10
1114.780812983714
 20
20.12292229419017
 30
0.0
 11
1114.880812813814
 21
20.12292229419017
 31
0.0
  0
LINE
  5
8168
330
6B
100
AcDbEntity
  8
14000_BOTTOM
100
AcDbLine
 10
1114.880812813814
 20
18.32292162659007
 30
0.0
 11
1114.780812983714
 21
18.32292162659007
 31
0.0
  0
LINE
  5
8169
330
6B
100
AcDbEntity
  8
14000_BOTTOM
100
AcDbLine
 10
1114.780812983714
 20
20.12292229419017
 30
0.0
 11
1114.780812983714
 21
28.4229212331901
 31
0.0
  0
LINE
  5
816A
330
6B
100
AcDbEntity
  8
14000_BOTTOM
100
AcDbLine
 10
1128.180812572414
 20
18.32292162659007
 30
0.0
 11
1128.180812572414
 21
14.92291995169006
 31
0.0
  0
LINE
  5
816B
330
6B
100
AcDbEntity
  8
14000_BOTTOM
100
AcDbLine
 10
1128.180812572414
 20
30.22292190079009
 30
0.0
 11
1128.180812572414
 21
43.52292165939002
 31
0.0
  0
LINE
  5
816C
330
6B
100
AcDbEntity
  8
14000_BOTTOM
100
AcDbLine
 10
1114.780812983714
 20
18.32292162659007
 30
0.0
 11
1114.780812983714
 21
14.92291995169006
 31
0.0
  0
LINE
  5
816D
330
6B
100
AcDbEntity
  8
14000_BOTTOM
100
AcDbLine
 10
1114.780812983714
 20
43.52292165939002
 30
0.0
 11
1114.780812983714
 21
30.22292190079009
 31
0.0
  0
LINE
  5
816E
330
6B
100
AcDbEntity
  8
14000_BOTTOM
100
AcDbLine
 10
1128.180812572414
 20
20.12292229419017
 30
0.0
 11
1128.180812572414
 21
28.4229212331901
 31
0.0
  0
LINE
  5
816F
330
6B
100
AcDbEntity
  8
14000_BOTTOM
100
AcDbLine
 10
1128.331913606514
 20
56.55161364789012
 30
0.0
 11
1128.330812783314
 21
56.53678512979013
 31
0.0
  0
LINE
  5
8170
330
6B
100
AcDbEntity
  8
13000_TOP
100
AcDbLine
 10
1117.543480881723
 20
-148.8700337024545
 30
0.0
 11
1128.843480778123
 21
-148.8700337024545
 31
0.0
  0
LINE
  5
8171
330
6B
100
AcDbEntity
  8
13000_TOP
100
AcDbLine
 10
1128.843480778123
 20
-147.0700339662544
 30
0.0
 11
1117.543480881723
 21
-147.0700339662544
 31
0.0
  0
ARC
  5
8172
330
6B
100
AcDbEntity
  8
13000_TOP
100
AcDbCircle
 10
1116.816855584523
 20
-148.3424049836544
 30
0.0
 40
0.7733589003868984
100
AcDbArc
 50
86.92024017110197
 51
179.047394467304
  0
LINE
  5
8173
330
6B
100
AcDbEntity
  8
13000_TOP
100
AcDbLine
 10
1117.543480881723
 20
-147.5700340481544
 30
0.0
 11
1116.843480673822
 21
-147.5700340481544
 31
0.0
  0
LINE
  5
8174
330
6B
100
AcDbEntity
  8
13000_TOP
100
AcDbLine
 10
1116.843901631623
 20
-148.3700336205545
 30
0.0
 11
1117.543480881723
 21
-148.3700336205545
 31
0.0
  0
LINE
  5
8175
330
6B
100
AcDbEntity
  8
13000_TOP
100
AcDbLine
 10
1128.843480778123
 20
-148.3700336205545
 30
0.0
 11
1128.943480608323
 21
-148.3700336205545
 31
0.0
  0
LINE
  5
8176
330
6B
100
AcDbEntity
  8
13000_TOP
100
AcDbLine
 10
1128.943480608323
 20
-147.5700340481544
 30
0.0
 11
1128.843480778123
 21
-147.5700340481544
 31
0.0
  0
ARC
  5
8177
330
6B
100
AcDbEntity
  8
13000_TOP
100
AcDbCircle
 10
1128.969615020723
 20
-148.3429876198545
 30
0.0
 40
0.7738600446606969
100
AcDbArc
 50
0.9958567030962296
 51
92.92807495929908
  0
LINE
  5
8178
330
6B
100
AcDbEntity
  8
13000_TOP
100
AcDbLine
 10
1116.843480673822
 20
-150.9341351004546
 30
0.0
 11
1116.843901631623
 21
-148.3700336205545
 31
0.0
  0
LINE
  5
8179
330
6B
100
AcDbEntity
  8
13000_TOP
100
AcDbLine
 10
1116.043480635823
 20
-148.3164439226544
 30
0.0
 11
1116.043480635823
 21
-150.9341351004546
 31
0.0
  0
LINE
  5
817A
330
6B
100
AcDbEntity
  8
13000_TOP
100
AcDbLine
 10
1129.743480646323
 20
-150.9341351004546
 30
0.0
 11
1129.743480646323
 21
-148.3164439226544
 31
0.0
  0
LINE
  5
817B
330
6B
100
AcDbEntity
  8
13000_TOP
100
AcDbLine
 10
1128.943480608323
 20
-148.3700336205545
 30
0.0
 11
1128.943480608323
 21
-150.9341351004546
 31
0.0
  0
LINE
  5
817C
330
6B
100
AcDbEntity
  8
13000_TOP
100
AcDbLine
 10
1116.043480635823
 20
-150.9341351004546
 30
0.0
 11
1116.043480635823
 21
-151.4341351824545
 31
0.0
  0
LINE
  5
817D
330
6B
100
AcDbEntity
  8
13000_TOP
100
AcDbLine
 10
1116.843480673822
 20
-151.4341351824545
 30
0.0
 11
1116.843480673822
 21
-150.9341351004546
 31
0.0
  0
LINE
  5
817E
330
6B
100
AcDbEntity
  8
13000_TOP
100
AcDbLine
 10
1128.943480608323
 20
-150.9341351004546
 30
0.0
 11
1128.943480608323
 21
-151.4341351824545
 31
0.0
  0
LINE
  5
817F
330
6B
100
AcDbEntity
  8
13000_TOP
100
AcDbLine
 10
1129.743480646323
 20
-151.4341351824545
 30
0.0
 11
1129.743480646323
 21
-150.9341351004546
 31
0.0
  0
LINE
  5
8180
330
6B
100
AcDbEntity
  8
13000_TOP
100
AcDbLine
 10
1128.843480778123
 20
-147.0700339662544
 30
0.0
 11
1128.843480778123
 21
-148.8700337024545
 31
0.0
  0
LINE
  5
8181
330
6B
100
AcDbEntity
  8
13000_TOP
100
AcDbLine
 10
1117.543480881723
 20
-148.8700337024545
 30
0.0
 11
1117.543480881723
 21
-147.0700339662544
 31
0.0
  0
LINE
  5
8182
330
6B
100
AcDbEntity
  8
13000_TOP
100
AcDbLine
 10
1121.092379848723
 20
-146.3377517896545
 30
0.0
 11
1122.092379838023
 21
-146.3377517896545
 31
0.0
  0
LINE
  5
8183
330
6B
100
AcDbEntity
  8
13000_TOP
100
AcDbLine
 10
1122.092379838023
 20
-143.3377517635545
 30
0.0
 11
1122.092379838023
 21
-146.3377517896545
 31
0.0
  0
LINE
  5
8184
330
6B
100
AcDbEntity
  8
13000_TOP
100
AcDbLine
 10
1122.092379838023
 20
-143.3377517635545
 30
0.0
 11
1117.442379762623
 21
-143.3377517635545
 31
0.0
  0
LINE
  5
8185
330
6B
100
AcDbEntity
  8
13000_TOP
100
AcDbLine
 10
1117.442379762623
 20
-143.3377517635545
 30
0.0
 11
1117.442379762623
 21
-146.3377517896545
 31
0.0
  0
LINE
  5
8186
330
6B
100
AcDbEntity
  8
13000_TOP
100
AcDbLine
 10
1117.442379762623
 20
-146.3377517896545
 30
0.0
 11
1118.442379926523
 21
-146.3377517896545
 31
0.0
  0
LINE
  5
8187
330
6B
100
AcDbEntity
  8
13000_TOP
100
AcDbLine
 10
1118.442379926523
 20
-146.3377517896545
 30
0.0
 11
1118.442379926523
 21
-147.0700339662544
 31
0.0
  0
LINE
  5
8188
330
6B
100
AcDbEntity
  8
13000_TOP
100
AcDbLine
 10
1116.843480673822
 20
-148.6877515228544
 30
0.0
 11
1117.543480881723
 21
-148.6877515228544
 31
0.0
  0
LINE
  5
8189
330
6B
100
AcDbEntity
  8
13000_TOP
100
AcDbLine
 10
1116.042379812523
 20
-148.6877515228544
 30
0.0
 11
1116.043480635823
 21
-148.6877515228544
 31
0.0
  0
LINE
  5
818A
330
6B
100
AcDbEntity
  8
13000_TOP
100
AcDbLine
 10
1116.042379812523
 20
-141.9877517285545
 30
0.0
 11
1116.042379812523
 21
-148.6877515228544
 31
0.0
  0
LINE
  5
818B
330
6B
100
AcDbEntity
  8
13000_TOP
100
AcDbLine
 10
1116.042379812523
 20
-141.9877517285545
 30
0.0
 11
1129.742379823023
 21
-141.9877517285545
 31
0.0
  0
LINE
  5
818C
330
6B
100
AcDbEntity
  8
13000_TOP
100
AcDbLine
 10
1129.742379823023
 20
-141.9877517285545
 30
0.0
 11
1129.742379823023
 21
-148.3160993332544
 31
0.0
  0
LINE
  5
818D
330
6B
100
AcDbEntity
  8
13000_TOP
100
AcDbLine
 10
1128.943480608323
 20
-148.6877515228544
 30
0.0
 11
1128.843480778123
 21
-148.6877515228544
 31
0.0
  0
LINE
  5
818E
330
6B
100
AcDbEntity
  8
13000_TOP
100
AcDbLine
 10
1127.342379709023
 20
-147.0700339662544
 30
0.0
 11
1127.342379709023
 21
-146.3377517896545
 31
0.0
  0
LINE
  5
818F
330
6B
100
AcDbEntity
  8
13000_TOP
100
AcDbLine
 10
1128.342379872923
 20
-146.3377517896545
 30
0.0
 11
1127.342379709023
 21
-146.3377517896545
 31
0.0
  0
LINE
  5
8190
330
6B
100
AcDbEntity
  8
13000_TOP
100
AcDbLine
 10
1128.342379872923
 20
-146.3377517896545
 30
0.0
 11
1128.342379872923
 21
-143.3377517635545
 31
0.0
  0
LINE
  5
8191
330
6B
100
AcDbEntity
  8
13000_TOP
100
AcDbLine
 10
1128.342379872923
 20
-143.3377517635545
 30
0.0
 11
1123.692379797623
 21
-143.3377517635545
 31
0.0
  0
LINE
  5
8192
330
6B
100
AcDbEntity
  8
13000_TOP
100
AcDbLine
 10
1123.692379797623
 20
-146.3377517896545
 30
0.0
 11
1123.692379797623
 21
-143.3377517635545
 31
0.0
  0
LINE
  5
8193
330
6B
100
AcDbEntity
  8
13000_TOP
100
AcDbLine
 10
1123.692379797623
 20
-146.3377517896545
 30
0.0
 11
1124.692379786823
 21
-146.3377517896545
 31
0.0
  0
LINE
  5
8194
330
6B
100
AcDbEntity
  8
13000_TOP
100
AcDbLine
 10
1124.692379786823
 20
-146.3377517896545
 30
0.0
 11
1124.692379786823
 21
-147.0700339662544
 31
0.0
  0
LINE
  5
8195
330
6B
100
AcDbEntity
  8
13000_TOP
100
AcDbLine
 10
1121.092379848723
 20
-146.3377517896545
 30
0.0
 11
1121.092379848723
 21
-147.0700339662544
 31
0.0
  0
LINE
  5
8196
330
6B
100
AcDbEntity
  8
13000_TOP
100
AcDbLine
 10
1128.943480608323
 20
-150.9877513410545
 30
0.0
 11
1128.342379872923
 21
-150.9877513410545
 31
0.0
  0
LINE
  5
8197
330
6B
100
AcDbEntity
  8
13000_TOP
100
AcDbLine
 10
1128.342379872923
 20
-150.9877513410545
 30
0.0
 11
1128.342379872923
 21
-148.8700337024545
 31
0.0
  0
LINE
  5
8198
330
6B
100
AcDbEntity
  8
13000_TOP
100
AcDbLine
 10
1125.992379906823
 20
-132.4144886123545
 30
0.0
 11
1124.192379821323
 21
-132.4144886123545
 31
0.0
  0
LINE
  5
8199
330
6B
100
AcDbEntity
  8
13000_TOP
100
AcDbLine
 10
1124.192379821323
 20
-132.4144886123545
 30
0.0
 11
1124.192379821323
 21
-122.7117828341545
 31
0.0
  0
LINE
  5
819A
330
6B
100
AcDbEntity
  8
13000_TOP
100
AcDbLine
 10
1125.992379906823
 20
-122.7117828341545
 30
0.0
 11
1124.192379821323
 21
-122.7117828341545
 31
0.0
  0
LINE
  5
819B
330
6B
100
AcDbEntity
  8
13000_TOP
100
AcDbLine
 10
1125.992379906823
 20
-122.7117828341545
 30
0.0
 11
1125.992379906823
 21
-132.4144886123545
 31
0.0
  0
LINE
  5
819C
330
6B
100
AcDbEntity
  8
13000_TOP
100
AcDbLine
 10
1119.592379835623
 20
-122.7117828341545
 30
0.0
 11
1121.392379804723
 21
-122.7117828341545
 31
0.0
  0
LINE
  5
819D
330
6B
100
AcDbEntity
  8
13000_TOP
100
AcDbLine
 10
1121.392379804723
 20
-122.7117828341545
 30
0.0
 11
1121.392379804723
 21
-132.4144886123545
 31
0.0
  0
LINE
  5
819E
330
6B
100
AcDbEntity
  8
13000_TOP
100
AcDbLine
 10
1119.592379835623
 20
-132.4144886123545
 30
0.0
 11
1121.392379804723
 21
-132.4144886123545
 31
0.0
  0
LINE
  5
819F
330
6B
100
AcDbEntity
  8
13000_TOP
100
AcDbLine
 10
1119.592379835623
 20
-132.4144886123545
 30
0.0
 11
1119.592379835623
 21
-122.7117828341545
 31
0.0
  0
LINE
  5
81A0
330
6B
100
AcDbEntity
  8
13000_TOP
100
AcDbLine
 10
1122.092379838023
 20
-150.9877513410545
 30
0.0
 11
1123.692379797623
 21
-150.9877513410545
 31
0.0
  0
LINE
  5
81A1
330
6B
100
AcDbEntity
  8
13000_TOP
100
AcDbLine
 10
1122.092379838023
 20
-148.8700337024545
 30
0.0
 11
1122.092379838023
 21
-150.9877513410545
 31
0.0
  0
LINE
  5
81A2
330
6B
100
AcDbEntity
  8
13000_TOP
100
AcDbLine
 10
1123.692379797623
 20
-150.9877513410545
 30
0.0
 11
1123.692379797623
 21
-148.8700337024545
 31
0.0
  0
LINE
  5
81A3
330
6B
100
AcDbEntity
  8
13000_TOP
100
AcDbLine
 10
1116.042379812523
 20
-150.9877513410545
 30
0.0
 11
1116.043480635823
 21
-150.9877513410545
 31
0.0
  0
LINE
  5
81A4
330
6B
100
AcDbEntity
  8
13000_TOP
100
AcDbLine
 10
1116.843480673822
 20
-150.9877513410545
 30
0.0
 11
1117.442379762623
 21
-150.9877513410545
 31
0.0
  0
LINE
  5
81A5
330
6B
100
AcDbEntity
  8
13000_TOP
100
AcDbLine
 10
1117.442379762623
 20
-148.6877515228544
 30
0.0
 11
1117.442379762623
 21
-150.9877513410545
 31
0.0
  0
LINE
  5
81A6
330
6B
100
AcDbEntity
  8
13000_TOP
100
AcDbLine
 10
1116.042379812523
 20
-148.6877515228544
 30
0.0
 11
1116.042379812523
 21
-150.9877513410545
 31
0.0
  0
ARC
  5
81A7
330
6B
100
AcDbEntity
  8
13000_TOP
100
AcDbCircle
 10
1116.443480795723
 20
-151.4341354338544
 30
0.0
 40
0.3999999999999773
100
AcDbArc
 50
270.0
 51
0.0
  0
ARC
  5
81A8
330
6B
100
AcDbEntity
  8
13000_TOP
100
AcDbCircle
 10
1116.443480795723
 20
-151.4341354338544
 30
0.0
 40
0.3999999999999773
100
AcDbArc
 50
180.0
 51
270.0
  0
ARC
  5
81A9
330
6B
100
AcDbEntity
  8
13000_TOP
100
AcDbCircle
 10
1129.343480795723
 20
-151.4341354338544
 30
0.0
 40
0.4000000000000909
100
AcDbArc
 50
270.0
 51
0.0000000000977066
  0
ARC
  5
81AA
330
6B
100
AcDbEntity
  8
13000_TOP
100
AcDbCircle
 10
1129.343480795723
 20
-151.4341354338544
 30
0.0
 40
0.3999999999999773
100
AcDbArc
 50
179.9999999998957
 51
270.0
  0
LINE
  5
81AB
330
6B
100
AcDbEntity
  8
13000_TOP
100
AcDbLine
 10
1117.592379973523
 20
-116.4877522053544
 30
0.0
 11
1128.192379662023
 21
-116.4877522053544
 31
0.0
  0
LINE
  5
81AC
330
6B
100
AcDbEntity
  8
13000_TOP
100
AcDbLine
 10
1117.192379721723
 20
-136.7877517143545
 30
0.0
 11
1117.192379721723
 21
-118.7877520235545
 31
0.0
  0
LINE
  5
81AD
330
6B
100
AcDbEntity
  8
13000_TOP
100
AcDbLine
 10
1116.192380023423
 20
-136.7877517143545
 30
0.0
 11
1117.192379721723
 21
-136.7877517143545
 31
0.0
  0
LINE
  5
81AE
330
6B
100
AcDbEntity
  8
13000_TOP
100
AcDbLine
 10
1116.192380023423
 20
-121.9877521755544
 30
0.0
 11
1116.592379809623
 21
-121.9877521755544
 31
0.0
  0
LINE
  5
81AF
330
6B
100
AcDbEntity
  8
13000_TOP
100
AcDbLine
 10
1116.592379809623
 20
-110.0877519013545
 30
0.0
 11
1116.592379809623
 21
-111.8877525689545
 31
0.0
  0
LINE
  5
81B0
330
6B
100
AcDbEntity
  8
13000_TOP
100
AcDbLine
 10
1116.192380023423
 20
-110.0877519013545
 30
0.0
 11
1116.192380023423
 21
-94.48775232455441
 31
0.0
  0
LINE
  5
81B1
330
6B
100
AcDbEntity
  8
13000_TOP
100
AcDbLine
 10
1116.192380023423
 20
-94.48775232455441
 30
0.0
 11
1129.592379612123
 21
-94.48775232455441
 31
0.0
  0
LINE
  5
81B2
330
6B
100
AcDbEntity
  8
13000_TOP
100
AcDbLine
 10
1129.592379612123
 20
-94.48775232455441
 30
0.0
 11
1129.592379612123
 21
-110.0877519013545
 31
0.0
  0
LINE
  5
81B3
330
6B
100
AcDbEntity
  8
13000_TOP
100
AcDbLine
 10
1129.192379826023
 20
-110.0877519013545
 30
0.0
 11
1129.592379612123
 21
-110.0877519013545
 31
0.0
  0
LINE
  5
81B4
330
6B
100
AcDbEntity
  8
13000_TOP
100
AcDbLine
 10
1129.192379826023
 20
-111.8877525689545
 30
0.0
 11
1129.192379826023
 21
-110.0877519013545
 31
0.0
  0
LINE
  5
81B5
330
6B
100
AcDbEntity
  8
13000_TOP
100
AcDbLine
 10
1116.192380023423
 20
-110.0877519013545
 30
0.0
 11
1116.592379809623
 21
-110.0877519013545
 31
0.0
  0
LINE
  5
81B6
330
6B
100
AcDbEntity
  8
13000_TOP
100
AcDbLine
 10
1129.192379826023
 20
-120.1877515079545
 30
0.0
 11
1129.192379826023
 21
-121.9877521755544
 31
0.0
  0
LINE
  5
81B7
330
6B
100
AcDbEntity
  8
13000_TOP
100
AcDbLine
 10
1116.192380023423
 20
-111.8877525689545
 30
0.0
 11
1116.592379809623
 21
-111.8877525689545
 31
0.0
  0
LINE
  5
81B8
330
6B
100
AcDbEntity
  8
13000_TOP
100
AcDbLine
 10
1128.592379913923
 20
-136.7877517143545
 30
0.0
 11
1129.592379612123
 21
-136.7877517143545
 31
0.0
  0
LINE
  5
81B9
330
6B
100
AcDbEntity
  8
13000_TOP
100
AcDbLine
 10
1129.192379826023
 20
-111.8877525689545
 30
0.0
 11
1129.592379612123
 21
-111.8877525689545
 31
0.0
  0
LINE
  5
81BA
330
6B
100
AcDbEntity
  8
13000_TOP
100
AcDbLine
 10
1129.192379826023
 20
-120.1877515079545
 30
0.0
 11
1129.592379612123
 21
-120.1877515079545
 31
0.0
  0
LINE
  5
81BB
330
6B
100
AcDbEntity
  8
13000_TOP
100
AcDbLine
 10
1116.192380023423
 20
-111.8877525689545
 30
0.0
 11
1116.192380023423
 21
-120.1877515079545
 31
0.0
  0
LINE
  5
81BC
330
6B
100
AcDbEntity
  8
13000_TOP
100
AcDbLine
 10
1128.192379662023
 20
-96.48775265235443
 30
0.0
 11
1117.592379973523
 21
-96.48775265235443
 31
0.0
  0
LINE
  5
81BD
330
6B
100
AcDbEntity
  8
13000_TOP
100
AcDbLine
 10
1129.192379826023
 20
-121.9877521755544
 30
0.0
 11
1129.592379612123
 21
-121.9877521755544
 31
0.0
  0
LINE
  5
81BE
330
6B
100
AcDbEntity
  8
13000_TOP
100
AcDbLine
 10
1128.592379913923
 20
-118.7877520235545
 30
0.0
 11
1128.592379913923
 21
-136.7877517143545
 31
0.0
  0
LINE
  5
81BF
330
6B
100
AcDbEntity
  8
13000_TOP
100
AcDbLine
 10
1116.592379809623
 20
-120.1877515079545
 30
0.0
 11
1116.592379809623
 21
-121.9877521755544
 31
0.0
  0
LINE
  5
81C0
330
6B
100
AcDbEntity
  8
13000_TOP
100
AcDbLine
 10
1129.592379612123
 20
-121.9877521755544
 30
0.0
 11
1129.592379612123
 21
-136.7877517143545
 31
0.0
  0
LINE
  5
81C1
330
6B
100
AcDbEntity
  8
13000_TOP
100
AcDbLine
 10
1116.192380023423
 20
-120.1877515079545
 30
0.0
 11
1116.592379809623
 21
-120.1877515079545
 31
0.0
  0
LINE
  5
81C2
330
6B
100
AcDbEntity
  8
13000_TOP
100
AcDbLine
 10
1117.592379973523
 20
-96.48775265235443
 30
0.0
 11
1117.592379973523
 21
-116.4877522053544
 31
0.0
  0
LINE
  5
81C3
330
6B
100
AcDbEntity
  8
13000_TOP
100
AcDbLine
 10
1128.192379662023
 20
-116.4877522053544
 30
0.0
 11
1128.192379662023
 21
-96.48775265235443
 31
0.0
  0
LINE
  5
81C4
330
6B
100
AcDbEntity
  8
13000_TOP
100
AcDbLine
 10
1129.592379612123
 20
-111.8877525689545
 30
0.0
 11
1129.592379612123
 21
-120.1877515079545
 31
0.0
  0
LINE
  5
81C5
330
6B
100
AcDbEntity
  8
13000_TOP
100
AcDbLine
 10
1117.192379721723
 20
-118.7877520235545
 30
0.0
 11
1128.592379913923
 21
-118.7877520235545
 31
0.0
  0
LINE
  5
81C6
330
6B
100
AcDbEntity
  8
13000_TOP
100
AcDbLine
 10
1116.192380023423
 20
-121.9877521755544
 30
0.0
 11
1116.192380023423
 21
-136.7877517143545
 31
0.0
  0
LINE
  5
81C7
330
6B
100
AcDbEntity
  8
13000_TOP
100
AcDbLine
 10
1121.392379804723
 20
-133.0881356509544
 30
0.0
 11
1118.692379967523
 21
-133.0881356509544
 31
0.0
  0
ARC
  5
81C8
330
6B
100
AcDbEntity
  8
13000_TOP
100
AcDbCircle
 10
1118.692379817823
 20
-133.3881359898544
 30
0.0
 40
0.3000000000000682
100
AcDbArc
 50
90.0
 51
270.0
  0
LINE
  5
81C9
330
6B
100
AcDbEntity
  8
13000_TOP
100
AcDbLine
 10
1118.692379967523
 20
-133.6881355630544
 30
0.0
 11
1121.992379833223
 21
-133.6881355630544
 31
0.0
  0
LINE
  5
81CA
330
6B
100
AcDbEntity
  8
13000_TOP
100
AcDbLine
 10
1121.992379833223
 20
-133.6881355630544
 30
0.0
 11
1121.992379833223
 21
-122.5881367238544
 31
0.0
  0
ARC
  5
81CB
330
6B
100
AcDbEntity
  8
13000_TOP
100
AcDbCircle
 10
1121.692379817823
 20
-122.5881359898544
 30
0.0
 40
0.3000000000000682
100
AcDbArc
 50
0.0
 51
180.0
  0
ARC
  5
81CC
330
6B
100
AcDbEntity
  8
13000_TOP
100
AcDbCircle
 10
1119.292379817823
 20
-122.5881359898544
 30
0.0
 40
0.3000000000001819
100
AcDbArc
 50
0.0
 51
180.0
  0
ARC
  5
81CD
330
6B
100
AcDbEntity
  8
13000_TOP
100
AcDbCircle
 10
1118.692379817823
 20
-132.1881359898544
 30
0.0
 40
0.3000000000200203
100
AcDbArc
 50
89.99999998299903
 51
270.0
  0
LINE
  5
81CE
330
6B
100
AcDbEntity
  8
13000_TOP
100
AcDbLine
 10
1118.692379967523
 20
-132.4881357389545
 30
0.0
 11
1119.592379835623
 21
-132.4881357389545
 31
0.0
  0
ARC
  5
81CF
330
6B
100
AcDbEntity
  8
13000_TOP
100
AcDbCircle
 10
1123.892379817823
 20
-122.5881359898544
 30
0.0
 40
0.2999999999999545
100
AcDbArc
 50
0.0
 51
180.0
  0
LINE
  5
81D0
330
6B
100
AcDbEntity
  8
13000_TOP
100
AcDbLine
 10
1123.592379792823
 20
-122.5881367238544
 30
0.0
 11
1123.592379792823
 21
-133.6881355630544
 31
0.0
  0
LINE
  5
81D1
330
6B
100
AcDbEntity
  8
13000_TOP
100
AcDbLine
 10
1123.592379792823
 20
-133.6881355630544
 30
0.0
 11
1126.892380007823
 21
-133.6881355630544
 31
0.0
  0
ARC
  5
81D2
330
6B
100
AcDbEntity
  8
13000_TOP
100
AcDbCircle
 10
1126.892379817823
 20
-133.3881359898544
 30
0.0
 40
0.3000000000000682
100
AcDbArc
 50
270.0
 51
90.0
  0
LINE
  5
81D3
330
6B
100
AcDbEntity
  8
13000_TOP
100
AcDbLine
 10
1126.892380007823
 20
-133.0881356509544
 30
0.0
 11
1124.192379821323
 21
-133.0881356509544
 31
0.0
  0
LINE
  5
81D4
330
6B
100
AcDbEntity
  8
13000_TOP
100
AcDbLine
 10
1125.992379906823
 20
-132.4881357389545
 30
0.0
 11
1126.892380007823
 21
-132.4881357389545
 31
0.0
  0
ARC
  5
81D5
330
6B
100
AcDbEntity
  8
13000_TOP
100
AcDbCircle
 10
1126.892379817823
 20
-132.1881359898544
 30
0.0
 40
0.3000000000000114
100
AcDbArc
 50
270.0
 51
89.99999998299903
  0
ARC
  5
81D6
330
6B
100
AcDbEntity
  8
13000_TOP
100
AcDbCircle
 10
1126.892379817823
 20
-131.5881359898544
 30
0.0
 40
0.3000000000000682
100
AcDbArc
 50
180.0
 51
270.0000000170009
  0
LINE
  5
81D7
330
6B
100
AcDbEntity
  8
13000_TOP
100
AcDbLine
 10
1126.592379818923
 20
-131.5881363364544
 30
0.0
 11
1126.592379818923
 21
-122.5881367238544
 31
0.0
  0
ARC
  5
81D8
330
6B
100
AcDbEntity
  8
13000_TOP
100
AcDbCircle
 10
1126.292379817823
 20
-122.5881359898544
 30
0.0
 40
0.3000000000000682
100
AcDbArc
 50
0.0000000000977066
 51
180.0
  0
LINE
  5
81D9
330
6B
100
AcDbEntity
  8
13000_TOP
100
AcDbLine
 10
1117.192379721723
 20
-120.1877515079545
 30
0.0
 11
1118.592379671723
 21
-120.1877515079545
 31
0.0
  0
LINE
  5
81DA
330
6B
100
AcDbEntity
  8
13000_TOP
100
AcDbLine
 10
1118.592379671723
 20
-120.1877515079545
 30
0.0
 11
1118.592379671723
 21
-118.7877520235545
 31
0.0
  0
LINE
  5
81DB
330
6B
100
AcDbEntity
  8
13000_TOP
100
AcDbLine
 10
1120.942379870723
 20
-118.7877520235545
 30
0.0
 11
1120.942379870723
 21
-119.5881362321545
 31
0.0
  0
LINE
  5
81DC
330
6B
100
AcDbEntity
  8
13000_TOP
100
AcDbLine
 10
1120.942379870723
 20
-119.5881362321545
 30
0.0
 11
1124.642379871823
 21
-119.5881362321545
 31
0.0
  0
LINE
  5
81DD
330
6B
100
AcDbEntity
  8
13000_TOP
100
AcDbLine
 10
1124.642379871823
 20
-119.5881362321545
 30
0.0
 11
1124.642379871823
 21
-118.7877520235545
 31
0.0
  0
LINE
  5
81DE
330
6B
100
AcDbEntity
  8
13000_TOP
100
AcDbLine
 10
1126.992379837923
 20
-118.7877520235545
 30
0.0
 11
1126.992379837923
 21
-120.1877515079545
 31
0.0
  0
LINE
  5
81DF
330
6B
100
AcDbEntity
  8
13000_TOP
100
AcDbLine
 10
1126.992379837923
 20
-120.1877515079545
 30
0.0
 11
1128.592379913923
 21
-120.1877515079545
 31
0.0
  0
LINE
  5
81E0
330
6B
100
AcDbEntity
  8
13000_TOP
100
AcDbLine
 10
1129.392379951923
 20
-141.9877517285545
 30
0.0
 11
1129.392379951923
 21
-136.7877517143545
 31
0.0
  0
LINE
  5
81E1
330
6B
100
AcDbEntity
  8
13000_TOP
100
AcDbLine
 10
1116.392379683723
 20
-136.7877517143545
 30
0.0
 11
1116.392379683723
 21
-141.9877517285545
 31
0.0
  0
LINE
  5
81E2
330
6B
100
AcDbEntity
  8
13000_TOP
100
AcDbLine
 10
1118.992379923623
 20
-122.5881367238544
 30
0.0
 11
1118.992379923623
 21
-131.5881363364544
 31
0.0
  0
ARC
  5
81E3
330
6B
100
AcDbEntity
  8
13000_TOP
100
AcDbCircle
 10
1118.692379817823
 20
-131.5881359898544
 30
0.0
 40
0.2999999999999545
100
AcDbArc
 50
270.0000000170009
 51
0.0
  0
LINE
  5
81E4
330
6B
100
AcDbEntity
  8
13000_TOP
100
AcDbLine
 10
1124.192379821323
 20
-122.7117828341545
 30
0.0
 11
1124.192379821323
 21
-122.5881367238544
 31
0.0
  0
LINE
  5
81E5
330
6B
100
AcDbEntity
  8
13000_TOP
100
AcDbLine
 10
1124.192379821323
 20
-133.0881356509544
 30
0.0
 11
1124.192379821323
 21
-132.4144886123545
 31
0.0
  0
LINE
  5
81E6
330
6B
100
AcDbEntity
  8
13000_TOP
100
AcDbLine
 10
1119.592379835623
 20
-122.7117828341545
 30
0.0
 11
1119.592379835623
 21
-122.5881367238544
 31
0.0
  0
LINE
  5
81E7
330
6B
100
AcDbEntity
  8
13000_TOP
100
AcDbLine
 10
1119.592379835623
 20
-132.4144886123545
 30
0.0
 11
1119.592379835623
 21
-132.4881357389545
 31
0.0
  0
LINE
  5
81E8
330
6B
100
AcDbEntity
  8
13000_TOP
100
AcDbLine
 10
1121.392379804723
 20
-132.4144886123545
 30
0.0
 11
1121.392379804723
 21
-133.0881356509544
 31
0.0
  0
LINE
  5
81E9
330
6B
100
AcDbEntity
  8
13000_TOP
100
AcDbLine
 10
1121.392379804723
 20
-122.5881367238544
 30
0.0
 11
1121.392379804723
 21
-122.7117828341545
 31
0.0
  0
LINE
  5
81EA
330
6B
100
AcDbEntity
  8
13000_TOP
100
AcDbLine
 10
1125.992379906823
 20
-132.4144886123545
 30
0.0
 11
1125.992379906823
 21
-132.4881357389545
 31
0.0
  0
LINE
  5
81EB
330
6B
100
AcDbEntity
  8
13000_TOP
100
AcDbLine
 10
1125.992379906823
 20
-122.5881367238544
 30
0.0
 11
1125.992379906823
 21
-122.7117828341545
 31
0.0
  0
LINE
  5
81EC
330
6B
100
AcDbEntity
  8
13000_TOP
100
AcDbLine
 10
1117.442379762623
 20
-150.9877513410545
 30
0.0
 11
1118.017379717223
 21
-150.9877513410545
 31
0.0
  0
LINE
  5
81ED
330
6B
100
AcDbEntity
  8
13000_TOP
100
AcDbLine
 10
1118.017379717223
 20
-150.9877513410545
 30
0.0
 11
1118.017379717223
 21
-148.8700337024545
 31
0.0
  0
LINE
  5
81EE
330
6B
100
AcDbEntity
  8
13000_TOP
100
AcDbLine
 10
1118.017379717223
 20
-146.3377517896545
 30
0.0
 11
1118.017379717223
 21
-143.3377517635545
 31
0.0
  0
LINE
  5
81EF
330
6B
100
AcDbEntity
  8
13000_TOP
100
AcDbLine
 10
1124.267379810323
 20
-150.9877513410545
 30
0.0
 11
1123.692379797623
 21
-150.9877513410545
 31
0.0
  0
LINE
  5
81F0
330
6B
100
AcDbEntity
  8
13000_TOP
100
AcDbLine
 10
1124.267379810323
 20
-150.9877513410545
 30
0.0
 11
1124.267379810323
 21
-148.8700337024545
 31
0.0
  0
LINE
  5
81F1
330
6B
100
AcDbEntity
  8
13000_TOP
100
AcDbLine
 10
1124.267379810323
 20
-146.3377517896545
 30
0.0
 11
1124.267379810323
 21
-143.3377517635545
 31
0.0
  0
LINE
  5
81F2
330
6B
100
AcDbEntity
  8
13000_TOP
100
AcDbLine
 10
1128.342379872923
 20
-150.9877513410545
 30
0.0
 11
1127.767379918323
 21
-150.9877513410545
 31
0.0
  0
LINE
  5
81F3
330
6B
100
AcDbEntity
  8
13000_TOP
100
AcDbLine
 10
1127.767379918323
 20
-150.9877513410545
 30
0.0
 11
1127.767379918323
 21
-148.8700337024545
 31
0.0
  0
LINE
  5
81F4
330
6B
100
AcDbEntity
  8
13000_TOP
100
AcDbLine
 10
1127.767379918323
 20
-146.3377517896545
 30
0.0
 11
1127.767379918323
 21
-143.3377517635545
 31
0.0
  0
LINE
  5
81F5
330
6B
100
AcDbEntity
  8
13000_TOP
100
AcDbLine
 10
1122.092379838023
 20
-150.9877513410545
 30
0.0
 11
1121.517379825223
 21
-150.9877513410545
 31
0.0
  0
LINE
  5
81F6
330
6B
100
AcDbEntity
  8
13000_TOP
100
AcDbLine
 10
1121.517379825223
 20
-150.9877513410545
 30
0.0
 11
1121.517379825223
 21
-148.8700337024545
 31
0.0
  0
LINE
  5
81F7
330
6B
100
AcDbEntity
  8
13000_TOP
100
AcDbLine
 10
1121.517379825223
 20
-146.3377517896545
 30
0.0
 11
1121.517379825223
 21
-143.3377517635545
 31
0.0
  0
LINE
  5
81F8
330
6B
100
AcDbEntity
  8
13000_TOP
100
AcDbLine
 10
1116.292379853523
 20
-121.9877521755544
 30
0.0
 11
1116.292379853523
 21
-120.1877515079545
 31
0.0
  0
LINE
  5
81F9
330
6B
100
AcDbEntity
  8
13000_TOP
100
AcDbLine
 10
1116.292379853523
 20
-111.8877525689545
 30
0.0
 11
1116.292379853523
 21
-110.0877519013545
 31
0.0
  0
LINE
  5
81FA
330
6B
100
AcDbEntity
  8
13000_TOP
100
AcDbLine
 10
1129.492379782023
 20
-110.0877519013545
 30
0.0
 11
1129.492379782023
 21
-111.8877525689545
 31
0.0
  0
LINE
  5
81FB
330
6B
100
AcDbEntity
  8
13000_TOP
100
AcDbLine
 10
1129.492379782023
 20
-120.1877515079545
 30
0.0
 11
1129.492379782023
 21
-121.9877521755544
 31
0.0
  0
LINE
  5
81FC
330
6B
100
AcDbEntity
  8
13000_TOP
100
AcDbLine
 10
1116.192380023423
 20
-111.8877525689545
 30
0.0
 11
1116.192380023423
 21
-110.0877519013545
 31
0.0
  0
LINE
  5
81FD
330
6B
100
AcDbEntity
  8
13000_TOP
100
AcDbLine
 10
1129.592379612123
 20
-120.1877515079545
 30
0.0
 11
1129.592379612123
 21
-121.9877521755544
 31
0.0
  0
LINE
  5
81FE
330
6B
100
AcDbEntity
  8
13000_TOP
100
AcDbLine
 10
1116.192380023423
 20
-120.1877515079545
 30
0.0
 11
1116.192380023423
 21
-121.9877521755544
 31
0.0
  0
LINE
  5
81FF
330
6B
100
AcDbEntity
  8
13000_TOP
100
AcDbLine
 10
1129.592379612123
 20
-111.8877525689545
 30
0.0
 11
1129.592379612123
 21
-110.0877519013545
 31
0.0
  0
ARC
  5
8200
330
6B
100
AcDbEntity
  8
13000_TOP
100
AcDbCircle
 10
1123.815382465223
 20
-142.2820878705545
 30
0.0
 40
5.999999999999986
100
AcDbArc
 50
351.0530988728992
 51
21.64306073079989
  0
ARC
  5
8201
330
6B
100
AcDbEntity
  8
13000_TOP
100
AcDbCircle
 10
1123.915382465223
 20
-142.2820878705545
 30
0.0
 40
6.000000000000079
100
AcDbArc
 50
346.2076754122031
 51
24.10018032639427
  0
ARC
  5
8202
330
6B
100
AcDbEntity
  8
13000_TOP
100
AcDbCircle
 10
1121.969377170323
 20
-142.2820878705545
 30
0.0
 40
6.000000000000131
100
AcDbArc
 50
158.3569392692001
 51
188.9469011270992
  0
ARC
  5
8203
330
6B
100
AcDbEntity
  8
13000_TOP
100
AcDbCircle
 10
1121.869377170323
 20
-142.2820878705545
 30
0.0
 40
6.000000000000013
100
AcDbArc
 50
155.8998196736057
 51
193.7923245877968
  0
LINE
  5
8204
330
6B
100
AcDbEntity
  8
13000_TOP
100
AcDbLine
 10
1121.517379825223
 20
-150.9877513410545
 30
0.0
 11
1118.017379717223
 21
-150.9877513410545
 31
0.0
  0
LINE
  5
8205
330
6B
100
AcDbEntity
  8
13000_TOP
100
AcDbLine
 10
1127.767379918323
 20
-150.9877513410545
 30
0.0
 11
1124.267379810323
 21
-150.9877513410545
 31
0.0
  0
LWPOLYLINE
  5
8206
330
6B
100
AcDbEntity
  8
13000_TOP
100
AcDbPolyline
 90
        3
 70
   128
 43
0.0
 10
1120.005992763923
 20
-104.2171227993544
 10
1119.860709701923
 20
-104.2377944352545
 10
1119.746232462323
 20
-104.2998056175546
  0
ARC
  5
8207
330
6B
100
AcDbEntity
  8
13000_TOP
100
AcDbCircle
 10
1120.013962702623
 20
-104.6686417722544
 30
0.0
 40
0.4515893076374627
100
AcDbArc
 50
37.39764040670565
 51
91.01124529269524
  0
LWPOLYLINE
  5
8208
330
6B
100
AcDbEntity
  8
13000_TOP
100
AcDbPolyline
 90
        3
 70
   128
 43
0.0
 10
1120.503292243223
 20
-104.8675584854545
 10
1120.470649852623
 20
-104.6056631269543
 10
1120.372723146623
 20
-104.3943721117545
  0
LINE
  5
8209
330
6B
100
AcDbEntity
  8
13000_TOP
100
AcDbLine
 10
1120.479521165823
 20
-105.1159496667544
 30
0.0
 11
1120.503292243223
 21
-104.8675584854545
 31
0.0
  0
LINE
  5
820A
330
6B
100
AcDbEntity
  8
13000_TOP
100
AcDbLine
 10
1120.432323367523
 20
-105.3762245240546
 30
0.0
 11
1120.479521165823
 21
-105.1159496667544
 31
0.0
  0
LINE
  5
820B
330
6B
100
AcDbEntity
  8
13000_TOP
100
AcDbLine
 10
1120.124331732523
 20
-105.3762245240546
 30
0.0
 11
1120.432323367523
 21
-105.3762245240546
 31
0.0
  0
LWPOLYLINE
  5
820C
330
6B
100
AcDbEntity
  8
13000_TOP
100
AcDbPolyline
 90
        3
 70
   128
 43
0.0
 10
1120.207530736223
 20
-104.9032132389545
 10
1120.186731043523
 20
-105.1093670787544
 10
1120.124331732523
 20
-105.3762245240546
  0
LWPOLYLINE
  5
820D
330
6B
100
AcDbEntity
  8
13000_TOP
100
AcDbPolyline
 90
        7
 70
   128
 43
0.0
 10
1120.076961639523
 20
-104.6429383816544
 10
1120.107563735223
 20
-104.6470026733544
 10
1120.134085706623
 20
-104.6592029991544
 10
1120.156527321123
 20
-104.6795393588545
 10
1120.174888578523
 20
-104.7080043020544
 10
1120.199370255023
 20
-104.7893422903544
 10
1120.207530736223
 20
-104.9032132389545
  0
ARC
  5
820E
330
6B
100
AcDbEntity
  8
13000_TOP
100
AcDbCircle
 10
1120.068402995423
 20
-104.7367424421545
 30
0.0
 40
0.0941936948861934
100
AcDbArc
 50
84.78679056740231
 51
131.496427246797
  0
ARC
  5
820F
330
6B
100
AcDbEntity
  8
13000_TOP
100
AcDbCircle
 10
1122.430005017023
 20
-106.5358936700545
 30
0.0
 40
3.061310351905196
100
AcDbArc
 50
142.3560883255007
 51
144.5711038291008
  0
LINE
  5
8210
330
6B
100
AcDbEntity
  8
13000_TOP
100
AcDbLine
 10
1119.805143737423
 20
-105.0684075119544
 30
0.0
 11
1119.935540539423
 21
-104.7612759532544
 31
0.0
  0
ARC
  5
8211
330
6B
100
AcDbEntity
  8
13000_TOP
100
AcDbCircle
 10
1119.336280196723
 20
-104.9055109919544
 30
0.0
 40
0.4963550101370974
100
AcDbArc
 50
274.9755972410993
 51
340.8413199738007
  0
ARC
  5
8212
330
6B
100
AcDbEntity
  8
13000_TOP
100
AcDbCircle
 10
1119.365026180823
 20
-105.0077667747545
 30
0.0
 40
0.3924895483741244
100
AcDbArc
 50
213.0914658042005
 51
272.0885082701006
  0
LWPOLYLINE
  5
8213
330
6B
100
AcDbEntity
  8
13000_TOP
100
AcDbPolyline
 90
        3
 70
   128
 43
0.0
 10
1118.906145972423
 20
-104.7612759532544
 10
1118.938658909223
 20
-105.0232383670545
 10
1119.036198417923
 20
-105.2220571103544
  0
LINE
  5
8214
330
6B
100
AcDbEntity
  8
13000_TOP
100
AcDbLine
 10
1118.965229542223
 20
-104.3234053316545
 30
0.0
 11
1118.906145972423
 21
-104.7612759532544
 31
0.0
  0
LINE
  5
8215
330
6B
100
AcDbEntity
  8
13000_TOP
100
AcDbLine
 10
1119.249277572423
 20
-104.3234053316545
 30
0.0
 11
1118.965229542223
 21
-104.3234053316545
 31
0.0
  0
LINE
  5
8216
330
6B
100
AcDbEntity
  8
13000_TOP
100
AcDbLine
 10
1119.202079075623
 20
-104.5244294466545
 30
0.0
 11
1119.249277572423
 21
-104.3234053316545
 31
0.0
  0
LINE
  5
8217
330
6B
100
AcDbEntity
  8
13000_TOP
100
AcDbLine
 10
1119.189849646023
 20
-104.7254461111545
 30
0.0
 11
1119.202078609923
 21
-104.5244294466545
 31
0.0
  0
LWPOLYLINE
  5
8218
330
6B
100
AcDbEntity
  8
13000_TOP
100
AcDbPolyline
 90
        7
 70
   128
 43
0.0
 10
1119.296647432523
 20
-104.9622963430545
 10
1119.271443515323
 20
-104.9587498667545
 10
1119.249672453123
 20
-104.9481178882545
 10
1119.231334478823
 20
-104.9303892316544
 10
1119.216429359523
 20
-104.9055750729544
 10
1119.196494632623
 20
-104.8319633366544
 10
1119.189849646023
 20
-104.7254461111545
  0
LWPOLYLINE
  5
8219
330
6B
100
AcDbEntity
  8
13000_TOP
100
AcDbPolyline
 90
        5
 70
   128
 43
0.0
 10
1119.438068765423
 20
-104.8322427334544
 10
1119.370140890823
 20
-104.9297820093545
 10
1119.334089859623
 20
-104.9541677596544
 10
1119.315542570523
 20
-104.9602660598544
 10
1119.296647432523
 20
-104.9622963430545
  0
LINE
  5
821A
330
6B
100
AcDbEntity
  8
13000_TOP
100
AcDbLine
 10
1119.556752323423
 20
-104.5604269268544
 30
0.0
 11
1119.438068765423
 21
-104.8322427334544
 31
0.0
  0
LWPOLYLINE
  5
821B
330
6B
100
AcDbEntity
  8
13000_TOP
100
AcDbPolyline
 90
        3
 70
   128
 43
0.0
 10
1119.746232462323
 20
-104.2998056175546
 10
1119.642126198123
 20
-104.4038343491545
 10
1119.556752323423
 20
-104.5604269268544
  0
LINE
  5
821C
330
6B
100
AcDbEntity
  8
13000_TOP
100
AcDbLine
 10
1119.899711395823
 20
-105.9441487553545
 30
0.0
 11
1118.941457999223
 21
-106.4883019092544
 31
0.0
  0
LINE
  5
821D
330
6B
100
AcDbEntity
  8
13000_TOP
100
AcDbLine
 10
1118.941457999223
 20
-106.4883019092544
 30
0.0
 11
1118.941457999223
 21
-106.9847415449544
 31
0.0
  0
LINE
  5
821E
330
6B
100
AcDbEntity
  8
13000_TOP
100
AcDbLine
 10
1118.941457999223
 20
-106.9847415449544
 30
0.0
 11
1120.467463332423
 21
-106.9847415449544
 31
0.0
  0
LINE
  5
821F
330
6B
100
AcDbEntity
  8
13000_TOP
100
AcDbLine
 10
1120.467463332423
 20
-106.9847415449544
 30
0.0
 11
1120.467463332423
 21
-106.6777813496544
 31
0.0
  0
LINE
  5
8220
330
6B
100
AcDbEntity
  8
13000_TOP
100
AcDbLine
 10
1120.467463332423
 20
-106.6777813496544
 30
0.0
 11
1119.497668753623
 21
-106.6777813496544
 31
0.0
  0
LINE
  5
8221
330
6B
100
AcDbEntity
  8
13000_TOP
100
AcDbLine
 10
1119.497668753623
 20
-106.6777813496544
 30
0.0
 11
1120.467463332423
 21
-106.1329390170544
 31
0.0
  0
LINE
  5
8222
330
6B
100
AcDbEntity
  8
13000_TOP
100
AcDbLine
 10
1120.467463332423
 20
-106.1329390170544
 30
0.0
 11
1120.467463332423
 21
-105.6483867826543
 31
0.0
  0
LINE
  5
8223
330
6B
100
AcDbEntity
  8
13000_TOP
100
AcDbLine
 10
1120.467463332423
 20
-105.6483867826543
 30
0.0
 11
1118.941457999223
 21
-105.6483867826543
 31
0.0
  0
LINE
  5
8224
330
6B
100
AcDbEntity
  8
13000_TOP
100
AcDbLine
 10
1118.941457999223
 20
-105.6483867826543
 30
0.0
 11
1118.941457999223
 21
-105.9441487553545
 31
0.0
  0
LINE
  5
8225
330
6B
100
AcDbEntity
  8
13000_TOP
100
AcDbLine
 10
1118.941457999223
 20
-105.9441487553545
 30
0.0
 11
1119.899711395823
 21
-105.9441487553545
 31
0.0
  0
LINE
  5
8226
330
6B
100
AcDbEntity
  8
13000_TOP
100
AcDbLine
 10
1119.817029276123
 20
-107.9431656064545
 30
0.0
 11
1120.183931953523
 21
-107.9431656064545
 31
0.0
  0
LINE
  5
8227
330
6B
100
AcDbEntity
  8
13000_TOP
100
AcDbLine
 10
1120.183931953523
 20
-107.9431656064545
 30
0.0
 11
1120.183931953523
 21
-107.2453628542545
 31
0.0
  0
LINE
  5
8228
330
6B
100
AcDbEntity
  8
13000_TOP
100
AcDbLine
 10
1120.183931953523
 20
-107.2453628542545
 30
0.0
 11
1120.467463332423
 21
-107.2453628542545
 31
0.0
  0
LINE
  5
8229
330
6B
100
AcDbEntity
  8
13000_TOP
100
AcDbLine
 10
1120.467463332423
 20
-107.2453628542545
 30
0.0
 11
1120.467463332423
 21
-108.3922344508544
 31
0.0
  0
LINE
  5
822A
330
6B
100
AcDbEntity
  8
13000_TOP
100
AcDbLine
 10
1120.467463332423
 20
-108.3922344508544
 30
0.0
 11
1118.941457999223
 21
-108.3922344508544
 31
0.0
  0
LINE
  5
822B
330
6B
100
AcDbEntity
  8
13000_TOP
100
AcDbLine
 10
1118.941457999223
 20
-108.3922344508544
 30
0.0
 11
1118.941457999223
 21
-107.2569038035544
 31
0.0
  0
LINE
  5
822C
330
6B
100
AcDbEntity
  8
13000_TOP
100
AcDbLine
 10
1118.941457999223
 20
-107.2569038035544
 30
0.0
 11
1119.213448428823
 21
-107.2569038035544
 31
0.0
  0
LINE
  5
822D
330
6B
100
AcDbEntity
  8
13000_TOP
100
AcDbLine
 10
1119.213448428823
 20
-107.2569038035544
 30
0.0
 11
1119.213448428823
 21
-107.9431656064545
 31
0.0
  0
LINE
  5
822E
330
6B
100
AcDbEntity
  8
13000_TOP
100
AcDbLine
 10
1119.213448428823
 20
-107.9431656064545
 30
0.0
 11
1119.556752323423
 21
-107.9431656064545
 31
0.0
  0
LINE
  5
822F
330
6B
100
AcDbEntity
  8
13000_TOP
100
AcDbLine
 10
1119.556752323423
 20
-107.9431656064545
 30
0.0
 11
1119.556752323423
 21
-107.3516416611544
 31
0.0
  0
LINE
  5
8230
330
6B
100
AcDbEntity
  8
13000_TOP
100
AcDbLine
 10
1119.556752323423
 20
-107.3516416611544
 30
0.0
 11
1119.817029276123
 21
-107.3516416611544
 31
0.0
  0
LINE
  5
8231
330
6B
100
AcDbEntity
  8
13000_TOP
100
AcDbLine
 10
1119.817029276123
 20
-107.3516416611544
 30
0.0
 11
1119.817029276123
 21
-107.9431656064545
 31
0.0
  0
LINE
  5
8232
330
6B
100
AcDbEntity
  8
13000_TOP
100
AcDbLine
 10
1120.467463332423
 20
-109.1732378365545
 30
0.0
 11
1120.467463332423
 21
-108.7355385782544
 31
0.0
  0
LINE
  5
8233
330
6B
100
AcDbEntity
  8
13000_TOP
100
AcDbLine
 10
1119.461839842823
 20
-109.1732378365545
 30
0.0
 11
1120.467463332423
 21
-109.1732378365545
 31
0.0
  0
LINE
  5
8234
330
6B
100
AcDbEntity
  8
13000_TOP
100
AcDbLine
 10
1120.467463332423
 20
-109.5988783302545
 30
0.0
 11
1119.461839842823
 21
-109.1732378365545
 31
0.0
  0
LINE
  5
8235
330
6B
100
AcDbEntity
  8
13000_TOP
100
AcDbLine
 10
1120.467463332423
 20
-109.8948116662544
 30
0.0
 11
1120.467463332423
 21
-109.5988783302545
 31
0.0
  0
LINE
  5
8236
330
6B
100
AcDbEntity
  8
13000_TOP
100
AcDbLine
 10
1119.474069970923
 20
-110.3204521598544
 30
0.0
 11
1120.467463332423
 21
-109.8948116662544
 31
0.0
  0
LINE
  5
8237
330
6B
100
AcDbEntity
  8
13000_TOP
100
AcDbLine
 10
1120.467463332423
 20
-110.3204521598544
 30
0.0
 11
1119.474069970923
 21
-110.3204521598544
 31
0.0
  0
LINE
  5
8238
330
6B
100
AcDbEntity
  8
13000_TOP
100
AcDbLine
 10
1120.467463332423
 20
-110.6160427691544
 30
0.0
 11
1120.467463332423
 21
-110.3204521598544
 31
0.0
  0
LINE
  5
8239
330
6B
100
AcDbEntity
  8
13000_TOP
100
AcDbLine
 10
1118.941457999223
 20
-110.6160427691544
 30
0.0
 11
1120.467463332423
 21
-110.6160427691544
 31
0.0
  0
LINE
  5
823A
330
6B
100
AcDbEntity
  8
13000_TOP
100
AcDbLine
 10
1118.941457999223
 20
-110.0605200292544
 30
0.0
 11
1118.941457999223
 21
-110.6160427691544
 31
0.0
  0
LINE
  5
823B
330
6B
100
AcDbEntity
  8
13000_TOP
100
AcDbLine
 10
1119.864571430923
 20
-109.6701915624544
 30
0.0
 11
1118.941457999223
 21
-110.0605200292544
 31
0.0
  0
LINE
  5
823C
330
6B
100
AcDbEntity
  8
13000_TOP
100
AcDbLine
 10
1118.941457999223
 20
-109.2795166435544
 30
0.0
 11
1119.864571430923
 21
-109.6701915624544
 31
0.0
  0
LINE
  5
823D
330
6B
100
AcDbEntity
  8
13000_TOP
100
AcDbLine
 10
1118.941457999223
 20
-108.7355385782544
 30
0.0
 11
1118.941457999223
 21
-109.2795166435544
 31
0.0
  0
LINE
  5
823E
330
6B
100
AcDbEntity
  8
13000_TOP
100
AcDbLine
 10
1120.467463332423
 20
-108.7355385782544
 30
0.0
 11
1118.941457999223
 21
-108.7355385782544
 31
0.0
  0
LINE
  5
823F
330
6B
100
AcDbEntity
  8
13000_TOP
100
AcDbLine
 10
1119.556752323423
 20
-111.5629277440545
 30
0.0
 11
1119.556752323423
 21
-110.9714056613545
 31
0.0
  0
LINE
  5
8240
330
6B
100
AcDbEntity
  8
13000_TOP
100
AcDbLine
 10
1119.213448428823
 20
-111.5629277440545
 30
0.0
 11
1119.556752323423
 21
-111.5629277440545
 31
0.0
  0
LINE
  5
8241
330
6B
100
AcDbEntity
  8
13000_TOP
100
AcDbLine
 10
1119.213448428823
 20
-110.8768373044545
 30
0.0
 11
1119.213448428823
 21
-111.5629277440545
 31
0.0
  0
LINE
  5
8242
330
6B
100
AcDbEntity
  8
13000_TOP
100
AcDbLine
 10
1118.941457999223
 20
-110.8768373044545
 30
0.0
 11
1119.213448428823
 21
-110.8768373044545
 31
0.0
  0
LINE
  5
8243
330
6B
100
AcDbEntity
  8
13000_TOP
100
AcDbLine
 10
1118.941457999223
 20
-112.0119965883544
 30
0.0
 11
1118.941457999223
 21
-110.8768373044545
 31
0.0
  0
LINE
  5
8244
330
6B
100
AcDbEntity
  8
13000_TOP
100
AcDbLine
 10
1120.467463332423
 20
-112.0119965883544
 30
0.0
 11
1118.941457999223
 21
-112.0119965883544
 31
0.0
  0
LINE
  5
8245
330
6B
100
AcDbEntity
  8
13000_TOP
100
AcDbLine
 10
1120.467463332423
 20
-110.8768373044545
 30
0.0
 11
1120.467463332423
 21
-112.0119965883544
 31
0.0
  0
LINE
  5
8246
330
6B
100
AcDbEntity
  8
13000_TOP
100
AcDbLine
 10
1120.183931953523
 20
-110.8768373044545
 30
0.0
 11
1120.467463332423
 21
-110.8768373044545
 31
0.0
  0
LINE
  5
8247
330
6B
100
AcDbEntity
  8
13000_TOP
100
AcDbLine
 10
1120.183931953523
 20
-111.5629277440545
 30
0.0
 11
1120.183931953523
 21
-110.8768373044545
 31
0.0
  0
LINE
  5
8248
330
6B
100
AcDbEntity
  8
13000_TOP
100
AcDbLine
 10
1119.817029276123
 20
-111.5629277440545
 30
0.0
 11
1120.183931953523
 21
-111.5629277440545
 31
0.0
  0
LINE
  5
8249
330
6B
100
AcDbEntity
  8
13000_TOP
100
AcDbLine
 10
1119.817029276123
 20
-110.9714056613545
 30
0.0
 11
1119.817029276123
 21
-111.5629277440545
 31
0.0
  0
LINE
  5
824A
330
6B
100
AcDbEntity
  8
13000_TOP
100
AcDbLine
 10
1119.556752323423
 20
-110.9714056613545
 30
0.0
 11
1119.817029276123
 21
-110.9714056613545
 31
0.0
  0
LINE
  5
824B
330
6B
100
AcDbEntity
  8
13000_TOP
100
AcDbLine
 10
1118.941457999223
 20
-112.8165978255545
 30
0.0
 11
1120.467463332423
 21
-112.8165978255545
 31
0.0
  0
LINE
  5
824C
330
6B
100
AcDbEntity
  8
13000_TOP
100
AcDbLine
 10
1120.467463332423
 20
-112.8165978255545
 30
0.0
 11
1120.467463332423
 21
-112.3666684391544
 31
0.0
  0
LINE
  5
824D
330
6B
100
AcDbEntity
  8
13000_TOP
100
AcDbLine
 10
1120.467463332423
 20
-112.3666684391544
 30
0.0
 11
1118.941457999223
 21
-112.3666684391544
 31
0.0
  0
LINE
  5
824E
330
6B
100
AcDbEntity
  8
13000_TOP
100
AcDbLine
 10
1118.941457999223
 20
-112.3666684391544
 30
0.0
 11
1118.941457999223
 21
-112.8165978255545
 31
0.0
  0
LINE
  5
824F
330
6B
100
AcDbEntity
  8
13000_TOP
100
AcDbLine
 10
1119.556752323423
 20
-113.3845220568545
 30
0.0
 11
1119.438068765423
 21
-113.6566843154545
 31
0.0
  0
LINE
  5
8250
330
6B
100
AcDbEntity
  8
13000_TOP
100
AcDbLine
 10
1119.438068765423
 20
-113.6566843154545
 30
0.0
 11
1119.379329319323
 21
-113.7746791603544
 31
0.0
  0
ARC
  5
8251
330
6B
100
AcDbEntity
  8
13000_TOP
100
AcDbCircle
 10
1119.296556024923
 20
-113.6958744453545
 30
0.0
 40
0.1142881416897626
100
AcDbArc
 50
270.0458251475961
 51
316.4060629587052
  0
LWPOLYLINE
  5
8252
330
6B
100
AcDbEntity
  8
13000_TOP
100
AcDbPolyline
 90
        7
 70
   128
 43
0.0
 10
1119.296647432523
 20
-113.8101625504545
 10
1119.271616741323
 20
-113.8064633371544
 10
1119.249923444623
 20
-113.7953601094544
 10
1119.231567542323
 20
-113.7768565925546
 10
1119.216549034423
 20
-113.7509509237544
 10
1119.196524434923
 20
-113.6769349934544
 10
1119.189849646023
 20
-113.5733123185545
  0
LINE
  5
8253
330
6B
100
AcDbEntity
  8
13000_TOP
100
AcDbLine
 10
1119.189849646023
 20
-113.5733123185545
 30
0.0
 11
1119.202078609923
 21
-113.3607565673544
 31
0.0
  0
LINE
  5
8254
330
6B
100
AcDbEntity
  8
13000_TOP
100
AcDbLine
 10
1119.202079075623
 20
-113.3607528420545
 30
0.0
 11
1119.249277572423
 21
-113.1599019529544
 31
0.0
  0
LINE
  5
8255
330
6B
100
AcDbEntity
  8
13000_TOP
100
AcDbLine
 10
1119.249277572423
 20
-113.1599019529544
 30
0.0
 11
1118.965229542223
 21
-113.1599019529544
 31
0.0
  0
LINE
  5
8256
330
6B
100
AcDbEntity
  8
13000_TOP
100
AcDbLine
 10
1118.965229542223
 20
-113.1599019529544
 30
0.0
 11
1118.906145972423
 21
-113.5970833959544
 31
0.0
  0
LWPOLYLINE
  5
8257
330
6B
100
AcDbEntity
  8
13000_TOP
100
AcDbPolyline
 90
        3
 70
   128
 43
0.0
 10
1118.906145972423
 20
-113.5970833959544
 10
1118.938658909223
 20
-113.8589601280543
 10
1119.036198417923
 20
-114.0707857223544
  0
ARC
  5
8258
330
6B
100
AcDbEntity
  8
13000_TOP
100
AcDbCircle
 10
1119.365474931523
 20
-113.8253605175545
 30
0.0
 40
0.4106781630350602
100
AcDbArc
 50
216.6988876312933
 51
271.9333272681995
  0
ARC
  5
8259
330
6B
100
AcDbEntity
  8
13000_TOP
100
AcDbCircle
 10
1119.342227432023
 20
-113.7539169151544
 30
0.0
 40
0.4833142052953305
100
AcDbArc
 50
274.4027295342953
 51
343.2946739194981
  0
LINE
  5
825A
330
6B
100
AcDbEntity
  8
13000_TOP
100
AcDbLine
 10
1119.805143737423
 20
-113.8928453686544
 30
0.0
 11
1119.935540539423
 21
-113.5853710832544
 31
0.0
  0
ARC
  5
825B
330
6B
100
AcDbEntity
  8
13000_TOP
100
AcDbCircle
 10
1120.081279629723
 20
-113.6158639436545
 30
0.0
 40
0.1488949192323476
100
AcDbArc
 50
91.66182503049766
 51
168.1825305139001
  0
LWPOLYLINE
  5
825C
330
6B
100
AcDbEntity
  8
13000_TOP
100
AcDbPolyline
 90
        7
 70
   128
 43
0.0
 10
1120.076961639523
 20
-113.4670316489545
 10
1120.106427056023
 20
-113.4713734748544
 10
1120.132337847023
 20
-113.4843952270544
 10
1120.154694245423
 20
-113.5061006309545
 10
1120.173496251223
 20
-113.5364859613544
 10
1120.199022173223
 20
-113.6218752028544
 10
1120.207530736223
 20
-113.7391939076544
  0
LWPOLYLINE
  5
825D
330
6B
100
AcDbEntity
  8
13000_TOP
100
AcDbPolyline
 90
        3
 70
   128
 43
0.0
 10
1120.207530736223
 20
-113.7391939076544
 10
1120.186731043523
 20
-113.9530441971544
 10
1120.124331732523
 20
-114.2006642433543
  0
LINE
  5
825E
330
6B
100
AcDbEntity
  8
13000_TOP
100
AcDbLine
 10
1120.124331732523
 20
-114.2006642433543
 30
0.0
 11
1120.432323367523
 21
-114.2006642433543
 31
0.0
  0
LINE
  5
825F
330
6B
100
AcDbEntity
  8
13000_TOP
100
AcDbLine
 10
1120.432323367523
 20
-114.2006642433543
 30
0.0
 11
1120.479521165823
 21
-113.9402161600544
 31
0.0
  0
LINE
  5
8260
330
6B
100
AcDbEntity
  8
13000_TOP
100
AcDbLine
 10
1120.479521165823
 20
-113.9402161600544
 30
0.0
 11
1120.503292243223
 21
-113.7038818808544
 31
0.0
  0
LWPOLYLINE
  5
8261
330
6B
100
AcDbEntity
  8
13000_TOP
100
AcDbPolyline
 90
        3
 70
   128
 43
0.0
 10
1120.503292243223
 20
-113.7038818808544
 10
1120.467764615323
 20
-113.4287058623545
 10
1120.361181964423
 20
-113.2184691044544
  0
ARC
  5
8262
330
6B
100
AcDbEntity
  8
13000_TOP
100
AcDbCircle
 10
1120.007570879623
 20
-113.4829902074544
 30
0.0
 40
0.4416018719084243
100
AcDbArc
 50
36.79856774080449
 51
90.20475357039936
  0
ARC
  5
8263
330
6B
100
AcDbEntity
  8
13000_TOP
100
AcDbCircle
 10
1120.028006298923
 20
-113.5358591963545
 30
0.0
 40
0.4949578156365197
100
AcDbArc
 50
92.54910378159609
 51
162.1962481412993
  0
LWPOLYLINE
  5
8264
330
6B
100
AcDbEntity
  8
13000_TOP
100
AcDbPolyline
 90
        3
 70
   128
 43
0.0
 10
1127.142335810923
 20
-97.97960475705444
 10
1127.085621060123
 20
-97.69232899565444
 10
1126.922710855723
 20
-97.44923145195443
  0
LINE
  5
8265
330
6B
100
AcDbEntity
  8
13000_TOP
100
AcDbLine
 10
1127.142335810923
 20
-114.9796019556545
 30
0.0
 11
1127.142335810923
 21
-97.97960475705444
 31
0.0
  0
ARC
  5
8266
330
6B
100
AcDbEntity
  8
13000_TOP
100
AcDbCircle
 10
1126.392802719523
 20
-114.9800646552544
 30
0.0
 40
0.7495332342572444
100
AcDbArc
 50
270.004006603199
 51
0.035369657195409
  0
LINE
  5
8267
330
6B
100
AcDbEntity
  8
13000_TOP
100
AcDbLine
 10
1119.392248858923
 20
-115.7295978876544
 30
0.0
 11
1126.392855133123
 21
-115.7295978876544
 31
0.0
  0
LWPOLYLINE
  5
8268
330
6B
100
AcDbEntity
  8
13000_TOP
100
AcDbPolyline
 90
        3
 70
   128
 43
0.0
 10
1118.862048779823
 20
-115.5099733980544
 10
1119.105121643523
 20
-115.6728840681544
 10
1119.392248858923
 20
-115.7295978876544
  0
LWPOLYLINE
  5
8269
330
6B
100
AcDbEntity
  8
13000_TOP
100
AcDbPolyline
 90
        3
 70
   128
 43
0.0
 10
1118.642423824623
 20
-114.9796019556545
 10
1118.699138575423
 20
-115.2668795796544
 10
1118.862048779823
 20
-115.5099733980544
  0
LINE
  5
826A
330
6B
100
AcDbEntity
  8
13000_TOP
100
AcDbLine
 10
1118.642423824623
 20
-97.97960475705444
 30
0.0
 11
1118.642423824623
 21
-114.9796019556545
 31
0.0
  0
ARC
  5
826B
330
6B
100
AcDbEntity
  8
13000_TOP
100
AcDbCircle
 10
1119.391959450023
 20
-97.97914272825451
 30
0.0
 40
0.7495357677930751
100
AcDbArc
 50
90.00420028899977
 51
180.0353182674991
  0
LINE
  5
826C
330
6B
100
AcDbEntity
  8
13000_TOP
100
AcDbLine
 10
1126.392510776623
 20
-97.22960696245444
 30
0.0
 11
1119.391904502423
 21
-97.22960696245444
 31
0.0
  0
LWPOLYLINE
  5
826D
330
6B
100
AcDbEntity
  8
13000_TOP
100
AcDbPolyline
 90
        3
 70
   128
 43
0.0
 10
1126.922710855723
 20
-97.44923145195443
 10
1126.679637992023
 20
-97.28632450725442
 10
1126.392510776623
 20
-97.22960696245444
  0
DIMENSION
  5
826E
330
6B
100
AcDbEntity
  8
10100_DIM_FRONT
100
AcDbDimension
  2
*D47
 10
1135.133754989689
 20
-44.22699061046452
 30
0.0
 11
1135.133754989689
 21
-37.53328777043109
 31
0.0
 70
   160
  1
<>
 71
     2
 42
12.99999991900012
  3
DIN_2.5_v001
100
AcDbAlignedDimension
 13
1125.965346913572
 23
-31.22699069146441
 33
0.0
 14
1122.451745897372
 24
-44.22699061046452
 34
0.0
 50
90.0
100
AcDbRotatedDimension
  0
DIMENSION
  5
826F
330
6B
100
AcDbEntity
  8
10100_DIM_FRONT
100
AcDbDimension
  2
*D48
 10
1123.139245953172
 20
-51.88469317859253
 30
0.0
 11
1134.555745953172
 21
-51.88469317859253
 31
0.0
 70
   160
  1
<>
 71
     2
 42
6.25
  3
DIN_2.5_v001
100
AcDbAlignedDimension
 13
1116.889245953172
 23
-38.3294905951644
 33
0.0
 14
1123.139245953172
 24
-38.3919905951644
 34
0.0
100
AcDbRotatedDimension
  0
DIMENSION
  5
8270
330
6B
100
AcDbEntity
  8
11100_DIM_LEFT
100
AcDbDimension
  2
*D49
 10
1221.906618551561
 20
-34.34199089466441
 30
0.0
 11
1221.906618551561
 21
-44.00849089466442
 31
0.0
 70
   160
  1
1.2
 71
     2
 42
1.400000415699878
  3
DIN_2.5_v001
100
AcDbAlignedDimension
 13
1205.269803923465
 23
-32.94199047896453
 33
0.0
 14
1205.269803923465
 24
-34.34199089466441
 34
0.0
 50
90.0
100
AcDbRotatedDimension
  0
DIMENSION
  5
8271
330
6B
100
AcDbEntity
  8
14100_DIM_BOTTOM
100
AcDbDimension
  2
*D50
 10
1136.43138983477
 20
5.996375613290067
 30
0.0
 11
1136.43138983477
 21
26.4588081970831
 31
0.0
 70
   160
  1
41.8
 71
     2
 42
41.22240729933105
  3
DIN_2.5_v001
100
AcDbAlignedDimension
 13
1122.22243863603
 23
47.21878291262112
 33
0.0
 14
1126.080812880114
 24
5.996375613290069
 34
0.0
 50
90.0
100
AcDbRotatedDimension
  0
DIMENSION
  5
8272
330
6B
100
AcDbEntity
  8
14100_DIM_BOTTOM
100
AcDbDimension
  2
*D51
 10
1144.451317863326
 20
2.722922049790095
 30
0.0
 11
1144.451317863326
 21
26.05035899492299
 31
0.0
 70
   160
  1
45
 71
     2
 42
44.49586086283102
  3
DIN_2.5_v001
100
AcDbAlignedDimension
 13
1122.22243863603
 23
47.21878291262112
 33
0.0
 14
1128.180812572414
 24
2.722922049790099
 34
0.0
 50
90.0
100
AcDbRotatedDimension
  0
DIMENSION
  5
8273
330
6B
100
AcDbEntity
  8
14100_DIM_BOTTOM
100
AcDbDimension
  2
*D52
 10
1106.953829391193
 20
59.2229210662901
 30
0.0
 11
1106.953829391193
 21
30.23914852016452
 31
0.0
 70
   160
  1
<>
 71
     2
 42
56.4999990165
  3
DIN_2.5_v001
100
AcDbAlignedDimension
 13
1114.780812983714
 23
2.722922049790099
 33
0.0
 14
1115.494413634114
 24
59.2229210662901
 34
0.0
 50
270.0
100
AcDbRotatedDimension
  0
LINE
  5
8274
330
6B
100
AcDbEntity
  8
14000_BOTTOM
100
AcDbLine
 10
1122.222438623014
 20
47.21878295039028
 30
0.0
 11
1120.715064281414
 21
47.21878295039028
 31
0.0
  0
ARC
  5
8275
330
6B
100
AcDbEntity
  8
14000_BOTTOM
100
AcDbCircle
 10
1121.090770237914
 20
47.35606009379028
 30
0.0
 40
0.3999999999999773
100
AcDbArc
 50
90.0
 51
200.0715258644966
  0
LINE
  5
8276
330
6B
100
AcDbEntity
  8
14000_BOTTOM
100
AcDbLine
 10
1121.090770227214
 20
47.75606014969037
 30
0.0
 11
1121.846732677314
 21
47.75606014969037
 31
0.0
  0
ARC
  5
8277
330
6B
100
AcDbEntity
  8
14000_BOTTOM
100
AcDbCircle
 10
1121.846732666514
 20
47.35606009379028
 30
0.0
 40
0.3999999999999773
100
AcDbArc
 50
339.9284741355034
 51
90.0
  0
ARC
  5
8278
330
6B
100
AcDbEntity
  8
14000_BOTTOM
100
AcDbCircle
 10
1121.468751452214
 20
46.32158519149027
 30
0.0
 40
0.3999999999999351
100
AcDbArc
 50
200.0715258644966
 51
339.9284741355034
  0
LINE
  5
8279
330
6B
100
AcDbEntity
  8
14000_BOTTOM
100
AcDbLine
 10
1121.844457427114
 20
46.18430801869033
 30
0.0
 11
1122.222438623014
 21
47.21878295039028
 31
0.0
  0
LINE
  5
827A
330
6B
100
AcDbEntity
  8
14000_BOTTOM
100
AcDbLine
 10
1120.715064281414
 20
47.21878295039028
 30
0.0
 11
1121.093045477414
 21
46.18430801869033
 31
0.0
  0
LINE
  5
827B
330
6B
100
AcDbEntity
  8
14000_BOTTOM
100
AcDbLine
 10
1119.368751527114
 20
46.35606019959015
 30
0.0
 11
1118.868751445214
 21
47.72979871569032
 31
0.0
  0
LINE
  5
827C
330
6B
100
AcDbEntity
  8
14000_BOTTOM
100
AcDbLine
 10
1120.690770266414
 20
46.35606019959015
 30
0.0
 11
1119.368751527114
 21
46.35606019959015
 31
0.0
  0
LINE
  5
827D
330
6B
100
AcDbEntity
  8
14000_BOTTOM
100
AcDbLine
 10
1120.690770266414
 20
47.35606013069037
 30
0.0
 11
1120.690770266414
 21
46.35606019959015
 31
0.0
  0
LINE
  5
827E
330
6B
100
AcDbEntity
  8
14000_BOTTOM
100
AcDbLine
 10
1122.246732638114
 20
46.35606019959015
 30
0.0
 11
1122.246732638114
 21
47.35606013069037
 31
0.0
  0
LINE
  5
827F
330
6B
100
AcDbEntity
  8
14000_BOTTOM
100
AcDbLine
 10
1123.568751377414
 20
46.35606019959015
 30
0.0
 11
1122.246732638114
 21
46.35606019959015
 31
0.0
  0
LINE
  5
8280
330
6B
100
AcDbEntity
  8
14000_BOTTOM
100
AcDbLine
 10
1124.068751459314
 20
47.72979871569032
 30
0.0
 11
1123.568751377414
 21
46.35606019959015
 31
0.0
  0
LINE
  5
8281
330
6B
100
AcDbEntity
  8
14000_BOTTOM
100
AcDbLine
 10
1118.868751445214
 20
47.72979871569032
 30
0.0
 11
1118.868751445214
 21
50.22292145379009
 31
0.0
  0
LINE
  5
8282
330
6B
100
AcDbEntity
  8
14000_BOTTOM
100
AcDbLine
 10
1124.068751459314
 20
50.22292145379009
 30
0.0
 11
1124.068751459314
 21
47.72979871569032
 31
0.0
  0
ARC
  5
8283
330
6B
100
AcDbEntity
  8
14000_BOTTOM
100
AcDbCircle
 10
1119.618351287914
 20
48.6560600937903
 30
0.0
 40
0.2000000000004487
100
AcDbArc
 50
200.0000000000022
 51
237.060836078103
  0
LINE
  5
8284
330
6B
100
AcDbEntity
  8
14000_BOTTOM
100
AcDbLine
 10
1119.430412765014
 20
48.5876561208903
 30
0.0
 11
1118.980812833914
 21
49.82292146389028
 31
0.0
  0
LINE
  5
8285
330
6B
100
AcDbEntity
  8
14000_BOTTOM
100
AcDbLine
 10
1123.980812722214
 20
49.82292146389028
 30
0.0
 11
1123.507090139514
 21
48.5876561208903
 31
0.0
  0
ARC
  5
8286
330
6B
100
AcDbEntity
  8
14000_BOTTOM
100
AcDbCircle
 10
1123.319151616614
 20
48.6560600937903
 30
0.0
 40
0.2000000000005166
100
AcDbArc
 50
302.9391639218971
 51
340.000000000103
  0
LINE
  5
8287
330
6B
100
AcDbEntity
  8
14000_BOTTOM
100
AcDbLine
 10
1120.645547395814
 20
49.82292146389028
 30
0.0
 11
1120.421857101214
 21
48.65585256569033
 31
0.0
  0
LINE
  5
8288
330
6B
100
AcDbEntity
  8
14000_BOTTOM
100
AcDbLine
 10
1122.515645803314
 20
48.65585256569033
 30
0.0
 11
1122.280812757813
 21
50.0229214587901
 31
0.0
  0
LINE
  5
8289
330
6B
100
AcDbEntity
  8
14000_BOTTOM
100
AcDbLine
 10
1120.302718359414
 20
48.45606012469028
 30
0.0
 11
1119.618351332214
 21
48.45606012469028
 31
0.0
  0
LWPOLYLINE
  5
828A
330
6B
100
AcDbEntity
  8
14000_BOTTOM
100
AcDbPolyline
 90
        3
 70
   128
 43
0.0
 10
1119.509601726514
 20
48.48821042769015
 10
1119.615960860014
 20
48.45607432739029
 10
1119.618351332214
 20
48.45606012469028
  0
ARC
  5
828B
330
6B
100
AcDbEntity
  8
14000_BOTTOM
100
AcDbCircle
 10
1123.319156807714
 20
48.6560423768903
 30
0.0
 40
0.1999822522755965
100
AcDbArc
 50
269.9985000087988
 51
302.940656888499
  0
LINE
  5
828C
330
6B
100
AcDbEntity
  8
14000_BOTTOM
100
AcDbLine
 10
1123.319151572314
 20
48.45606012469028
 30
0.0
 11
1122.634784545114
 21
48.45606012469028
 31
0.0
  0
ARC
  5
828D
330
6B
100
AcDbEntity
  8
14000_BOTTOM
100
AcDbCircle
 10
1120.302718320014
 20
48.55606009379016
 30
0.0
 40
0.1000000000000428
100
AcDbArc
 50
270.0
 51
350.0000000000014
  0
LINE
  5
828E
330
6B
100
AcDbEntity
  8
14000_BOTTOM
100
AcDbLine
 10
1120.401199085914
 20
48.53869532899029
 30
0.0
 11
1120.421857101214
 21
48.65585256569033
 31
0.0
  0
ARC
  5
828F
330
6B
100
AcDbEntity
  8
14000_BOTTOM
100
AcDbCircle
 10
1122.634784584514
 20
48.55606009379016
 30
0.0
 40
0.0999999999999659
100
AcDbArc
 50
189.9999999999986
 51
270.0
  0
LWPOLYLINE
  5
8290
330
6B
100
AcDbEntity
  8
14000_BOTTOM
100
AcDbPolyline
 90
        3
 70
   128
 43
0.0
 10
1122.515645803314
 20
48.65585256569033
 10
1122.532141970814
 20
48.5622979534902
 10
1122.536303818514
 20
48.53869532899029
  0
DIMENSION
  5
8291
330
6B
100
AcDbEntity
  8
13100_DIM_TOP
100
AcDbDimension
  2
*D53
 10
1116.192380023423
 20
-88.69716547980644
 30
0.0
 11
1123.255732438745
 21
-88.69716547980644
 31
0.0
 70
   160
  1
<>
 71
     2
 42
13.39999958869976
  3
DIN_2.5_v001
100
AcDbAlignedDimension
 13
1129.592379612123
 23
-94.48775232455441
 33
0.0
 14
1116.192380023423
 24
-94.42525232455441
 34
0.0
100
AcDbRotatedDimension
  0
DIMENSION
  5
8292
330
6B
100
AcDbEntity
  8
13100_DIM_TOP
100
AcDbDimension
  2
*D54
 10
1129.743480795723
 20
-160.3228369477057
 30
0.0
 11
1123.39181867928
 21
-160.3228369477057
 31
0.0
 70
   160
  1
<>
 71
     2
 42
13.70000015990035
  3
DIN_2.5_v001
100
AcDbAlignedDimension
 13
1116.043480635823
 23
-151.3716351824545
 33
0.0
 14
1129.743480795723
 24
-151.4341354338537
 34
0.0
100
AcDbRotatedDimension
  0
TEXT
  5
8293
330
6B
100
AcDbEntity
  8
90000_FRAME
100
AcDbText
 10
1287.25897740216
 20
-181.2356648642224
 30
0.0
 40
3.5
  1
6GK59911AD008AA0_001
 41
0.7666666667000001
 51
0.000019
  7
TEXTSTYLE_5
100
AcDbText
  0
LWPOLYLINE
  5
8294
330
6B
100
AcDbEntity
  8
13000_TOP
100
AcDbPolyline
 90
        3
 70
   128
 43
0.0
 10
1121.708333282843
 20
-104.0917921830891
 10
1121.764755365544
 20
-104.071951286889
 10
1121.807833691244
 20
-104.062138872289
  0
LWPOLYLINE
  5
8295
330
6B
100
AcDbEntity
  8
13000_TOP
100
AcDbPolyline
 90
        3
 70
   128
 43
0.0
 10
1121.807833691244
 20
-104.062138872289
 10
1121.858015796344
 20
-104.053961860089
 10
1121.893069031744
 20
-104.051130639489
  0
LWPOLYLINE
  5
8296
330
6B
100
AcDbEntity
  8
13000_TOP
100
AcDbPolyline
 90
        3
 70
   128
 43
0.0
 10
1121.893069031744
 20
-104.051130639489
 10
1121.928899688744
 20
-104.050039129389
 10
1121.947051398544
 20
-104.0497671831891
  0
LWPOLYLINE
  5
8297
330
6B
100
AcDbEntity
  8
13000_TOP
100
AcDbPolyline
 90
        3
 70
   128
 43
0.0
 10
1121.947051398544
 20
-104.0497671831891
 10
1122.019699216044
 20
-104.0542487073891
 10
1122.098344168744
 20
-104.066281395089
  0
LWPOLYLINE
  5
8298
330
6B
100
AcDbEntity
  8
13000_TOP
100
AcDbPolyline
 90
        3
 70
   128
 43
0.0
 10
1122.098344168744
 20
-104.066281395089
 10
1122.150680539344
 20
-104.085243122689
 10
1122.191451920744
 20
-104.1062351334891
  0
LWPOLYLINE
  5
8299
330
6B
100
AcDbEntity
  8
13000_TOP
100
AcDbPolyline
 90
        3
 70
   128
 43
0.0
 10
1122.191451920744
 20
-104.1062351334891
 10
1122.243097715644
 20
-104.145030306689
 10
1122.280238743544
 20
-104.1833635438891
  0
LWPOLYLINE
  5
829A
330
6B
100
AcDbEntity
  8
13000_TOP
100
AcDbPolyline
 90
        3
 70
   128
 43
0.0
 10
1122.280238743544
 20
-104.1833635438891
 10
1122.313937370344
 20
-104.247177766689
 10
1122.328538762044
 20
-104.304584490189
  0
LWPOLYLINE
  5
829B
330
6B
100
AcDbEntity
  8
13000_TOP
100
AcDbPolyline
 90
        3
 70
   128
 43
0.0
 10
1122.328538762044
 20
-104.304584490189
 10
1122.337257804044
 20
-104.3851066399891
 10
1122.338482900643
 20
-104.4499006141891
  0
LINE
  5
829C
330
6B
100
AcDbEntity
  8
13000_TOP
100
AcDbLine
 10
1122.338482900643
 20
-104.4499006141891
 30
0.0
 11
1122.338482900643
 21
-104.589710759089
 31
0.0
  0
LINE
  5
829D
330
6B
100
AcDbEntity
  8
13000_TOP
100
AcDbLine
 10
1122.338482900643
 20
-104.589710759089
 30
0.0
 11
1121.526497905244
 21
-104.589710759089
 31
0.0
  0
LINE
  5
829E
330
6B
100
AcDbEntity
  8
13000_TOP
100
AcDbLine
 10
1121.526497905244
 20
-104.589710759089
 30
0.0
 11
1121.526497905244
 21
-104.418883847089
 31
0.0
  0
ARC
  5
829F
330
6B
100
AcDbEntity
  8
13000_TOP
100
AcDbCircle
 10
1121.875286565944
 20
-104.387502850189
 30
0.0
 40
0.3501975110898096
100
AcDbArc
 50
136.9093618393053
 51
185.1411378945016
  0
LWPOLYLINE
  5
82A0
330
6B
100
AcDbEntity
  8
13000_TOP
100
AcDbPolyline
 90
        3
 70
   128
 43
0.0
 10
1121.619546460143
 20
-104.148263858689
 10
1121.666991873744
 20
-104.1132275033891
 10
1121.708333282843
 20
-104.0917921830891
  0
LINE
  5
82A1
330
6B
100
AcDbEntity
  8
13000_TOP
100
AcDbLine
 10
1122.457753191844
 20
-104.730228709089
 30
0.0
 11
1121.407227614044
 21
-104.730228709089
 31
0.0
  0
LINE
  5
82A2
330
6B
100
AcDbEntity
  8
13000_TOP
100
AcDbLine
 10
1122.457753191844
 20
-104.4441003371891
 30
0.0
 11
1122.457753191844
 21
-104.730228709089
 31
0.0
  0
LWPOLYLINE
  5
82A3
330
6B
100
AcDbEntity
  8
13000_TOP
100
AcDbPolyline
 90
        3
 70
   128
 43
0.0
 10
1122.446388437044
 20
-104.237048702389
 10
1122.456253005744
 20
-104.348423706389
 10
1122.457753191844
 20
-104.4441003371891
  0
LWPOLYLINE
  5
82A4
330
6B
100
AcDbEntity
  8
13000_TOP
100
AcDbPolyline
 90
        3
 70
   128
 43
0.0
 10
1122.371807543244
 20
-104.069243000889
 10
1122.425298986644
 20
-104.1588399578891
 10
1122.446388437044
 20
-104.237048702389
  0
LWPOLYLINE
  5
82A5
330
6B
100
AcDbEntity
  8
13000_TOP
100
AcDbPolyline
 90
        3
 70
   128
 43
0.0
 10
1122.217673657144
 20
-103.9550628531891
 10
1122.318514995444
 20
-104.016641901889
 10
1122.371807543244
 20
-104.069243000889
  0
LWPOLYLINE
  5
82A6
330
6B
100
AcDbEntity
  8
13000_TOP
100
AcDbPolyline
 90
        3
 70
   128
 43
0.0
 10
1121.941369050344
 20
-103.9007257688891
 10
1122.112026170444
 20
-103.918465601289
 10
1122.217673657144
 20
-103.9550628531891
  0
LWPOLYLINE
  5
82A7
330
6B
100
AcDbEntity
  8
13000_TOP
100
AcDbPolyline
 90
        3
 70
   128
 43
0.0
 10
1121.544314455344
 20
-104.025735335489
 10
1121.753538865744
 20
-103.9231780935891
 10
1121.941369050344
 20
-103.9007257688891
  0
LWPOLYLINE
  5
82A8
330
6B
100
AcDbEntity
  8
13000_TOP
100
AcDbPolyline
 90
        3
 70
   128
 43
0.0
 10
1121.423564409044
 20
-104.219707475989
 10
1121.472282707844
 20
-104.1056577135891
 10
1121.544314455344
 20
-104.025735335489
  0
LWPOLYLINE
  5
82A9
330
6B
100
AcDbEntity
  8
13000_TOP
100
AcDbPolyline
 90
        3
 70
   128
 43
0.0
 10
1121.407227614044
 20
-104.435755686889
 10
1121.411650814243
 20
-104.315793888689
 10
1121.423564409044
 20
-104.219707475989
  0
LINE
  5
82AA
330
6B
100
AcDbEntity
  8
13000_TOP
100
AcDbLine
 10
1121.407227614044
 20
-104.730228709089
 30
0.0
 11
1121.407227614044
 21
-104.435755686889
 31
0.0
  0
LINE
  5
82AB
330
6B
100
AcDbEntity
  8
13000_TOP
100
AcDbLine
 10
1121.604968817144
 20
-106.621439384389
 30
0.0
 11
1121.445633145144
 21
-106.367363410089
 31
0.0
  0
LINE
  5
82AC
330
6B
100
AcDbEntity
  8
13000_TOP
100
AcDbLine
 10
1121.752074360944
 20
-106.621439384389
 30
0.0
 11
1121.604968817144
 21
-106.621439384389
 31
0.0
  0
LINE
  5
82AD
330
6B
100
AcDbEntity
  8
13000_TOP
100
AcDbLine
 10
1121.605140995344
 20
-106.3777010906891
 30
0.0
 11
1121.752074360944
 21
-106.621439384389
 31
0.0
  0
LINE
  5
82AE
330
6B
100
AcDbEntity
  8
13000_TOP
100
AcDbLine
 10
1122.461419517744
 20
-106.3777010906891
 30
0.0
 11
1121.605140995344
 21
-106.3777010906891
 31
0.0
  0
LINE
  5
82AF
330
6B
100
AcDbEntity
  8
13000_TOP
100
AcDbLine
 10
1122.461419517744
 20
-106.2361065317891
 30
0.0
 11
1122.461419517744
 21
-106.3777010906891
 31
0.0
  0
LINE
  5
82B0
330
6B
100
AcDbEntity
  8
13000_TOP
100
AcDbLine
 10
1121.445633145144
 20
-106.2361065317891
 30
0.0
 11
1122.461419517744
 21
-106.2361065317891
 31
0.0
  0
LINE
  5
82B1
330
6B
100
AcDbEntity
  8
13000_TOP
100
AcDbLine
 10
1121.445633145144
 20
-106.367363410089
 30
0.0
 11
1121.445633145144
 21
-106.2361065317891
 31
0.0
  0
LINE
  5
82B2
330
6B
100
AcDbEntity
  8
13000_TOP
100
AcDbLine
 10
1121.545885363744
 20
-105.484149234389
 30
0.0
 11
1122.066439327444
 21
-105.6951608527891
 31
0.0
  0
LINE
  5
82B3
330
6B
100
AcDbEntity
  8
13000_TOP
100
AcDbLine
 10
1122.066439327444
 20
-105.282782392589
 30
0.0
 11
1121.545885363744
 21
-105.484149234389
 31
0.0
  0
LINE
  5
82B4
330
6B
100
AcDbEntity
  8
13000_TOP
100
AcDbLine
 10
1122.066439327444
 20
-105.6951608527891
 30
0.0
 11
1122.066439327444
 21
-105.282782392589
 31
0.0
  0
LINE
  5
82B5
330
6B
100
AcDbEntity
  8
13000_TOP
100
AcDbLine
 10
1122.185295121844
 20
-105.2378255892891
 30
0.0
 11
1122.185295121844
 21
-105.743738638289
 31
0.0
  0
LINE
  5
82B6
330
6B
100
AcDbEntity
  8
13000_TOP
100
AcDbLine
 10
1122.461419517744
 20
-105.119830744389
 30
0.0
 11
1122.185295121844
 21
-105.2378255892891
 31
0.0
  0
LINE
  5
82B7
330
6B
100
AcDbEntity
  8
13000_TOP
100
AcDbLine
 10
1122.461419517744
 20
-104.955325650089
 30
0.0
 11
1122.461419517744
 21
-105.119830744389
 31
0.0
  0
LINE
  5
82B8
330
6B
100
AcDbEntity
  8
13000_TOP
100
AcDbLine
 10
1121.401191363244
 20
-105.396470801989
 30
0.0
 11
1122.461419517744
 21
-104.955325650089
 31
0.0
  0
LINE
  5
82B9
330
6B
100
AcDbEntity
  8
13000_TOP
100
AcDbLine
 10
1121.401191363244
 20
-105.5578764546891
 30
0.0
 11
1121.401191363244
 21
-105.396470801989
 31
0.0
  0
LINE
  5
82BA
330
6B
100
AcDbEntity
  8
13000_TOP
100
AcDbLine
 10
1122.461419517744
 20
-106.015900896889
 30
0.0
 11
1121.401191363244
 21
-105.5578764546891
 31
0.0
  0
LINE
  5
82BB
330
6B
100
AcDbEntity
  8
13000_TOP
100
AcDbLine
 10
1122.461419517744
 20
-105.860355125789
 30
0.0
 11
1122.461419517744
 21
-106.015900896889
 31
0.0
  0
LINE
  5
82BC
330
6B
100
AcDbEntity
  8
13000_TOP
100
AcDbLine
 10
1122.185295121844
 20
-105.743738638289
 30
0.0
 11
1122.461419517744
 21
-105.860355125789
 31
0.0
  0
LINE
  5
82BD
330
6B
100
AcDbEntity
  8
13000_TOP
100
AcDbLine
 10
1121.604968817144
 20
-108.0088976789891
 30
0.0
 11
1121.445633145144
 21
-107.754821704789
 31
0.0
  0
LINE
  5
82BE
330
6B
100
AcDbEntity
  8
13000_TOP
100
AcDbLine
 10
1121.752074360944
 20
-108.0088976789891
 30
0.0
 11
1121.604968817144
 21
-108.0088976789891
 31
0.0
  0
LINE
  5
82BF
330
6B
100
AcDbEntity
  8
13000_TOP
100
AcDbLine
 10
1121.605140995344
 20
-107.765155660089
 30
0.0
 11
1121.752074360944
 21
-108.0088976789891
 31
0.0
  0
LINE
  5
82C0
330
6B
100
AcDbEntity
  8
13000_TOP
100
AcDbLine
 10
1122.461419517744
 20
-107.765155660089
 30
0.0
 11
1121.605140995344
 21
-107.765155660089
 31
0.0
  0
LINE
  5
82C1
330
6B
100
AcDbEntity
  8
13000_TOP
100
AcDbLine
 10
1122.461419517744
 20
-107.6235611010891
 30
0.0
 11
1122.461419517744
 21
-107.765155660089
 31
0.0
  0
LINE
  5
82C2
330
6B
100
AcDbEntity
  8
13000_TOP
100
AcDbLine
 10
1121.445633145144
 20
-107.6235611010891
 30
0.0
 11
1122.461419517744
 21
-107.6235611010891
 31
0.0
  0
LINE
  5
82C3
330
6B
100
AcDbEntity
  8
13000_TOP
100
AcDbLine
 10
1121.445633145144
 20
-107.754821704789
 30
0.0
 11
1121.445633145144
 21
-107.6235611010891
 31
0.0
  0
LINE
  5
82C4
330
6B
100
AcDbEntity
  8
13000_TOP
100
AcDbLine
 10
1122.019930533244
 20
-106.850351022589
 30
0.0
 11
1122.019930533244
 21
-107.229656355489
 31
0.0
  0
LINE
  5
82C5
330
6B
100
AcDbEntity
  8
13000_TOP
100
AcDbLine
 10
1122.131551639344
 20
-106.850351022589
 30
0.0
 11
1122.019930533244
 21
-106.850351022589
 31
0.0
  0
LINE
  5
82C6
330
6B
100
AcDbEntity
  8
13000_TOP
100
AcDbLine
 10
1122.131551639344
 20
-107.229656355489
 30
0.0
 11
1122.131551639344
 21
-106.850351022589
 31
0.0
  0
LINE
  5
82C7
330
6B
100
AcDbEntity
  8
13000_TOP
100
AcDbLine
 10
1122.019930533244
 20
-107.229656355489
 30
0.0
 11
1122.131551639344
 21
-107.229656355489
 31
0.0
  0
LWPOLYLINE
  5
82C8
330
6B
100
AcDbEntity
  8
13000_TOP
100
AcDbPolyline
 90
        3
 70
   128
 43
0.0
 10
1122.227842069844
 20
-103.512457387589
 10
1122.282181598844
 20
-103.485508637589
 10
1122.325338272044
 20
-103.4504462052891
  0
LINE
  5
82C9
330
6B
100
AcDbEntity
  8
13000_TOP
100
AcDbLine
 10
1122.095894906844
 20
-103.5412240792891
 30
0.0
 11
1122.227842069844
 21
-103.512457387589
 31
0.0
  0
LINE
  5
82CA
330
6B
100
AcDbEntity
  8
13000_TOP
100
AcDbLine
 10
1121.956713055344
 20
-103.5501834023891
 30
0.0
 11
1122.095894906844
 21
-103.5412240792891
 31
0.0
  0
LINE
  5
82CB
330
6B
100
AcDbEntity
  8
13000_TOP
100
AcDbLine
 10
1121.656989702144
 20
-103.506601231189
 30
0.0
 11
1121.956713055344
 21
-103.5501834023891
 31
0.0
  0
ARC
  5
82CC
330
6B
100
AcDbEntity
  8
13000_TOP
100
AcDbCircle
 10
1121.707174847444
 20
-103.3510692860891
 30
0.0
 40
0.1634280721146369
100
AcDbArc
 50
178.3048912261008
 51
252.1167823144018
  0
ARC
  5
82CD
330
6B
100
AcDbEntity
  8
13000_TOP
100
AcDbCircle
 10
1121.711409940444
 20
-103.341516962589
 30
0.0
 40
0.1676580432052964
100
AcDbArc
 50
108.9407783152002
 51
181.6125415714014
  0
LINE
  5
82CE
330
6B
100
AcDbEntity
  8
13000_TOP
100
AcDbLine
 10
1121.956713055344
 20
-103.141593562489
 30
0.0
 11
1121.656989702144
 21
-103.182936834189
 31
0.0
  0
LINE
  5
82CF
330
6B
100
AcDbEntity
  8
13000_TOP
100
AcDbLine
 10
1122.095894906844
 20
-103.1474497188891
 30
0.0
 11
1121.956713055344
 21
-103.141593562489
 31
0.0
  0
LINE
  5
82D0
330
6B
100
AcDbEntity
  8
13000_TOP
100
AcDbLine
 10
1122.227842069844
 20
-103.177769856589
 30
0.0
 11
1122.095894906844
 21
-103.1474497188891
 31
0.0
  0
LINE
  5
82D1
330
6B
100
AcDbEntity
  8
13000_TOP
100
AcDbLine
 10
1122.280896548344
 20
-103.2020550239891
 30
0.0
 11
1122.227842069844
 21
-103.177769856589
 31
0.0
  0
LINE
  5
82D2
330
6B
100
AcDbEntity
  8
13000_TOP
100
AcDbLine
 10
1122.325338272044
 20
-103.2384026814891
 30
0.0
 11
1122.280896548344
 21
-103.2020550239891
 31
0.0
  0
ARC
  5
82D3
330
6B
100
AcDbEntity
  8
13000_TOP
100
AcDbCircle
 10
1122.201961888044
 20
-103.344424443389
 30
0.0
 40
0.1626725118589098
100
AcDbArc
 50
319.3263474723967
 51
40.67365252760335
  0
LINE
  5
82D4
330
6B
100
AcDbEntity
  8
13000_TOP
100
AcDbLine
 10
1121.778946160444
 20
-103.004309164389
 30
0.0
 11
1122.122422116944
 21
-103.0086155999891
 31
0.0
  0
LINE
  5
82D5
330
6B
100
AcDbEntity
  8
13000_TOP
100
AcDbLine
 10
1121.609791903844
 20
-103.0521940458891
 30
0.0
 11
1121.778946160444
 21
-103.004309164389
 31
0.0
  0
LWPOLYLINE
  5
82D6
330
6B
100
AcDbEntity
  8
13000_TOP
100
AcDbPolyline
 90
        3
 70
   128
 43
0.0
 10
1121.476466674444
 20
-103.1569268573891
 10
1121.536331856744
 20
-103.0960556138891
 10
1121.609791903844
 20
-103.0521940458891
  0
LWPOLYLINE
  5
82D7
330
6B
100
AcDbEntity
  8
13000_TOP
100
AcDbPolyline
 90
        3
 70
   128
 43
0.0
 10
1121.423412254244
 20
-103.3458884824891
 10
1121.437453222544
 20
-103.2394420374891
 10
1121.476466674444
 20
-103.1569268573891
  0
LWPOLYLINE
  5
82D8
330
6B
100
AcDbEntity
  8
13000_TOP
100
AcDbPolyline
 90
        3
 70
   128
 43
0.0
 10
1121.476466674444
 20
-103.530200945289
 10
1121.437453222544
 20
-103.4492317605891
 10
1121.423412254244
 20
-103.3458884824891
  0
LWPOLYLINE
  5
82D9
330
6B
100
AcDbEntity
  8
13000_TOP
100
AcDbPolyline
 90
        3
 70
   128
 43
0.0
 10
1121.609791903844
 20
-103.637172656189
 10
1121.536282147444
 20
-103.5924728978891
 10
1121.476466674444
 20
-103.530200945289
  0
LINE
  5
82DA
330
6B
100
AcDbEntity
  8
13000_TOP
100
AcDbLine
 10
1121.778946160444
 20
-103.6836791802891
 30
0.0
 11
1121.609791903844
 21
-103.637172656189
 31
0.0
  0
LINE
  5
82DB
330
6B
100
AcDbEntity
  8
13000_TOP
100
AcDbLine
 10
1122.122422116944
 20
-103.6807511020891
 30
0.0
 11
1121.778946160444
 21
-103.6836791802891
 31
0.0
  0
LINE
  5
82DC
330
6B
100
AcDbEntity
  8
13000_TOP
100
AcDbLine
 10
1122.298638767244
 20
-103.6299381423891
 30
0.0
 11
1122.122422116944
 21
-103.6807511020891
 31
0.0
  0
LWPOLYLINE
  5
82DD
330
6B
100
AcDbEntity
  8
13000_TOP
100
AcDbPolyline
 90
        3
 70
   128
 43
0.0
 10
1122.429207863844
 20
-103.5222772527891
 10
1122.371430066544
 20
-103.5839159060891
 10
1122.298638767244
 20
-103.6299381423891
  0
LWPOLYLINE
  5
82DE
330
6B
100
AcDbEntity
  8
13000_TOP
100
AcDbPolyline
 90
        3
 70
   128
 43
0.0
 10
1122.483640408744
 20
-103.346234934489
 10
1122.469255665944
 20
-103.4436997044891
 10
1122.429207863844
 20
-103.5222772527891
  0
LWPOLYLINE
  5
82DF
330
6B
100
AcDbEntity
  8
13000_TOP
100
AcDbPolyline
 90
        3
 70
   128
 43
0.0
 10
1122.429207863844
 20
-103.1674321759891
 10
1122.469256306144
 20
-103.246829288089
 10
1122.483640408744
 20
-103.346234934489
  0
LWPOLYLINE
  5
82E0
330
6B
100
AcDbEntity
  8
13000_TOP
100
AcDbPolyline
 90
        3
 70
   128
 43
0.0
 10
1122.298638767244
 20
-103.0618388224891
 10
1122.371573955843
 20
-103.1071532536891
 10
1122.429207863844
 20
-103.1674321759891
  0
LINE
  5
82E1
330
6B
100
AcDbEntity
  8
13000_TOP
100
AcDbLine
 10
1122.122422116944
 20
-103.0086155999891
 30
0.0
 11
1122.298638767244
 21
-103.0618388224891
 31
0.0
  0
ARC
  5
82E2
330
6B
100
AcDbEntity
  8
13000_TOP
100
AcDbCircle
 10
1121.711411993544
 20
-97.98741195928911
 30
0.0
 40
0.1676600554997943
100
AcDbArc
 50
108.941284125999
 51
181.6120357606015
  0
LINE
  5
82E3
330
6B
100
AcDbEntity
  8
13000_TOP
100
AcDbLine
 10
1121.956713055344
 20
-97.7874908615891
 30
0.0
 11
1121.656989702144
 21
-97.82883040798902
 31
0.0
  0
LINE
  5
82E4
330
6B
100
AcDbEntity
  8
13000_TOP
100
AcDbLine
 10
1122.095894906844
 20
-97.79334701788911
 30
0.0
 11
1121.956713055344
 21
-97.7874908615891
 31
0.0
  0
LINE
  5
82E5
330
6B
100
AcDbEntity
  8
13000_TOP
100
AcDbLine
 10
1122.227842069844
 20
-97.82366343038901
 30
0.0
 11
1122.095894906844
 21
-97.79334701788911
 31
0.0
  0
LINE
  5
82E6
330
6B
100
AcDbEntity
  8
13000_TOP
100
AcDbLine
 10
1122.280896548344
 20
-97.84795232308903
 30
0.0
 11
1122.227842069844
 21
-97.82366343038901
 31
0.0
  0
LINE
  5
82E7
330
6B
100
AcDbEntity
  8
13000_TOP
100
AcDbLine
 10
1122.325338272044
 20
-97.8842962551891
 30
0.0
 11
1122.280896548344
 21
-97.84795232308903
 31
0.0
  0
ARC
  5
82E8
330
6B
100
AcDbEntity
  8
13000_TOP
100
AcDbCircle
 10
1122.201951718844
 20
-97.99031987978901
 30
0.0
 40
0.1626814385770039
100
AcDbArc
 50
319.3281841996993
 51
40.67181580030069
  0
LWPOLYLINE
  5
82E9
330
6B
100
AcDbEntity
  8
13000_TOP
100
AcDbPolyline
 90
        3
 70
   128
 43
0.0
 10
1122.227842069844
 20
-98.15835468658903
 10
1122.282181598844
 20
-98.13140593658904
 10
1122.325338272044
 20
-98.09634350428902
  0
LINE
  5
82EA
330
6B
100
AcDbEntity
  8
13000_TOP
100
AcDbLine
 10
1122.095894906844
 20
-98.18712137828903
 30
0.0
 11
1122.227842069844
 21
-98.15835468658903
 31
0.0
  0
LINE
  5
82EB
330
6B
100
AcDbEntity
  8
13000_TOP
100
AcDbLine
 10
1121.956713055344
 20
-98.196076976189
 30
0.0
 11
1122.095894906844
 21
-98.18712137828903
 31
0.0
  0
LINE
  5
82EC
330
6B
100
AcDbEntity
  8
13000_TOP
100
AcDbLine
 10
1121.656989702144
 20
-98.15249853028911
 30
0.0
 11
1121.956713055344
 21
-98.196076976189
 31
0.0
  0
ARC
  5
82ED
330
6B
100
AcDbEntity
  8
13000_TOP
100
AcDbCircle
 10
1121.707177075944
 20
-97.99696490018902
 30
0.0
 40
0.1634303600209304
100
AcDbArc
 50
178.3041993540986
 51
252.1162201828976
  0
LINE
  5
82EE
330
6B
100
AcDbEntity
  8
13000_TOP
100
AcDbLine
 10
1122.298638767244
 20
-98.27583171618904
 30
0.0
 11
1122.122422116944
 21
-98.32664840118903
 31
0.0
  0
LWPOLYLINE
  5
82EF
330
6B
100
AcDbEntity
  8
13000_TOP
100
AcDbPolyline
 90
        3
 70
   128
 43
0.0
 10
1122.429207863844
 20
-98.16817455188903
 10
1122.371430066544
 20
-98.22981320508901
 10
1122.298638767244
 20
-98.27583171618904
  0
LWPOLYLINE
  5
82F0
330
6B
100
AcDbEntity
  8
13000_TOP
100
AcDbPolyline
 90
        3
 70
   128
 43
0.0
 10
1122.483640408744
 20
-97.99212850818912
 10
1122.469255665944
 20
-98.08959700358911
 10
1122.429207863844
 20
-98.16817455188903
  0
LWPOLYLINE
  5
82F1
330
6B
100
AcDbEntity
  8
13000_TOP
100
AcDbPolyline
 90
        3
 70
   128
 43
0.0
 10
1122.429207863844
 20
-97.813329475089
 10
1122.469256306144
 20
-97.89272286188902
 10
1122.483640408744
 20
-97.99212850818912
  0
LWPOLYLINE
  5
82F2
330
6B
100
AcDbEntity
  8
13000_TOP
100
AcDbPolyline
 90
        3
 70
   128
 43
0.0
 10
1122.298638767244
 20
-97.70773612158912
 10
1122.371573955843
 20
-97.75305055268901
 10
1122.429207863844
 20
-97.813329475089
  0
LINE
  5
82F3
330
6B
100
AcDbEntity
  8
13000_TOP
100
AcDbLine
 10
1122.122422116944
 20
-97.65450917378911
 30
0.0
 11
1122.298638767244
 21
-97.70773612158912
 31
0.0
  0
LINE
  5
82F4
330
6B
100
AcDbEntity
  8
13000_TOP
100
AcDbLine
 10
1121.778946160444
 20
-97.65020273818912
 30
0.0
 11
1122.122422116944
 21
-97.65450917378911
 31
0.0
  0
LINE
  5
82F5
330
6B
100
AcDbEntity
  8
13000_TOP
100
AcDbLine
 10
1121.609791903844
 20
-97.69809134498911
 30
0.0
 11
1121.778946160444
 21
-97.65020273818912
 31
0.0
  0
LWPOLYLINE
  5
82F6
330
6B
100
AcDbEntity
  8
13000_TOP
100
AcDbPolyline
 90
        3
 70
   128
 43
0.0
 10
1121.476466674444
 20
-97.80282043108911
 10
1121.536331856744
 20
-97.74194918768902
 10
1121.609791903844
 20
-97.69809134498911
  0
LWPOLYLINE
  5
82F7
330
6B
100
AcDbEntity
  8
13000_TOP
100
AcDbPolyline
 90
        3
 70
   128
 43
0.0
 10
1121.423412254244
 20
-97.99178578148911
 10
1121.437453222544
 20
-97.88533933648913
 10
1121.476466674444
 20
-97.80282043108911
  0
LWPOLYLINE
  5
82F8
330
6B
100
AcDbEntity
  8
13000_TOP
100
AcDbPolyline
 90
        3
 70
   128
 43
0.0
 10
1121.476466674444
 20
-98.17609824428911
 10
1121.437453222544
 20
-98.09512905968913
 10
1121.423412254244
 20
-97.99178578148911
  0
LWPOLYLINE
  5
82F9
330
6B
100
AcDbEntity
  8
13000_TOP
100
AcDbPolyline
 90
        3
 70
   128
 43
0.0
 10
1121.609791903844
 20
-98.28306622998912
 10
1121.536282147444
 20
-98.23836647168912
 10
1121.476466674444
 20
-98.17609824428911
  0
LINE
  5
82FA
330
6B
100
AcDbEntity
  8
13000_TOP
100
AcDbLine
 10
1121.778946160444
 20
-98.3295764792891
 30
0.0
 11
1121.609791903844
 21
-98.28306622998912
 31
0.0
  0
LINE
  5
82FB
330
6B
100
AcDbEntity
  8
13000_TOP
100
AcDbLine
 10
1122.122422116944
 20
-98.32664840118903
 30
0.0
 11
1121.778946160444
 21
-98.3295764792891
 31
0.0
  0
LINE
  5
82FC
330
6B
100
AcDbEntity
  8
13000_TOP
100
AcDbLine
 10
1121.545885363744
 20
-98.99137802608912
 30
0.0
 11
1122.066439327444
 21
-99.20238964448902
 31
0.0
  0
LINE
  5
82FD
330
6B
100
AcDbEntity
  8
13000_TOP
100
AcDbLine
 10
1122.066439327444
 20
-98.79001490958911
 30
0.0
 11
1121.545885363744
 21
-98.99137802608912
 31
0.0
  0
LINE
  5
82FE
330
6B
100
AcDbEntity
  8
13000_TOP
100
AcDbLine
 10
1122.066439327444
 20
-99.20238964448902
 30
0.0
 11
1122.066439327444
 21
-98.79001490958911
 31
0.0
  0
LINE
  5
82FF
330
6B
100
AcDbEntity
  8
13000_TOP
100
AcDbLine
 10
1122.185295121844
 20
-98.74505438098911
 30
0.0
 11
1122.185295121844
 21
-99.25096742998912
 31
0.0
  0
LINE
  5
8300
330
6B
100
AcDbEntity
  8
13000_TOP
100
AcDbLine
 10
1122.461419517744
 20
-98.62705953608912
 30
0.0
 11
1122.185295121844
 21
-98.74505438098911
 31
0.0
  0
LINE
  5
8301
330
6B
100
AcDbEntity
  8
13000_TOP
100
AcDbLine
 10
1122.461419517744
 20
-98.46255816708913
 30
0.0
 11
1122.461419517744
 21
-98.62705953608912
 31
0.0
  0
LINE
  5
8302
330
6B
100
AcDbEntity
  8
13000_TOP
100
AcDbLine
 10
1121.401191363244
 20
-98.90369959368904
 30
0.0
 11
1122.461419517744
 21
-98.46255816708913
 31
0.0
  0
LINE
  5
8303
330
6B
100
AcDbEntity
  8
13000_TOP
100
AcDbLine
 10
1121.401191363244
 20
-99.06510524638912
 30
0.0
 11
1121.401191363244
 21
-98.90369959368904
 31
0.0
  0
LINE
  5
8304
330
6B
100
AcDbEntity
  8
13000_TOP
100
AcDbLine
 10
1122.461419517744
 20
-99.52312968858912
 30
0.0
 11
1121.401191363244
 21
-99.06510524638912
 31
0.0
  0
LINE
  5
8305
330
6B
100
AcDbEntity
  8
13000_TOP
100
AcDbLine
 10
1122.461419517744
 20
-99.36758391748909
 30
0.0
 11
1122.461419517744
 21
-99.52312968858912
 31
0.0
  0
LINE
  5
8306
330
6B
100
AcDbEntity
  8
13000_TOP
100
AcDbLine
 10
1122.185295121844
 20
-99.25096742998912
 30
0.0
 11
1122.461419517744
 21
-99.36758391748909
 31
0.0
  0
LINE
  5
8307
330
6B
100
AcDbEntity
  8
13000_TOP
100
AcDbLine
 10
1122.185295121844
 20
-100.378031658089
 30
0.0
 11
1122.185295121844
 21
-99.87211860908903
 31
0.0
  0
LINE
  5
8308
330
6B
100
AcDbEntity
  8
13000_TOP
100
AcDbLine
 10
1122.461419517744
 20
-100.4946481455891
 30
0.0
 11
1122.185295121844
 21
-100.378031658089
 31
0.0
  0
LINE
  5
8309
330
6B
100
AcDbEntity
  8
13000_TOP
100
AcDbLine
 10
1122.461419517744
 20
-100.650193916689
 30
0.0
 11
1122.461419517744
 21
-100.4946481455891
 31
0.0
  0
LINE
  5
830A
330
6B
100
AcDbEntity
  8
13000_TOP
100
AcDbLine
 10
1121.401191363244
 20
-100.192165749189
 30
0.0
 11
1122.461419517744
 21
-100.650193916689
 31
0.0
  0
LINE
  5
830B
330
6B
100
AcDbEntity
  8
13000_TOP
100
AcDbLine
 10
1121.401191363244
 20
-100.0307638216891
 30
0.0
 11
1121.401191363244
 21
-100.192165749189
 31
0.0
  0
LINE
  5
830C
330
6B
100
AcDbEntity
  8
13000_TOP
100
AcDbLine
 10
1122.461419517744
 20
-99.58961866988904
 30
0.0
 11
1121.401191363244
 21
-100.0307638216891
 31
0.0
  0
LINE
  5
830D
330
6B
100
AcDbEntity
  8
13000_TOP
100
AcDbLine
 10
1122.461419517744
 20
-99.75412376418901
 30
0.0
 11
1122.461419517744
 21
-99.58961866988904
 31
0.0
  0
LINE
  5
830E
330
6B
100
AcDbEntity
  8
13000_TOP
100
AcDbLine
 10
1122.185295121844
 20
-99.87211860908903
 30
0.0
 11
1122.461419517744
 21
-99.75412376418901
 31
0.0
  0
LINE
  5
830F
330
6B
100
AcDbEntity
  8
13000_TOP
100
AcDbLine
 10
1122.066439327444
 20
-99.91707541238913
 30
0.0
 11
1122.066439327444
 21
-100.329453872589
 31
0.0
  0
LINE
  5
8310
330
6B
100
AcDbEntity
  8
13000_TOP
100
AcDbLine
 10
1121.545885363744
 20
-100.1184422541891
 30
0.0
 11
1122.066439327444
 21
-99.91707541238913
 31
0.0
  0
LINE
  5
8311
330
6B
100
AcDbEntity
  8
13000_TOP
100
AcDbLine
 10
1122.066439327444
 20
-100.329453872589
 30
0.0
 11
1121.545885363744
 21
-100.1184422541891
 31
0.0
  0
ARC
  5
8312
330
6B
100
AcDbEntity
  8
13000_TOP
100
AcDbCircle
 10
1122.104352652244
 20
-101.112007128689
 30
0.0
 40
0.2626737786161042
100
AcDbArc
 50
336.5444892070016
 51
23.45646771309988
  0
LWPOLYLINE
  5
8313
330
6B
100
AcDbEntity
  8
13000_TOP
100
AcDbPolyline
 90
        3
 70
   128
 43
0.0
 10
1122.298811003644
 20
-101.2816790510891
 10
1122.325235128044
 20
-101.253091173289
 10
1122.345321544144
 20
-101.216560976589
  0
LWPOLYLINE
  5
8314
330
6B
100
AcDbEntity
  8
13000_TOP
100
AcDbPolyline
 90
        3
 70
   128
 43
0.0
 10
1122.235596960044
 20
-101.3135451842891
 10
1122.268176428144
 20
-101.3012219239891
 10
1122.298811003644
 20
-101.2816790510891
  0
ARC
  5
8315
330
6B
100
AcDbEntity
  8
13000_TOP
100
AcDbCircle
 10
1122.173488625644
 20
-101.145233231689
 30
0.0
 40
0.1794055700973875
100
AcDbArc
 50
221.1323452912029
 51
290.2544275252989
  0
ARC
  5
8316
330
6B
100
AcDbEntity
  8
13000_TOP
100
AcDbCircle
 10
1122.199723712644
 20
-101.1269765371891
 30
0.0
 40
0.211204008547602
100
AcDbArc
 50
176.4511612880002
 51
220.1810101750045
  0
LWPOLYLINE
  5
8317
330
6B
100
AcDbEntity
  8
13000_TOP
100
AcDbPolyline
 90
        3
 70
   128
 43
0.0
 10
1122.038361756244
 20
-100.9607676435891
 10
1122.001283941944
 20
-101.027912275889
 10
1121.988924709244
 20
-101.113903151889
  0
ARC
  5
8318
330
6B
100
AcDbEntity
  8
13000_TOP
100
AcDbCircle
 10
1122.169405478444
 20
-101.080391779089
 30
0.0
 40
0.1774327785910794
100
AcDbArc
 50
88.03916000599903
 51
137.6084000211994
  0
LWPOLYLINE
  5
8319
330
6B
100
AcDbEntity
  8
13000_TOP
100
AcDbPolyline
 90
        3
 70
   128
 43
0.0
 10
1122.298808035144
 20
-100.9437132645891
 10
1122.237036842944
 20
-100.912450628389
 10
1122.175476595444
 20
-100.903062896889
  0
LWPOLYLINE
  5
831A
330
6B
100
AcDbEntity
  8
13000_TOP
100
AcDbPolyline
 90
        3
 70
   128
 43
0.0
 10
1122.345319797844
 20
-101.007449256289
 10
1122.325255326144
 20
-100.9713176656891
 10
1122.298808035144
 20
-100.9437132645891
  0
ARC
  5
831B
330
6B
100
AcDbEntity
  8
13000_TOP
100
AcDbCircle
 10
1121.795687054244
 20
-101.1393829264891
 30
0.0
 40
0.3731695602847622
100
AcDbArc
 50
176.0315155796987
 51
217.6093131999976
  0
ARC
  5
831C
330
6B
100
AcDbEntity
  8
13000_TOP
100
AcDbCircle
 10
1121.687133612744
 20
-101.224530425389
 30
0.0
 40
0.2352143505030559
100
AcDbArc
 50
217.3156159725004
 51
309.3607842332007
  0
LWPOLYLINE
  5
831D
330
6B
100
AcDbEntity
  8
13000_TOP
100
AcDbPolyline
 90
        3
 70
   128
 43
0.0
 10
1121.925880340944
 20
-101.2470636535891
 10
1121.891757496744
 20
-101.3407621551891
 10
1121.836306899943
 20
-101.406390594389
  0
LINE
  5
831E
330
6B
100
AcDbEntity
  8
13000_TOP
100
AcDbLine
 10
1121.943104919144
 20
-101.307342575889
 30
0.0
 11
1121.925880923044
 21
-101.2470636535891
 31
0.0
  0
LINE
  5
831F
330
6B
100
AcDbEntity
  8
13000_TOP
100
AcDbLine
 10
1121.985479630644
 20
-101.3826195169891
 30
0.0
 11
1121.943104919144
 21
-101.307342575889
 31
0.0
  0
LWPOLYLINE
  5
8320
330
6B
100
AcDbEntity
  8
13000_TOP
100
AcDbPolyline
 90
        3
 70
   128
 43
0.0
 10
1122.060754941943
 20
-101.446009056689
 10
1122.018275573044
 20
-101.4172311891891
 10
1121.985479630644
 20
-101.3826195169891
  0
LWPOLYLINE
  5
8321
330
6B
100
AcDbEntity
  8
13000_TOP
100
AcDbPolyline
 90
        3
 70
   128
 43
0.0
 10
1122.182539047344
 20
-101.4747757483891
 10
1122.114525199944
 20
-101.467585938089
 10
1122.060754941943
 20
-101.446009056689
  0
ARC
  5
8322
330
6B
100
AcDbEntity
  8
13000_TOP
100
AcDbCircle
 10
1122.185537081244
 20
-101.1917984839891
 30
0.0
 40
0.2829931454771939
100
AcDbArc
 50
269.3929962445988
 51
314.9461240560012
  0
ARC
  5
8323
330
6B
100
AcDbEntity
  8
13000_TOP
100
AcDbCircle
 10
1122.139256310844
 20
-101.1487768992891
 30
0.0
 40
0.3461453236788949
100
AcDbArc
 50
315.3374234965014
 51
5.782294892200119
  0
ARC
  5
8324
330
6B
100
AcDbEntity
  8
13000_TOP
100
AcDbCircle
 10
1122.136911615144
 20
-101.078496878689
 30
0.0
 40
0.3485318643384184
100
AcDbArc
 50
354.1694411728991
 51
44.51100393749936
  0
LWPOLYLINE
  5
8325
330
6B
100
AcDbEntity
  8
13000_TOP
100
AcDbPolyline
 90
        3
 70
   128
 43
0.0
 10
1122.182539047344
 20
-100.7523376513891
 10
1122.289296495844
 20
-100.7720183599891
 10
1122.385455202444
 20
-100.8341599274891
  0
LWPOLYLINE
  5
8326
330
6B
100
AcDbEntity
  8
13000_TOP
100
AcDbPolyline
 90
        3
 70
   128
 43
0.0
 10
1122.060754941943
 20
-100.7780049014891
 10
1122.114300343844
 20
-100.758756326589
 10
1122.182539047344
 20
-100.7523376513891
  0
LWPOLYLINE
  5
8327
330
6B
100
AcDbEntity
  8
13000_TOP
100
AcDbPolyline
 90
        3
 70
   128
 43
0.0
 10
1121.985479630644
 20
-100.841565804589
 10
1122.018221789144
 20
-100.8068535495891
 10
1122.060754941943
 20
-100.7780049014891
  0
LINE
  5
8328
330
6B
100
AcDbEntity
  8
13000_TOP
100
AcDbLine
 10
1121.943104919144
 20
-100.9168427456891
 30
0.0
 11
1121.985479630644
 21
-100.841565804589
 31
0.0
  0
LINE
  5
8329
330
6B
100
AcDbEntity
  8
13000_TOP
100
AcDbLine
 10
1121.925878711144
 20
-100.980224834789
 30
0.0
 11
1121.943104919144
 21
-100.9168427456891
 31
0.0
  0
LWPOLYLINE
  5
832A
330
6B
100
AcDbEntity
  8
13000_TOP
100
AcDbPolyline
 90
        3
 70
   128
 43
0.0
 10
1121.836306899943
 20
-100.818483905889
 10
1121.891745971644
 20
-100.884838776689
 10
1121.925878245544
 20
-100.980224834789
  0
LWPOLYLINE
  5
832B
330
6B
100
AcDbEntity
  8
13000_TOP
100
AcDbPolyline
 90
        3
 70
   128
 43
0.0
 10
1121.695058094444
 20
-100.7676709462891
 10
1121.768751554344
 20
-100.780374186189
 10
1121.836306899943
 20
-100.818483905889
  0
ARC
  5
832C
330
6B
100
AcDbEntity
  8
13000_TOP
100
AcDbCircle
 10
1121.691955173344
 20
-101.016116036589
 30
0.0
 40
0.2484644663882027
100
AcDbArc
 50
89.28444936529929
 51
140.5610149499945
  0
ARC
  5
832D
330
6B
100
AcDbEntity
  8
13000_TOP
100
AcDbCircle
 10
1121.796326327844
 20
-101.0863845903891
 30
0.0
 40
0.3739027010304072
100
AcDbArc
 50
142.4053749441009
 51
184.1674499449998
  0
ARC
  5
832E
330
6B
100
AcDbEntity
  8
13000_TOP
100
AcDbCircle
 10
1121.700857925044
 20
-101.1697269351891
 30
0.0
 40
0.1450472581834255
100
AcDbArc
 50
269.001729274596
 51
323.6664060374953
  0
ARC
  5
832F
330
6B
100
AcDbEntity
  8
13000_TOP
100
AcDbCircle
 10
1121.695618460244
 20
-101.160363029289
 30
0.0
 40
0.1544129739927021
100
AcDbArc
 50
220.9303083014014
 51
271.0065093833985
  0
ARC
  5
8330
330
6B
100
AcDbEntity
  8
13000_TOP
100
AcDbCircle
 10
1121.739402064544
 20
-101.129597815189
 30
0.0
 40
0.2077186091265958
100
AcDbArc
 50
175.6667542279991
 51
219.4293038593004
  0
ARC
  5
8331
330
6B
100
AcDbEntity
  8
13000_TOP
100
AcDbCircle
 10
1121.755990787644
 20
-101.0999722217891
 30
0.0
 40
0.2241468889327808
100
AcDbArc
 50
142.1693145103019
 51
183.5632805729
  0
ARC
  5
8332
330
6B
100
AcDbEntity
  8
13000_TOP
100
AcDbCircle
 10
1121.694515332044
 20
-101.069941968489
 30
0.0
 40
0.1577945227138692
100
AcDbArc
 50
88.61442585880077
 51
137.0842525566992
  0
ARC
  5
8333
330
6B
100
AcDbEntity
  8
13000_TOP
100
AcDbCircle
 10
1121.701556691444
 20
-101.0602928369891
 30
0.0
 40
0.1481343808374627
100
AcDbArc
 50
38.36589756179728
 51
91.24778650550151
  0
LWPOLYLINE
  5
8334
330
6B
100
AcDbEntity
  8
13000_TOP
100
AcDbPolyline
 90
        3
 70
   128
 43
0.0
 10
1121.862834226444
 20
-101.113903151889
 10
1121.851551486344
 20
-101.0328445602891
 10
1121.817703382244
 20
-100.9683486092891
  0
LWPOLYLINE
  5
8335
330
6B
100
AcDbEntity
  8
13000_TOP
100
AcDbPolyline
 90
        3
 70
   128
 43
0.0
 10
1121.817705244844
 20
-101.2556653488891
 10
1121.851551951944
 20
-101.1928904820891
 10
1121.862834226444
 20
-101.113903151889
  0
LINE
  5
8336
330
6B
100
AcDbEntity
  8
13000_TOP
100
AcDbLine
 10
1122.131551639344
 20
-101.611892508389
 30
0.0
 11
1122.019930533244
 21
-101.611892508389
 31
0.0
  0
LINE
  5
8337
330
6B
100
AcDbEntity
  8
13000_TOP
100
AcDbLine
 10
1122.019930533244
 20
-101.611892508389
 30
0.0
 11
1122.019930533244
 21
-101.9911941159891
 31
0.0
  0
LINE
  5
8338
330
6B
100
AcDbEntity
  8
13000_TOP
100
AcDbLine
 10
1122.019930533244
 20
-101.9911941159891
 30
0.0
 11
1122.131551639344
 21
-101.9911941159891
 31
0.0
  0
LINE
  5
8339
330
6B
100
AcDbEntity
  8
13000_TOP
100
AcDbLine
 10
1122.131551639344
 20
-101.9911941159891
 30
0.0
 11
1122.131551639344
 21
-101.611892508389
 31
0.0
  0
LINE
  5
833A
330
6B
100
AcDbEntity
  8
13000_TOP
100
AcDbLine
 10
1121.956713055344
 20
-102.705365793789
 30
0.0
 11
1122.095894906844
 21
-102.6964064706891
 31
0.0
  0
LINE
  5
833B
330
6B
100
AcDbEntity
  8
13000_TOP
100
AcDbLine
 10
1122.095894906844
 20
-102.6964064706891
 30
0.0
 11
1122.227842069844
 21
-102.6676397789891
 31
0.0
  0
LWPOLYLINE
  5
833C
330
6B
100
AcDbEntity
  8
13000_TOP
100
AcDbPolyline
 90
        3
 70
   128
 43
0.0
 10
1122.227842069844
 20
-102.6676397789891
 10
1122.282181598844
 20
-102.6406910289891
 10
1122.325338272044
 20
-102.605628596689
  0
ARC
  5
833D
330
6B
100
AcDbEntity
  8
13000_TOP
100
AcDbCircle
 10
1122.201955815044
 20
-102.4996049720891
 30
0.0
 40
0.1626783318465322
100
AcDbArc
 50
319.3272439692048
 51
40.67275603090234
  0
LINE
  5
833E
330
6B
100
AcDbEntity
  8
13000_TOP
100
AcDbLine
 10
1122.325338272044
 20
-102.393581347589
 30
0.0
 11
1122.280896548344
 21
-102.357237415489
 31
0.0
  0
LINE
  5
833F
330
6B
100
AcDbEntity
  8
13000_TOP
100
AcDbLine
 10
1122.280896548344
 20
-102.357237415489
 30
0.0
 11
1122.227842069844
 21
-102.332948522689
 31
0.0
  0
LINE
  5
8340
330
6B
100
AcDbEntity
  8
13000_TOP
100
AcDbLine
 10
1122.227842069844
 20
-102.332948522689
 30
0.0
 11
1122.095894906844
 21
-102.302632110289
 31
0.0
  0
LINE
  5
8341
330
6B
100
AcDbEntity
  8
13000_TOP
100
AcDbLine
 10
1122.095894906844
 20
-102.302632110289
 30
0.0
 11
1121.956713055344
 21
-102.2967759538891
 31
0.0
  0
LINE
  5
8342
330
6B
100
AcDbEntity
  8
13000_TOP
100
AcDbLine
 10
1121.956713055344
 20
-102.2967759538891
 30
0.0
 11
1121.656989702144
 21
-102.3381155002891
 31
0.0
  0
ARC
  5
8343
330
6B
100
AcDbEntity
  8
13000_TOP
100
AcDbCircle
 10
1121.711411993544
 20
-102.496697051589
 30
0.0
 40
0.1676600554997943
100
AcDbArc
 50
108.941284125999
 51
181.6120357606015
  0
ARC
  5
8344
330
6B
100
AcDbEntity
  8
13000_TOP
100
AcDbCircle
 10
1121.707175071044
 20
-102.5062514074891
 30
0.0
 40
0.1634283977945442
100
AcDbArc
 50
178.3036827269989
 51
252.1167368098973
  0
LINE
  5
8345
330
6B
100
AcDbEntity
  8
13000_TOP
100
AcDbLine
 10
1121.656989702144
 20
-102.661783622589
 30
0.0
 11
1121.956713055344
 21
-102.705365793789
 31
0.0
  0
LWPOLYLINE
  5
8346
330
6B
100
AcDbEntity
  8
13000_TOP
100
AcDbPolyline
 90
        3
 70
   128
 43
0.0
 10
1121.423412254244
 20
-102.501070873889
 10
1121.437453222544
 20
-102.3946244288891
 10
1121.476466674444
 20
-102.312105523489
  0
LWPOLYLINE
  5
8347
330
6B
100
AcDbEntity
  8
13000_TOP
100
AcDbPolyline
 90
        3
 70
   128
 43
0.0
 10
1121.476466674444
 20
-102.312105523489
 10
1121.536331856744
 20
-102.2512342799891
 10
1121.609791903844
 20
-102.207376437289
  0
LINE
  5
8348
330
6B
100
AcDbEntity
  8
13000_TOP
100
AcDbLine
 10
1121.609791903844
 20
-102.207376437289
 30
0.0
 11
1121.778946160444
 21
-102.159487830489
 31
0.0
  0
LINE
  5
8349
330
6B
100
AcDbEntity
  8
13000_TOP
100
AcDbLine
 10
1121.778946160444
 20
-102.159487830489
 30
0.0
 11
1122.122422116944
 21
-102.1637942660891
 31
0.0
  0
LINE
  5
834A
330
6B
100
AcDbEntity
  8
13000_TOP
100
AcDbLine
 10
1122.122422116944
 20
-102.1637942660891
 30
0.0
 11
1122.298638767244
 21
-102.2170212138891
 31
0.0
  0
LWPOLYLINE
  5
834B
330
6B
100
AcDbEntity
  8
13000_TOP
100
AcDbPolyline
 90
        3
 70
   128
 43
0.0
 10
1122.298638767244
 20
-102.2170212138891
 10
1122.371573955843
 20
-102.262335645089
 10
1122.429207863844
 20
-102.3226145673891
  0
LWPOLYLINE
  5
834C
330
6B
100
AcDbEntity
  8
13000_TOP
100
AcDbPolyline
 90
        3
 70
   128
 43
0.0
 10
1122.429207863844
 20
-102.3226145673891
 10
1122.469256306144
 20
-102.402007954289
 10
1122.483640408744
 20
-102.501413600589
  0
LWPOLYLINE
  5
834D
330
6B
100
AcDbEntity
  8
13000_TOP
100
AcDbPolyline
 90
        3
 70
   128
 43
0.0
 10
1122.483640408744
 20
-102.501413600589
 10
1122.469255665944
 20
-102.598882095989
 10
1122.429207863844
 20
-102.6774596441891
  0
LWPOLYLINE
  5
834E
330
6B
100
AcDbEntity
  8
13000_TOP
100
AcDbPolyline
 90
        3
 70
   128
 43
0.0
 10
1122.429207863844
 20
-102.6774596441891
 10
1122.371430066544
 20
-102.7390982974891
 10
1122.298638767244
 20
-102.7851168085891
  0
LINE
  5
834F
330
6B
100
AcDbEntity
  8
13000_TOP
100
AcDbLine
 10
1122.298638767244
 20
-102.7851168085891
 30
0.0
 11
1122.122422116944
 21
-102.8359334934891
 31
0.0
  0
LINE
  5
8350
330
6B
100
AcDbEntity
  8
13000_TOP
100
AcDbLine
 10
1122.122422116944
 20
-102.8359334934891
 30
0.0
 11
1121.778946160444
 21
-102.838861571689
 31
0.0
  0
LINE
  5
8351
330
6B
100
AcDbEntity
  8
13000_TOP
100
AcDbLine
 10
1121.778946160444
 20
-102.838861571689
 30
0.0
 11
1121.609791903844
 21
-102.7923513222891
 31
0.0
  0
LWPOLYLINE
  5
8352
330
6B
100
AcDbEntity
  8
13000_TOP
100
AcDbPolyline
 90
        3
 70
   128
 43
0.0
 10
1121.609791903844
 20
-102.7923513222891
 10
1121.536282147444
 20
-102.7476515639891
 10
1121.476466674444
 20
-102.685383336689
  0
LWPOLYLINE
  5
8353
330
6B
100
AcDbEntity
  8
13000_TOP
100
AcDbPolyline
 90
        3
 70
   128
 43
0.0
 10
1121.476466674444
 20
-102.685383336689
 10
1121.437453222544
 20
-102.604414151989
 10
1121.423412254244
 20
-102.501070873889
  0
ARC
  5
8354
330
6B
100
AcDbEntity
  8
13000_TOP
100
AcDbCircle
 10
1121.738388106044
 20
-108.576696640489
 30
0.0
 40
0.2108062314748086
100
AcDbArc
 50
85.00977010449728
 51
134.8800112853973
  0
LWPOLYLINE
  5
8355
330
6B
100
AcDbEntity
  8
13000_TOP
100
AcDbPolyline
 90
        3
 70
   128
 43
0.0
 10
1121.905208821544
 20
-108.416299151289
 10
1121.839406690644
 20
-108.3798658121891
 10
1121.756725269544
 20
-108.3666894603891
  0
ARC
  5
8356
330
6B
100
AcDbEntity
  8
13000_TOP
100
AcDbCircle
 10
1121.787869092344
 20
-108.547921506589
 30
0.0
 40
0.1763322331890442
100
AcDbArc
 50
356.9265039159
 51
48.28338431530176
  0
ARC
  5
8357
330
6B
100
AcDbEntity
  8
13000_TOP
100
AcDbCircle
 10
1121.778143568644
 20
-108.5661010940891
 30
0.0
 40
0.1860088679348059
100
AcDbArc
 50
314.2633086611021
 51
2.688584717600661
  0
ARC
  5
8358
330
6B
100
AcDbEntity
  8
13000_TOP
100
AcDbCircle
 10
1121.767257138944
 20
-108.562502876989
 30
0.0
 40
0.1962551206660826
100
AcDbArc
 50
266.5208282958004
 51
315.8063699302999
  0
LWPOLYLINE
  5
8359
330
6B
100
AcDbEntity
  8
13000_TOP
100
AcDbPolyline
 90
        3
 70
   128
 43
0.0
 10
1121.598250838144
 20
-108.7074082363891
 10
1121.668453817344
 20
-108.745648341289
 10
1121.755347261344
 20
-108.7583962846891
  0
ARC
  5
835A
330
6B
100
AcDbEntity
  8
13000_TOP
100
AcDbCircle
 10
1121.707473413144
 20
-108.574041453289
 30
0.0
 40
0.1723840762219496
100
AcDbArc
 50
177.8950738331987
 51
230.6837632738004
  0
LWPOLYLINE
  5
835B
330
6B
100
AcDbEntity
  8
13000_TOP
100
AcDbPolyline
 90
        3
 70
   128
 43
0.0
 10
1121.589638083344
 20
-108.427322285289
 10
1121.548813791144
 20
-108.4927309323891
 10
1121.535205654944
 20
-108.567709850189
  0
LWPOLYLINE
  5
835C
330
6B
100
AcDbEntity
  8
13000_TOP
100
AcDbPolyline
 90
        3
 70
   128
 43
0.0
 10
1121.504544303844
 20
-108.795433120889
 10
1121.444473182944
 20
-108.692026512789
 10
1121.423412254244
 20
-108.580111341589
  0
ARC
  5
835D
330
6B
100
AcDbEntity
  8
13000_TOP
100
AcDbCircle
 10
1121.720301021244
 20
-108.6330740088891
 30
0.0
 40
0.2700211886738189
100
AcDbArc
 50
216.9618309257024
 51
270.3456077969
  0
ARC
  5
835E
330
6B
100
AcDbEntity
  8
13000_TOP
100
AcDbCircle
 10
1121.753009217644
 20
-108.573831235189
 30
0.0
 40
0.3307226233668135
100
AcDbArc
 50
264.6077103010002
 51
315.6773471745044
  0
LWPOLYLINE
  5
835F
330
6B
100
AcDbEntity
  8
13000_TOP
100
AcDbPolyline
 90
        3
 70
   128
 43
0.0
 10
1122.075741086244
 20
-108.5844177771891
 10
1122.054209257644
 20
-108.703615890889
 10
1121.989613655144
 20
-108.804906534089
  0
LWPOLYLINE
  5
8360
330
6B
100
AcDbEntity
  8
13000_TOP
100
AcDbPolyline
 90
        3
 70
   128
 43
0.0
 10
1122.048352635544
 20
-108.4559176135891
 10
1122.069538245144
 20
-108.520596103789
 10
1122.075741086244
 20
-108.5844177771891
  0
LWPOLYLINE
  5
8361
330
6B
100
AcDbEntity
  8
13000_TOP
100
AcDbPolyline
 90
        3
 70
   128
 43
0.0
 10
1121.944660693544
 20
-108.346882091889
 10
1122.008363041244
 20
-108.3962682653891
 10
1122.048352635544
 20
-108.4559176135891
  0
LWPOLYLINE
  5
8362
330
6B
100
AcDbEntity
  8
13000_TOP
100
AcDbPolyline
 90
        7
 70
   128
 43
0.0
 10
1122.371847066244
 20
-108.575808631289
 10
1122.366415709344
 20
-108.520797269489
 10
1122.347279475244
 20
-108.473325895189
 10
1122.314438421844
 20
-108.433398233789
 10
1122.267892432944
 20
-108.401014285189
 10
1122.133685997844
 20
-108.358862625489
 10
1121.944661042744
 20
-108.346878366589
  0
LWPOLYLINE
  5
8363
330
6B
100
AcDbEntity
  8
13000_TOP
100
AcDbPolyline
 90
        3
 70
   128
 43
0.0
 10
1122.339635412344
 20
-108.6786415446891
 10
1122.364562028244
 20
-108.627623694089
 10
1122.371847066244
 20
-108.575808631289
  0
ARC
  5
8364
330
6B
100
AcDbEntity
  8
13000_TOP
100
AcDbCircle
 10
1122.227897774444
 20
-108.595980493289
 30
0.0
 40
0.1389897447058211
100
AcDbArc
 50
267.1354883471003
 51
323.5067770200988
  0
LINE
  5
8365
330
6B
100
AcDbEntity
  8
13000_TOP
100
AcDbLine
 10
1122.220951854344
 20
-108.891206609089
 30
0.0
 11
1122.220951854344
 21
-108.7347965706891
 31
0.0
  0
LINE
  5
8366
330
6B
100
AcDbEntity
  8
13000_TOP
100
AcDbLine
 10
1122.296054929144
 20
-108.880526201889
 30
0.0
 11
1122.220951854344
 21
-108.891206609089
 31
0.0
  0
LWPOLYLINE
  5
8367
330
6B
100
AcDbEntity
  8
13000_TOP
100
AcDbPolyline
 90
        3
 70
   128
 43
0.0
 10
1122.387005447044
 20
-108.834015952489
 10
1122.340625873844
 20
-108.8650215435891
 10
1122.296054929144
 20
-108.880526201889
  0
LINE
  5
8368
330
6B
100
AcDbEntity
  8
13000_TOP
100
AcDbLine
 10
1122.448500443844
 20
-108.7447877992891
 30
0.0
 11
1122.387005447044
 21
-108.834015952489
 31
0.0
  0
LWPOLYLINE
  5
8369
330
6B
100
AcDbEntity
  8
13000_TOP
100
AcDbPolyline
 90
        3
 70
   128
 43
0.0
 10
1122.483640408744
 20
-108.583214508389
 10
1122.474075958744
 20
-108.674402164389
 10
1122.448500443844
 20
-108.7447877992891
  0
LWPOLYLINE
  5
836A
330
6B
100
AcDbEntity
  8
13000_TOP
100
AcDbPolyline
 90
        3
 70
   128
 43
0.0
 10
1122.431963938444
 20
-108.380469309189
 10
1122.469942458144
 20
-108.4703531135891
 10
1122.483640408744
 20
-108.583214508389
  0
LWPOLYLINE
  5
836B
330
6B
100
AcDbEntity
  8
13000_TOP
100
AcDbPolyline
 90
        3
 70
   128
 43
0.0
 10
1122.304495447444
 20
-108.2647133637891
 10
1122.375054948644
 20
-108.3131942916891
 10
1122.431963938444
 20
-108.380469309189
  0
LINE
  5
836C
330
6B
100
AcDbEntity
  8
13000_TOP
100
AcDbLine
 10
1122.135341249044
 20
-108.208558337789
 30
0.0
 11
1122.304495447444
 21
-108.2647133637891
 31
0.0
  0
LINE
  5
836D
330
6B
100
AcDbEntity
  8
13000_TOP
100
AcDbLine
 10
1121.965497988444
 20
-108.196156846389
 30
0.0
 11
1122.135341249044
 21
-108.208558337789
 31
0.0
  0
LINE
  5
836E
330
6B
100
AcDbEntity
  8
13000_TOP
100
AcDbLine
 10
1121.773261716744
 20
-108.208558337789
 30
0.0
 11
1121.965497988444
 21
-108.196156846389
 31
0.0
  0
LINE
  5
836F
330
6B
100
AcDbEntity
  8
13000_TOP
100
AcDbLine
 10
1121.599801140944
 20
-108.263163642989
 30
0.0
 11
1121.773261716744
 21
-108.208558337789
 31
0.0
  0
LWPOLYLINE
  5
8370
330
6B
100
AcDbEntity
  8
13000_TOP
100
AcDbPolyline
 90
        3
 70
   128
 43
0.0
 10
1121.472160355344
 20
-108.3789195884891
 10
1121.527324919744
 20
-108.311611043389
 10
1121.599801140944
 20
-108.263163642989
  0
LWPOLYLINE
  5
8371
330
6B
100
AcDbEntity
  8
13000_TOP
100
AcDbPolyline
 90
        3
 70
   128
 43
0.0
 10
1121.423412254244
 20
-108.580111341589
 10
1121.436376380844
 20
-108.467771487389
 10
1121.472160355344
 20
-108.3789195884891
  0
ARC
  5
8372
330
6B
100
AcDbEntity
  8
13000_TOP
100
AcDbCircle
 10
1121.707489962244
 20
-109.441855260989
 30
0.0
 40
0.172400339944095
100
AcDbArc
 50
177.8977562564995
 51
230.6810808504037
  0
LWPOLYLINE
  5
8373
330
6B
100
AcDbEntity
  8
13000_TOP
100
AcDbPolyline
 90
        3
 70
   128
 43
0.0
 10
1121.589638083344
 20
-109.2951435614891
 10
1121.548813791144
 20
-109.3605522085891
 10
1121.535205654944
 20
-109.435531126389
  0
ARC
  5
8374
330
6B
100
AcDbEntity
  8
13000_TOP
100
AcDbCircle
 10
1121.738373606544
 20
-109.444477959789
 30
0.0
 40
0.2107676881439395
100
AcDbArc
 50
85.00489859209706
 51
134.884882797797
  0
LWPOLYLINE
  5
8375
330
6B
100
AcDbEntity
  8
13000_TOP
100
AcDbPolyline
 90
        3
 70
   128
 43
0.0
 10
1121.905208821544
 20
-109.2841167021891
 10
1121.839406690644
 20
-109.2476870883891
 10
1121.756725269544
 20
-109.234510736589
  0
ARC
  5
8376
330
6B
100
AcDbEntity
  8
13000_TOP
100
AcDbCircle
 10
1121.787848251744
 20
-109.4157477346891
 30
0.0
 40
0.1763525788319596
100
AcDbArc
 50
356.9296820677012
 51
48.28020616349785
  0
ARC
  5
8377
330
6B
100
AcDbEntity
  8
13000_TOP
100
AcDbCircle
 10
1121.778154364944
 20
-109.433922902989
 30
0.0
 40
0.1859982833976731
100
AcDbArc
 50
314.2618424567011
 51
2.690050921899019
  0
ARC
  5
8378
330
6B
100
AcDbEntity
  8
13000_TOP
100
AcDbCircle
 10
1121.767251244044
 20
-109.430314748489
 30
0.0
 40
0.196264150341877
100
AcDbArc
 50
266.5227126682977
 51
315.8051035590027
  0
LWPOLYLINE
  5
8379
330
6B
100
AcDbEntity
  8
13000_TOP
100
AcDbPolyline
 90
        3
 70
   128
 43
0.0
 10
1121.598250838144
 20
-109.575229512589
 10
1121.668453817344
 20
-109.613469617489
 10
1121.755347261344
 20
-109.626217560889
  0
LWPOLYLINE
  5
837A
330
6B
100
AcDbEntity
  8
13000_TOP
100
AcDbPolyline
 90
        3
 70
   128
 43
0.0
 10
1121.504544303844
 20
-109.6632506717891
 10
1121.444473182944
 20
-109.5598477888891
 10
1121.423412254244
 20
-109.447932617789
  0
ARC
  5
837B
330
6B
100
AcDbEntity
  8
13000_TOP
100
AcDbCircle
 10
1121.720297577444
 20
-109.500907856589
 30
0.0
 40
0.2700086381498035
100
AcDbArc
 50
216.9595071138004
 51
270.3463546527004
  0
ARC
  5
837C
330
6B
100
AcDbEntity
  8
13000_TOP
100
AcDbCircle
 10
1121.753006736244
 20
-109.441654513489
 30
0.0
 40
0.3307203968932558
100
AcDbArc
 50
264.6081056922987
 51
315.6783574122981
  0
LWPOLYLINE
  5
837D
330
6B
100
AcDbEntity
  8
13000_TOP
100
AcDbPolyline
 90
        3
 70
   128
 43
0.0
 10
1122.075741086244
 20
-109.452239053389
 10
1122.054209257644
 20
-109.5714371670891
 10
1121.989613655144
 20
-109.6727240849891
  0
LWPOLYLINE
  5
837E
330
6B
100
AcDbEntity
  8
13000_TOP
100
AcDbPolyline
 90
        3
 70
   128
 43
0.0
 10
1122.048352635544
 20
-109.3237351644891
 10
1122.069538245144
 20
-109.3884136546891
 10
1122.075741086244
 20
-109.452239053389
  0
LWPOLYLINE
  5
837F
330
6B
100
AcDbEntity
  8
13000_TOP
100
AcDbPolyline
 90
        3
 70
   128
 43
0.0
 10
1121.944660693544
 20
-109.2146996427891
 10
1122.008363041244
 20
-109.264085816289
 10
1122.048352635544
 20
-109.3237351644891
  0
LWPOLYLINE
  5
8380
330
6B
100
AcDbEntity
  8
13000_TOP
100
AcDbPolyline
 90
        7
 70
   128
 43
0.0
 10
1122.371847066244
 20
-109.4436261821891
 10
1122.366415709344
 20
-109.3886148203891
 10
1122.347279475244
 20
-109.3411471713891
 10
1122.314438421844
 20
-109.301219509989
 10
1122.267892432944
 20
-109.2688318360891
 10
1122.133685997844
 20
-109.2266839016891
 10
1121.944661042744
 20
-109.2146996427891
  0
LWPOLYLINE
  5
8381
330
6B
100
AcDbEntity
  8
13000_TOP
100
AcDbPolyline
 90
        3
 70
   128
 43
0.0
 10
1122.339635412344
 20
-109.546462820889
 10
1122.364562028244
 20
-109.4954412449891
 10
1122.371847066244
 20
-109.4436261821891
  0
ARC
  5
8382
330
6B
100
AcDbEntity
  8
13000_TOP
100
AcDbCircle
 10
1122.227884448044
 20
-109.463773604089
 30
0.0
 40
0.1390172097032558
100
AcDbArc
 50
267.1415540758005
 51
323.5007112913986
  0
LINE
  5
8383
330
6B
100
AcDbEntity
  8
13000_TOP
100
AcDbLine
 10
1122.220951854344
 20
-109.7590241599891
 30
0.0
 11
1122.220951854344
 21
-109.602617846889
 31
0.0
  0
LINE
  5
8384
330
6B
100
AcDbEntity
  8
13000_TOP
100
AcDbLine
 10
1122.296054929144
 20
-109.748343752789
 30
0.0
 11
1122.220951854344
 21
-109.7590241599891
 31
0.0
  0
LWPOLYLINE
  5
8385
330
6B
100
AcDbEntity
  8
13000_TOP
100
AcDbPolyline
 90
        3
 70
   128
 43
0.0
 10
1122.387005447044
 20
-109.7018372286891
 10
1122.340625873844
 20
-109.732842819789
 10
1122.296054929144
 20
-109.748343752789
  0
LINE
  5
8386
330
6B
100
AcDbEntity
  8
13000_TOP
100
AcDbLine
 10
1122.448500443844
 20
-109.6126090753891
 30
0.0
 11
1122.387005447044
 21
-109.7018372286891
 31
0.0
  0
LWPOLYLINE
  5
8387
330
6B
100
AcDbEntity
  8
13000_TOP
100
AcDbPolyline
 90
        3
 70
   128
 43
0.0
 10
1122.483640408744
 20
-109.4510320592891
 10
1122.474075958744
 20
-109.542223440489
 10
1122.448500443844
 20
-109.6126090753891
  0
LWPOLYLINE
  5
8388
330
6B
100
AcDbEntity
  8
13000_TOP
100
AcDbPolyline
 90
        3
 70
   128
 43
0.0
 10
1122.431963938444
 20
-109.2482905853891
 10
1122.469942458144
 20
-109.338170664389
 10
1122.483640408744
 20
-109.4510320592891
  0
LWPOLYLINE
  5
8389
330
6B
100
AcDbEntity
  8
13000_TOP
100
AcDbPolyline
 90
        3
 70
   128
 43
0.0
 10
1122.304495447444
 20
-109.132534639989
 10
1122.375054948644
 20
-109.181011842589
 10
1122.431963938444
 20
-109.2482905853891
  0
LINE
  5
838A
330
6B
100
AcDbEntity
  8
13000_TOP
100
AcDbLine
 10
1122.135341249044
 20
-109.0763796139891
 30
0.0
 11
1122.304495447444
 21
-109.132534639989
 31
0.0
  0
LINE
  5
838B
330
6B
100
AcDbEntity
  8
13000_TOP
100
AcDbLine
 10
1121.965497988444
 20
-109.063978122589
 30
0.0
 11
1122.135341249044
 21
-109.0763796139891
 31
0.0
  0
LINE
  5
838C
330
6B
100
AcDbEntity
  8
13000_TOP
100
AcDbLine
 10
1121.773261716744
 20
-109.0763796139891
 30
0.0
 11
1121.965497988444
 21
-109.063978122589
 31
0.0
  0
LINE
  5
838D
330
6B
100
AcDbEntity
  8
13000_TOP
100
AcDbLine
 10
1121.599801140944
 20
-109.1309849191891
 30
0.0
 11
1121.773261716744
 21
-109.0763796139891
 31
0.0
  0
LWPOLYLINE
  5
838E
330
6B
100
AcDbEntity
  8
13000_TOP
100
AcDbPolyline
 90
        3
 70
   128
 43
0.0
 10
1121.472160355344
 20
-109.2467408646891
 10
1121.527324919744
 20
-109.179432319489
 10
1121.599801140944
 20
-109.1309849191891
  0
LWPOLYLINE
  5
838F
330
6B
100
AcDbEntity
  8
13000_TOP
100
AcDbPolyline
 90
        3
 70
   128
 43
0.0
 10
1121.423412254244
 20
-109.447932617789
 10
1121.436376380844
 20
-109.3355927635891
 10
1121.472160355344
 20
-109.2467408646891
  0
LWPOLYLINE
  5
8390
330
6B
100
AcDbEntity
  8
13000_TOP
100
AcDbPolyline
 90
        3
 70
   128
 43
0.0
 10
1122.416288789944
 20
-110.957057030889
 10
1122.466027178044
 20
-110.861337559389
 10
1122.483640408744
 20
-110.7424281556891
  0
ARC
  5
8391
330
6B
100
AcDbEntity
  8
13000_TOP
100
AcDbCircle
 10
1122.119377175144
 20
-110.722593320089
 30
0.0
 40
0.3648028563739576
100
AcDbArc
 50
356.8832123148004
 51
43.95121485140393
  0
ARC
  5
8392
330
6B
100
AcDbEntity
  8
13000_TOP
100
AcDbCircle
 10
1122.142618634244
 20
-110.706935626589
 30
0.0
 40
0.3372384501113229
100
AcDbArc
 50
44.77663225849763
 51
91.67563045929828
  0
LWPOLYLINE
  5
8393
330
6B
100
AcDbEntity
  8
13000_TOP
100
AcDbPolyline
 90
        3
 70
   128
 43
0.0
 10
1122.132757411044
 20
-110.369841383789
 10
1122.006592014944
 20
-110.389045255289
 10
1121.900041261844
 20
-110.4466643203891
  0
ARC
  5
8394
330
6B
100
AcDbEntity
  8
13000_TOP
100
AcDbCircle
 10
1122.079758217344
 20
-110.6639529678891
 30
0.0
 40
0.2819796809540163
100
AcDbArc
 50
129.5937615316022
 51
183.837954026201
  0
LWPOLYLINE
  5
8395
330
6B
100
AcDbEntity
  8
13000_TOP
100
AcDbPolyline
 90
        3
 70
   128
 43
0.0
 10
1121.798410918644
 20
-110.682827236189
 10
1121.807107492444
 20
-110.763932393889
 10
1121.830622572544
 20
-110.827521236689
  0
LWPOLYLINE
  5
8396
330
6B
100
AcDbEntity
  8
13000_TOP
100
AcDbPolyline
 90
        3
 70
   128
 43
0.0
 10
1121.830622572544
 20
-110.827521236689
 10
1121.861303714243
 20
-110.8729790914891
 10
1121.892289747644
 20
-110.903658719789
  0
LINE
  5
8397
330
6B
100
AcDbEntity
  8
13000_TOP
100
AcDbLine
 10
1121.892289747644
 20
-110.903658719789
 30
0.0
 11
1121.563110873244
 21
-110.883676262589
 31
0.0
  0
LINE
  5
8398
330
6B
100
AcDbEntity
  8
13000_TOP
100
AcDbLine
 10
1121.563110873244
 20
-110.883676262589
 30
0.0
 11
1121.563110873244
 21
-110.4253072310891
 31
0.0
  0
LINE
  5
8399
330
6B
100
AcDbEntity
  8
13000_TOP
100
AcDbLine
 10
1121.563110873244
 20
-110.4253072310891
 30
0.0
 11
1121.445633145144
 21
-110.4253072310891
 31
0.0
  0
LINE
  5
839A
330
6B
100
AcDbEntity
  8
13000_TOP
100
AcDbLine
 10
1121.445633145144
 20
-110.4253072310891
 30
0.0
 11
1121.445633145144
 21
-111.013038830889
 31
0.0
  0
LINE
  5
839B
330
6B
100
AcDbEntity
  8
13000_TOP
100
AcDbLine
 10
1121.445633145144
 20
-111.013038830889
 30
0.0
 11
1122.050591884344
 21
-111.0404271651891
 31
0.0
  0
LINE
  5
839C
330
6B
100
AcDbEntity
  8
13000_TOP
100
AcDbLine
 10
1122.050591884344
 20
-111.0404271651891
 30
0.0
 11
1122.050591884344
 21
-110.903140904389
 31
0.0
  0
ARC
  5
839D
330
6B
100
AcDbEntity
  8
13000_TOP
100
AcDbCircle
 10
1122.097235679944
 20
-110.724741734189
 30
0.0
 40
0.1843960618751674
100
AcDbArc
 50
176.7695555313007
 51
255.3475923639038
  0
ARC
  5
839E
330
6B
100
AcDbEntity
  8
13000_TOP
100
AcDbCircle
 10
1122.105420066744
 20
-110.706763211189
 30
0.0
 40
0.1924370735340973
100
AcDbArc
 50
82.2472903163997
 51
182.2596504498006
  0
LWPOLYLINE
  5
839F
330
6B
100
AcDbEntity
  8
13000_TOP
100
AcDbPolyline
 90
        3
 70
   128
 43
0.0
 10
1122.131379402844
 20
-110.516085105089
 10
1122.217420628444
 20
-110.5282295514891
 10
1122.291059547744
 20
-110.5646591652891
  0
ARC
  5
83A0
330
6B
100
AcDbEntity
  8
13000_TOP
100
AcDbCircle
 10
1122.176104845844
 20
-110.712709323689
 30
0.0
 40
0.1874391444856142
100
AcDbArc
 50
356.7060039777999
 51
52.1721689038998
  0
LWPOLYLINE
  5
83A1
330
6B
100
AcDbEntity
  8
13000_TOP
100
AcDbPolyline
 90
        3
 70
   128
 43
0.0
 10
1122.363234311444
 20
-110.723479466589
 10
1122.354836866844
 20
-110.783166067689
 10
1122.329644649444
 20
-110.837857054589
  0
ARC
  5
83A2
330
6B
100
AcDbEntity
  8
13000_TOP
100
AcDbCircle
 10
1122.217834569544
 20
-110.761619223289
 30
0.0
 40
0.135328123072452
100
AcDbArc
 50
270.5905235829982
 51
325.7118336300012
  0
LINE
  5
83A3
330
6B
100
AcDbEntity
  8
13000_TOP
100
AcDbLine
 10
1122.219229315044
 20
-110.896940158689
 30
0.0
 11
1122.219229315044
 21
-111.053691061289
 31
0.0
  0
ARC
  5
83A4
330
6B
100
AcDbEntity
  8
13000_TOP
100
AcDbCircle
 10
1122.215490663744
 20
-110.7968247914891
 30
0.0
 40
0.2568934760590107
100
AcDbArc
 50
270.833872892099
 51
321.4109461561021
  0
LINE
  5
83A5
330
6B
100
AcDbEntity
  8
13000_TOP
100
AcDbLine
 10
1122.461419517744
 20
-112.0446741599891
 30
0.0
 11
1122.461419517744
 21
-111.8939507771891
 31
0.0
  0
LINE
  5
83A6
330
6B
100
AcDbEntity
  8
13000_TOP
100
AcDbLine
 10
1122.461419517744
 20
-111.8939507771891
 30
0.0
 11
1121.899352199544
 21
-111.8939507771891
 31
0.0
  0
LINE
  5
83A7
330
6B
100
AcDbEntity
  8
13000_TOP
100
AcDbLine
 10
1121.899352199544
 20
-111.8939507771891
 30
0.0
 11
1122.461419517744
 21
-111.3902766276891
 31
0.0
  0
LINE
  5
83A8
330
6B
100
AcDbEntity
  8
13000_TOP
100
AcDbLine
 10
1122.461419517744
 20
-111.3902766276891
 30
0.0
 11
1122.461419517744
 21
-111.1784044671891
 31
0.0
  0
LINE
  5
83A9
330
6B
100
AcDbEntity
  8
13000_TOP
100
AcDbLine
 10
1122.461419517744
 20
-111.1784044671891
 30
0.0
 11
1121.875753300344
 21
-111.719629542989
 31
0.0
  0
LINE
  5
83AA
330
6B
100
AcDbEntity
  8
13000_TOP
100
AcDbLine
 10
1121.875753300344
 20
-111.719629542989
 30
0.0
 11
1121.401191363244
 21
-111.2316314149891
 31
0.0
  0
LINE
  5
83AB
330
6B
100
AcDbEntity
  8
13000_TOP
100
AcDbLine
 10
1121.401191363244
 20
-111.2316314149891
 30
0.0
 11
1121.401191363244
 21
-111.4390257764891
 31
0.0
  0
LINE
  5
83AC
330
6B
100
AcDbEntity
  8
13000_TOP
100
AcDbLine
 10
1121.401191363244
 20
-111.4390257764891
 30
0.0
 11
1121.865590242844
 21
-111.8939507771891
 31
0.0
  0
LINE
  5
83AD
330
6B
100
AcDbEntity
  8
13000_TOP
100
AcDbLine
 10
1121.865590242844
 20
-111.8939507771891
 30
0.0
 11
1121.401191363244
 21
-111.8939507771891
 31
0.0
  0
LINE
  5
83AE
330
6B
100
AcDbEntity
  8
13000_TOP
100
AcDbLine
 10
1121.401191363244
 20
-111.8939507771891
 30
0.0
 11
1121.401191363244
 21
-112.0446741599891
 31
0.0
  0
LINE
  5
83AF
330
6B
100
AcDbEntity
  8
13000_TOP
100
AcDbLine
 10
1121.401191363244
 20
-112.0446741599891
 30
0.0
 11
1122.461419517744
 21
-112.0446741599891
 31
0.0
  0
LWPOLYLINE
  5
83B0
330
6B
100
AcDbEntity
  8
13000_TOP
100
AcDbPolyline
 90
        6
 70
   128
 43
0.0
 10
1121.501443698244
 20
-112.7677995730891
 10
1121.513360319744
 20
-112.669010462289
 10
1121.544720977644
 20
-112.5949423778891
 10
1121.567692863844
 20
-112.5671759266891
 10
1121.595525788244
 20
-112.5455897320891
 10
1121.665774751544
 20
-112.520958112589
  0
ARC
  5
83B1
330
6B
100
AcDbEntity
  8
13000_TOP
100
AcDbCircle
 10
1121.823452921644
 20
-112.7900177646891
 30
0.0
 40
0.3227748256018981
100
AcDbArc
 50
176.0529261805999
 51
232.3199161156967
  0
LWPOLYLINE
  5
83B2
330
6B
100
AcDbEntity
  8
13000_TOP
100
AcDbPolyline
 90
        3
 70
   128
 43
0.0
 10
1121.927429712544
 20
-113.1290167588891
 10
1121.762513788544
 20
-113.1089057792891
 10
1121.626156172844
 20
-113.045473398689
  0
LWPOLYLINE
  5
83B3
330
6B
100
AcDbEntity
  8
13000_TOP
100
AcDbPolyline
 90
        3
 70
   128
 43
0.0
 10
1122.244206280544
 20
-113.041166963089
 10
1122.106230200844
 20
-113.1078291703891
 10
1121.927429712544
 20
-113.1290167588891
  0
ARC
  5
83B4
330
6B
100
AcDbEntity
  8
13000_TOP
100
AcDbCircle
 10
1122.024742421843
 20
-112.777069955189
 30
0.0
 40
0.3433826071517632
100
AcDbArc
 50
309.7264845222962
 51
6.128441124600695
  0
LINE
  5
83B5
330
6B
100
AcDbEntity
  8
13000_TOP
100
AcDbLine
 10
1122.352554486244
 20
-112.5874489564891
 30
0.0
 11
1122.366162622444
 21
-112.740411238789
 31
0.0
  0
LINE
  5
83B6
330
6B
100
AcDbEntity
  8
13000_TOP
100
AcDbLine
 10
1122.332400723944
 20
-112.5025272388891
 30
0.0
 11
1122.352554486244
 21
-112.5874489564891
 31
0.0
  0
LINE
  5
83B7
330
6B
100
AcDbEntity
  8
13000_TOP
100
AcDbLine
 10
1122.018380230444
 20
-112.5025272388891
 30
0.0
 11
1122.332400723944
 21
-112.5025272388891
 31
0.0
  0
LINE
  5
83B8
330
6B
100
AcDbEntity
  8
13000_TOP
100
AcDbLine
 10
1122.018380230444
 20
-112.7522967774891
 30
0.0
 11
1122.018380230444
 21
-112.5025272388891
 31
0.0
  0
LINE
  5
83B9
330
6B
100
AcDbEntity
  8
13000_TOP
100
AcDbLine
 10
1121.897974191344
 20
-112.7522967774891
 30
0.0
 11
1122.018380230444
 21
-112.7522967774891
 31
0.0
  0
LINE
  5
83BA
330
6B
100
AcDbEntity
  8
13000_TOP
100
AcDbLine
 10
1121.897974191344
 20
-112.351803855989
 30
0.0
 11
1121.897974191344
 21
-112.7522967774891
 31
0.0
  0
LINE
  5
83BB
330
6B
100
AcDbEntity
  8
13000_TOP
100
AcDbLine
 10
1122.421973175544
 20
-112.351803855989
 30
0.0
 11
1121.897974191344
 21
-112.351803855989
 31
0.0
  0
LINE
  5
83BC
330
6B
100
AcDbEntity
  8
13000_TOP
100
AcDbLine
 10
1122.461419517744
 20
-112.498047577289
 30
0.0
 11
1122.421973175544
 21
-112.351803855989
 31
0.0
  0
LINE
  5
83BD
330
6B
100
AcDbEntity
  8
13000_TOP
100
AcDbLine
 10
1122.486396483244
 20
-112.7402380127891
 30
0.0
 11
1122.461419517744
 21
-112.498047577289
 31
0.0
  0
ARC
  5
83BE
330
6B
100
AcDbEntity
  8
13000_TOP
100
AcDbCircle
 10
1121.991817472444
 20
-112.793537704489
 30
0.0
 40
0.4974427153867591
100
AcDbArc
 50
264.7190668640958
 51
6.150901401799943
  0
ARC
  5
83BF
330
6B
100
AcDbEntity
  8
13000_TOP
100
AcDbCircle
 10
1121.911718962144
 20
-112.716212251989
 30
0.0
 40
0.5736838682644134
100
AcDbArc
 50
229.3675907940006
 51
273.4291306870958
  0
ARC
  5
83C0
330
6B
100
AcDbEntity
  8
13000_TOP
100
AcDbCircle
 10
1121.879909845544
 20
-112.7864150506891
 30
0.0
 40
0.5001581425169892
100
AcDbArc
 50
175.8906752167984
 51
226.8951459233012
  0
LWPOLYLINE
  5
83C1
330
6B
100
AcDbEntity
  8
13000_TOP
100
AcDbPolyline
 90
        3
 70
   128
 43
0.0
 10
1121.444255137044
 20
-112.487713621989
 10
1121.396841970444
 20
-112.610815839889
 10
1121.381037542744
 20
-112.7505738306891
  0
LWPOLYLINE
  5
83C2
330
6B
100
AcDbEntity
  8
13000_TOP
100
AcDbPolyline
 90
        3
 70
   128
 43
0.0
 10
1121.532277227544
 20
-112.396762521989
 10
1121.482232492544
 20
-112.437023596889
 10
1121.444255137044
 20
-112.487713621989
  0
LWPOLYLINE
  5
83C3
330
6B
100
AcDbEntity
  8
13000_TOP
100
AcDbPolyline
 90
        3
 70
   128
 43
0.0
 10
1121.665774751544
 20
-112.3562816549891
 10
1121.592582226844
 20
-112.3693760503891
 10
1121.532277227544
 20
-112.396762521989
  0
LINE
  5
83C4
330
6B
100
AcDbEntity
  8
13000_TOP
100
AcDbLine
 10
1121.665774751544
 20
-112.520958112589
 30
0.0
 11
1121.665774751544
 21
-112.3562816549891
 31
0.0
  0
ARC
  5
83C5
330
6B
100
AcDbEntity
  8
13000_TOP
100
AcDbCircle
 10
1122.160859492244
 20
-113.8352432985891
 30
0.0
 40
0.2188641500083792
100
AcDbArc
 50
44.33164645510108
 51
94.92775197719961
  0
LINE
  5
83C6
330
6B
100
AcDbEntity
  8
13000_TOP
100
AcDbLine
 10
1122.142059169844
 20
-113.6171881128891
 30
0.0
 11
1122.074018546944
 21
-113.6216659117891
 31
0.0
  0
LINE
  5
83C7
330
6B
100
AcDbEntity
  8
13000_TOP
100
AcDbLine
 10
1122.074018546944
 20
-113.6216659117891
 30
0.0
 11
1121.999604534444
 21
-113.6490542460891
 31
0.0
  0
LWPOLYLINE
  5
83C8
330
6B
100
AcDbEntity
  8
13000_TOP
100
AcDbPolyline
 90
        3
 70
   128
 43
0.0
 10
1121.999604534444
 20
-113.6490542460891
 10
1121.965926280344
 20
-113.673410194089
 10
1121.937935380344
 20
-113.7065913546891
  0
LWPOLYLINE
  5
83C9
330
6B
100
AcDbEntity
  8
13000_TOP
100
AcDbPolyline
 90
        3
 70
   128
 43
0.0
 10
1121.937935380344
 20
-113.7065913546891
 10
1121.920237573943
 20
-113.7535169739891
 10
1121.914338343944
 20
-113.8123523462891
  0
ARC
  5
83CA
330
6B
100
AcDbEntity
  8
13000_TOP
100
AcDbCircle
 10
1122.102404604544
 20
-113.825676754089
 30
0.0
 40
0.1885376838750932
100
AcDbArc
 50
175.9473923069001
 51
231.3371664287985
  0
ARC
  5
83CB
330
6B
100
AcDbEntity
  8
13000_TOP
100
AcDbCircle
 10
1122.142762572344
 20
-113.7862898634891
 30
0.0
 40
0.2446029902603292
100
AcDbArc
 50
229.7191670736982
 51
311.8777660159
  0
ARC
  5
83CC
330
6B
100
AcDbEntity
  8
13000_TOP
100
AcDbCircle
 10
1122.176300597744
 20
-113.8221015520891
 30
0.0
 40
0.1955534647216736
100
AcDbArc
 50
311.5655620106026
 51
0.4846599896012595
  0
LINE
  5
83CD
330
6B
100
AcDbEntity
  8
13000_TOP
100
AcDbLine
 10
1122.371847066244
 20
-113.820447402089
 30
0.0
 11
1122.358927934044
 21
-113.7474112231891
 31
0.0
  0
LINE
  5
83CE
330
6B
100
AcDbEntity
  8
13000_TOP
100
AcDbLine
 10
1122.358927934044
 20
-113.7474112231891
 30
0.0
 11
1122.317414521344
 21
-113.6822987366891
 31
0.0
  0
LWPOLYLINE
  5
83CF
330
6B
100
AcDbEntity
  8
13000_TOP
100
AcDbPolyline
 90
        3
 70
   128
 43
0.0
 10
1122.373394807944
 20
-114.084861056889
 10
1122.290786320944
 20
-114.131507279389
 10
1122.195458179444
 20
-114.159789683389
  0
LINE
  5
83D0
330
6B
100
AcDbEntity
  8
13000_TOP
100
AcDbLine
 10
1122.195458179444
 20
-114.159789683389
 30
0.0
 11
1121.999087766844
 21
-114.179598914489
 31
0.0
  0
LINE
  5
83D1
330
6B
100
AcDbEntity
  8
13000_TOP
100
AcDbLine
 10
1121.999087766844
 20
-114.179598914489
 30
0.0
 11
1121.814086125344
 21
-114.1640961188891
 31
0.0
  0
LINE
  5
83D2
330
6B
100
AcDbEntity
  8
13000_TOP
100
AcDbLine
 10
1121.814086125344
 20
-114.1640961188891
 30
0.0
 11
1121.627706475644
 21
-114.1088016349891
 31
0.0
  0
LWPOLYLINE
  5
83D3
330
6B
100
AcDbEntity
  8
13000_TOP
100
AcDbPolyline
 90
        3
 70
   128
 43
0.0
 10
1121.627706475644
 20
-114.1088016349891
 10
1121.546160802344
 20
-114.059415461589
 10
1121.480773110044
 20
-113.990808652789
  0
LWPOLYLINE
  5
83D4
330
6B
100
AcDbEntity
  8
13000_TOP
100
AcDbPolyline
 90
        3
 70
   128
 43
0.0
 10
1121.480773110044
 20
-113.990808652789
 10
1121.438531112044
 20
-113.902968170189
 10
1121.423412254244
 20
-113.7932322938891
  0
LWPOLYLINE
  5
83D5
330
6B
100
AcDbEntity
  8
13000_TOP
100
AcDbPolyline
 90
        3
 70
   128
 43
0.0
 10
1121.423412254244
 20
-113.7932322938891
 10
1121.432629786544
 20
-113.699483500889
 10
1121.457174210944
 20
-113.6280398834891
  0
LWPOLYLINE
  5
83D6
330
6B
100
AcDbEntity
  8
13000_TOP
100
AcDbPolyline
 90
        3
 70
   128
 43
0.0
 10
1121.457174210944
 20
-113.6280398834891
 10
1121.488272119444
 20
-113.5769084114891
 10
1121.520222188144
 20
-113.5425984878891
  0
LWPOLYLINE
  5
83D7
330
6B
100
AcDbEntity
  8
13000_TOP
100
AcDbPolyline
 90
        3
 70
   128
 43
0.0
 10
1121.520222188144
 20
-113.5425984878891
 10
1121.564785274844
 20
-113.5105628539891
 10
1121.609791903844
 20
-113.4938530642891
  0
LINE
  5
83D8
330
6B
100
AcDbEntity
  8
13000_TOP
100
AcDbLine
 10
1121.609791903844
 20
-113.4938530642891
 30
0.0
 11
1121.686445339744
 21
-113.486618550589
 31
0.0
  0
LINE
  5
83D9
330
6B
100
AcDbEntity
  8
13000_TOP
100
AcDbLine
 10
1121.686445339744
 20
-113.486618550589
 30
0.0
 11
1121.686445339744
 21
-113.641646506289
 31
0.0
  0
LWPOLYLINE
  5
83DA
330
6B
100
AcDbEntity
  8
13000_TOP
100
AcDbPolyline
 90
        3
 70
   128
 43
0.0
 10
1121.686445339744
 20
-113.641646506289
 10
1121.644429536644
 20
-113.644963877289
 10
1121.609791903844
 20
-113.654910402389
  0
LWPOLYLINE
  5
83DB
330
6B
100
AcDbEntity
  8
13000_TOP
100
AcDbPolyline
 90
        3
 70
   128
 43
0.0
 10
1121.609791903844
 20
-113.654910402389
 10
1121.584444912244
 20
-113.6730358023891
 10
1121.564488881344
 20
-113.6962518114891
  0
LWPOLYLINE
  5
83DC
330
6B
100
AcDbEntity
  8
13000_TOP
100
AcDbPolyline
 90
        3
 70
   128
 43
0.0
 10
1121.564488881344
 20
-113.6962518114891
 10
1121.542526432444
 20
-113.7480035442891
 10
1121.535205654944
 20
-113.800638170989
  0
LWPOLYLINE
  5
83DD
330
6B
100
AcDbEntity
  8
13000_TOP
100
AcDbPolyline
 90
        7
 70
   128
 43
0.0
 10
1121.535205654944
 20
-113.800638170989
 10
1121.541069960344
 20
-113.852659987289
 10
1121.559439017544
 20
-113.898186760089
 10
1121.590312477344
 20
-113.9372147638891
 10
1121.633690572443
 20
-113.9697458613891
 10
1121.757960319644
 20
-114.0153192002891
 10
1121.932247211344
 20
-114.0349049139891
  0
LINE
  5
83DE
330
6B
100
AcDbEntity
  8
13000_TOP
100
AcDbLine
 10
1121.932247560644
 20
-114.0349049139891
 30
0.0
 11
1121.890567150044
 21
-114.001660423389
 31
0.0
  0
LINE
  5
83DF
330
6B
100
AcDbEntity
  8
13000_TOP
100
AcDbLine
 10
1121.890567150044
 20
-114.001660423389
 30
0.0
 11
1121.849570563144
 21
-113.9551520366891
 31
0.0
  0
LINE
  5
83E0
330
6B
100
AcDbEntity
  8
13000_TOP
100
AcDbLine
 10
1121.849570563144
 20
-113.9551520366891
 30
0.0
 11
1121.815636428244
 21
-113.885904477989
 31
0.0
  0
LINE
  5
83E1
330
6B
100
AcDbEntity
  8
13000_TOP
100
AcDbLine
 10
1121.815636428244
 20
-113.885904477989
 30
0.0
 11
1121.802717237843
 21
-113.789097221589
 31
0.0
  0
LWPOLYLINE
  5
83E2
330
6B
100
AcDbEntity
  8
13000_TOP
100
AcDbPolyline
 90
        3
 70
   128
 43
0.0
 10
1121.802717237843
 20
-113.789097221589
 10
1121.822784911044
 20
-113.6665761489891
 10
1121.882988046944
 20
-113.5663714278891
  0
ARC
  5
83E3
330
6B
100
AcDbEntity
  8
13000_TOP
100
AcDbCircle
 10
1122.105633922544
 20
-113.781327682289
 30
0.0
 40
0.3094792032538762
100
AcDbArc
 50
85.83583795340024
 51
136.0067078511991
  0
ARC
  5
83E4
330
6B
100
AcDbEntity
  8
13000_TOP
100
AcDbCircle
 10
1122.149022486344
 20
-113.8002125292891
 30
0.0
 40
0.3282141804474287
100
AcDbArc
 50
42.06342607950099
 51
93.65373267480157
  0
LWPOLYLINE
  5
83E5
330
6B
100
AcDbEntity
  8
13000_TOP
100
AcDbPolyline
 90
        3
 70
   128
 43
0.0
 10
1122.392689890844
 20
-113.580324502689
 10
1122.460902750144
 20
-113.693841548689
 10
1122.483640408744
 20
-113.8266481477891
  0
LINE
  5
83E6
330
6B
100
AcDbEntity
  8
13000_TOP
100
AcDbLine
 10
1122.483640408744
 20
-113.8266481477891
 30
0.0
 11
1122.454357065844
 21
-113.9711707849891
 31
0.0
  0
LWPOLYLINE
  5
83E7
330
6B
100
AcDbEntity
  8
13000_TOP
100
AcDbPolyline
 90
        3
 70
   128
 43
0.0
 10
1122.454357065844
 20
-113.9711707849891
 10
1122.419991321044
 20
-114.0344541538891
 10
1122.373397310844
 20
-114.0848591942891
  0
ENDSEC
  0
SECTION
  2
OBJECTS
  0
DICTIONARY
  5
C
330
0
100
AcDbDictionary
281
     1
  3
ACAD_2007HEADERVARS_RT
350
8580
  3
ACAD_CIP_PREVIOUS_PRODUCT_INFO
350
EAD
  3
ACAD_COLOR
350
62
  3
ACAD_DETAILVIEWSTYLE
350
796F
  3
ACAD_GROUP
350
D
  3
ACAD_LAYOUT
350
61
  3
ACAD_MATERIAL
350
10
  3
ACAD_MLEADERSTYLE
350
65
  3
ACAD_MLINESTYLE
350
5E
  3
ACAD_PLOTSETTINGS
350
60
  3
ACAD_PLOTSTYLENAME
350
E
  3
ACAD_SCALELIST
350
42
  3
ACAD_SECTIONVIEWSTYLE
350
796D
  3
ACAD_TABLESTYLE
350
63
  3
ACAD_VISUALSTYLE
350
29
  3
ACDB_RECOMPOSE_DATA
350
857E
  3
AcDbVariableDictionary
350
FEA
  3
DWGPROPS
350
857F
  0
DICTIONARY
  5
EC7
330
2
100
AcDbDictionary
280
     1
281
     1
  3
ACAD_LAYERSTATES
360
EC8
  0
DICTIONARY
  5
FCB
330
54
100
AcDbDictionary
280
     1
281
     1
  3
ADSK_XREC_LAYER_RECONCILED
360
FCC
  0
DICTIONARY
  5
FD5
330
7A
100
AcDbDictionary
280
     1
281
     1
  3
ADSK_XREC_LAYER_RECONCILED
360
FD6
  0
DICTIONARY
  5
FD7
330
7B
100
AcDbDictionary
280
     1
281
     1
  3
ADSK_XREC_LAYER_RECONCILED
360
FD8
  0
DICTIONARY
  5
FD9
330
7C
100
AcDbDictionary
280
     1
281
     1
  3
ADSK_XREC_LAYER_RECONCILED
360
FDA
  0
DICTIONARY
  5
FDB
330
7D
100
AcDbDictionary
280
     1
281
     1
  3
ADSK_XREC_LAYER_RECONCILED
360
FDC
  0
DICTIONARY
  5
FDD
330
7E
100
AcDbDictionary
280
     1
281
     1
  3
ADSK_XREC_LAYER_RECONCILED
360
FDE
  0
DICTIONARY
  5
FDF
330
7F
100
AcDbDictionary
280
     1
281
     1
  3
ADSK_XREC_LAYER_RECONCILED
360
FE0
  0
DICTIONARY
  5
FE1
330
80
100
AcDbDictionary
280
     1
281
     1
  3
ADSK_XREC_LAYER_RECONCILED
360
FE2
  0
DICTIONARY
  5
FE3
330
81
100
AcDbDictionary
280
     1
281
     1
  3
ADSK_XREC_LAYER_RECONCILED
360
FE4
  0
DICTIONARY
  5
FE5
330
82
100
AcDbDictionary
280
     1
281
     1
  3
ADSK_XREC_LAYER_RECONCILED
360
FE6
  0
DICTIONARY
  5
FE7
330
83
100
AcDbDictionary
280
     1
281
     1
  3
ADSK_XREC_LAYER_RECONCILED
360
FE8
  0
DICTIONARY
  5
EBB
330
EBA
100
AcDbDictionary
280
     1
281
     1
  3
ADSK_XREC_LAYER_RECONCILED
360
FE9
  0
DICTIONARY
  5
6F98
330
6F97
100
AcDbDictionary
280
     1
281
     1
  0
DICTIONARY
  5
6F9A
330
6F99
100
AcDbDictionary
280
     1
281
     1
  0
DICTIONARY
  5
7ADA
330
7AD9
100
AcDbDictionary
280
     1
281
     1
  0
DICTIONARY
  5
6F67
330
6F66
100
AcDbDictionary
280
     1
281
     1
  0
DICTIONARY
  5
6F74
330
6F73
100
AcDbDictionary
280
     1
281
     1
  0
DICTIONARY
  5
6FA9
330
6F9C
100
AcDbDictionary
280
     1
281
     1
  3
ACAD_SORTENTS
360
6FAA
  0
DICTIONARY
  5
8580
102
{ACAD_REACTORS
330
C
102
}
330
C
100
AcDbDictionary
281
     1
  3
DIMJOGANG
350
8581
  0
XRECORD
  5
EAD
102
{ACAD_REACTORS
330
C
102
}
330
C
100
AcDbXrecord
280
     1
300
ACDLT
300
2015
300
ACDLT_F_S
  0
DICTIONARY
  5
62
102
{ACAD_REACTORS
330
C
102
}
330
C
100
AcDbDictionary
281
     1
  0
DICTIONARY
  5
796F
102
{ACAD_REACTORS
330
C
102
}
330
C
100
AcDbDictionary
281
     1
  3
Imperial24
350
7970
  0
DICTIONARY
  5
D
102
{ACAD_REACTORS
330
C
102
}
330
C
100
AcDbDictionary
281
     1
  0
DICTIONARY
  5
61
102
{ACAD_REACTORS
330
C
102
}
330
C
100
AcDbDictionary
281
     1
  3
Layout1
350
6A
  3
Model
350
6E
  0
DICTIONARY
  5
10
102
{ACAD_REACTORS
330
C
102
}
330
C
100
AcDbDictionary
281
     1
  3
ByBlock
350
19
  3
ByLayer
350
11
  3
Global
350
21
  0
DICTIONARY
  5
65
102
{ACAD_REACTORS
330
C
102
}
330
C
100
AcDbDictionary
281
     1
  3
Standard
350
66
  0
DICTIONARY
  5
5E
102
{ACAD_REACTORS
330
C
102
}
330
C
100
AcDbDictionary
281
     1
  3
Standard
350
5F
  0
DICTIONARY
  5
60
102
{ACAD_REACTORS
330
C
102
}
330
C
100
AcDbDictionary
281
     1
  0
ACDBDICTIONARYWDFLT
  5
E
102
{ACAD_REACTORS
330
C
102
}
330
C
100
AcDbDictionary
281
     1
  3
Normal
350
F
100
AcDbDictionaryWithDefault
340
F
  0
DICTIONARY
  5
42
102
{ACAD_REACTORS
330
C
102
}
330
C
100
AcDbDictionary
281
     1
  3
A0
350
43
  3
A1
350
44
  3
A2
350
45
  3
A3
350
46
  3
A4
350
47
  3
A5
350
48
  3
A6
350
49
  3
A7
350
4A
  3
A8
350
4B
  3
A9
350
4C
  3
B0
350
4D
  3
B1
350
4E
  3
B2
350
4F
  3
B3
350
50
  3
B4
350
51
  3
B5
350
52
  3
B6
350
53
  0
DICTIONARY
  5
796D
102
{ACAD_REACTORS
330
C
102
}
330
C
100
AcDbDictionary
281
     1
  3
Imperial24
350
796E
  0
DICTIONARY
  5
63
102
{ACAD_REACTORS
330
C
102
}
330
C
100
AcDbDictionary
281
     1
  3
Standard
350
64
  0
DICTIONARY
  5
29
102
{ACAD_REACTORS
330
C
102
}
330
C
100
AcDbDictionary
281
     1
  3
2dWireframe
350
2F
  3
3dWireframe
350
EC6
  3
Basic
350
2E
  3
Brighten
350
35
  3
ColorChange
350
39
  3
Conceptual
350
32
  3
Dim
350
34
  3
EdgeColorOff
350
41
  3
Facepattern
350
38
  3
Flat
350
2A
  3
FlatWithEdges
350
2B
  3
Gouraud
350
2C
  3
GouraudWithEdges
350
2D
  3
Hidden
350
31
  3
JitterOff
350
3F
  3
Linepattern
350
37
  3
OverhangOff
350
40
  3
Realistic
350
33
  3
Shaded
350
3E
  3
Shaded with edges
350
3D
  3
Shades of Gray
350
3A
  3
Sketchy
350
3B
  3
Thicken
350
36
  3
Wireframe
350
30
  3
X-Ray
350
3C
  0
XRECORD
  5
857E
102
{ACAD_REACTORS
330
C
102
}
330
C
100
AcDbXrecord
280
     1
 90
        1
330
64
  0
DICTIONARY
  5
FEA
102
{ACAD_REACTORS
330
C
102
}
330
C
100
AcDbDictionary
281
     1
  3
CANNOSCALE
350
FED
  3
CMLEADERSTYLE
350
FEC
  3
CTABLESTYLE
350
FEB
  3
CVIEWDETAILSTYLE
350
799D
  3
CVIEWSECTIONSTYLE
350
799E
  3
DIMASSOC
350
FF0
  3
INDEXCTL
350
FEF
  3
LAYEREVAL
350
781E
  3
LAYERNOTIFY
350
781F
  3
LIGHTINGUNITS
350
781D
  3
LOFTANG1
350
8579
  3
LOFTANG2
350
857A
  3
MSLTSCALE
350
781C
  3
SORTENTS
350
FEE
  3
XCLIPFRAME
350
857B
  0
XRECORD
  5
857F
102
{ACAD_REACTORS
330
C
102
}
330
C
100
AcDbXrecord
280
     1
  1
DWGPROPS COOKIE
  2

  3

  4

  6

  7

  8
botond.z.fiktusz
  9

300
=
301
=
302
=
303
=
304
=
305
=
306
=
307
=
308
=
309
=
 40
0.2027195138888889
 41
2456156.628207766
 42
2457849.441913727
  1

 90
        0
  0
DICTIONARY
  5
EC8
102
{ACAD_REACTORS
330
EC7
102
}
330
EC7
100
AcDbDictionary
281
     1
  0
XRECORD
  5
FCC
102
{ACAD_REACTORS
330
FCB
102
}
330
FCB
100
AcDbXrecord
280
     1
290
     1
  0
XRECORD
  5
FD6
102
{ACAD_REACTORS
330
FD5
102
}
330
FD5
100
AcDbXrecord
280
     1
290
     1
  0
XRECORD
  5
FD8
102
{ACAD_REACTORS
330
FD7
102
}
330
FD7
100
AcDbXrecord
280
     1
290
     1
  0
XRECORD
  5
FDA
102
{ACAD_REACTORS
330
FD9
102
}
330
FD9
100
AcDbXrecord
280
     1
290
     1
  0
XRECORD
  5
FDC
102
{ACAD_REACTORS
330
FDB
102
}
330
FDB
100
AcDbXrecord
280
     1
290
     1
  0
XRECORD
  5
FDE
102
{ACAD_REACTORS
330
FDD
102
}
330
FDD
100
AcDbXrecord
280
     1
290
     1
  0
XRECORD
  5
FE0
102
{ACAD_REACTORS
330
FDF
102
}
330
FDF
100
AcDbXrecord
280
     1
290
     1
  0
XRECORD
  5
FE2
102
{ACAD_REACTORS
330
FE1
102
}
330
FE1
100
AcDbXrecord
280
     1
290
     1
  0
XRECORD
  5
FE4
102
{ACAD_REACTORS
330
FE3
102
}
330
FE3
100
AcDbXrecord
280
     1
290
     1
  0
XRECORD
  5
FE6
102
{ACAD_REACTORS
330
FE5
102
}
330
FE5
100
AcDbXrecord
280
     1
290
     1
  0
XRECORD
  5
FE8
102
{ACAD_REACTORS
330
FE7
102
}
330
FE7
100
AcDbXrecord
280
     1
290
     1
  0
XRECORD
  5
FE9
102
{ACAD_REACTORS
330
EBB
102
}
330
EBB
100
AcDbXrecord
280
     1
290
     1
  0
SORTENTSTABLE
  5
6FAA
102
{ACAD_REACTORS
330
6FA9
102
}
330
6FA9
100
AcDbSortentsTable
330
6F9C
  0
XRECORD
  5
8581
102
{ACAD_REACTORS
330
8580
102
}
330
8580
100
AcDbXrecord
280
     1
 40
1.570796326794896
  0
ACDBDETAILVIEWSTYLE
  5
7970
102
{ACAD_XDICTIONARY
360
85BB
102
}
102
{ACAD_REACTORS
330
796F
102
}
330
796F
100
AcDbModelDocViewStyle
 70
     0
  3
Imperial24
290
     0
100
AcDbDetailViewStyle
 70
     0
 71
     0
 90
        3
 71
     1
340
55
 40
0.24
340
0
 40
0.24
300

 40
0.36
280
     3
 71
     2
340
5C
 90
       25
 71
     3
340
55
 40
0.24
 90
        1
 40
0.75
 90
        1
300
%<\AcVar ViewType \f "%tc1">% %<\AcVar ViewDetailId>%\PSCALE %<\AcVar ViewScale \f "%sn">%
 71
     4
340
5C
 90
       25
340
5C
 90
       25
280
     0
  0
LAYOUT
  5
6A
102
{ACAD_XDICTIONARY
360
85B3
102
}
102
{ACAD_REACTORS
330
61
102
}
330
61
100
AcDbPlotSettings
  1

  2
Kein
  4

  6

 40
0.0
 41
0.0
 42
0.0
 43
0.0
 44
0.0
 45
0.0
 46
0.0
 47
0.0
 48
0.0
 49
0.0
140
0.0
141
0.0
142
1.0
143
1.0
 70
   688
 72
     0
 73
     0
 74
     5
  7

 75
    16
147
1.0
148
0.0
149
0.0
100
AcDbLayout
  1
Layout1
 70
     1
 71
     1
 10
0.0
 20
0.0
 11
12.0
 21
9.0
 12
0.0
 22
0.0
 32
0.0
 14
1.000000000000000E+20
 24
1.000000000000000E+20
 34
1.000000000000000E+20
 15
-1.000000000000000E+20
 25
-1.000000000000000E+20
 35
-1.000000000000000E+20
146
0.0
 13
0.0
 23
0.0
 33
0.0
 16
1.0
 26
0.0
 36
0.0
 17
0.0
 27
1.0
 37
0.0
 76
     0
330
67
  0
LAYOUT
  5
6E
102
{ACAD_XDICTIONARY
360
85B5
102
}
102
{ACAD_REACTORS
330
61
102
}
330
61
100
AcDbPlotSettings
  1

  2
Kein
  4

  6

 40
0.0
 41
0.0
 42
0.0
 43
0.0
 44
0.0
 45
0.0
 46
0.0
 47
0.0
 48
0.0
 49
0.0
140
0.0
141
0.0
142
1.0
143
1.0
 70
  1712
 72
     0
 73
     0
 74
     0
  7

 75
     0
147
1.0
148
0.0
149
0.0
100
AcDbLayout
  1
Model
 70
     1
 71
     0
 10
0.0
 20
0.0
 11
12.0
 21
9.0
 12
0.0
 22
0.0
 32
0.0
 14
0.0
 24
0.0
 34
0.0
 15
0.0
 25
0.0
 35
0.0
146
0.0
 13
0.0
 23
0.0
 33
0.0
 16
1.0
 26
0.0
 36
0.0
 17
0.0
 27
1.0
 37
0.0
 76
     0
330
6B
331
8E
  0
MATERIAL
  5
19
102
{ACAD_XDICTIONARY
360
1A
102
}
102
{ACAD_REACTORS
330
10
102
}
330
10
100
AcDbMaterial
  1
ByBlock
 72
     0
 43
0.0208333333333333
 43
0.0
 43
0.0
 43
0.0
 43
0.0
 43
0.0208333333333333
 43
0.0
 43
0.0
 43
0.0
 43
0.0
 43
1.0
 43
0.0
 43
0.0
 43
0.0
 43
0.0
 43
1.0
 77
     0
 47
0.0208333333333333
 47
0.0
 47
0.0
 47
0.0
 47
0.0
 47
0.0208333333333333
 47
0.0
 47
0.0
 47
0.0
 47
0.0
 47
1.0
 47
0.0
 47
0.0
 47
0.0
 47
0.0
 47
1.0
171
     0
 49
0.0208333333333333
 49
0.0
 49
0.0
 49
0.0
 49
0.0
 49
0.0208333333333333
 49
0.0
 49
0.0
 49
0.0
 49
0.0
 49
1.0
 49
0.0
 49
0.0
 49
0.0
 49
0.0
 49
1.0
175
     0
142
0.0208333333333333
142
0.0
142
0.0
142
0.0
142
0.0
142
0.0208333333333333
142
0.0
142
0.0
142
0.0
142
0.0
142
1.0
142
0.0
142
0.0
142
0.0
142
0.0
142
1.0
179
     0
144
0.0208333333333333
144
0.0
144
0.0
144
0.0
144
0.0
144
0.0208333333333333
144
0.0
144
0.0
144
0.0
144
0.0
144
1.0
144
0.0
144
0.0
144
0.0
144
0.0
144
1.0
147
0.0208333333333333
147
0.0
147
0.0
147
0.0
147
0.0
147
0.0208333333333333
147
0.0
147
0.0
147
0.0
147
0.0
147
1.0
147
0.0
147
0.0
147
0.0
147
0.0
147
1.0
  0
MATERIAL
  5
11
102
{ACAD_XDICTIONARY
360
12
102
}
102
{ACAD_REACTORS
330
10
102
}
330
10
100
AcDbMaterial
  1
ByLayer
 72
     0
 43
0.0208333333333333
 43
0.0
 43
0.0
 43
0.0
 43
0.0
 43
0.0208333333333333
 43
0.0
 43
0.0
 43
0.0
 43
0.0
 43
1.0
 43
0.0
 43
0.0
 43
0.0
 43
0.0
 43
1.0
 77
     0
 47
0.0208333333333333
 47
0.0
 47
0.0
 47
0.0
 47
0.0
 47
0.0208333333333333
 47
0.0
 47
0.0
 47
0.0
 47
0.0
 47
1.0
 47
0.0
 47
0.0
 47
0.0
 47
0.0
 47
1.0
171
     0
 49
0.0208333333333333
 49
0.0
 49
0.0
 49
0.0
 49
0.0
 49
0.0208333333333333
 49
0.0
 49
0.0
 49
0.0
 49
0.0
 49
1.0
 49
0.0
 49
0.0
 49
0.0
 49
0.0
 49
1.0
175
     0
142
0.0208333333333333
142
0.0
142
0.0
142
0.0
142
0.0
142
0.0208333333333333
142
0.0
142
0.0
142
0.0
142
0.0
142
1.0
142
0.0
142
0.0
142
0.0
142
0.0
142
1.0
179
     0
144
0.0208333333333333
144
0.0
144
0.0
144
0.0
144
0.0
144
0.0208333333333333
144
0.0
144
0.0
144
0.0
144
0.0
144
1.0
144
0.0
144
0.0
144
0.0
144
0.0
144
1.0
147
0.0208333333333333
147
0.0
147
0.0
147
0.0
147
0.0
147
0.0208333333333333
147
0.0
147
0.0
147
0.0
147
0.0
147
1.0
147
0.0
147
0.0
147
0.0
147
0.0
147
1.0
  0
MATERIAL
  5
21
102
{ACAD_XDICTIONARY
360
22
102
}
102
{ACAD_REACTORS
330
10
102
}
330
10
100
AcDbMaterial
  1
Global
 72
     0
 43
0.0208333333333333
 43
0.0
 43
0.0
 43
0.0
 43
0.0
 43
0.0208333333333333
 43
0.0
 43
0.0
 43
0.0
 43
0.0
 43
1.0
 43
0.0
 43
0.0
 43
0.0
 43
0.0
 43
1.0
 77
     0
 47
0.0208333333333333
 47
0.0
 47
0.0
 47
0.0
 47
0.0
 47
0.0208333333333333
 47
0.0
 47
0.0
 47
0.0
 47
0.0
 47
1.0
 47
0.0
 47
0.0
 47
0.0
 47
0.0
 47
1.0
171
     0
 49
0.0208333333333333
 49
0.0
 49
0.0
 49
0.0
 49
0.0
 49
0.0208333333333333
 49
0.0
 49
0.0
 49
0.0
 49
0.0
 49
1.0
 49
0.0
 49
0.0
 49
0.0
 49
0.0
 49
1.0
175
     0
142
0.0208333333333333
142
0.0
142
0.0
142
0.0
142
0.0
142
0.0208333333333333
142
0.0
142
0.0
142
0.0
142
0.0
142
1.0
142
0.0
142
0.0
142
0.0
142
0.0
142
1.0
179
     0
144
0.0208333333333333
144
0.0
144
0.0
144
0.0
144
0.0
144
0.0208333333333333
144
0.0
144
0.0
144
0.0
144
0.0
144
1.0
144
0.0
144
0.0
144
0.0
144
0.0
144
1.0
147
0.0208333333333333
147
0.0
147
0.0
147
0.0
147
0.0
147
0.0208333333333333
147
0.0
147
0.0
147
0.0
147
0.0
147
1.0
147
0.0
147
0.0
147
0.0
147
0.0
147
1.0
  0
MLEADERSTYLE
  5
66
102
{ACAD_REACTORS
330
65
102
}
330
65
100
AcDbMLeaderStyle
170
     2
171
     1
172
     0
 90
        2
 40
0.0
 41
0.0
173
     1
 91
-1056964608
340
5A
 92
       -2
290
     1
 42
0.09
291
     1
 43
0.36
  3
Standard
 44
0.18
300

342
55
174
     1
178
     6
175
     1
176
     0
 93
-1056964608
 45
0.18
292
     0
297
     0
 46
0.18
 94
-1056964608
 47
1.0
 49
1.0
140
1.0
293
     1
141
0.0
294
     1
177
     0
142
1.0
295
     0
296
     0
143
0.125
1001
ACAD_MLEADERVER
1070
     2
  0
MLINESTYLE
  5
5F
102
{ACAD_REACTORS
330
5E
102
}
330
5E
100
AcDbMlineStyle
  2
STANDARD
 70
     0
  3

 62
   256
 51
90.0
 52
90.0
 71
     2
 49
0.5
 62
   256
  6
BYLAYER
 49
-0.5
 62
   256
  6
BYLAYER
  0
ACDBPLACEHOLDER
  5
F
102
{ACAD_REACTORS
330
E
102
}
330
E
  0
SCALE
  5
43
102
{ACAD_REACTORS
330
42
102
}
330
42
100
AcDbScale
 70
     0
300
1:1
140
1.0
141
1.0
290
     1
  0
SCALE
  5
44
102
{ACAD_REACTORS
330
42
102
}
330
42
100
AcDbScale
 70
     0
300
1/128" = 1'-0"
140
0.0078125
141
12.0
290
     0
  0
SCALE
  5
45
102
{ACAD_REACTORS
330
42
102
}
330
42
100
AcDbScale
 70
     0
300
1/64" = 1'-0"
140
0.015625
141
12.0
290
     0
  0
SCALE
  5
46
102
{ACAD_REACTORS
330
42
102
}
330
42
100
AcDbScale
 70
     0
300
1/32" = 1'-0"
140
0.03125
141
12.0
290
     0
  0
SCALE
  5
47
102
{ACAD_REACTORS
330
42
102
}
330
42
100
AcDbScale
 70
     0
300
1/16" = 1'-0"
140
0.0625
141
12.0
290
     0
  0
SCALE
  5
48
102
{ACAD_REACTORS
330
42
102
}
330
42
100
AcDbScale
 70
     0
300
3/32" = 1'-0"
140
0.09375
141
12.0
290
     0
  0
SCALE
  5
49
102
{ACAD_REACTORS
330
42
102
}
330
42
100
AcDbScale
 70
     0
300
1/8" = 1'-0"
140
0.125
141
12.0
290
     0
  0
SCALE
  5
4A
102
{ACAD_REACTORS
330
42
102
}
330
42
100
AcDbScale
 70
     0
300
3/16" = 1'-0"
140
0.1875
141
12.0
290
     0
  0
SCALE
  5
4B
102
{ACAD_REACTORS
330
42
102
}
330
42
100
AcDbScale
 70
     0
300
1/4" = 1'-0"
140
0.25
141
12.0
290
     0
  0
SCALE
  5
4C
102
{ACAD_REACTORS
330
42
102
}
330
42
100
AcDbScale
 70
     0
300
3/8" = 1'-0"
140
0.375
141
12.0
290
     0
  0
SCALE
  5
4D
102
{ACAD_REACTORS
330
42
102
}
330
42
100
AcDbScale
 70
     0
300
1/2" = 1'-0"
140
0.5
141
12.0
290
     0
  0
SCALE
  5
4E
102
{ACAD_REACTORS
330
42
102
}
330
42
100
AcDbScale
 70
     0
300
3/4" = 1'-0"
140
0.75
141
12.0
290
     0
  0
SCALE
  5
4F
102
{ACAD_REACTORS
330
42
102
}
330
42
100
AcDbScale
 70
     0
300
1" = 1'-0"
140
1.0
141
12.0
290
     0
  0
SCALE
  5
50
102
{ACAD_REACTORS
330
42
102
}
330
42
100
AcDbScale
 70
     0
300
1-1/2" = 1'-0"
140
1.5
141
12.0
290
     0
  0
SCALE
  5
51
102
{ACAD_REACTORS
330
42
102
}
330
42
100
AcDbScale
 70
     0
300
3" = 1'-0"
140
3.0
141
12.0
290
     0
  0
SCALE
  5
52
102
{ACAD_REACTORS
330
42
102
}
330
42
100
AcDbScale
 70
     0
300
6" = 1'-0"
140
6.0
141
12.0
290
     0
  0
SCALE
  5
53
102
{ACAD_REACTORS
330
42
102
}
330
42
100
AcDbScale
 70
     0
300
1'-0" = 1'-0"
140
12.0
141
12.0
290
     0
  0
ACDBSECTIONVIEWSTYLE
  5
796E
102
{ACAD_XDICTIONARY
360
85B9
102
}
102
{ACAD_REACTORS
330
796D
102
}
330
796D
100
AcDbModelDocViewStyle
 70
     0
  3
Imperial24
290
     0
100
AcDbSectionViewStyle
 70
     0
 71
     0
 90
       78
 71
     1
340
55
 40
0.24
340
0
340
0
 40
0.24
300
I, O, Q, S, X, Z
 40
0.48
 90
        3
 40
0.18
 90
        1
 71
     2
340
5C
 90
       25
340
5C
 90
       50
 40
0.24
 40
0.0
 40
0.24
 71
     3
340
55
 40
0.24
 90
        1
 40
0.75
 90
        1
300
%<\AcVar ViewType \f "%tc1">% %<\AcVar ViewSectionStartId>%-%<\AcVar ViewSectionEndId>%\PSCALE %<\AcVar ViewScale \f "%sn">%
 71
     4
300
ANSI31
 40
1.0
 90
        0
290
     0
290
     0
 90
        6
 40
0.0
 40
1.570796326794896
 40
0.2617993877991494
 40
1.308996938995747
 40
-0.2617993877991494
 40
1.832595714594044
  0
TABLESTYLE
  5
64
102
{ACAD_XDICTIONARY
360
6834
102
}
102
{ACAD_REACTORS
330
63
102
}
330
63
100
AcDbTableStyle
  3
Standard
 70
     0
 71
     0
 40
0.06
 41
0.06
280
     0
281
     0
  7
STANDARD
140
0.18
170
     2
 62
     0
 63
     7
283
     0
274
    -2
284
     1
 64
     0
275
    -2
285
     1
 65
     0
276
    -2
286
     1
 66
     0
277
    -2
287
     1
 67
     0
278
    -2
288
     1
 68
     0
279
    -2
289
     1
 69
     0
  7
STANDARD
140
0.25
170
     5
 62
     0
 63
     7
283
     0
274
    -2
284
     1
 64
     0
275
    -2
285
     1
 65
     0
276
    -2
286
     1
 66
     0
277
    -2
287
     1
 67
     0
278
    -2
288
     1
 68
     0
279
    -2
289
     1
 69
     0
  7
STANDARD
140
0.18
170
     5
 62
     0
 63
     7
283
     0
274
    -2
284
     1
 64
     0
275
    -2
285
     1
 65
     0
276
    -2
286
     1
 66
     0
277
    -2
287
     1
 67
     0
278
    -2
288
     1
 68
     0
279
    -2
289
     1
 69
     0
  0
VISUALSTYLE
  5
2F
102
{ACAD_XDICTIONARY
360
858C
102
}
102
{ACAD_REACTORS
330
29
102
}
330
29
100
AcDbVisualStyle
  2

 70
     4
 71
     0
 72
     2
 73
     0
 90
        0
 40
-0.6
 41
-30.0
 62
     5
 63
     7
 74
     1
 91
        4
 64
     7
 65
   257
 75
     1
175
     1
 42
1.0
 92
        0
 66
   257
 43
1.0
 76
     1
 77
     6
 78
     2
 67
     7
 79
     5
170
     0
171
     0
290
     0
174
     0
 93
        1
 44
0.0
173
     0
291
     0
 45
0.0
1001
ACAD
1000
AcDbSavedByObjectVersion
1070
     0
  0
VISUALSTYLE
  5
EC6
102
{ACAD_XDICTIONARY
360
85B7
102
}
102
{ACAD_REACTORS
330
29
102
}
330
29
100
AcDbVisualStyle
  2

 70
     5
 71
     0
 72
     2
 73
     0
 90
        0
 40
-0.6
 41
-30.0
 62
     5
 63
     7
 74
     1
 91
        4
 64
     7
 65
   257
 75
     1
175
     1
 42
1.0
 92
        0
 66
   257
 43
1.0
 76
     1
 77
     6
 78
     2
 67
     7
 79
     5
170
     0
171
     0
290
     0
174
     0
 93
        1
 44
0.0
173
     0
291
     0
 45
0.0
1001
ACAD
1000
AcDbSavedByObjectVersion
1070
     0
  0
VISUALSTYLE
  5
2E
102
{ACAD_XDICTIONARY
360
858A
102
}
102
{ACAD_REACTORS
330
29
102
}
330
29
100
AcDbVisualStyle
  2

 70
     7
 71
     1
 72
     0
 73
     1
 90
        0
 40
-0.6
 41
-30.0
 62
     5
 63
     7
 74
     0
 91
        4
 64
     7
 65
   257
 75
     1
175
     1
 42
1.0
 92
        8
 66
     7
 43
1.0
 76
     1
 77
     6
 78
     2
 67
     7
 79
     5
170
     0
171
     0
290
     0
174
     0
 93
        1
 44
0.0
173
     0
291
     1
 45
0.0
1001
ACAD
1000
AcDbSavedByObjectVersion
1070
     0
  0
VISUALSTYLE
  5
35
102
{ACAD_XDICTIONARY
360
8598
102
}
102
{ACAD_REACTORS
330
29
102
}
330
29
100
AcDbVisualStyle
  2

 70
    12
 71
     2
 72
     2
 73
     0
 90
        0
 40
-0.6
 41
-30.0
 62
     5
 63
     7
 74
     1
 91
        4
 64
     7
 65
   257
 75
     1
175
     1
 42
1.0
 92
        8
 66
     7
 43
1.0
 76
     1
 77
     6
 78
     2
 67
     7
 79
     5
170
     0
171
     0
290
     0
174
     0
 93
        1
 44
50.0
173
     0
291
     1
 45
0.0
1001
ACAD
1000
AcDbSavedByObjectVersion
1070
     0
  0
VISUALSTYLE
  5
39
102
{ACAD_XDICTIONARY
360
85A0
102
}
102
{ACAD_REACTORS
330
29
102
}
330
29
100
AcDbVisualStyle
  2

 70
    16
 71
     2
 72
     2
 73
     3
 90
        0
 40
-0.6
 41
-30.0
 62
     5
 63
     8
 74
     1
 91
        4
 64
     7
 65
   257
 75
     1
175
     1
 42
1.0
 92
        8
 66
     8
 43
1.0
 76
     1
 77
     6
 78
     2
 67
     7
 79
     5
170
     0
171
     0
290
     0
174
     0
 93
        1
 44
0.0
173
     0
291
     1
 45
0.0
1001
ACAD
1000
AcDbSavedByObjectVersion
1070
     0
  0
VISUALSTYLE
  5
32
102
{ACAD_XDICTIONARY
360
8592
102
}
102
{ACAD_REACTORS
330
29
102
}
330
29
100
AcDbVisualStyle
  2

 70
     9
 71
     3
 72
     2
 73
     0
 90
        0
 40
-0.6
 41
-30.0
 62
     5
 63
     7
 74
     2
 91
        2
 64
     7
 65
   257
 75
     1
175
     1
 42
179.0
 92
        8
 66
     7
 43
1.0
 76
     1
 77
     6
 78
     2
 67
     7
 79
     3
170
     0
171
     0
290
     0
174
     0
 93
        1
 44
0.0
173
     0
291
     0
 45
0.0
1001
ACAD
1000
AcDbSavedByObjectVersion
1070
     0
  0
VISUALSTYLE
  5
34
102
{ACAD_XDICTIONARY
360
8596
102
}
102
{ACAD_REACTORS
330
29
102
}
330
29
100
AcDbVisualStyle
  2

 70
    11
 71
     2
 72
     2
 73
     0
 90
        0
 40
-0.6
 41
-30.0
 62
     5
 63
     7
 74
     1
 91
        4
 64
     7
 65
   257
 75
     1
175
     1
 42
1.0
 92
        8
 66
     7
 43
1.0
 76
     1
 77
     6
 78
     2
 67
     7
 79
     5
170
     0
171
     0
290
     0
174
     0
 93
        1
 44
-50.0
173
     0
291
     1
 45
0.0
1001
ACAD
1000
AcDbSavedByObjectVersion
1070
     0
  0
VISUALSTYLE
  5
41
102
{ACAD_XDICTIONARY
360
85B0
102
}
102
{ACAD_REACTORS
330
29
102
}
330
29
100
AcDbVisualStyle
  2

 70
    22
 71
     2
 72
     2
 73
     0
 90
        0
 40
-0.6
 41
-30.0
 62
     5
 63
     7
 74
     1
 91
        4
 64
     7
 65
   257
 75
     1
175
     1
 42
1.0
 92
        8
 66
     7
 43
1.0
 76
     1
 77
     6
 78
     2
 67
     7
 79
     5
170
     0
171
     0
290
     0
174
     0
 93
        1
 44
0.0
173
     0
291
     1
 45
0.0
1001
ACAD
1000
AcDbSavedByObjectVersion
1070
     0
  0
VISUALSTYLE
  5
38
102
{ACAD_XDICTIONARY
360
859E
102
}
102
{ACAD_REACTORS
330
29
102
}
330
29
100
AcDbVisualStyle
  2

 70
    15
 71
     2
 72
     2
 73
     0
 90
        0
 40
-0.6
 41
-30.0
 62
     5
 63
     7
 74
     1
 91
        4
 64
     7
 65
   257
 75
     1
175
     1
 42
1.0
 92
        8
 66
     7
 43
1.0
 76
     1
 77
     6
 78
     2
 67
     7
 79
     5
170
     0
171
     0
290
     0
174
     0
 93
        1
 44
0.0
173
     0
291
     1
 45
0.0
1001
ACAD
1000
AcDbSavedByObjectVersion
1070
     0
  0
VISUALSTYLE
  5
2A
102
{ACAD_XDICTIONARY
360
8582
102
}
102
{ACAD_REACTORS
330
29
102
}
330
29
100
AcDbVisualStyle
  2

 70
     0
 71
     2
 72
     1
 73
     1
 90
        2
 40
-0.6
 41
30.0
 62
     5
 63
     7
 74
     0
 91
        0
 64
     7
 65
   257
 75
     1
175
     1
 42
1.0
 92
        8
 66
     7
 43
1.0
 76
     1
 77
     6
 78
     2
 67
     7
 79
     5
170
     0
171
     0
290
     0
174
     0
 93
       13
 44
0.0
173
     0
291
     1
 45
0.0
1001
ACAD
1000
AcDbSavedByObjectVersion
1070
     0
  0
VISUALSTYLE
  5
2B
102
{ACAD_XDICTIONARY
360
8584
102
}
102
{ACAD_REACTORS
330
29
102
}
330
29
100
AcDbVisualStyle
  2

 70
     1
 71
     2
 72
     1
 73
     1
 90
        2
 40
-0.6
 41
30.0
 62
     5
 63
     7
 74
     1
 91
        0
 64
     7
 65
   257
 75
     1
175
     1
 42
1.0
 92
        0
 66
   257
 43
1.0
 76
     1
 77
     6
 78
     2
 67
     7
 79
     5
170
     0
171
     0
290
     0
174
     0
 93
       13
 44
0.0
173
     0
291
     1
 45
0.0
1001
ACAD
1000
AcDbSavedByObjectVersion
1070
     0
  0
VISUALSTYLE
  5
2C
102
{ACAD_XDICTIONARY
360
8586
102
}
102
{ACAD_REACTORS
330
29
102
}
330
29
100
AcDbVisualStyle
  2

 70
     2
 71
     2
 72
     2
 73
     1
 90
        2
 40
-0.6
 41
30.0
 62
     5
 63
     7
 74
     0
 91
        0
 64
     7
 65
   257
 75
     1
175
     1
 42
1.0
 92
        0
 66
     7
 43
1.0
 76
     1
 77
     6
 78
     2
 67
     7
 79
     5
170
     0
171
     0
290
     0
174
     0
 93
       13
 44
0.0
173
     0
291
     1
 45
0.0
1001
ACAD
1000
AcDbSavedByObjectVersion
1070
     0
  0
VISUALSTYLE
  5
2D
102
{ACAD_XDICTIONARY
360
8588
102
}
102
{ACAD_REACTORS
330
29
102
}
330
29
100
AcDbVisualStyle
  2

 70
     3
 71
     2
 72
     2
 73
     1
 90
        2
 40
-0.6
 41
30.0
 62
     5
 63
     7
 74
     1
 91
        0
 64
     7
 65
   257
 75
     1
175
     1
 42
1.0
 92
        0
 66
   257
 43
1.0
 76
     1
 77
     6
 78
     2
 67
     7
 79
     5
170
     0
171
     0
290
     0
174
     0
 93
       13
 44
0.0
173
     0
291
     1
 45
0.0
1001
ACAD
1000
AcDbSavedByObjectVersion
1070
     0
  0
VISUALSTYLE
  5
31
102
{ACAD_XDICTIONARY
360
8590
102
}
102
{ACAD_REACTORS
330
29
102
}
330
29
100
AcDbVisualStyle
  2

 70
     6
 71
     1
 72
     2
 73
     2
 90
        0
 40
-0.6
 41
-30.0
 62
     5
 63
     7
 74
     2
 91
        2
 64
     7
 65
   257
 75
     2
175
     1
 42
40.0
 92
        0
 66
   257
 43
1.0
 76
     1
 77
     6
 78
     2
 67
     7
 79
     3
170
     0
171
     0
290
     0
174
     0
 93
        1
 44
0.0
173
     0
291
     0
 45
0.0
1001
ACAD
1000
AcDbSavedByObjectVersion
1070
     0
  0
VISUALSTYLE
  5
3F
102
{ACAD_XDICTIONARY
360
85AC
102
}
102
{ACAD_REACTORS
330
29
102
}
330
29
100
AcDbVisualStyle
  2

 70
    20
 71
     2
 72
     2
 73
     0
 90
        0
 40
-0.6
 41
-30.0
 62
     5
 63
     7
 74
     1
 91
        4
 64
     7
 65
   257
 75
     1
175
     1
 42
1.0
 92
       10
 66
     7
 43
1.0
 76
     1
 77
     6
 78
     2
 67
     7
 79
     5
170
     0
171
     0
290
     0
174
     0
 93
        1
 44
0.0
173
     0
291
     1
 45
0.0
1001
ACAD
1000
AcDbSavedByObjectVersion
1070
     0
  0
VISUALSTYLE
  5
37
102
{ACAD_XDICTIONARY
360
859C
102
}
102
{ACAD_REACTORS
330
29
102
}
330
29
100
AcDbVisualStyle
  2

 70
    14
 71
     2
 72
     2
 73
     0
 90
        0
 40
-0.6
 41
-30.0
 62
     5
 63
     7
 74
     1
 91
        4
 64
     7
 65
   257
 75
     7
175
     7
 42
1.0
 92
        8
 66
     7
 43
1.0
 76
     1
 77
     6
 78
     2
 67
     7
 79
     5
170
     0
171
     0
290
     0
174
     0
 93
        1
 44
0.0
173
     0
291
     1
 45
0.0
1001
ACAD
1000
AcDbSavedByObjectVersion
1070
     0
  0
VISUALSTYLE
  5
40
102
{ACAD_XDICTIONARY
360
85AE
102
}
102
{ACAD_REACTORS
330
29
102
}
330
29
100
AcDbVisualStyle
  2

 70
    21
 71
     2
 72
     2
 73
     0
 90
        0
 40
-0.6
 41
-30.0
 62
     5
 63
     7
 74
     1
 91
        4
 64
     7
 65
   257
 75
     1
175
     1
 42
1.0
 92
        9
 66
     7
 43
1.0
 76
     1
 77
     6
 78
     2
 67
     7
 79
     5
170
     0
171
     0
290
     0
174
     0
 93
        1
 44
0.0
173
     0
291
     1
 45
0.0
1001
ACAD
1000
AcDbSavedByObjectVersion
1070
     0
  0
VISUALSTYLE
  5
33
102
{ACAD_XDICTIONARY
360
8594
102
}
102
{ACAD_REACTORS
330
29
102
}
330
29
100
AcDbVisualStyle
  2

 70
     8
 71
     2
 72
     3
 73
     0
 90
        2
 40
-0.6
 41
30.0
 62
     5
 63
     7
 74
     0
 91
        0
 64
     7
 65
   257
 75
     1
175
     1
 42
1.0
 92
        8
 66
   257
 43
1.0
 76
     1
 77
     6
 78
     2
 67
     7
 79
     3
170
     0
171
     0
290
     0
174
     0
 93
       13
 44
0.0
173
     0
291
     0
 45
0.0
1001
ACAD
1000
AcDbSavedByObjectVersion
1070
     0
  0
VISUALSTYLE
  5
3E
102
{ACAD_XDICTIONARY
360
85AA
102
}
102
{ACAD_REACTORS
330
29
102
}
330
29
100
AcDbVisualStyle
  2

 70
    27
 71
     2
 72
     2
 73
     1
 90
        2
 40
-0.6
 41
30.0
 62
     5
 63
     7
 74
     0
 91
        4
 64
     7
 65
   257
 75
     1
175
     1
 42
1.0
 92
        8
 66
   257
 43
1.0
 76
     1
 77
     6
 78
     2
 67
     8
 79
     3
170
     0
171
     0
290
     0
174
     0
 93
        5
 44
0.0
173
     0
291
     0
 45
0.0
1001
ACAD
1000
AcDbSavedByObjectVersion
1070
     0
  0
VISUALSTYLE
  5
3D
102
{ACAD_XDICTIONARY
360
85A8
102
}
102
{ACAD_REACTORS
330
29
102
}
330
29
100
AcDbVisualStyle
  2

 70
    26
 71
     2
 72
     2
 73
     1
 90
        2
 40
-0.6
 41
30.0
 62
     5
 63
     7
 74
     1
 91
       10
 64
     7
 65
   257
 75
     2
175
     1
 42
1.0
 92
        8
 66
   257
 43
1.0
 76
     1
 77
     6
 78
     2
 67
     7
 79
     3
170
     0
171
     0
290
     0
174
     0
 93
        5
 44
0.0
173
     0
291
     0
 45
0.0
1001
ACAD
1000
AcDbSavedByObjectVersion
1070
     0
  0
VISUALSTYLE
  5
3A
102
{ACAD_XDICTIONARY
360
85A2
102
}
102
{ACAD_REACTORS
330
29
102
}
330
29
100
AcDbVisualStyle
  2

 70
    23
 71
     2
 72
     2
 73
     3
 90
        0
 40
-0.6
 41
-30.0
 62
     5
 63
     7
 74
     2
 91
        2
 64
     7
 65
     7
 75
     1
175
     1
 42
40.0
 92
        8
 66
     7
 43
1.0
 76
     1
 77
     6
 78
     2
 67
     7
 79
     3
170
     0
171
     0
290
     0
174
     0
 93
        1
 44
0.0
173
     0
291
     0
 45
0.0
1001
ACAD
1000
AcDbSavedByObjectVersion
1070
     0
  0
VISUALSTYLE
  5
3B
102
{ACAD_XDICTIONARY
360
85A4
102
}
102
{ACAD_REACTORS
330
29
102
}
330
29
100
AcDbVisualStyle
  2

 70
    24
 71
     1
 72
     2
 73
     2
 90
        0
 40
-0.6
 41
-30.0
 62
     5
 63
     7
 74
     2
 91
        2
 64
     7
 65
     7
 75
     1
175
     1
 42
40.0
 92
       11
 66
     7
 43
1.0
 76
     1
 77
     6
 78
     2
 67
     7
 79
     6
170
     0
171
     0
290
     0
174
     0
 93
        1
 44
0.0
173
     0
291
     0
 45
0.0
1001
ACAD
1000
AcDbSavedByObjectVersion
1070
     0
  0
VISUALSTYLE
  5
36
102
{ACAD_XDICTIONARY
360
859A
102
}
102
{ACAD_REACTORS
330
29
102
}
330
29
100
AcDbVisualStyle
  2

 70
    13
 71
     2
 72
     2
 73
     0
 90
        0
 40
-0.6
 41
-30.0
 62
     5
 63
     7
 74
     1
 91
        4
 64
     7
 65
   257
 75
     1
175
     1
 42
1.0
 92
       12
 66
     7
 43
1.0
 76
     1
 77
     6
 78
     2
 67
     7
 79
     5
170
     0
171
     0
290
     0
174
     0
 93
        1
 44
0.0
173
     0
291
     1
 45
0.0
1001
ACAD
1000
AcDbSavedByObjectVersion
1070
     0
  0
VISUALSTYLE
  5
30
102
{ACAD_XDICTIONARY
360
858E
102
}
102
{ACAD_REACTORS
330
29
102
}
330
29
100
AcDbVisualStyle
  2

 70
     5
 71
     0
 72
     2
 73
     0
 90
        0
 40
-0.6
 41
-30.0
 62
     5
 63
     7
 74
     1
 91
        4
 64
     7
 65
   257
 75
     1
175
     1
 42
1.0
 92
        0
 66
   257
 43
1.0
 76
     1
 77
     6
 78
     2
 67
     7
 79
     3
170
     0
171
     0
290
     0
174
     0
 93
        1
 44
0.0
173
     0
291
     0
 45
0.0
1001
ACAD
1000
AcDbSavedByObjectVersion
1070
     0
  0
VISUALSTYLE
  5
3C
102
{ACAD_XDICTIONARY
360
85A6
102
}
102
{ACAD_REACTORS
330
29
102
}
330
29
100
AcDbVisualStyle
  2

 70
    25
 71
     2
 72
     2
 73
     1
 90
        1
 40
0.5
 41
-30.0
 62
     5
 63
     7
 74
     1
 91
        0
 64
     7
 65
   257
 75
     1
175
     1
 42
1.0
 92
        8
 66
     7
 43
1.0
 76
     1
 77
     6
 78
     2
 67
     7
 79
     3
170
     0
171
     0
290
     0
174
     0
 93
       13
 44
0.0
173
     0
291
     0
 45
0.0
1001
ACAD
1000
AcDbSavedByObjectVersion
1070
     0
  0
DICTIONARYVAR
  5
FED
102
{ACAD_REACTORS
330
FEA
102
}
330
FEA
100
DictionaryVariables
280
     0
  1
1:1
  0
DICTIONARYVAR
  5
FEC
102
{ACAD_REACTORS
330
FEA
102
}
330
FEA
100
DictionaryVariables
280
     0
  1
STANDARD
  0
DICTIONARYVAR
  5
FEB
102
{ACAD_REACTORS
330
FEA
102
}
330
FEA
100
DictionaryVariables
280
     0
  1
STANDARD
  0
DICTIONARYVAR
  5
799D
102
{ACAD_REACTORS
330
FEA
102
}
330
FEA
100
DictionaryVariables
280
     0
  1
Imperial24
  0
DICTIONARYVAR
  5
799E
102
{ACAD_REACTORS
330
FEA
102
}
330
FEA
100
DictionaryVariables
280
     0
  1
Imperial24
  0
DICTIONARYVAR
  5
FF0
102
{ACAD_REACTORS
330
FEA
102
}
330
FEA
100
DictionaryVariables
280
     0
  1
1
  0
DICTIONARYVAR
  5
FEF
102
{ACAD_REACTORS
330
FEA
102
}
330
FEA
100
DictionaryVariables
280
     0
  1
0
  0
DICTIONARYVAR
  5
781E
102
{ACAD_REACTORS
330
FEA
102
}
330
FEA
100
DictionaryVariables
280
     0
  1
1
  0
DICTIONARYVAR
  5
781F
102
{ACAD_REACTORS
330
FEA
102
}
330
FEA
100
DictionaryVariables
280
     0
  1
15
  0
DICTIONARYVAR
  5
781D
102
{ACAD_REACTORS
330
FEA
102
}
330
FEA
100
DictionaryVariables
280
     0
  1
0
  0
DICTIONARYVAR
  5
8579
102
{ACAD_REACTORS
330
FEA
102
}
330
FEA
100
DictionaryVariables
280
     0
  1
1.570796
  0
DICTIONARYVAR
  5
857A
102
{ACAD_REACTORS
330
FEA
102
}
330
FEA
100
DictionaryVariables
280
     0
  1
1.570796
  0
DICTIONARYVAR
  5
781C
102
{ACAD_REACTORS
330
FEA
102
}
330
FEA
100
DictionaryVariables
280
     0
  1
0
  0
DICTIONARYVAR
  5
FEE
102
{ACAD_REACTORS
330
FEA
102
}
330
FEA
100
DictionaryVariables
280
     0
  1
127
  0
DICTIONARYVAR
  5
857B
102
{ACAD_REACTORS
330
FEA
102
}
330
FEA
100
DictionaryVariables
280
     0
  1
2
  0
DICTIONARY
  5
85BB
330
7970
100
AcDbDictionary
280
     1
281
     1
  3
ACAD_XREC_ROUNDTRIP
360
85BC
  0
DICTIONARY
  5
85B3
330
6A
100
AcDbDictionary
280
     1
281
     1
  3
ACAD_XREC_ROUNDTRIP
360
85B4
  0
DICTIONARY
  5
85B5
330
6E
100
AcDbDictionary
280
     1
281
     1
  3
ACAD_XREC_ROUNDTRIP
360
85B6
  0
DICTIONARY
  5
1A
330
19
100
AcDbDictionary
280
     1
281
     1
  3
ACAD_XREC_ROUNDTRIP
360
6839
  3
BUMPTILE
360
1C
  3
DIFFUSETILE
360
1B
  3
OPACITYTILE
360
1F
  3
REFLECTIONTILE
360
1E
  3
REFRACTIONTILE
360
20
  3
SPECULARTILE
360
1D
  0
DICTIONARY
  5
12
330
11
100
AcDbDictionary
280
     1
281
     1
  3
ACAD_XREC_ROUNDTRIP
360
6838
  3
BUMPTILE
360
14
  3
DIFFUSETILE
360
13
  3
OPACITYTILE
360
17
  3
REFLECTIONTILE
360
16
  3
REFRACTIONTILE
360
18
  3
SPECULARTILE
360
15
  0
DICTIONARY
  5
22
330
21
100
AcDbDictionary
280
     1
281
     1
  3
ACAD_XREC_ROUNDTRIP
360
683A
  3
BUMPTILE
360
24
  3
DIFFUSETILE
360
23
  3
OPACITYTILE
360
27
  3
REFLECTIONTILE
360
26
  3
REFRACTIONTILE
360
28
  3
SPECULARTILE
360
25
  0
DICTIONARY
  5
85B9
330
796E
100
AcDbDictionary
280
     1
281
     1
  3
ACAD_XREC_ROUNDTRIP
360
85BA
  0
DICTIONARY
  5
6834
330
64
100
AcDbDictionary
280
     1
281
     1
  3
ACAD_ROUNDTRIP_2008_TABLESTYLE_CELLSTYLEMAP
360
857C
  3
ACAD_XREC_ROUNDTRIP
360
85B2
  0
DICTIONARY
  5
858C
330
2F
100
AcDbDictionary
280
     1
281
     1
  3
ACAD_XREC_ROUNDTRIP
360
858D
  0
DICTIONARY
  5
85B7
330
EC6
100
AcDbDictionary
280
     1
281
     1
  3
ACAD_XREC_ROUNDTRIP
360
85B8
  0
DICTIONARY
  5
858A
330
2E
100
AcDbDictionary
280
     1
281
     1
  3
ACAD_XREC_ROUNDTRIP
360
858B
  0
DICTIONARY
  5
8598
330
35
100
AcDbDictionary
280
     1
281
     1
  3
ACAD_XREC_ROUNDTRIP
360
8599
  0
DICTIONARY
  5
85A0
330
39
100
AcDbDictionary
280
     1
281
     1
  3
ACAD_XREC_ROUNDTRIP
360
85A1
  0
DICTIONARY
  5
8592
330
32
100
AcDbDictionary
280
     1
281
     1
  3
ACAD_XREC_ROUNDTRIP
360
8593
  0
DICTIONARY
  5
8596
330
34
100
AcDbDictionary
280
     1
281
     1
  3
ACAD_XREC_ROUNDTRIP
360
8597
  0
DICTIONARY
  5
85B0
330
41
100
AcDbDictionary
280
     1
281
     1
  3
ACAD_XREC_ROUNDTRIP
360
85B1
  0
DICTIONARY
  5
859E
330
38
100
AcDbDictionary
280
     1
281
     1
  3
ACAD_XREC_ROUNDTRIP
360
859F
  0
DICTIONARY
  5
8582
330
2A
100
AcDbDictionary
280
     1
281
     1
  3
ACAD_XREC_ROUNDTRIP
360
8583
  0
DICTIONARY
  5
8584
330
2B
100
AcDbDictionary
280
     1
281
     1
  3
ACAD_XREC_ROUNDTRIP
360
8585
  0
DICTIONARY
  5
8586
330
2C
100
AcDbDictionary
280
     1
281
     1
  3
ACAD_XREC_ROUNDTRIP
360
8587
  0
DICTIONARY
  5
8588
330
2D
100
AcDbDictionary
280
     1
281
     1
  3
ACAD_XREC_ROUNDTRIP
360
8589
  0
DICTIONARY
  5
8590
330
31
100
AcDbDictionary
280
     1
281
     1
  3
ACAD_XREC_ROUNDTRIP
360
8591
  0
DICTIONARY
  5
85AC
330
3F
100
AcDbDictionary
280
     1
281
     1
  3
ACAD_XREC_ROUNDTRIP
360
85AD
  0
DICTIONARY
  5
859C
330
37
100
AcDbDictionary
280
     1
281
     1
  3
ACAD_XREC_ROUNDTRIP
360
859D
  0
DICTIONARY
  5
85AE
330
40
100
AcDbDictionary
280
     1
281
     1
  3
ACAD_XREC_ROUNDTRIP
360
85AF
  0
DICTIONARY
  5
8594
330
33
100
AcDbDictionary
280
     1
281
     1
  3
ACAD_XREC_ROUNDTRIP
360
8595
  0
DICTIONARY
  5
85AA
330
3E
100
AcDbDictionary
280
     1
281
     1
  3
ACAD_XREC_ROUNDTRIP
360
85AB
  0
DICTIONARY
  5
85A8
330
3D
100
AcDbDictionary
280
     1
281
     1
  3
ACAD_XREC_ROUNDTRIP
360
85A9
  0
DICTIONARY
  5
85A2
330
3A
100
AcDbDictionary
280
     1
281
     1
  3
ACAD_XREC_ROUNDTRIP
360
85A3
  0
DICTIONARY
  5
85A4
330
3B
100
AcDbDictionary
280
     1
281
     1
  3
ACAD_XREC_ROUNDTRIP
360
85A5
  0
DICTIONARY
  5
859A
330
36
100
AcDbDictionary
280
     1
281
     1
  3
ACAD_XREC_ROUNDTRIP
360
859B
  0
DICTIONARY
  5
858E
330
30
100
AcDbDictionary
280
     1
281
     1
  3
ACAD_XREC_ROUNDTRIP
360
858F
  0
DICTIONARY
  5
85A6
330
3C
100
AcDbDictionary
280
     1
281
     1
  3
ACAD_XREC_ROUNDTRIP
360
85A7
  0
XRECORD
  5
85BC
102
{ACAD_REACTORS
330
85BB
102
}
330
85BB
100
AcDbXrecord
280
     1
102
DISPLAYNAME
  1
Imperial24
102
FLAGS
 90
        0
  0
XRECORD
  5
85B4
102
{ACAD_REACTORS
330
85B3
102
}
330
85B3
100
AcDbXrecord
280
     1
102
SHADEPLOT
 70
     0
102
SHADEPLOTRESLEVEL
 70
     2
102
SHADEPLOTCUSTOMDPI
 70
   300
  0
XRECORD
  5
85B6
102
{ACAD_REACTORS
330
85B5
102
}
330
85B5
100
AcDbXrecord
280
     1
102
SHADEPLOT
 70
     0
102
SHADEPLOTRESLEVEL
 70
     2
102
SHADEPLOTCUSTOMDPI
 70
   300
  0
XRECORD
  5
6839
102
{ACAD_REACTORS
330
1A
102
}
330
1A
100
AcDbXrecord
280
     1
102
MATERIAL
148
0.0
149
0.0
149
0.0
 93
        0
 94
      127
282
     0
 72
     0
 77
     0
171
     0
175
     0
179
     0
273
     0
  0
XRECORD
  5
1C
102
{ACAD_REACTORS
330
1A
102
}
330
1A
100
AcDbXrecord
280
     1
270
     1
271
     1
  0
XRECORD
  5
1B
102
{ACAD_REACTORS
330
1A
102
}
330
1A
100
AcDbXrecord
280
     1
270
     1
271
     1
  0
XRECORD
  5
1F
102
{ACAD_REACTORS
330
1A
102
}
330
1A
100
AcDbXrecord
280
     1
270
     1
271
     1
  0
XRECORD
  5
1E
102
{ACAD_REACTORS
330
1A
102
}
330
1A
100
AcDbXrecord
280
     1
270
     1
271
     1
  0
XRECORD
  5
20
102
{ACAD_REACTORS
330
1A
102
}
330
1A
100
AcDbXrecord
280
     1
270
     1
271
     1
  0
XRECORD
  5
1D
102
{ACAD_REACTORS
330
1A
102
}
330
1A
100
AcDbXrecord
280
     1
270
     1
271
     1
  0
XRECORD
  5
6838
102
{ACAD_REACTORS
330
12
102
}
330
12
100
AcDbXrecord
280
     1
102
MATERIAL
148
0.0
149
0.0
149
0.0
 93
        0
 94
      127
282
     0
 72
     0
 77
     0
171
     0
175
     0
179
     0
273
     0
  0
XRECORD
  5
14
102
{ACAD_REACTORS
330
12
102
}
330
12
100
AcDbXrecord
280
     1
270
     1
271
     1
  0
XRECORD
  5
13
102
{ACAD_REACTORS
330
12
102
}
330
12
100
AcDbXrecord
280
     1
270
     1
271
     1
  0
XRECORD
  5
17
102
{ACAD_REACTORS
330
12
102
}
330
12
100
AcDbXrecord
280
     1
270
     1
271
     1
  0
XRECORD
  5
16
102
{ACAD_REACTORS
330
12
102
}
330
12
100
AcDbXrecord
280
     1
270
     1
271
     1
  0
XRECORD
  5
18
102
{ACAD_REACTORS
330
12
102
}
330
12
100
AcDbXrecord
280
     1
270
     1
271
     1
  0
XRECORD
  5
15
102
{ACAD_REACTORS
330
12
102
}
330
12
100
AcDbXrecord
280
     1
270
     1
271
     1
  0
XRECORD
  5
683A
102
{ACAD_REACTORS
330
22
102
}
330
22
100
AcDbXrecord
280
     1
102
MATERIAL
148
0.0
149
0.0
149
0.0
 93
        0
 94
      127
282
     0
 72
     0
 77
     0
171
     0
175
     0
179
     0
273
     0
  0
XRECORD
  5
24
102
{ACAD_REACTORS
330
22
102
}
330
22
100
AcDbXrecord
280
     1
270
     1
271
     1
  0
XRECORD
  5
23
102
{ACAD_REACTORS
330
22
102
}
330
22
100
AcDbXrecord
280
     1
270
     1
271
     1
  0
XRECORD
  5
27
102
{ACAD_REACTORS
330
22
102
}
330
22
100
AcDbXrecord
280
     1
270
     1
271
     1
  0
XRECORD
  5
26
102
{ACAD_REACTORS
330
22
102
}
330
22
100
AcDbXrecord
280
     1
270
     1
271
     1
  0
XRECORD
  5
28
102
{ACAD_REACTORS
330
22
102
}
330
22
100
AcDbXrecord
280
     1
270
     1
271
     1
  0
XRECORD
  5
25
102
{ACAD_REACTORS
330
22
102
}
330
22
100
AcDbXrecord
280
     1
270
     1
271
     1
  0
XRECORD
  5
85BA
102
{ACAD_REACTORS
330
85B9
102
}
330
85B9
100
AcDbXrecord
280
     1
102
DISPLAYNAME
  1
Imperial24
102
FLAGS
 90
        0
  0
CELLSTYLEMAP
  5
857C
102
{ACAD_REACTORS
330
6834
102
}
330
6834
100
AcDbCellStyleMap
 90
        3
300
CELLSTYLE
  1
TABLEFORMAT_BEGIN
 90
        5
170
     1
 91
        0
 92
    32768
 62
   257
 93
        1
300
CONTENTFORMAT
  1
CONTENTFORMAT_BEGIN
 90
        0
 91
        0
 92
      512
 93
        0
300

 40
0.0
140
1.0
 94
        5
 62
     0
340
55
144
0.25
309
CONTENTFORMAT_END
171
     1
301
MARGIN
  1
CELLMARGIN_BEGIN
 40
0.06
 40
0.06
 40
0.06
 40
0.06
 40
0.18
 40
0.18
309
CELLMARGIN_END
 94
        6
 95
        1
302
GRIDFORMAT
  1
GRIDFORMAT_BEGIN
 90
        0
 91
        1
 62
     0
 92
       -2
340
0
 93
        0
 40
0.045
309
GRIDFORMAT_END
 95
        2
302
GRIDFORMAT
  1
GRIDFORMAT_BEGIN
 90
        0
 91
        1
 62
     0
 92
       -2
340
0
 93
        0
 40
0.045
309
GRIDFORMAT_END
 95
        4
302
GRIDFORMAT
  1
GRIDFORMAT_BEGIN
 90
        0
 91
        1
 62
     0
 92
       -2
340
0
 93
        0
 40
0.045
309
GRIDFORMAT_END
 95
        8
302
GRIDFORMAT
  1
GRIDFORMAT_BEGIN
 90
        0
 91
        1
 62
     0
 92
       -2
340
0
 93
        0
 40
0.045
309
GRIDFORMAT_END
 95
       16
302
GRIDFORMAT
  1
GRIDFORMAT_BEGIN
 90
        0
 91
        1
 62
     0
 92
       -2
340
0
 93
        0
 40
0.045
309
GRIDFORMAT_END
 95
       32
302
GRIDFORMAT
  1
GRIDFORMAT_BEGIN
 90
        0
 91
        1
 62
     0
 92
       -2
340
0
 93
        0
 40
0.045
309
GRIDFORMAT_END
309
TABLEFORMAT_END
  1
CELLSTYLE_BEGIN
 90
        1
 91
        1
300
_TITLE
309
CELLSTYLE_END
300
CELLSTYLE
  1
TABLEFORMAT_BEGIN
 90
        5
170
     1
 91
        0
 92
        0
 62
   257
 93
        1
300
CONTENTFORMAT
  1
CONTENTFORMAT_BEGIN
 90
        0
 91
        0
 92
      512
 93
        0
300

 40
0.0
140
1.0
 94
        5
 62
     0
340
55
144
0.18
309
CONTENTFORMAT_END
171
     1
301
MARGIN
  1
CELLMARGIN_BEGIN
 40
0.06
 40
0.06
 40
0.06
 40
0.06
 40
0.18
 40
0.18
309
CELLMARGIN_END
 94
        6
 95
        1
302
GRIDFORMAT
  1
GRIDFORMAT_BEGIN
 90
        0
 91
        1
 62
     0
 92
       -2
340
0
 93
        0
 40
0.045
309
GRIDFORMAT_END
 95
        2
302
GRIDFORMAT
  1
GRIDFORMAT_BEGIN
 90
        0
 91
        1
 62
     0
 92
       -2
340
0
 93
        0
 40
0.045
309
GRIDFORMAT_END
 95
        4
302
GRIDFORMAT
  1
GRIDFORMAT_BEGIN
 90
        0
 91
        1
 62
     0
 92
       -2
340
0
 93
        0
 40
0.045
309
GRIDFORMAT_END
 95
        8
302
GRIDFORMAT
  1
GRIDFORMAT_BEGIN
 90
        0
 91
        1
 62
     0
 92
       -2
340
0
 93
        0
 40
0.045
309
GRIDFORMAT_END
 95
       16
302
GRIDFORMAT
  1
GRIDFORMAT_BEGIN
 90
        0
 91
        1
 62
     0
 92
       -2
340
0
 93
        0
 40
0.045
309
GRIDFORMAT_END
 95
       32
302
GRIDFORMAT
  1
GRIDFORMAT_BEGIN
 90
        0
 91
        1
 62
     0
 92
       -2
340
0
 93
        0
 40
0.045
309
GRIDFORMAT_END
309
TABLEFORMAT_END
  1
CELLSTYLE_BEGIN
 90
        2
 91
        1
300
_HEADER
309
CELLSTYLE_END
300
CELLSTYLE
  1
TABLEFORMAT_BEGIN
 90
        5
170
     1
 91
        0
 92
        0
 62
   257
 93
        1
300
CONTENTFORMAT
  1
CONTENTFORMAT_BEGIN
 90
        0
 91
        0
 92
      512
 93
        0
300

 40
0.0
140
1.0
 94
        2
 62
     0
340
55
144
0.18
309
CONTENTFORMAT_END
171
     1
301
MARGIN
  1
CELLMARGIN_BEGIN
 40
0.06
 40
0.06
 40
0.06
 40
0.06
 40
0.18
 40
0.18
309
CELLMARGIN_END
 94
        6
 95
        1
302
GRIDFORMAT
  1
GRIDFORMAT_BEGIN
 90
        0
 91
        1
 62
     0
 92
       -2
340
0
 93
        0
 40
0.045
309
GRIDFORMAT_END
 95
        2
302
GRIDFORMAT
  1
GRIDFORMAT_BEGIN
 90
        0
 91
        1
 62
     0
 92
       -2
340
0
 93
        0
 40
0.045
309
GRIDFORMAT_END
 95
        4
302
GRIDFORMAT
  1
GRIDFORMAT_BEGIN
 90
        0
 91
        1
 62
     0
 92
       -2
340
0
 93
        0
 40
0.045
309
GRIDFORMAT_END
 95
        8
302
GRIDFORMAT
  1
GRIDFORMAT_BEGIN
 90
        0
 91
        1
 62
     0
 92
       -2
340
0
 93
        0
 40
0.045
309
GRIDFORMAT_END
 95
       16
302
GRIDFORMAT
  1
GRIDFORMAT_BEGIN
 90
        0
 91
        1
 62
     0
 92
       -2
340
0
 93
        0
 40
0.045
309
GRIDFORMAT_END
 95
       32
302
GRIDFORMAT
  1
GRIDFORMAT_BEGIN
 90
        0
 91
        1
 62
     0
 92
       -2
340
0
 93
        0
 40
0.045
309
GRIDFORMAT_END
309
TABLEFORMAT_END
  1
CELLSTYLE_BEGIN
 90
        3
 91
        2
300
_DATA
309
CELLSTYLE_END
  0
XRECORD
  5
85B2
102
{ACAD_REACTORS
330
6834
102
}
330
6834
100
AcDbXrecord
280
     1
102
ACAD_ROUNDTRIP_PRE2007_TABLESTYLE
 90
      512
 91
        0
  1

 92
      512
 93
        0
  2

 94
      512
 95
        0
  3

  0
XRECORD
  5
858D
102
{ACAD_REACTORS
330
858C
102
}
330
858C
100
AcDbXrecord
280
     1
102
RTVSPost2010Prop28
280
     1
102
RTVSPost2010PropOp28
 70
     1
102
RTVSPost2010Prop29
280
     1
102
RTVSPost2010PropOp29
 70
     1
102
RTVSPost2010Prop30
280
     0
102
RTVSPost2010PropOp30
 70
     1
102
RTVSPost2010Prop31
280
     0
102
RTVSPost2010PropOp31
 70
     1
102
RTVSPost2010Prop32
280
     0
102
RTVSPost2010PropOp32
 70
     1
102
RTVSPost2010Prop33
280
     0
102
RTVSPost2010PropOp33
 70
     1
102
RTVSPost2010Prop34
280
     0
102
RTVSPost2010PropOp34
 70
     1
102
RTVSPost2010Prop35
280
     0
102
RTVSPost2010PropOp35
 70
     1
102
RTVSPost2010Prop36
280
     0
102
RTVSPost2010PropOp36
 70
     1
102
RTVSPost2010Prop37
 90
       50
102
RTVSPost2010PropOp37
 70
     1
102
RTVSPost2010Prop38
140
0.0
102
RTVSPost2010PropOp38
 70
     1
102
RTVSPost2010Prop39
140
1.0
102
RTVSPost2010PropOp39
 70
     1
102
RTVSPost2010Prop40
 90
        0
102
RTVSPost2010PropOp40
 70
     1
102
RTVSPost2010Prop41ColorIndex
 90
       18
102
RTVSPost2010Prop41ColorRGB
 90
        0
102
RTVSPost2010PropOp41
 70
     1
102
RTVSPost2010Prop42
 90
       50
102
RTVSPost2010PropOp42
 70
     1
102
RTVSPost2010Prop43
 90
        3
102
RTVSPost2010PropOp43
 70
     1
102
RTVSPost2010Prop44ColorIndex
 90
        5
102
RTVSPost2010Prop44ColorRGB
 90
      255
102
RTVSPost2010PropOp44
 70
     1
102
RTVSPost2010Prop45
280
     0
102
RTVSPost2010PropOp45
 70
     1
102
RTVSPost2010Prop46
 90
       50
102
RTVSPost2010PropOp46
 70
     1
102
RTVSPost2010Prop47
 90
       50
102
RTVSPost2010PropOp47
 70
     1
102
RTVSPost2010Prop48
 90
       50
102
RTVSPost2010PropOp48
 70
     1
102
RTVSPost2010Prop49
280
     0
102
RTVSPost2010PropOp49
 70
     1
102
RTVSPost2010Prop50
 90
       50
102
RTVSPost2010PropOp50
 70
     1
102
RTVSPost2010Prop51ColorIndex
 90
      256
102
RTVSPost2010Prop51ColorRGB
 90
-16777216
102
RTVSPost2010PropOp51
 70
     0
102
RTVSPost2010Prop52
140
1.0
102
RTVSPost2010PropOp52
 70
     0
102
RTVSPost2010Prop53
 90
        2
102
RTVSPost2010PropOp53
 70
     1
102
RTVSPost2010Prop54
  1
strokes_ogs.tif
102
RTVSPost2010PropOp54
 70
     1
102
RTVSPost2010Prop55
280
     0
102
RTVSPost2010PropOp55
 70
     1
102
RTVSPost2010Prop56
140
1.0
102
RTVSPost2010PropOp56
 70
     1
102
RTVSPost2010Prop57
140
1.0
102
RTVSPost2010PropOp57
 70
     1
102
RTVSPropertyOp0
 70
     1
102
RTVSPropertyOp1
 70
     1
102
RTVSPropertyOp2
 70
     1
102
RTVSPropertyOp3
 70
     1
102
RTVSPropertyOp4
 70
     1
102
RTVSPropertyOp5
 70
     1
102
RTVSPropertyOp6
 70
     1
102
RTVSPropertyOp7
 70
     1
102
RTVSPropertyOp8
 70
     1
102
RTVSPropertyOp9
 70
     1
102
RTVSPropertyOp10
 70
     1
102
RTVSPropertyOp11
 70
     1
102
RTVSPropertyOp12
 70
     1
102
RTVSPropertyOp13
 70
     1
102
RTVSPropertyOp14
 70
     1
102
RTVSPropertyOp15
 70
     1
102
RTVSPropertyOp16
 70
     1
102
RTVSPropertyOp17
 70
     1
102
RTVSPropertyOp18
 70
     1
102
RTVSPropertyOp19
 70
     1
102
RTVSPropertyOp20
 70
     1
102
RTVSPropertyOp21
 70
     1
102
RTVSPropertyOp22
 70
     1
102
RTVSPropertyOp23
 70
     1
102
RTVSPropertyOp24
 70
     1
102
RTVSPropertyOp25
 70
     1
102
RTVSPropertyOp26
 70
     1
102
RTVSPropertyOp27
 70
     1
102
RTVSPropertyOp28
 70
     1
102
RTVSPropertyOp29
 70
     1
102
RTVSPropertyOp30
 70
     1
102
RTVSPropertyOp31
 70
     1
102
RTVSPropertyOp32
 70
     1
102
RTVSPropertyOp33
 70
     1
102
RTVSPropertyOp34
 70
     1
102
RTVSPropertyOp35
 70
     1
102
RTVSPropertyOp36
 70
     1
102
RTVSPropertyOp37
 70
     1
102
RTVSPropertyOp38
 70
     1
102
RTVSPropertyOp39
 70
     1
102
RTVSPropertyOp40
 70
     1
102
RTVSPropertyOp41
 70
     1
102
RTVSPropertyOp42
 70
     1
102
RTVSPropertyOp43
 70
     1
102
RTVSPropertyOp44
 70
     1
102
RTVSPropertyOp45
 70
     1
102
RTVSPropertyOp46
 70
     1
102
RTVSPropertyOp47
 70
     1
102
RTVSPropertyOp48
 70
     1
102
RTVSPropertyOp49
 70
     1
102
RTVSPropertyOp50
 70
     1
102
RTVSPropertyOp51
 70
     0
102
RTVSPropertyOp52
 70
     0
102
RTVSPropertyOp53
 70
     1
102
RTVSPropertyOp54
 70
     1
102
RTVSPropertyOp55
 70
     1
102
RTVSPropertyOp56
 70
     1
102
RTVSPropertyOp57
 70
     1
102
RTVSPropertyOp58
 70
     1
102
RTVSPropertyOp59
 70
     1
102
RTVSPropertyOp60
 70
     1
102
RTVSPropertyOp61
 70
     1
102
RTVSPropertyOp62
 70
     1
  0
XRECORD
  5
85B8
102
{ACAD_REACTORS
330
85B7
102
}
330
85B7
100
AcDbXrecord
280
     1
102
RTVSPost2010Prop28
280
     0
102
RTVSPost2010PropOp28
 70
     1
102
RTVSPost2010Prop29
280
     1
102
RTVSPost2010PropOp29
 70
     1
102
RTVSPost2010Prop30
280
     1
102
RTVSPost2010PropOp30
 70
     1
102
RTVSPost2010Prop31
280
     0
102
RTVSPost2010PropOp31
 70
     1
102
RTVSPost2010Prop32
280
     0
102
RTVSPost2010PropOp32
 70
     1
102
RTVSPost2010Prop33
280
     0
102
RTVSPost2010PropOp33
 70
     1
102
RTVSPost2010Prop34
280
     0
102
RTVSPost2010PropOp34
 70
     1
102
RTVSPost2010Prop35
280
     0
102
RTVSPost2010PropOp35
 70
     1
102
RTVSPost2010Prop36
280
     0
102
RTVSPost2010PropOp36
 70
     1
102
RTVSPost2010Prop37
 90
       50
102
RTVSPost2010PropOp37
 70
     1
102
RTVSPost2010Prop38
140
0.0
102
RTVSPost2010PropOp38
 70
     1
102
RTVSPost2010Prop39
140
1.0
102
RTVSPost2010PropOp39
 70
     1
102
RTVSPost2010Prop40
 90
        0
102
RTVSPost2010PropOp40
 70
     1
102
RTVSPost2010Prop41ColorIndex
 90
       18
102
RTVSPost2010Prop41ColorRGB
 90
        0
102
RTVSPost2010PropOp41
 70
     1
102
RTVSPost2010Prop42
 90
       50
102
RTVSPost2010PropOp42
 70
     1
102
RTVSPost2010Prop43
 90
        3
102
RTVSPost2010PropOp43
 70
     1
102
RTVSPost2010Prop44ColorIndex
 90
        5
102
RTVSPost2010Prop44ColorRGB
 90
      255
102
RTVSPost2010PropOp44
 70
     1
102
RTVSPost2010Prop45
280
     0
102
RTVSPost2010PropOp45
 70
     1
102
RTVSPost2010Prop46
 90
       50
102
RTVSPost2010PropOp46
 70
     1
102
RTVSPost2010Prop47
 90
       50
102
RTVSPost2010PropOp47
 70
     1
102
RTVSPost2010Prop48
 90
       50
102
RTVSPost2010PropOp48
 70
     1
102
RTVSPost2010Prop49
280
     0
102
RTVSPost2010PropOp49
 70
     1
102
RTVSPost2010Prop50
 90
       50
102
RTVSPost2010PropOp50
 70
     1
102
RTVSPost2010Prop51ColorIndex
 90
      256
102
RTVSPost2010Prop51ColorRGB
 90
-16777216
102
RTVSPost2010PropOp51
 70
     0
102
RTVSPost2010Prop52
140
1.0
102
RTVSPost2010PropOp52
 70
     0
102
RTVSPost2010Prop53
 90
        2
102
RTVSPost2010PropOp53
 70
     1
102
RTVSPost2010Prop54
  1
strokes_ogs.tif
102
RTVSPost2010PropOp54
 70
     1
102
RTVSPost2010Prop55
280
     0
102
RTVSPost2010PropOp55
 70
     1
102
RTVSPost2010Prop56
140
1.0
102
RTVSPost2010PropOp56
 70
     1
102
RTVSPost2010Prop57
140
1.0
102
RTVSPost2010PropOp57
 70
     1
102
RTVSPropertyOp0
 70
     1
102
RTVSPropertyOp1
 70
     1
102
RTVSPropertyOp2
 70
     1
102
RTVSPropertyOp3
 70
     1
102
RTVSPropertyOp4
 70
     1
102
RTVSPropertyOp5
 70
     1
102
RTVSPropertyOp6
 70
     1
102
RTVSPropertyOp7
 70
     1
102
RTVSPropertyOp8
 70
     1
102
RTVSPropertyOp9
 70
     1
102
RTVSPropertyOp10
 70
     1
102
RTVSPropertyOp11
 70
     1
102
RTVSPropertyOp12
 70
     1
102
RTVSPropertyOp13
 70
     1
102
RTVSPropertyOp14
 70
     1
102
RTVSPropertyOp15
 70
     1
102
RTVSPropertyOp16
 70
     1
102
RTVSPropertyOp17
 70
     1
102
RTVSPropertyOp18
 70
     1
102
RTVSPropertyOp19
 70
     1
102
RTVSPropertyOp20
 70
     1
102
RTVSPropertyOp21
 70
     1
102
RTVSPropertyOp22
 70
     1
102
RTVSPropertyOp23
 70
     1
102
RTVSPropertyOp24
 70
     1
102
RTVSPropertyOp25
 70
     1
102
RTVSPropertyOp26
 70
     1
102
RTVSPropertyOp27
 70
     1
102
RTVSPropertyOp28
 70
     1
102
RTVSPropertyOp29
 70
     1
102
RTVSPropertyOp30
 70
     1
102
RTVSPropertyOp31
 70
     1
102
RTVSPropertyOp32
 70
     1
102
RTVSPropertyOp33
 70
     1
102
RTVSPropertyOp34
 70
     1
102
RTVSPropertyOp35
 70
     1
102
RTVSPropertyOp36
 70
     1
102
RTVSPropertyOp37
 70
     1
102
RTVSPropertyOp38
 70
     1
102
RTVSPropertyOp39
 70
     1
102
RTVSPropertyOp40
 70
     1
102
RTVSPropertyOp41
 70
     1
102
RTVSPropertyOp42
 70
     1
102
RTVSPropertyOp43
 70
     1
102
RTVSPropertyOp44
 70
     1
102
RTVSPropertyOp45
 70
     1
102
RTVSPropertyOp46
 70
     1
102
RTVSPropertyOp47
 70
     1
102
RTVSPropertyOp48
 70
     1
102
RTVSPropertyOp49
 70
     1
102
RTVSPropertyOp50
 70
     1
102
RTVSPropertyOp51
 70
     0
102
RTVSPropertyOp52
 70
     0
102
RTVSPropertyOp53
 70
     1
102
RTVSPropertyOp54
 70
     1
102
RTVSPropertyOp55
 70
     1
102
RTVSPropertyOp56
 70
     1
102
RTVSPropertyOp57
 70
     1
102
RTVSPropertyOp58
 70
     1
102
RTVSPropertyOp59
 70
     1
102
RTVSPropertyOp60
 70
     1
102
RTVSPropertyOp61
 70
     1
102
RTVSPropertyOp62
 70
     1
  0
XRECORD
  5
858B
102
{ACAD_REACTORS
330
858A
102
}
330
858A
100
AcDbXrecord
280
     1
102
RTVSPost2010Prop28
280
     0
102
RTVSPost2010PropOp28
 70
     1
102
RTVSPost2010Prop29
280
     1
102
RTVSPost2010PropOp29
 70
     1
102
RTVSPost2010Prop30
280
     1
102
RTVSPost2010PropOp30
 70
     1
102
RTVSPost2010Prop31
280
     0
102
RTVSPost2010PropOp31
 70
     1
102
RTVSPost2010Prop32
280
     0
102
RTVSPost2010PropOp32
 70
     1
102
RTVSPost2010Prop33
280
     0
102
RTVSPost2010PropOp33
 70
     1
102
RTVSPost2010Prop34
280
     0
102
RTVSPost2010PropOp34
 70
     1
102
RTVSPost2010Prop35
280
     0
102
RTVSPost2010PropOp35
 70
     1
102
RTVSPost2010Prop36
280
     0
102
RTVSPost2010PropOp36
 70
     1
102
RTVSPost2010Prop37
 90
       50
102
RTVSPost2010PropOp37
 70
     1
102
RTVSPost2010Prop38
140
0.0
102
RTVSPost2010PropOp38
 70
     1
102
RTVSPost2010Prop39
140
1.0
102
RTVSPost2010PropOp39
 70
     1
102
RTVSPost2010Prop40
 90
        0
102
RTVSPost2010PropOp40
 70
     1
102
RTVSPost2010Prop41ColorIndex
 90
       18
102
RTVSPost2010Prop41ColorRGB
 90
        0
102
RTVSPost2010PropOp41
 70
     1
102
RTVSPost2010Prop42
 90
       50
102
RTVSPost2010PropOp42
 70
     1
102
RTVSPost2010Prop43
 90
        3
102
RTVSPost2010PropOp43
 70
     1
102
RTVSPost2010Prop44ColorIndex
 90
        5
102
RTVSPost2010Prop44ColorRGB
 90
      255
102
RTVSPost2010PropOp44
 70
     1
102
RTVSPost2010Prop45
280
     0
102
RTVSPost2010PropOp45
 70
     1
102
RTVSPost2010Prop46
 90
       50
102
RTVSPost2010PropOp46
 70
     1
102
RTVSPost2010Prop47
 90
       50
102
RTVSPost2010PropOp47
 70
     1
102
RTVSPost2010Prop48
 90
       50
102
RTVSPost2010PropOp48
 70
     1
102
RTVSPost2010Prop49
280
     0
102
RTVSPost2010PropOp49
 70
     1
102
RTVSPost2010Prop50
 90
       50
102
RTVSPost2010PropOp50
 70
     1
102
RTVSPost2010Prop51ColorIndex
 90
      256
102
RTVSPost2010Prop51ColorRGB
 90
-16777216
102
RTVSPost2010PropOp51
 70
     0
102
RTVSPost2010Prop52
140
1.0
102
RTVSPost2010PropOp52
 70
     0
102
RTVSPost2010Prop53
 90
        2
102
RTVSPost2010PropOp53
 70
     1
102
RTVSPost2010Prop54
  1
strokes_ogs.tif
102
RTVSPost2010PropOp54
 70
     1
102
RTVSPost2010Prop55
280
     0
102
RTVSPost2010PropOp55
 70
     1
102
RTVSPost2010Prop56
140
1.0
102
RTVSPost2010PropOp56
 70
     1
102
RTVSPost2010Prop57
140
1.0
102
RTVSPost2010PropOp57
 70
     1
102
RTVSPropertyOp0
 70
     1
102
RTVSPropertyOp1
 70
     1
102
RTVSPropertyOp2
 70
     1
102
RTVSPropertyOp3
 70
     1
102
RTVSPropertyOp4
 70
     1
102
RTVSPropertyOp5
 70
     1
102
RTVSPropertyOp6
 70
     1
102
RTVSPropertyOp7
 70
     1
102
RTVSPropertyOp8
 70
     1
102
RTVSPropertyOp9
 70
     1
102
RTVSPropertyOp10
 70
     1
102
RTVSPropertyOp11
 70
     1
102
RTVSPropertyOp12
 70
     1
102
RTVSPropertyOp13
 70
     1
102
RTVSPropertyOp14
 70
     1
102
RTVSPropertyOp15
 70
     1
102
RTVSPropertyOp16
 70
     1
102
RTVSPropertyOp17
 70
     1
102
RTVSPropertyOp18
 70
     1
102
RTVSPropertyOp19
 70
     1
102
RTVSPropertyOp20
 70
     1
102
RTVSPropertyOp21
 70
     1
102
RTVSPropertyOp22
 70
     1
102
RTVSPropertyOp23
 70
     1
102
RTVSPropertyOp24
 70
     1
102
RTVSPropertyOp25
 70
     1
102
RTVSPropertyOp26
 70
     1
102
RTVSPropertyOp27
 70
     1
102
RTVSPropertyOp28
 70
     1
102
RTVSPropertyOp29
 70
     1
102
RTVSPropertyOp30
 70
     1
102
RTVSPropertyOp31
 70
     1
102
RTVSPropertyOp32
 70
     1
102
RTVSPropertyOp33
 70
     1
102
RTVSPropertyOp34
 70
     1
102
RTVSPropertyOp35
 70
     1
102
RTVSPropertyOp36
 70
     1
102
RTVSPropertyOp37
 70
     1
102
RTVSPropertyOp38
 70
     1
102
RTVSPropertyOp39
 70
     1
102
RTVSPropertyOp40
 70
     1
102
RTVSPropertyOp41
 70
     1
102
RTVSPropertyOp42
 70
     1
102
RTVSPropertyOp43
 70
     1
102
RTVSPropertyOp44
 70
     1
102
RTVSPropertyOp45
 70
     1
102
RTVSPropertyOp46
 70
     1
102
RTVSPropertyOp47
 70
     1
102
RTVSPropertyOp48
 70
     1
102
RTVSPropertyOp49
 70
     1
102
RTVSPropertyOp50
 70
     1
102
RTVSPropertyOp51
 70
     0
102
RTVSPropertyOp52
 70
     0
102
RTVSPropertyOp53
 70
     1
102
RTVSPropertyOp54
 70
     1
102
RTVSPropertyOp55
 70
     1
102
RTVSPropertyOp56
 70
     1
102
RTVSPropertyOp57
 70
     1
102
RTVSPropertyOp58
 70
     1
102
RTVSPropertyOp59
 70
     1
102
RTVSPropertyOp60
 70
     1
102
RTVSPropertyOp61
 70
     1
102
RTVSPropertyOp62
 70
     1
  0
XRECORD
  5
8599
102
{ACAD_REACTORS
330
8598
102
}
330
8598
100
AcDbXrecord
280
     1
102
RTVSPost2010Prop28
280
     0
102
RTVSPost2010PropOp28
 70
     1
102
RTVSPost2010Prop29
280
     1
102
RTVSPost2010PropOp29
 70
     1
102
RTVSPost2010Prop30
280
     1
102
RTVSPost2010PropOp30
 70
     1
102
RTVSPost2010Prop31
280
     0
102
RTVSPost2010PropOp31
 70
     1
102
RTVSPost2010Prop32
280
     0
102
RTVSPost2010PropOp32
 70
     1
102
RTVSPost2010Prop33
280
     0
102
RTVSPost2010PropOp33
 70
     1
102
RTVSPost2010Prop34
280
     0
102
RTVSPost2010PropOp34
 70
     1
102
RTVSPost2010Prop35
280
     0
102
RTVSPost2010PropOp35
 70
     1
102
RTVSPost2010Prop36
280
     0
102
RTVSPost2010PropOp36
 70
     1
102
RTVSPost2010Prop37
 90
       50
102
RTVSPost2010PropOp37
 70
     1
102
RTVSPost2010Prop38
140
0.0
102
RTVSPost2010PropOp38
 70
     1
102
RTVSPost2010Prop39
140
1.0
102
RTVSPost2010PropOp39
 70
     1
102
RTVSPost2010Prop40
 90
        0
102
RTVSPost2010PropOp40
 70
     1
102
RTVSPost2010Prop41ColorIndex
 90
       18
102
RTVSPost2010Prop41ColorRGB
 90
        0
102
RTVSPost2010PropOp41
 70
     1
102
RTVSPost2010Prop42
 90
       50
102
RTVSPost2010PropOp42
 70
     1
102
RTVSPost2010Prop43
 90
        3
102
RTVSPost2010PropOp43
 70
     1
102
RTVSPost2010Prop44ColorIndex
 90
        5
102
RTVSPost2010Prop44ColorRGB
 90
      255
102
RTVSPost2010PropOp44
 70
     1
102
RTVSPost2010Prop45
280
     0
102
RTVSPost2010PropOp45
 70
     1
102
RTVSPost2010Prop46
 90
       50
102
RTVSPost2010PropOp46
 70
     1
102
RTVSPost2010Prop47
 90
       50
102
RTVSPost2010PropOp47
 70
     1
102
RTVSPost2010Prop48
 90
       50
102
RTVSPost2010PropOp48
 70
     1
102
RTVSPost2010Prop49
280
     0
102
RTVSPost2010PropOp49
 70
     1
102
RTVSPost2010Prop50
 90
       50
102
RTVSPost2010PropOp50
 70
     1
102
RTVSPost2010Prop51ColorIndex
 90
      256
102
RTVSPost2010Prop51ColorRGB
 90
-16777216
102
RTVSPost2010PropOp51
 70
     0
102
RTVSPost2010Prop52
140
1.0
102
RTVSPost2010PropOp52
 70
     0
102
RTVSPost2010Prop53
 90
        2
102
RTVSPost2010PropOp53
 70
     1
102
RTVSPost2010Prop54
  1
strokes_ogs.tif
102
RTVSPost2010PropOp54
 70
     1
102
RTVSPost2010Prop55
280
     0
102
RTVSPost2010PropOp55
 70
     1
102
RTVSPost2010Prop56
140
1.0
102
RTVSPost2010PropOp56
 70
     1
102
RTVSPost2010Prop57
140
1.0
102
RTVSPost2010PropOp57
 70
     1
102
RTVSPropertyOp0
 70
     1
102
RTVSPropertyOp1
 70
     1
102
RTVSPropertyOp2
 70
     1
102
RTVSPropertyOp3
 70
     1
102
RTVSPropertyOp4
 70
     1
102
RTVSPropertyOp5
 70
     1
102
RTVSPropertyOp6
 70
     1
102
RTVSPropertyOp7
 70
     1
102
RTVSPropertyOp8
 70
     1
102
RTVSPropertyOp9
 70
     1
102
RTVSPropertyOp10
 70
     1
102
RTVSPropertyOp11
 70
     1
102
RTVSPropertyOp12
 70
     1
102
RTVSPropertyOp13
 70
     1
102
RTVSPropertyOp14
 70
     1
102
RTVSPropertyOp15
 70
     1
102
RTVSPropertyOp16
 70
     1
102
RTVSPropertyOp17
 70
     1
102
RTVSPropertyOp18
 70
     1
102
RTVSPropertyOp19
 70
     1
102
RTVSPropertyOp20
 70
     1
102
RTVSPropertyOp21
 70
     1
102
RTVSPropertyOp22
 70
     1
102
RTVSPropertyOp23
 70
     1
102
RTVSPropertyOp24
 70
     1
102
RTVSPropertyOp25
 70
     1
102
RTVSPropertyOp26
 70
     1
102
RTVSPropertyOp27
 70
     1
102
RTVSPropertyOp28
 70
     1
102
RTVSPropertyOp29
 70
     1
102
RTVSPropertyOp30
 70
     1
102
RTVSPropertyOp31
 70
     1
102
RTVSPropertyOp32
 70
     1
102
RTVSPropertyOp33
 70
     1
102
RTVSPropertyOp34
 70
     1
102
RTVSPropertyOp35
 70
     1
102
RTVSPropertyOp36
 70
     1
102
RTVSPropertyOp37
 70
     1
102
RTVSPropertyOp38
 70
     1
102
RTVSPropertyOp39
 70
     1
102
RTVSPropertyOp40
 70
     1
102
RTVSPropertyOp41
 70
     1
102
RTVSPropertyOp42
 70
     1
102
RTVSPropertyOp43
 70
     1
102
RTVSPropertyOp44
 70
     1
102
RTVSPropertyOp45
 70
     1
102
RTVSPropertyOp46
 70
     1
102
RTVSPropertyOp47
 70
     1
102
RTVSPropertyOp48
 70
     1
102
RTVSPropertyOp49
 70
     1
102
RTVSPropertyOp50
 70
     1
102
RTVSPropertyOp51
 70
     0
102
RTVSPropertyOp52
 70
     0
102
RTVSPropertyOp53
 70
     1
102
RTVSPropertyOp54
 70
     1
102
RTVSPropertyOp55
 70
     1
102
RTVSPropertyOp56
 70
     1
102
RTVSPropertyOp57
 70
     1
102
RTVSPropertyOp58
 70
     1
102
RTVSPropertyOp59
 70
     1
102
RTVSPropertyOp60
 70
     1
102
RTVSPropertyOp61
 70
     1
102
RTVSPropertyOp62
 70
     1
  0
XRECORD
  5
85A1
102
{ACAD_REACTORS
330
85A0
102
}
330
85A0
100
AcDbXrecord
280
     1
102
RTVSPost2010Prop28
280
     0
102
RTVSPost2010PropOp28
 70
     1
102
RTVSPost2010Prop29
280
     1
102
RTVSPost2010PropOp29
 70
     1
102
RTVSPost2010Prop30
280
     1
102
RTVSPost2010PropOp30
 70
     1
102
RTVSPost2010Prop31
280
     0
102
RTVSPost2010PropOp31
 70
     1
102
RTVSPost2010Prop32
280
     0
102
RTVSPost2010PropOp32
 70
     1
102
RTVSPost2010Prop33
280
     0
102
RTVSPost2010PropOp33
 70
     1
102
RTVSPost2010Prop34
280
     0
102
RTVSPost2010PropOp34
 70
     1
102
RTVSPost2010Prop35
280
     0
102
RTVSPost2010PropOp35
 70
     1
102
RTVSPost2010Prop36
280
     0
102
RTVSPost2010PropOp36
 70
     1
102
RTVSPost2010Prop37
 90
       50
102
RTVSPost2010PropOp37
 70
     1
102
RTVSPost2010Prop38
140
0.0
102
RTVSPost2010PropOp38
 70
     1
102
RTVSPost2010Prop39
140
1.0
102
RTVSPost2010PropOp39
 70
     1
102
RTVSPost2010Prop40
 90
        0
102
RTVSPost2010PropOp40
 70
     1
102
RTVSPost2010Prop41ColorIndex
 90
       18
102
RTVSPost2010Prop41ColorRGB
 90
        0
102
RTVSPost2010PropOp41
 70
     1
102
RTVSPost2010Prop42
 90
       50
102
RTVSPost2010PropOp42
 70
     1
102
RTVSPost2010Prop43
 90
        3
102
RTVSPost2010PropOp43
 70
     1
102
RTVSPost2010Prop44ColorIndex
 90
        5
102
RTVSPost2010Prop44ColorRGB
 90
      255
102
RTVSPost2010PropOp44
 70
     1
102
RTVSPost2010Prop45
280
     0
102
RTVSPost2010PropOp45
 70
     1
102
RTVSPost2010Prop46
 90
       50
102
RTVSPost2010PropOp46
 70
     1
102
RTVSPost2010Prop47
 90
       50
102
RTVSPost2010PropOp47
 70
     1
102
RTVSPost2010Prop48
 90
       50
102
RTVSPost2010PropOp48
 70
     1
102
RTVSPost2010Prop49
280
     0
102
RTVSPost2010PropOp49
 70
     1
102
RTVSPost2010Prop50
 90
       50
102
RTVSPost2010PropOp50
 70
     1
102
RTVSPost2010Prop51ColorIndex
 90
      256
102
RTVSPost2010Prop51ColorRGB
 90
-16777216
102
RTVSPost2010PropOp51
 70
     0
102
RTVSPost2010Prop52
140
1.0
102
RTVSPost2010PropOp52
 70
     0
102
RTVSPost2010Prop53
 90
        2
102
RTVSPost2010PropOp53
 70
     1
102
RTVSPost2010Prop54
  1
strokes_ogs.tif
102
RTVSPost2010PropOp54
 70
     1
102
RTVSPost2010Prop55
280
     0
102
RTVSPost2010PropOp55
 70
     1
102
RTVSPost2010Prop56
140
1.0
102
RTVSPost2010PropOp56
 70
     1
102
RTVSPost2010Prop57
140
1.0
102
RTVSPost2010PropOp57
 70
     1
102
RTVSPropertyOp0
 70
     1
102
RTVSPropertyOp1
 70
     1
102
RTVSPropertyOp2
 70
     1
102
RTVSPropertyOp3
 70
     1
102
RTVSPropertyOp4
 70
     1
102
RTVSPropertyOp5
 70
     1
102
RTVSPropertyOp6
 70
     1
102
RTVSPropertyOp7
 70
     1
102
RTVSPropertyOp8
 70
     1
102
RTVSPropertyOp9
 70
     1
102
RTVSPropertyOp10
 70
     1
102
RTVSPropertyOp11
 70
     1
102
RTVSPropertyOp12
 70
     1
102
RTVSPropertyOp13
 70
     1
102
RTVSPropertyOp14
 70
     1
102
RTVSPropertyOp15
 70
     1
102
RTVSPropertyOp16
 70
     1
102
RTVSPropertyOp17
 70
     1
102
RTVSPropertyOp18
 70
     1
102
RTVSPropertyOp19
 70
     1
102
RTVSPropertyOp20
 70
     1
102
RTVSPropertyOp21
 70
     1
102
RTVSPropertyOp22
 70
     1
102
RTVSPropertyOp23
 70
     1
102
RTVSPropertyOp24
 70
     1
102
RTVSPropertyOp25
 70
     1
102
RTVSPropertyOp26
 70
     1
102
RTVSPropertyOp27
 70
     1
102
RTVSPropertyOp28
 70
     1
102
RTVSPropertyOp29
 70
     1
102
RTVSPropertyOp30
 70
     1
102
RTVSPropertyOp31
 70
     1
102
RTVSPropertyOp32
 70
     1
102
RTVSPropertyOp33
 70
     1
102
RTVSPropertyOp34
 70
     1
102
RTVSPropertyOp35
 70
     1
102
RTVSPropertyOp36
 70
     1
102
RTVSPropertyOp37
 70
     1
102
RTVSPropertyOp38
 70
     1
102
RTVSPropertyOp39
 70
     1
102
RTVSPropertyOp40
 70
     1
102
RTVSPropertyOp41
 70
     1
102
RTVSPropertyOp42
 70
     1
102
RTVSPropertyOp43
 70
     1
102
RTVSPropertyOp44
 70
     1
102
RTVSPropertyOp45
 70
     1
102
RTVSPropertyOp46
 70
     1
102
RTVSPropertyOp47
 70
     1
102
RTVSPropertyOp48
 70
     1
102
RTVSPropertyOp49
 70
     1
102
RTVSPropertyOp50
 70
     1
102
RTVSPropertyOp51
 70
     0
102
RTVSPropertyOp52
 70
     0
102
RTVSPropertyOp53
 70
     1
102
RTVSPropertyOp54
 70
     1
102
RTVSPropertyOp55
 70
     1
102
RTVSPropertyOp56
 70
     1
102
RTVSPropertyOp57
 70
     1
102
RTVSPropertyOp58
 70
     1
102
RTVSPropertyOp59
 70
     1
102
RTVSPropertyOp60
 70
     1
102
RTVSPropertyOp61
 70
     1
102
RTVSPropertyOp62
 70
     1
  0
XRECORD
  5
8593
102
{ACAD_REACTORS
330
8592
102
}
330
8592
100
AcDbXrecord
280
     1
102
RTVSPost2010Prop28
280
     0
102
RTVSPost2010PropOp28
 70
     1
102
RTVSPost2010Prop29
280
     1
102
RTVSPost2010PropOp29
 70
     1
102
RTVSPost2010Prop30
280
     1
102
RTVSPost2010PropOp30
 70
     1
102
RTVSPost2010Prop31
280
     0
102
RTVSPost2010PropOp31
 70
     1
102
RTVSPost2010Prop32
280
     0
102
RTVSPost2010PropOp32
 70
     1
102
RTVSPost2010Prop33
280
     0
102
RTVSPost2010PropOp33
 70
     1
102
RTVSPost2010Prop34
280
     0
102
RTVSPost2010PropOp34
 70
     1
102
RTVSPost2010Prop35
280
     0
102
RTVSPost2010PropOp35
 70
     1
102
RTVSPost2010Prop36
280
     0
102
RTVSPost2010PropOp36
 70
     1
102
RTVSPost2010Prop37
 90
       50
102
RTVSPost2010PropOp37
 70
     1
102
RTVSPost2010Prop38
140
0.0
102
RTVSPost2010PropOp38
 70
     1
102
RTVSPost2010Prop39
140
1.0
102
RTVSPost2010PropOp39
 70
     1
102
RTVSPost2010Prop40
 90
        0
102
RTVSPost2010PropOp40
 70
     1
102
RTVSPost2010Prop41ColorIndex
 90
       18
102
RTVSPost2010Prop41ColorRGB
 90
        0
102
RTVSPost2010PropOp41
 70
     1
102
RTVSPost2010Prop42
 90
       50
102
RTVSPost2010PropOp42
 70
     1
102
RTVSPost2010Prop43
 90
        3
102
RTVSPost2010PropOp43
 70
     1
102
RTVSPost2010Prop44ColorIndex
 90
        5
102
RTVSPost2010Prop44ColorRGB
 90
      255
102
RTVSPost2010PropOp44
 70
     1
102
RTVSPost2010Prop45
280
     0
102
RTVSPost2010PropOp45
 70
     1
102
RTVSPost2010Prop46
 90
       50
102
RTVSPost2010PropOp46
 70
     1
102
RTVSPost2010Prop47
 90
       50
102
RTVSPost2010PropOp47
 70
     1
102
RTVSPost2010Prop48
 90
       50
102
RTVSPost2010PropOp48
 70
     1
102
RTVSPost2010Prop49
280
     0
102
RTVSPost2010PropOp49
 70
     1
102
RTVSPost2010Prop50
 90
       50
102
RTVSPost2010PropOp50
 70
     1
102
RTVSPost2010Prop51ColorIndex
 90
      256
102
RTVSPost2010Prop51ColorRGB
 90
-16777216
102
RTVSPost2010PropOp51
 70
     0
102
RTVSPost2010Prop52
140
1.0
102
RTVSPost2010PropOp52
 70
     0
102
RTVSPost2010Prop53
 90
        2
102
RTVSPost2010PropOp53
 70
     1
102
RTVSPost2010Prop54
  1
strokes_ogs.tif
102
RTVSPost2010PropOp54
 70
     1
102
RTVSPost2010Prop55
280
     0
102
RTVSPost2010PropOp55
 70
     1
102
RTVSPost2010Prop56
140
1.0
102
RTVSPost2010PropOp56
 70
     1
102
RTVSPost2010Prop57
140
1.0
102
RTVSPost2010PropOp57
 70
     1
102
RTVSPropertyOp0
 70
     1
102
RTVSPropertyOp1
 70
     1
102
RTVSPropertyOp2
 70
     1
102
RTVSPropertyOp3
 70
     1
102
RTVSPropertyOp4
 70
     1
102
RTVSPropertyOp5
 70
     1
102
RTVSPropertyOp6
 70
     1
102
RTVSPropertyOp7
 70
     1
102
RTVSPropertyOp8
 70
     1
102
RTVSPropertyOp9
 70
     1
102
RTVSPropertyOp10
 70
     1
102
RTVSPropertyOp11
 70
     1
102
RTVSPropertyOp12
 70
     1
102
RTVSPropertyOp13
 70
     1
102
RTVSPropertyOp14
 70
     1
102
RTVSPropertyOp15
 70
     1
102
RTVSPropertyOp16
 70
     1
102
RTVSPropertyOp17
 70
     1
102
RTVSPropertyOp18
 70
     1
102
RTVSPropertyOp19
 70
     1
102
RTVSPropertyOp20
 70
     1
102
RTVSPropertyOp21
 70
     1
102
RTVSPropertyOp22
 70
     1
102
RTVSPropertyOp23
 70
     1
102
RTVSPropertyOp24
 70
     1
102
RTVSPropertyOp25
 70
     1
102
RTVSPropertyOp26
 70
     1
102
RTVSPropertyOp27
 70
     1
102
RTVSPropertyOp28
 70
     1
102
RTVSPropertyOp29
 70
     1
102
RTVSPropertyOp30
 70
     1
102
RTVSPropertyOp31
 70
     1
102
RTVSPropertyOp32
 70
     1
102
RTVSPropertyOp33
 70
     1
102
RTVSPropertyOp34
 70
     1
102
RTVSPropertyOp35
 70
     1
102
RTVSPropertyOp36
 70
     1
102
RTVSPropertyOp37
 70
     1
102
RTVSPropertyOp38
 70
     1
102
RTVSPropertyOp39
 70
     1
102
RTVSPropertyOp40
 70
     1
102
RTVSPropertyOp41
 70
     1
102
RTVSPropertyOp42
 70
     1
102
RTVSPropertyOp43
 70
     1
102
RTVSPropertyOp44
 70
     1
102
RTVSPropertyOp45
 70
     1
102
RTVSPropertyOp46
 70
     1
102
RTVSPropertyOp47
 70
     1
102
RTVSPropertyOp48
 70
     1
102
RTVSPropertyOp49
 70
     1
102
RTVSPropertyOp50
 70
     1
102
RTVSPropertyOp51
 70
     0
102
RTVSPropertyOp52
 70
     0
102
RTVSPropertyOp53
 70
     1
102
RTVSPropertyOp54
 70
     1
102
RTVSPropertyOp55
 70
     1
102
RTVSPropertyOp56
 70
     1
102
RTVSPropertyOp57
 70
     1
102
RTVSPropertyOp58
 70
     1
102
RTVSPropertyOp59
 70
     1
102
RTVSPropertyOp60
 70
     1
102
RTVSPropertyOp61
 70
     1
102
RTVSPropertyOp62
 70
     1
  0
XRECORD
  5
8597
102
{ACAD_REACTORS
330
8596
102
}
330
8596
100
AcDbXrecord
280
     1
102
RTVSPost2010Prop28
280
     0
102
RTVSPost2010PropOp28
 70
     1
102
RTVSPost2010Prop29
280
     1
102
RTVSPost2010PropOp29
 70
     1
102
RTVSPost2010Prop30
280
     1
102
RTVSPost2010PropOp30
 70
     1
102
RTVSPost2010Prop31
280
     0
102
RTVSPost2010PropOp31
 70
     1
102
RTVSPost2010Prop32
280
     0
102
RTVSPost2010PropOp32
 70
     1
102
RTVSPost2010Prop33
280
     0
102
RTVSPost2010PropOp33
 70
     1
102
RTVSPost2010Prop34
280
     0
102
RTVSPost2010PropOp34
 70
     1
102
RTVSPost2010Prop35
280
     0
102
RTVSPost2010PropOp35
 70
     1
102
RTVSPost2010Prop36
280
     0
102
RTVSPost2010PropOp36
 70
     1
102
RTVSPost2010Prop37
 90
       50
102
RTVSPost2010PropOp37
 70
     1
102
RTVSPost2010Prop38
140
0.0
102
RTVSPost2010PropOp38
 70
     1
102
RTVSPost2010Prop39
140
1.0
102
RTVSPost2010PropOp39
 70
     1
102
RTVSPost2010Prop40
 90
        0
102
RTVSPost2010PropOp40
 70
     1
102
RTVSPost2010Prop41ColorIndex
 90
       18
102
RTVSPost2010Prop41ColorRGB
 90
        0
102
RTVSPost2010PropOp41
 70
     1
102
RTVSPost2010Prop42
 90
       50
102
RTVSPost2010PropOp42
 70
     1
102
RTVSPost2010Prop43
 90
        3
102
RTVSPost2010PropOp43
 70
     1
102
RTVSPost2010Prop44ColorIndex
 90
        5
102
RTVSPost2010Prop44ColorRGB
 90
      255
102
RTVSPost2010PropOp44
 70
     1
102
RTVSPost2010Prop45
280
     0
102
RTVSPost2010PropOp45
 70
     1
102
RTVSPost2010Prop46
 90
       50
102
RTVSPost2010PropOp46
 70
     1
102
RTVSPost2010Prop47
 90
       50
102
RTVSPost2010PropOp47
 70
     1
102
RTVSPost2010Prop48
 90
       50
102
RTVSPost2010PropOp48
 70
     1
102
RTVSPost2010Prop49
280
     0
102
RTVSPost2010PropOp49
 70
     1
102
RTVSPost2010Prop50
 90
       50
102
RTVSPost2010PropOp50
 70
     1
102
RTVSPost2010Prop51ColorIndex
 90
      256
102
RTVSPost2010Prop51ColorRGB
 90
-16777216
102
RTVSPost2010PropOp51
 70
     0
102
RTVSPost2010Prop52
140
1.0
102
RTVSPost2010PropOp52
 70
     0
102
RTVSPost2010Prop53
 90
        2
102
RTVSPost2010PropOp53
 70
     1
102
RTVSPost2010Prop54
  1
strokes_ogs.tif
102
RTVSPost2010PropOp54
 70
     1
102
RTVSPost2010Prop55
280
     0
102
RTVSPost2010PropOp55
 70
     1
102
RTVSPost2010Prop56
140
1.0
102
RTVSPost2010PropOp56
 70
     1
102
RTVSPost2010Prop57
140
1.0
102
RTVSPost2010PropOp57
 70
     1
102
RTVSPropertyOp0
 70
     1
102
RTVSPropertyOp1
 70
     1
102
RTVSPropertyOp2
 70
     1
102
RTVSPropertyOp3
 70
     1
102
RTVSPropertyOp4
 70
     1
102
RTVSPropertyOp5
 70
     1
102
RTVSPropertyOp6
 70
     1
102
RTVSPropertyOp7
 70
     1
102
RTVSPropertyOp8
 70
     1
102
RTVSPropertyOp9
 70
     1
102
RTVSPropertyOp10
 70
     1
102
RTVSPropertyOp11
 70
     1
102
RTVSPropertyOp12
 70
     1
102
RTVSPropertyOp13
 70
     1
102
RTVSPropertyOp14
 70
     1
102
RTVSPropertyOp15
 70
     1
102
RTVSPropertyOp16
 70
     1
102
RTVSPropertyOp17
 70
     1
102
RTVSPropertyOp18
 70
     1
102
RTVSPropertyOp19
 70
     1
102
RTVSPropertyOp20
 70
     1
102
RTVSPropertyOp21
 70
     1
102
RTVSPropertyOp22
 70
     1
102
RTVSPropertyOp23
 70
     1
102
RTVSPropertyOp24
 70
     1
102
RTVSPropertyOp25
 70
     1
102
RTVSPropertyOp26
 70
     1
102
RTVSPropertyOp27
 70
     1
102
RTVSPropertyOp28
 70
     1
102
RTVSPropertyOp29
 70
     1
102
RTVSPropertyOp30
 70
     1
102
RTVSPropertyOp31
 70
     1
102
RTVSPropertyOp32
 70
     1
102
RTVSPropertyOp33
 70
     1
102
RTVSPropertyOp34
 70
     1
102
RTVSPropertyOp35
 70
     1
102
RTVSPropertyOp36
 70
     1
102
RTVSPropertyOp37
 70
     1
102
RTVSPropertyOp38
 70
     1
102
RTVSPropertyOp39
 70
     1
102
RTVSPropertyOp40
 70
     1
102
RTVSPropertyOp41
 70
     1
102
RTVSPropertyOp42
 70
     1
102
RTVSPropertyOp43
 70
     1
102
RTVSPropertyOp44
 70
     1
102
RTVSPropertyOp45
 70
     1
102
RTVSPropertyOp46
 70
     1
102
RTVSPropertyOp47
 70
     1
102
RTVSPropertyOp48
 70
     1
102
RTVSPropertyOp49
 70
     1
102
RTVSPropertyOp50
 70
     1
102
RTVSPropertyOp51
 70
     0
102
RTVSPropertyOp52
 70
     0
102
RTVSPropertyOp53
 70
     1
102
RTVSPropertyOp54
 70
     1
102
RTVSPropertyOp55
 70
     1
102
RTVSPropertyOp56
 70
     1
102
RTVSPropertyOp57
 70
     1
102
RTVSPropertyOp58
 70
     1
102
RTVSPropertyOp59
 70
     1
102
RTVSPropertyOp60
 70
     1
102
RTVSPropertyOp61
 70
     1
102
RTVSPropertyOp62
 70
     1
  0
XRECORD
  5
85B1
102
{ACAD_REACTORS
330
85B0
102
}
330
85B0
100
AcDbXrecord
280
     1
102
RTVSPost2010Prop28
280
     0
102
RTVSPost2010PropOp28
 70
     1
102
RTVSPost2010Prop29
280
     1
102
RTVSPost2010PropOp29
 70
     1
102
RTVSPost2010Prop30
280
     1
102
RTVSPost2010PropOp30
 70
     1
102
RTVSPost2010Prop31
280
     0
102
RTVSPost2010PropOp31
 70
     1
102
RTVSPost2010Prop32
280
     0
102
RTVSPost2010PropOp32
 70
     1
102
RTVSPost2010Prop33
280
     0
102
RTVSPost2010PropOp33
 70
     1
102
RTVSPost2010Prop34
280
     0
102
RTVSPost2010PropOp34
 70
     1
102
RTVSPost2010Prop35
280
     0
102
RTVSPost2010PropOp35
 70
     1
102
RTVSPost2010Prop36
280
     0
102
RTVSPost2010PropOp36
 70
     1
102
RTVSPost2010Prop37
 90
       50
102
RTVSPost2010PropOp37
 70
     1
102
RTVSPost2010Prop38
140
0.0
102
RTVSPost2010PropOp38
 70
     1
102
RTVSPost2010Prop39
140
1.0
102
RTVSPost2010PropOp39
 70
     1
102
RTVSPost2010Prop40
 90
        0
102
RTVSPost2010PropOp40
 70
     1
102
RTVSPost2010Prop41ColorIndex
 90
       18
102
RTVSPost2010Prop41ColorRGB
 90
        0
102
RTVSPost2010PropOp41
 70
     1
102
RTVSPost2010Prop42
 90
       50
102
RTVSPost2010PropOp42
 70
     1
102
RTVSPost2010Prop43
 90
        3
102
RTVSPost2010PropOp43
 70
     1
102
RTVSPost2010Prop44ColorIndex
 90
        5
102
RTVSPost2010Prop44ColorRGB
 90
      255
102
RTVSPost2010PropOp44
 70
     1
102
RTVSPost2010Prop45
280
     0
102
RTVSPost2010PropOp45
 70
     1
102
RTVSPost2010Prop46
 90
       50
102
RTVSPost2010PropOp46
 70
     1
102
RTVSPost2010Prop47
 90
       50
102
RTVSPost2010PropOp47
 70
     1
102
RTVSPost2010Prop48
 90
       50
102
RTVSPost2010PropOp48
 70
     1
102
RTVSPost2010Prop49
280
     0
102
RTVSPost2010PropOp49
 70
     1
102
RTVSPost2010Prop50
 90
       50
102
RTVSPost2010PropOp50
 70
     1
102
RTVSPost2010Prop51ColorIndex
 90
      256
102
RTVSPost2010Prop51ColorRGB
 90
-16777216
102
RTVSPost2010PropOp51
 70
     0
102
RTVSPost2010Prop52
140
1.0
102
RTVSPost2010PropOp52
 70
     0
102
RTVSPost2010Prop53
 90
        2
102
RTVSPost2010PropOp53
 70
     1
102
RTVSPost2010Prop54
  1
strokes_ogs.tif
102
RTVSPost2010PropOp54
 70
     1
102
RTVSPost2010Prop55
280
     0
102
RTVSPost2010PropOp55
 70
     1
102
RTVSPost2010Prop56
140
1.0
102
RTVSPost2010PropOp56
 70
     1
102
RTVSPost2010Prop57
140
1.0
102
RTVSPost2010PropOp57
 70
     1
102
RTVSPropertyOp0
 70
     0
102
RTVSPropertyOp1
 70
     0
102
RTVSPropertyOp2
 70
     0
102
RTVSPropertyOp3
 70
     0
102
RTVSPropertyOp4
 70
     0
102
RTVSPropertyOp5
 70
     0
102
RTVSPropertyOp6
 70
     0
102
RTVSPropertyOp7
 70
     0
102
RTVSPropertyOp8
 70
     0
102
RTVSPropertyOp9
 70
     0
102
RTVSPropertyOp10
 70
     0
102
RTVSPropertyOp11
 70
     0
102
RTVSPropertyOp12
 70
     0
102
RTVSPropertyOp13
 70
     0
102
RTVSPropertyOp14
 70
     2
102
RTVSPropertyOp15
 70
     0
102
RTVSPropertyOp16
 70
     0
102
RTVSPropertyOp17
 70
     0
102
RTVSPropertyOp18
 70
     0
102
RTVSPropertyOp19
 70
     0
102
RTVSPropertyOp20
 70
     0
102
RTVSPropertyOp21
 70
     0
102
RTVSPropertyOp22
 70
     0
102
RTVSPropertyOp23
 70
     0
102
RTVSPropertyOp24
 70
     0
102
RTVSPropertyOp25
 70
     0
102
RTVSPropertyOp26
 70
     0
102
RTVSPropertyOp27
 70
     0
102
RTVSPropertyOp28
 70
     1
102
RTVSPropertyOp29
 70
     1
102
RTVSPropertyOp30
 70
     1
102
RTVSPropertyOp31
 70
     1
102
RTVSPropertyOp32
 70
     1
102
RTVSPropertyOp33
 70
     1
102
RTVSPropertyOp34
 70
     1
102
RTVSPropertyOp35
 70
     1
102
RTVSPropertyOp36
 70
     1
102
RTVSPropertyOp37
 70
     1
102
RTVSPropertyOp38
 70
     1
102
RTVSPropertyOp39
 70
     1
102
RTVSPropertyOp40
 70
     1
102
RTVSPropertyOp41
 70
     1
102
RTVSPropertyOp42
 70
     1
102
RTVSPropertyOp43
 70
     1
102
RTVSPropertyOp44
 70
     1
102
RTVSPropertyOp45
 70
     1
102
RTVSPropertyOp46
 70
     1
102
RTVSPropertyOp47
 70
     1
102
RTVSPropertyOp48
 70
     1
102
RTVSPropertyOp49
 70
     1
102
RTVSPropertyOp50
 70
     1
102
RTVSPropertyOp51
 70
     0
102
RTVSPropertyOp52
 70
     0
102
RTVSPropertyOp53
 70
     1
102
RTVSPropertyOp54
 70
     1
102
RTVSPropertyOp55
 70
     1
102
RTVSPropertyOp56
 70
     1
102
RTVSPropertyOp57
 70
     1
102
RTVSPropertyOp58
 70
     1
102
RTVSPropertyOp59
 70
     1
102
RTVSPropertyOp60
 70
     1
102
RTVSPropertyOp61
 70
     1
102
RTVSPropertyOp62
 70
     1
  0
XRECORD
  5
859F
102
{ACAD_REACTORS
330
859E
102
}
330
859E
100
AcDbXrecord
280
     1
102
RTVSPost2010Prop28
280
     0
102
RTVSPost2010PropOp28
 70
     1
102
RTVSPost2010Prop29
280
     1
102
RTVSPost2010PropOp29
 70
     1
102
RTVSPost2010Prop30
280
     1
102
RTVSPost2010PropOp30
 70
     1
102
RTVSPost2010Prop31
280
     0
102
RTVSPost2010PropOp31
 70
     1
102
RTVSPost2010Prop32
280
     0
102
RTVSPost2010PropOp32
 70
     1
102
RTVSPost2010Prop33
280
     0
102
RTVSPost2010PropOp33
 70
     1
102
RTVSPost2010Prop34
280
     0
102
RTVSPost2010PropOp34
 70
     1
102
RTVSPost2010Prop35
280
     0
102
RTVSPost2010PropOp35
 70
     1
102
RTVSPost2010Prop36
280
     0
102
RTVSPost2010PropOp36
 70
     1
102
RTVSPost2010Prop37
 90
       50
102
RTVSPost2010PropOp37
 70
     1
102
RTVSPost2010Prop38
140
0.0
102
RTVSPost2010PropOp38
 70
     1
102
RTVSPost2010Prop39
140
1.0
102
RTVSPost2010PropOp39
 70
     1
102
RTVSPost2010Prop40
 90
        0
102
RTVSPost2010PropOp40
 70
     1
102
RTVSPost2010Prop41ColorIndex
 90
       18
102
RTVSPost2010Prop41ColorRGB
 90
        0
102
RTVSPost2010PropOp41
 70
     1
102
RTVSPost2010Prop42
 90
       50
102
RTVSPost2010PropOp42
 70
     1
102
RTVSPost2010Prop43
 90
        3
102
RTVSPost2010PropOp43
 70
     1
102
RTVSPost2010Prop44ColorIndex
 90
        5
102
RTVSPost2010Prop44ColorRGB
 90
      255
102
RTVSPost2010PropOp44
 70
     1
102
RTVSPost2010Prop45
280
     0
102
RTVSPost2010PropOp45
 70
     1
102
RTVSPost2010Prop46
 90
       50
102
RTVSPost2010PropOp46
 70
     1
102
RTVSPost2010Prop47
 90
       50
102
RTVSPost2010PropOp47
 70
     1
102
RTVSPost2010Prop48
 90
       50
102
RTVSPost2010PropOp48
 70
     1
102
RTVSPost2010Prop49
280
     0
102
RTVSPost2010PropOp49
 70
     1
102
RTVSPost2010Prop50
 90
       50
102
RTVSPost2010PropOp50
 70
     1
102
RTVSPost2010Prop51ColorIndex
 90
      256
102
RTVSPost2010Prop51ColorRGB
 90
-16777216
102
RTVSPost2010PropOp51
 70
     0
102
RTVSPost2010Prop52
140
1.0
102
RTVSPost2010PropOp52
 70
     0
102
RTVSPost2010Prop53
 90
        2
102
RTVSPost2010PropOp53
 70
     1
102
RTVSPost2010Prop54
  1
strokes_ogs.tif
102
RTVSPost2010PropOp54
 70
     1
102
RTVSPost2010Prop55
280
     0
102
RTVSPost2010PropOp55
 70
     1
102
RTVSPost2010Prop56
140
1.0
102
RTVSPost2010PropOp56
 70
     1
102
RTVSPost2010Prop57
140
1.0
102
RTVSPost2010PropOp57
 70
     1
102
RTVSPropertyOp0
 70
     1
102
RTVSPropertyOp1
 70
     1
102
RTVSPropertyOp2
 70
     1
102
RTVSPropertyOp3
 70
     1
102
RTVSPropertyOp4
 70
     1
102
RTVSPropertyOp5
 70
     1
102
RTVSPropertyOp6
 70
     1
102
RTVSPropertyOp7
 70
     1
102
RTVSPropertyOp8
 70
     1
102
RTVSPropertyOp9
 70
     1
102
RTVSPropertyOp10
 70
     1
102
RTVSPropertyOp11
 70
     1
102
RTVSPropertyOp12
 70
     1
102
RTVSPropertyOp13
 70
     1
102
RTVSPropertyOp14
 70
     1
102
RTVSPropertyOp15
 70
     1
102
RTVSPropertyOp16
 70
     1
102
RTVSPropertyOp17
 70
     1
102
RTVSPropertyOp18
 70
     1
102
RTVSPropertyOp19
 70
     1
102
RTVSPropertyOp20
 70
     1
102
RTVSPropertyOp21
 70
     1
102
RTVSPropertyOp22
 70
     1
102
RTVSPropertyOp23
 70
     1
102
RTVSPropertyOp24
 70
     1
102
RTVSPropertyOp25
 70
     1
102
RTVSPropertyOp26
 70
     1
102
RTVSPropertyOp27
 70
     1
102
RTVSPropertyOp28
 70
     1
102
RTVSPropertyOp29
 70
     1
102
RTVSPropertyOp30
 70
     1
102
RTVSPropertyOp31
 70
     1
102
RTVSPropertyOp32
 70
     1
102
RTVSPropertyOp33
 70
     1
102
RTVSPropertyOp34
 70
     1
102
RTVSPropertyOp35
 70
     1
102
RTVSPropertyOp36
 70
     1
102
RTVSPropertyOp37
 70
     1
102
RTVSPropertyOp38
 70
     1
102
RTVSPropertyOp39
 70
     1
102
RTVSPropertyOp40
 70
     1
102
RTVSPropertyOp41
 70
     1
102
RTVSPropertyOp42
 70
     1
102
RTVSPropertyOp43
 70
     1
102
RTVSPropertyOp44
 70
     1
102
RTVSPropertyOp45
 70
     1
102
RTVSPropertyOp46
 70
     1
102
RTVSPropertyOp47
 70
     1
102
RTVSPropertyOp48
 70
     1
102
RTVSPropertyOp49
 70
     1
102
RTVSPropertyOp50
 70
     1
102
RTVSPropertyOp51
 70
     0
102
RTVSPropertyOp52
 70
     0
102
RTVSPropertyOp53
 70
     1
102
RTVSPropertyOp54
 70
     1
102
RTVSPropertyOp55
 70
     1
102
RTVSPropertyOp56
 70
     1
102
RTVSPropertyOp57
 70
     1
102
RTVSPropertyOp58
 70
     1
102
RTVSPropertyOp59
 70
     1
102
RTVSPropertyOp60
 70
     1
102
RTVSPropertyOp61
 70
     1
102
RTVSPropertyOp62
 70
     1
  0
XRECORD
  5
8583
102
{ACAD_REACTORS
330
8582
102
}
330
8582
100
AcDbXrecord
280
     1
102
RTVSPost2010Prop28
280
     0
102
RTVSPost2010PropOp28
 70
     1
102
RTVSPost2010Prop29
280
     1
102
RTVSPost2010PropOp29
 70
     1
102
RTVSPost2010Prop30
280
     1
102
RTVSPost2010PropOp30
 70
     1
102
RTVSPost2010Prop31
280
     0
102
RTVSPost2010PropOp31
 70
     1
102
RTVSPost2010Prop32
280
     0
102
RTVSPost2010PropOp32
 70
     1
102
RTVSPost2010Prop33
280
     0
102
RTVSPost2010PropOp33
 70
     1
102
RTVSPost2010Prop34
280
     0
102
RTVSPost2010PropOp34
 70
     1
102
RTVSPost2010Prop35
280
     0
102
RTVSPost2010PropOp35
 70
     1
102
RTVSPost2010Prop36
280
     0
102
RTVSPost2010PropOp36
 70
     1
102
RTVSPost2010Prop37
 90
       50
102
RTVSPost2010PropOp37
 70
     1
102
RTVSPost2010Prop38
140
0.0
102
RTVSPost2010PropOp38
 70
     1
102
RTVSPost2010Prop39
140
1.0
102
RTVSPost2010PropOp39
 70
     1
102
RTVSPost2010Prop40
 90
        0
102
RTVSPost2010PropOp40
 70
     1
102
RTVSPost2010Prop41ColorIndex
 90
       18
102
RTVSPost2010Prop41ColorRGB
 90
        0
102
RTVSPost2010PropOp41
 70
     1
102
RTVSPost2010Prop42
 90
       50
102
RTVSPost2010PropOp42
 70
     1
102
RTVSPost2010Prop43
 90
        3
102
RTVSPost2010PropOp43
 70
     1
102
RTVSPost2010Prop44ColorIndex
 90
        5
102
RTVSPost2010Prop44ColorRGB
 90
      255
102
RTVSPost2010PropOp44
 70
     1
102
RTVSPost2010Prop45
280
     0
102
RTVSPost2010PropOp45
 70
     1
102
RTVSPost2010Prop46
 90
       50
102
RTVSPost2010PropOp46
 70
     1
102
RTVSPost2010Prop47
 90
       50
102
RTVSPost2010PropOp47
 70
     1
102
RTVSPost2010Prop48
 90
       50
102
RTVSPost2010PropOp48
 70
     1
102
RTVSPost2010Prop49
280
     0
102
RTVSPost2010PropOp49
 70
     1
102
RTVSPost2010Prop50
 90
       50
102
RTVSPost2010PropOp50
 70
     1
102
RTVSPost2010Prop51ColorIndex
 90
      256
102
RTVSPost2010Prop51ColorRGB
 90
-16777216
102
RTVSPost2010PropOp51
 70
     0
102
RTVSPost2010Prop52
140
1.0
102
RTVSPost2010PropOp52
 70
     0
102
RTVSPost2010Prop53
 90
        2
102
RTVSPost2010PropOp53
 70
     1
102
RTVSPost2010Prop54
  1
strokes_ogs.tif
102
RTVSPost2010PropOp54
 70
     1
102
RTVSPost2010Prop55
280
     0
102
RTVSPost2010PropOp55
 70
     1
102
RTVSPost2010Prop56
140
1.0
102
RTVSPost2010PropOp56
 70
     1
102
RTVSPost2010Prop57
140
1.0
102
RTVSPost2010PropOp57
 70
     1
102
RTVSPropertyOp0
 70
     1
102
RTVSPropertyOp1
 70
     1
102
RTVSPropertyOp2
 70
     1
102
RTVSPropertyOp3
 70
     1
102
RTVSPropertyOp4
 70
     1
102
RTVSPropertyOp5
 70
     1
102
RTVSPropertyOp6
 70
     1
102
RTVSPropertyOp7
 70
     1
102
RTVSPropertyOp8
 70
     1
102
RTVSPropertyOp9
 70
     1
102
RTVSPropertyOp10
 70
     1
102
RTVSPropertyOp11
 70
     1
102
RTVSPropertyOp12
 70
     1
102
RTVSPropertyOp13
 70
     1
102
RTVSPropertyOp14
 70
     1
102
RTVSPropertyOp15
 70
     1
102
RTVSPropertyOp16
 70
     1
102
RTVSPropertyOp17
 70
     1
102
RTVSPropertyOp18
 70
     1
102
RTVSPropertyOp19
 70
     1
102
RTVSPropertyOp20
 70
     1
102
RTVSPropertyOp21
 70
     1
102
RTVSPropertyOp22
 70
     1
102
RTVSPropertyOp23
 70
     1
102
RTVSPropertyOp24
 70
     1
102
RTVSPropertyOp25
 70
     1
102
RTVSPropertyOp26
 70
     1
102
RTVSPropertyOp27
 70
     1
102
RTVSPropertyOp28
 70
     1
102
RTVSPropertyOp29
 70
     1
102
RTVSPropertyOp30
 70
     1
102
RTVSPropertyOp31
 70
     1
102
RTVSPropertyOp32
 70
     1
102
RTVSPropertyOp33
 70
     1
102
RTVSPropertyOp34
 70
     1
102
RTVSPropertyOp35
 70
     1
102
RTVSPropertyOp36
 70
     1
102
RTVSPropertyOp37
 70
     1
102
RTVSPropertyOp38
 70
     1
102
RTVSPropertyOp39
 70
     1
102
RTVSPropertyOp40
 70
     1
102
RTVSPropertyOp41
 70
     1
102
RTVSPropertyOp42
 70
     1
102
RTVSPropertyOp43
 70
     1
102
RTVSPropertyOp44
 70
     1
102
RTVSPropertyOp45
 70
     1
102
RTVSPropertyOp46
 70
     1
102
RTVSPropertyOp47
 70
     1
102
RTVSPropertyOp48
 70
     1
102
RTVSPropertyOp49
 70
     1
102
RTVSPropertyOp50
 70
     1
102
RTVSPropertyOp51
 70
     0
102
RTVSPropertyOp52
 70
     0
102
RTVSPropertyOp53
 70
     1
102
RTVSPropertyOp54
 70
     1
102
RTVSPropertyOp55
 70
     1
102
RTVSPropertyOp56
 70
     1
102
RTVSPropertyOp57
 70
     1
102
RTVSPropertyOp58
 70
     1
102
RTVSPropertyOp59
 70
     1
102
RTVSPropertyOp60
 70
     1
102
RTVSPropertyOp61
 70
     1
102
RTVSPropertyOp62
 70
     1
  0
XRECORD
  5
8585
102
{ACAD_REACTORS
330
8584
102
}
330
8584
100
AcDbXrecord
280
     1
102
RTVSPost2010Prop28
280
     0
102
RTVSPost2010PropOp28
 70
     1
102
RTVSPost2010Prop29
280
     1
102
RTVSPost2010PropOp29
 70
     1
102
RTVSPost2010Prop30
280
     1
102
RTVSPost2010PropOp30
 70
     1
102
RTVSPost2010Prop31
280
     0
102
RTVSPost2010PropOp31
 70
     1
102
RTVSPost2010Prop32
280
     0
102
RTVSPost2010PropOp32
 70
     1
102
RTVSPost2010Prop33
280
     0
102
RTVSPost2010PropOp33
 70
     1
102
RTVSPost2010Prop34
280
     0
102
RTVSPost2010PropOp34
 70
     1
102
RTVSPost2010Prop35
280
     0
102
RTVSPost2010PropOp35
 70
     1
102
RTVSPost2010Prop36
280
     0
102
RTVSPost2010PropOp36
 70
     1
102
RTVSPost2010Prop37
 90
       50
102
RTVSPost2010PropOp37
 70
     1
102
RTVSPost2010Prop38
140
0.0
102
RTVSPost2010PropOp38
 70
     1
102
RTVSPost2010Prop39
140
1.0
102
RTVSPost2010PropOp39
 70
     1
102
RTVSPost2010Prop40
 90
        0
102
RTVSPost2010PropOp40
 70
     1
102
RTVSPost2010Prop41ColorIndex
 90
       18
102
RTVSPost2010Prop41ColorRGB
 90
        0
102
RTVSPost2010PropOp41
 70
     1
102
RTVSPost2010Prop42
 90
       50
102
RTVSPost2010PropOp42
 70
     1
102
RTVSPost2010Prop43
 90
        3
102
RTVSPost2010PropOp43
 70
     1
102
RTVSPost2010Prop44ColorIndex
 90
        5
102
RTVSPost2010Prop44ColorRGB
 90
      255
102
RTVSPost2010PropOp44
 70
     1
102
RTVSPost2010Prop45
280
     0
102
RTVSPost2010PropOp45
 70
     1
102
RTVSPost2010Prop46
 90
       50
102
RTVSPost2010PropOp46
 70
     1
102
RTVSPost2010Prop47
 90
       50
102
RTVSPost2010PropOp47
 70
     1
102
RTVSPost2010Prop48
 90
       50
102
RTVSPost2010PropOp48
 70
     1
102
RTVSPost2010Prop49
280
     0
102
RTVSPost2010PropOp49
 70
     1
102
RTVSPost2010Prop50
 90
       50
102
RTVSPost2010PropOp50
 70
     1
102
RTVSPost2010Prop51ColorIndex
 90
      256
102
RTVSPost2010Prop51ColorRGB
 90
-16777216
102
RTVSPost2010PropOp51
 70
     0
102
RTVSPost2010Prop52
140
1.0
102
RTVSPost2010PropOp52
 70
     0
102
RTVSPost2010Prop53
 90
        2
102
RTVSPost2010PropOp53
 70
     1
102
RTVSPost2010Prop54
  1
strokes_ogs.tif
102
RTVSPost2010PropOp54
 70
     1
102
RTVSPost2010Prop55
280
     0
102
RTVSPost2010PropOp55
 70
     1
102
RTVSPost2010Prop56
140
1.0
102
RTVSPost2010PropOp56
 70
     1
102
RTVSPost2010Prop57
140
1.0
102
RTVSPost2010PropOp57
 70
     1
102
RTVSPropertyOp0
 70
     1
102
RTVSPropertyOp1
 70
     1
102
RTVSPropertyOp2
 70
     1
102
RTVSPropertyOp3
 70
     1
102
RTVSPropertyOp4
 70
     1
102
RTVSPropertyOp5
 70
     1
102
RTVSPropertyOp6
 70
     1
102
RTVSPropertyOp7
 70
     1
102
RTVSPropertyOp8
 70
     1
102
RTVSPropertyOp9
 70
     1
102
RTVSPropertyOp10
 70
     1
102
RTVSPropertyOp11
 70
     1
102
RTVSPropertyOp12
 70
     1
102
RTVSPropertyOp13
 70
     1
102
RTVSPropertyOp14
 70
     1
102
RTVSPropertyOp15
 70
     1
102
RTVSPropertyOp16
 70
     1
102
RTVSPropertyOp17
 70
     1
102
RTVSPropertyOp18
 70
     1
102
RTVSPropertyOp19
 70
     1
102
RTVSPropertyOp20
 70
     1
102
RTVSPropertyOp21
 70
     1
102
RTVSPropertyOp22
 70
     1
102
RTVSPropertyOp23
 70
     1
102
RTVSPropertyOp24
 70
     1
102
RTVSPropertyOp25
 70
     1
102
RTVSPropertyOp26
 70
     1
102
RTVSPropertyOp27
 70
     1
102
RTVSPropertyOp28
 70
     1
102
RTVSPropertyOp29
 70
     1
102
RTVSPropertyOp30
 70
     1
102
RTVSPropertyOp31
 70
     1
102
RTVSPropertyOp32
 70
     1
102
RTVSPropertyOp33
 70
     1
102
RTVSPropertyOp34
 70
     1
102
RTVSPropertyOp35
 70
     1
102
RTVSPropertyOp36
 70
     1
102
RTVSPropertyOp37
 70
     1
102
RTVSPropertyOp38
 70
     1
102
RTVSPropertyOp39
 70
     1
102
RTVSPropertyOp40
 70
     1
102
RTVSPropertyOp41
 70
     1
102
RTVSPropertyOp42
 70
     1
102
RTVSPropertyOp43
 70
     1
102
RTVSPropertyOp44
 70
     1
102
RTVSPropertyOp45
 70
     1
102
RTVSPropertyOp46
 70
     1
102
RTVSPropertyOp47
 70
     1
102
RTVSPropertyOp48
 70
     1
102
RTVSPropertyOp49
 70
     1
102
RTVSPropertyOp50
 70
     1
102
RTVSPropertyOp51
 70
     0
102
RTVSPropertyOp52
 70
     0
102
RTVSPropertyOp53
 70
     1
102
RTVSPropertyOp54
 70
     1
102
RTVSPropertyOp55
 70
     1
102
RTVSPropertyOp56
 70
     1
102
RTVSPropertyOp57
 70
     1
102
RTVSPropertyOp58
 70
     1
102
RTVSPropertyOp59
 70
     1
102
RTVSPropertyOp60
 70
     1
102
RTVSPropertyOp61
 70
     1
102
RTVSPropertyOp62
 70
     1
  0
XRECORD
  5
8587
102
{ACAD_REACTORS
330
8586
102
}
330
8586
100
AcDbXrecord
280
     1
102
RTVSPost2010Prop28
280
     0
102
RTVSPost2010PropOp28
 70
     1
102
RTVSPost2010Prop29
280
     1
102
RTVSPost2010PropOp29
 70
     1
102
RTVSPost2010Prop30
280
     1
102
RTVSPost2010PropOp30
 70
     1
102
RTVSPost2010Prop31
280
     0
102
RTVSPost2010PropOp31
 70
     1
102
RTVSPost2010Prop32
280
     0
102
RTVSPost2010PropOp32
 70
     1
102
RTVSPost2010Prop33
280
     0
102
RTVSPost2010PropOp33
 70
     1
102
RTVSPost2010Prop34
280
     0
102
RTVSPost2010PropOp34
 70
     1
102
RTVSPost2010Prop35
280
     0
102
RTVSPost2010PropOp35
 70
     1
102
RTVSPost2010Prop36
280
     0
102
RTVSPost2010PropOp36
 70
     1
102
RTVSPost2010Prop37
 90
       50
102
RTVSPost2010PropOp37
 70
     1
102
RTVSPost2010Prop38
140
0.0
102
RTVSPost2010PropOp38
 70
     1
102
RTVSPost2010Prop39
140
1.0
102
RTVSPost2010PropOp39
 70
     1
102
RTVSPost2010Prop40
 90
        0
102
RTVSPost2010PropOp40
 70
     1
102
RTVSPost2010Prop41ColorIndex
 90
       18
102
RTVSPost2010Prop41ColorRGB
 90
        0
102
RTVSPost2010PropOp41
 70
     1
102
RTVSPost2010Prop42
 90
       50
102
RTVSPost2010PropOp42
 70
     1
102
RTVSPost2010Prop43
 90
        3
102
RTVSPost2010PropOp43
 70
     1
102
RTVSPost2010Prop44ColorIndex
 90
        5
102
RTVSPost2010Prop44ColorRGB
 90
      255
102
RTVSPost2010PropOp44
 70
     1
102
RTVSPost2010Prop45
280
     0
102
RTVSPost2010PropOp45
 70
     1
102
RTVSPost2010Prop46
 90
       50
102
RTVSPost2010PropOp46
 70
     1
102
RTVSPost2010Prop47
 90
       50
102
RTVSPost2010PropOp47
 70
     1
102
RTVSPost2010Prop48
 90
       50
102
RTVSPost2010PropOp48
 70
     1
102
RTVSPost2010Prop49
280
     0
102
RTVSPost2010PropOp49
 70
     1
102
RTVSPost2010Prop50
 90
       50
102
RTVSPost2010PropOp50
 70
     1
102
RTVSPost2010Prop51ColorIndex
 90
      256
102
RTVSPost2010Prop51ColorRGB
 90
-16777216
102
RTVSPost2010PropOp51
 70
     0
102
RTVSPost2010Prop52
140
1.0
102
RTVSPost2010PropOp52
 70
     0
102
RTVSPost2010Prop53
 90
        2
102
RTVSPost2010PropOp53
 70
     1
102
RTVSPost2010Prop54
  1
strokes_ogs.tif
102
RTVSPost2010PropOp54
 70
     1
102
RTVSPost2010Prop55
280
     0
102
RTVSPost2010PropOp55
 70
     1
102
RTVSPost2010Prop56
140
1.0
102
RTVSPost2010PropOp56
 70
     1
102
RTVSPost2010Prop57
140
1.0
102
RTVSPost2010PropOp57
 70
     1
102
RTVSPropertyOp0
 70
     1
102
RTVSPropertyOp1
 70
     1
102
RTVSPropertyOp2
 70
     1
102
RTVSPropertyOp3
 70
     1
102
RTVSPropertyOp4
 70
     1
102
RTVSPropertyOp5
 70
     1
102
RTVSPropertyOp6
 70
     1
102
RTVSPropertyOp7
 70
     1
102
RTVSPropertyOp8
 70
     1
102
RTVSPropertyOp9
 70
     1
102
RTVSPropertyOp10
 70
     1
102
RTVSPropertyOp11
 70
     1
102
RTVSPropertyOp12
 70
     1
102
RTVSPropertyOp13
 70
     1
102
RTVSPropertyOp14
 70
     1
102
RTVSPropertyOp15
 70
     1
102
RTVSPropertyOp16
 70
     1
102
RTVSPropertyOp17
 70
     1
102
RTVSPropertyOp18
 70
     1
102
RTVSPropertyOp19
 70
     1
102
RTVSPropertyOp20
 70
     1
102
RTVSPropertyOp21
 70
     1
102
RTVSPropertyOp22
 70
     1
102
RTVSPropertyOp23
 70
     1
102
RTVSPropertyOp24
 70
     1
102
RTVSPropertyOp25
 70
     1
102
RTVSPropertyOp26
 70
     1
102
RTVSPropertyOp27
 70
     1
102
RTVSPropertyOp28
 70
     1
102
RTVSPropertyOp29
 70
     1
102
RTVSPropertyOp30
 70
     1
102
RTVSPropertyOp31
 70
     1
102
RTVSPropertyOp32
 70
     1
102
RTVSPropertyOp33
 70
     1
102
RTVSPropertyOp34
 70
     1
102
RTVSPropertyOp35
 70
     1
102
RTVSPropertyOp36
 70
     1
102
RTVSPropertyOp37
 70
     1
102
RTVSPropertyOp38
 70
     1
102
RTVSPropertyOp39
 70
     1
102
RTVSPropertyOp40
 70
     1
102
RTVSPropertyOp41
 70
     1
102
RTVSPropertyOp42
 70
     1
102
RTVSPropertyOp43
 70
     1
102
RTVSPropertyOp44
 70
     1
102
RTVSPropertyOp45
 70
     1
102
RTVSPropertyOp46
 70
     1
102
RTVSPropertyOp47
 70
     1
102
RTVSPropertyOp48
 70
     1
102
RTVSPropertyOp49
 70
     1
102
RTVSPropertyOp50
 70
     1
102
RTVSPropertyOp51
 70
     0
102
RTVSPropertyOp52
 70
     0
102
RTVSPropertyOp53
 70
     1
102
RTVSPropertyOp54
 70
     1
102
RTVSPropertyOp55
 70
     1
102
RTVSPropertyOp56
 70
     1
102
RTVSPropertyOp57
 70
     1
102
RTVSPropertyOp58
 70
     1
102
RTVSPropertyOp59
 70
     1
102
RTVSPropertyOp60
 70
     1
102
RTVSPropertyOp61
 70
     1
102
RTVSPropertyOp62
 70
     1
  0
XRECORD
  5
8589
102
{ACAD_REACTORS
330
8588
102
}
330
8588
100
AcDbXrecord
280
     1
102
RTVSPost2010Prop28
280
     0
102
RTVSPost2010PropOp28
 70
     1
102
RTVSPost2010Prop29
280
     1
102
RTVSPost2010PropOp29
 70
     1
102
RTVSPost2010Prop30
280
     1
102
RTVSPost2010PropOp30
 70
     1
102
RTVSPost2010Prop31
280
     0
102
RTVSPost2010PropOp31
 70
     1
102
RTVSPost2010Prop32
280
     0
102
RTVSPost2010PropOp32
 70
     1
102
RTVSPost2010Prop33
280
     0
102
RTVSPost2010PropOp33
 70
     1
102
RTVSPost2010Prop34
280
     0
102
RTVSPost2010PropOp34
 70
     1
102
RTVSPost2010Prop35
280
     0
102
RTVSPost2010PropOp35
 70
     1
102
RTVSPost2010Prop36
280
     0
102
RTVSPost2010PropOp36
 70
     1
102
RTVSPost2010Prop37
 90
       50
102
RTVSPost2010PropOp37
 70
     1
102
RTVSPost2010Prop38
140
0.0
102
RTVSPost2010PropOp38
 70
     1
102
RTVSPost2010Prop39
140
1.0
102
RTVSPost2010PropOp39
 70
     1
102
RTVSPost2010Prop40
 90
        0
102
RTVSPost2010PropOp40
 70
     1
102
RTVSPost2010Prop41ColorIndex
 90
       18
102
RTVSPost2010Prop41ColorRGB
 90
        0
102
RTVSPost2010PropOp41
 70
     1
102
RTVSPost2010Prop42
 90
       50
102
RTVSPost2010PropOp42
 70
     1
102
RTVSPost2010Prop43
 90
        3
102
RTVSPost2010PropOp43
 70
     1
102
RTVSPost2010Prop44ColorIndex
 90
        5
102
RTVSPost2010Prop44ColorRGB
 90
      255
102
RTVSPost2010PropOp44
 70
     1
102
RTVSPost2010Prop45
280
     0
102
RTVSPost2010PropOp45
 70
     1
102
RTVSPost2010Prop46
 90
       50
102
RTVSPost2010PropOp46
 70
     1
102
RTVSPost2010Prop47
 90
       50
102
RTVSPost2010PropOp47
 70
     1
102
RTVSPost2010Prop48
 90
       50
102
RTVSPost2010PropOp48
 70
     1
102
RTVSPost2010Prop49
280
     0
102
RTVSPost2010PropOp49
 70
     1
102
RTVSPost2010Prop50
 90
       50
102
RTVSPost2010PropOp50
 70
     1
102
RTVSPost2010Prop51ColorIndex
 90
      256
102
RTVSPost2010Prop51ColorRGB
 90
-16777216
102
RTVSPost2010PropOp51
 70
     0
102
RTVSPost2010Prop52
140
1.0
102
RTVSPost2010PropOp52
 70
     0
102
RTVSPost2010Prop53
 90
        2
102
RTVSPost2010PropOp53
 70
     1
102
RTVSPost2010Prop54
  1
strokes_ogs.tif
102
RTVSPost2010PropOp54
 70
     1
102
RTVSPost2010Prop55
280
     0
102
RTVSPost2010PropOp55
 70
     1
102
RTVSPost2010Prop56
140
1.0
102
RTVSPost2010PropOp56
 70
     1
102
RTVSPost2010Prop57
140
1.0
102
RTVSPost2010PropOp57
 70
     1
102
RTVSPropertyOp0
 70
     1
102
RTVSPropertyOp1
 70
     1
102
RTVSPropertyOp2
 70
     1
102
RTVSPropertyOp3
 70
     1
102
RTVSPropertyOp4
 70
     1
102
RTVSPropertyOp5
 70
     1
102
RTVSPropertyOp6
 70
     1
102
RTVSPropertyOp7
 70
     1
102
RTVSPropertyOp8
 70
     1
102
RTVSPropertyOp9
 70
     1
102
RTVSPropertyOp10
 70
     1
102
RTVSPropertyOp11
 70
     1
102
RTVSPropertyOp12
 70
     1
102
RTVSPropertyOp13
 70
     1
102
RTVSPropertyOp14
 70
     1
102
RTVSPropertyOp15
 70
     1
102
RTVSPropertyOp16
 70
     1
102
RTVSPropertyOp17
 70
     1
102
RTVSPropertyOp18
 70
     1
102
RTVSPropertyOp19
 70
     1
102
RTVSPropertyOp20
 70
     1
102
RTVSPropertyOp21
 70
     1
102
RTVSPropertyOp22
 70
     1
102
RTVSPropertyOp23
 70
     1
102
RTVSPropertyOp24
 70
     1
102
RTVSPropertyOp25
 70
     1
102
RTVSPropertyOp26
 70
     1
102
RTVSPropertyOp27
 70
     1
102
RTVSPropertyOp28
 70
     1
102
RTVSPropertyOp29
 70
     1
102
RTVSPropertyOp30
 70
     1
102
RTVSPropertyOp31
 70
     1
102
RTVSPropertyOp32
 70
     1
102
RTVSPropertyOp33
 70
     1
102
RTVSPropertyOp34
 70
     1
102
RTVSPropertyOp35
 70
     1
102
RTVSPropertyOp36
 70
     1
102
RTVSPropertyOp37
 70
     1
102
RTVSPropertyOp38
 70
     1
102
RTVSPropertyOp39
 70
     1
102
RTVSPropertyOp40
 70
     1
102
RTVSPropertyOp41
 70
     1
102
RTVSPropertyOp42
 70
     1
102
RTVSPropertyOp43
 70
     1
102
RTVSPropertyOp44
 70
     1
102
RTVSPropertyOp45
 70
     1
102
RTVSPropertyOp46
 70
     1
102
RTVSPropertyOp47
 70
     1
102
RTVSPropertyOp48
 70
     1
102
RTVSPropertyOp49
 70
     1
102
RTVSPropertyOp50
 70
     1
102
RTVSPropertyOp51
 70
     0
102
RTVSPropertyOp52
 70
     0
102
RTVSPropertyOp53
 70
     1
102
RTVSPropertyOp54
 70
     1
102
RTVSPropertyOp55
 70
     1
102
RTVSPropertyOp56
 70
     1
102
RTVSPropertyOp57
 70
     1
102
RTVSPropertyOp58
 70
     1
102
RTVSPropertyOp59
 70
     1
102
RTVSPropertyOp60
 70
     1
102
RTVSPropertyOp61
 70
     1
102
RTVSPropertyOp62
 70
     1
  0
XRECORD
  5
8591
102
{ACAD_REACTORS
330
8590
102
}
330
8590
100
AcDbXrecord
280
     1
102
RTVSPost2010Prop28
280
     0
102
RTVSPost2010PropOp28
 70
     1
102
RTVSPost2010Prop29
280
     1
102
RTVSPost2010PropOp29
 70
     1
102
RTVSPost2010Prop30
280
     1
102
RTVSPost2010PropOp30
 70
     1
102
RTVSPost2010Prop31
280
     0
102
RTVSPost2010PropOp31
 70
     1
102
RTVSPost2010Prop32
280
     0
102
RTVSPost2010PropOp32
 70
     1
102
RTVSPost2010Prop33
280
     0
102
RTVSPost2010PropOp33
 70
     1
102
RTVSPost2010Prop34
280
     0
102
RTVSPost2010PropOp34
 70
     1
102
RTVSPost2010Prop35
280
     0
102
RTVSPost2010PropOp35
 70
     1
102
RTVSPost2010Prop36
280
     0
102
RTVSPost2010PropOp36
 70
     1
102
RTVSPost2010Prop37
 90
       50
102
RTVSPost2010PropOp37
 70
     1
102
RTVSPost2010Prop38
140
0.0
102
RTVSPost2010PropOp38
 70
     1
102
RTVSPost2010Prop39
140
1.0
102
RTVSPost2010PropOp39
 70
     1
102
RTVSPost2010Prop40
 90
        0
102
RTVSPost2010PropOp40
 70
     1
102
RTVSPost2010Prop41ColorIndex
 90
       18
102
RTVSPost2010Prop41ColorRGB
 90
        0
102
RTVSPost2010PropOp41
 70
     1
102
RTVSPost2010Prop42
 90
       50
102
RTVSPost2010PropOp42
 70
     1
102
RTVSPost2010Prop43
 90
        3
102
RTVSPost2010PropOp43
 70
     1
102
RTVSPost2010Prop44ColorIndex
 90
        5
102
RTVSPost2010Prop44ColorRGB
 90
      255
102
RTVSPost2010PropOp44
 70
     1
102
RTVSPost2010Prop45
280
     0
102
RTVSPost2010PropOp45
 70
     1
102
RTVSPost2010Prop46
 90
       50
102
RTVSPost2010PropOp46
 70
     1
102
RTVSPost2010Prop47
 90
       50
102
RTVSPost2010PropOp47
 70
     1
102
RTVSPost2010Prop48
 90
       50
102
RTVSPost2010PropOp48
 70
     1
102
RTVSPost2010Prop49
280
     0
102
RTVSPost2010PropOp49
 70
     1
102
RTVSPost2010Prop50
 90
       50
102
RTVSPost2010PropOp50
 70
     1
102
RTVSPost2010Prop51ColorIndex
 90
      256
102
RTVSPost2010Prop51ColorRGB
 90
-16777216
102
RTVSPost2010PropOp51
 70
     0
102
RTVSPost2010Prop52
140
1.0
102
RTVSPost2010PropOp52
 70
     0
102
RTVSPost2010Prop53
 90
        2
102
RTVSPost2010PropOp53
 70
     1
102
RTVSPost2010Prop54
  1
strokes_ogs.tif
102
RTVSPost2010PropOp54
 70
     1
102
RTVSPost2010Prop55
280
     0
102
RTVSPost2010PropOp55
 70
     1
102
RTVSPost2010Prop56
140
1.0
102
RTVSPost2010PropOp56
 70
     1
102
RTVSPost2010Prop57
140
1.0
102
RTVSPost2010PropOp57
 70
     1
102
RTVSPropertyOp0
 70
     1
102
RTVSPropertyOp1
 70
     1
102
RTVSPropertyOp2
 70
     1
102
RTVSPropertyOp3
 70
     1
102
RTVSPropertyOp4
 70
     1
102
RTVSPropertyOp5
 70
     1
102
RTVSPropertyOp6
 70
     1
102
RTVSPropertyOp7
 70
     1
102
RTVSPropertyOp8
 70
     1
102
RTVSPropertyOp9
 70
     1
102
RTVSPropertyOp10
 70
     1
102
RTVSPropertyOp11
 70
     1
102
RTVSPropertyOp12
 70
     1
102
RTVSPropertyOp13
 70
     1
102
RTVSPropertyOp14
 70
     1
102
RTVSPropertyOp15
 70
     1
102
RTVSPropertyOp16
 70
     1
102
RTVSPropertyOp17
 70
     1
102
RTVSPropertyOp18
 70
     1
102
RTVSPropertyOp19
 70
     1
102
RTVSPropertyOp20
 70
     1
102
RTVSPropertyOp21
 70
     1
102
RTVSPropertyOp22
 70
     1
102
RTVSPropertyOp23
 70
     1
102
RTVSPropertyOp24
 70
     1
102
RTVSPropertyOp25
 70
     1
102
RTVSPropertyOp26
 70
     1
102
RTVSPropertyOp27
 70
     1
102
RTVSPropertyOp28
 70
     1
102
RTVSPropertyOp29
 70
     1
102
RTVSPropertyOp30
 70
     1
102
RTVSPropertyOp31
 70
     1
102
RTVSPropertyOp32
 70
     1
102
RTVSPropertyOp33
 70
     1
102
RTVSPropertyOp34
 70
     1
102
RTVSPropertyOp35
 70
     1
102
RTVSPropertyOp36
 70
     1
102
RTVSPropertyOp37
 70
     1
102
RTVSPropertyOp38
 70
     1
102
RTVSPropertyOp39
 70
     1
102
RTVSPropertyOp40
 70
     1
102
RTVSPropertyOp41
 70
     1
102
RTVSPropertyOp42
 70
     1
102
RTVSPropertyOp43
 70
     1
102
RTVSPropertyOp44
 70
     1
102
RTVSPropertyOp45
 70
     1
102
RTVSPropertyOp46
 70
     1
102
RTVSPropertyOp47
 70
     1
102
RTVSPropertyOp48
 70
     1
102
RTVSPropertyOp49
 70
     1
102
RTVSPropertyOp50
 70
     1
102
RTVSPropertyOp51
 70
     0
102
RTVSPropertyOp52
 70
     0
102
RTVSPropertyOp53
 70
     1
102
RTVSPropertyOp54
 70
     1
102
RTVSPropertyOp55
 70
     1
102
RTVSPropertyOp56
 70
     1
102
RTVSPropertyOp57
 70
     1
102
RTVSPropertyOp58
 70
     1
102
RTVSPropertyOp59
 70
     1
102
RTVSPropertyOp60
 70
     1
102
RTVSPropertyOp61
 70
     1
102
RTVSPropertyOp62
 70
     1
  0
XRECORD
  5
85AD
102
{ACAD_REACTORS
330
85AC
102
}
330
85AC
100
AcDbXrecord
280
     1
102
RTVSPost2010Prop28
280
     0
102
RTVSPost2010PropOp28
 70
     1
102
RTVSPost2010Prop29
280
     1
102
RTVSPost2010PropOp29
 70
     1
102
RTVSPost2010Prop30
280
     1
102
RTVSPost2010PropOp30
 70
     1
102
RTVSPost2010Prop31
280
     0
102
RTVSPost2010PropOp31
 70
     1
102
RTVSPost2010Prop32
280
     0
102
RTVSPost2010PropOp32
 70
     1
102
RTVSPost2010Prop33
280
     0
102
RTVSPost2010PropOp33
 70
     1
102
RTVSPost2010Prop34
280
     0
102
RTVSPost2010PropOp34
 70
     1
102
RTVSPost2010Prop35
280
     0
102
RTVSPost2010PropOp35
 70
     1
102
RTVSPost2010Prop36
280
     0
102
RTVSPost2010PropOp36
 70
     1
102
RTVSPost2010Prop37
 90
       50
102
RTVSPost2010PropOp37
 70
     1
102
RTVSPost2010Prop38
140
0.0
102
RTVSPost2010PropOp38
 70
     1
102
RTVSPost2010Prop39
140
1.0
102
RTVSPost2010PropOp39
 70
     1
102
RTVSPost2010Prop40
 90
        0
102
RTVSPost2010PropOp40
 70
     1
102
RTVSPost2010Prop41ColorIndex
 90
       18
102
RTVSPost2010Prop41ColorRGB
 90
        0
102
RTVSPost2010PropOp41
 70
     1
102
RTVSPost2010Prop42
 90
       50
102
RTVSPost2010PropOp42
 70
     1
102
RTVSPost2010Prop43
 90
        3
102
RTVSPost2010PropOp43
 70
     1
102
RTVSPost2010Prop44ColorIndex
 90
        5
102
RTVSPost2010Prop44ColorRGB
 90
      255
102
RTVSPost2010PropOp44
 70
     1
102
RTVSPost2010Prop45
280
     0
102
RTVSPost2010PropOp45
 70
     1
102
RTVSPost2010Prop46
 90
       50
102
RTVSPost2010PropOp46
 70
     1
102
RTVSPost2010Prop47
 90
       50
102
RTVSPost2010PropOp47
 70
     1
102
RTVSPost2010Prop48
 90
       50
102
RTVSPost2010PropOp48
 70
     1
102
RTVSPost2010Prop49
280
     0
102
RTVSPost2010PropOp49
 70
     1
102
RTVSPost2010Prop50
 90
       50
102
RTVSPost2010PropOp50
 70
     1
102
RTVSPost2010Prop51ColorIndex
 90
      256
102
RTVSPost2010Prop51ColorRGB
 90
-16777216
102
RTVSPost2010PropOp51
 70
     0
102
RTVSPost2010Prop52
140
1.0
102
RTVSPost2010PropOp52
 70
     0
102
RTVSPost2010Prop53
 90
        2
102
RTVSPost2010PropOp53
 70
     1
102
RTVSPost2010Prop54
  1
strokes_ogs.tif
102
RTVSPost2010PropOp54
 70
     1
102
RTVSPost2010Prop55
280
     0
102
RTVSPost2010PropOp55
 70
     1
102
RTVSPost2010Prop56
140
1.0
102
RTVSPost2010PropOp56
 70
     1
102
RTVSPost2010Prop57
140
1.0
102
RTVSPost2010PropOp57
 70
     1
102
RTVSPropertyOp0
 70
     0
102
RTVSPropertyOp1
 70
     0
102
RTVSPropertyOp2
 70
     0
102
RTVSPropertyOp3
 70
     0
102
RTVSPropertyOp4
 70
     0
102
RTVSPropertyOp5
 70
     0
102
RTVSPropertyOp6
 70
     0
102
RTVSPropertyOp7
 70
     0
102
RTVSPropertyOp8
 70
     0
102
RTVSPropertyOp9
 70
     0
102
RTVSPropertyOp10
 70
     0
102
RTVSPropertyOp11
 70
     0
102
RTVSPropertyOp12
 70
     0
102
RTVSPropertyOp13
 70
     0
102
RTVSPropertyOp14
 70
     2
102
RTVSPropertyOp15
 70
     0
102
RTVSPropertyOp16
 70
     0
102
RTVSPropertyOp17
 70
     0
102
RTVSPropertyOp18
 70
     0
102
RTVSPropertyOp19
 70
     0
102
RTVSPropertyOp20
 70
     0
102
RTVSPropertyOp21
 70
     0
102
RTVSPropertyOp22
 70
     0
102
RTVSPropertyOp23
 70
     0
102
RTVSPropertyOp24
 70
     0
102
RTVSPropertyOp25
 70
     0
102
RTVSPropertyOp26
 70
     0
102
RTVSPropertyOp27
 70
     0
102
RTVSPropertyOp28
 70
     1
102
RTVSPropertyOp29
 70
     1
102
RTVSPropertyOp30
 70
     1
102
RTVSPropertyOp31
 70
     1
102
RTVSPropertyOp32
 70
     1
102
RTVSPropertyOp33
 70
     1
102
RTVSPropertyOp34
 70
     1
102
RTVSPropertyOp35
 70
     1
102
RTVSPropertyOp36
 70
     1
102
RTVSPropertyOp37
 70
     1
102
RTVSPropertyOp38
 70
     1
102
RTVSPropertyOp39
 70
     1
102
RTVSPropertyOp40
 70
     1
102
RTVSPropertyOp41
 70
     1
102
RTVSPropertyOp42
 70
     1
102
RTVSPropertyOp43
 70
     1
102
RTVSPropertyOp44
 70
     1
102
RTVSPropertyOp45
 70
     1
102
RTVSPropertyOp46
 70
     1
102
RTVSPropertyOp47
 70
     1
102
RTVSPropertyOp48
 70
     1
102
RTVSPropertyOp49
 70
     1
102
RTVSPropertyOp50
 70
     1
102
RTVSPropertyOp51
 70
     0
102
RTVSPropertyOp52
 70
     0
102
RTVSPropertyOp53
 70
     1
102
RTVSPropertyOp54
 70
     1
102
RTVSPropertyOp55
 70
     1
102
RTVSPropertyOp56
 70
     1
102
RTVSPropertyOp57
 70
     1
102
RTVSPropertyOp58
 70
     1
102
RTVSPropertyOp59
 70
     1
102
RTVSPropertyOp60
 70
     1
102
RTVSPropertyOp61
 70
     1
102
RTVSPropertyOp62
 70
     1
  0
XRECORD
  5
859D
102
{ACAD_REACTORS
330
859C
102
}
330
859C
100
AcDbXrecord
280
     1
102
RTVSPost2010Prop28
280
     0
102
RTVSPost2010PropOp28
 70
     1
102
RTVSPost2010Prop29
280
     1
102
RTVSPost2010PropOp29
 70
     1
102
RTVSPost2010Prop30
280
     1
102
RTVSPost2010PropOp30
 70
     1
102
RTVSPost2010Prop31
280
     0
102
RTVSPost2010PropOp31
 70
     1
102
RTVSPost2010Prop32
280
     0
102
RTVSPost2010PropOp32
 70
     1
102
RTVSPost2010Prop33
280
     0
102
RTVSPost2010PropOp33
 70
     1
102
RTVSPost2010Prop34
280
     0
102
RTVSPost2010PropOp34
 70
     1
102
RTVSPost2010Prop35
280
     0
102
RTVSPost2010PropOp35
 70
     1
102
RTVSPost2010Prop36
280
     0
102
RTVSPost2010PropOp36
 70
     1
102
RTVSPost2010Prop37
 90
       50
102
RTVSPost2010PropOp37
 70
     1
102
RTVSPost2010Prop38
140
0.0
102
RTVSPost2010PropOp38
 70
     1
102
RTVSPost2010Prop39
140
1.0
102
RTVSPost2010PropOp39
 70
     1
102
RTVSPost2010Prop40
 90
        0
102
RTVSPost2010PropOp40
 70
     1
102
RTVSPost2010Prop41ColorIndex
 90
       18
102
RTVSPost2010Prop41ColorRGB
 90
        0
102
RTVSPost2010PropOp41
 70
     1
102
RTVSPost2010Prop42
 90
       50
102
RTVSPost2010PropOp42
 70
     1
102
RTVSPost2010Prop43
 90
        3
102
RTVSPost2010PropOp43
 70
     1
102
RTVSPost2010Prop44ColorIndex
 90
        5
102
RTVSPost2010Prop44ColorRGB
 90
      255
102
RTVSPost2010PropOp44
 70
     1
102
RTVSPost2010Prop45
280
     0
102
RTVSPost2010PropOp45
 70
     1
102
RTVSPost2010Prop46
 90
       50
102
RTVSPost2010PropOp46
 70
     1
102
RTVSPost2010Prop47
 90
       50
102
RTVSPost2010PropOp47
 70
     1
102
RTVSPost2010Prop48
 90
       50
102
RTVSPost2010PropOp48
 70
     1
102
RTVSPost2010Prop49
280
     0
102
RTVSPost2010PropOp49
 70
     1
102
RTVSPost2010Prop50
 90
       50
102
RTVSPost2010PropOp50
 70
     1
102
RTVSPost2010Prop51ColorIndex
 90
      256
102
RTVSPost2010Prop51ColorRGB
 90
-16777216
102
RTVSPost2010PropOp51
 70
     0
102
RTVSPost2010Prop52
140
1.0
102
RTVSPost2010PropOp52
 70
     0
102
RTVSPost2010Prop53
 90
        2
102
RTVSPost2010PropOp53
 70
     1
102
RTVSPost2010Prop54
  1
strokes_ogs.tif
102
RTVSPost2010PropOp54
 70
     1
102
RTVSPost2010Prop55
280
     0
102
RTVSPost2010PropOp55
 70
     1
102
RTVSPost2010Prop56
140
1.0
102
RTVSPost2010PropOp56
 70
     1
102
RTVSPost2010Prop57
140
1.0
102
RTVSPost2010PropOp57
 70
     1
102
RTVSPropertyOp0
 70
     1
102
RTVSPropertyOp1
 70
     1
102
RTVSPropertyOp2
 70
     1
102
RTVSPropertyOp3
 70
     1
102
RTVSPropertyOp4
 70
     1
102
RTVSPropertyOp5
 70
     1
102
RTVSPropertyOp6
 70
     1
102
RTVSPropertyOp7
 70
     1
102
RTVSPropertyOp8
 70
     1
102
RTVSPropertyOp9
 70
     1
102
RTVSPropertyOp10
 70
     1
102
RTVSPropertyOp11
 70
     1
102
RTVSPropertyOp12
 70
     1
102
RTVSPropertyOp13
 70
     1
102
RTVSPropertyOp14
 70
     1
102
RTVSPropertyOp15
 70
     1
102
RTVSPropertyOp16
 70
     1
102
RTVSPropertyOp17
 70
     1
102
RTVSPropertyOp18
 70
     1
102
RTVSPropertyOp19
 70
     1
102
RTVSPropertyOp20
 70
     1
102
RTVSPropertyOp21
 70
     1
102
RTVSPropertyOp22
 70
     1
102
RTVSPropertyOp23
 70
     1
102
RTVSPropertyOp24
 70
     1
102
RTVSPropertyOp25
 70
     1
102
RTVSPropertyOp26
 70
     1
102
RTVSPropertyOp27
 70
     1
102
RTVSPropertyOp28
 70
     1
102
RTVSPropertyOp29
 70
     1
102
RTVSPropertyOp30
 70
     1
102
RTVSPropertyOp31
 70
     1
102
RTVSPropertyOp32
 70
     1
102
RTVSPropertyOp33
 70
     1
102
RTVSPropertyOp34
 70
     1
102
RTVSPropertyOp35
 70
     1
102
RTVSPropertyOp36
 70
     1
102
RTVSPropertyOp37
 70
     1
102
RTVSPropertyOp38
 70
     1
102
RTVSPropertyOp39
 70
     1
102
RTVSPropertyOp40
 70
     1
102
RTVSPropertyOp41
 70
     1
102
RTVSPropertyOp42
 70
     1
102
RTVSPropertyOp43
 70
     1
102
RTVSPropertyOp44
 70
     1
102
RTVSPropertyOp45
 70
     1
102
RTVSPropertyOp46
 70
     1
102
RTVSPropertyOp47
 70
     1
102
RTVSPropertyOp48
 70
     1
102
RTVSPropertyOp49
 70
     1
102
RTVSPropertyOp50
 70
     1
102
RTVSPropertyOp51
 70
     0
102
RTVSPropertyOp52
 70
     0
102
RTVSPropertyOp53
 70
     1
102
RTVSPropertyOp54
 70
     1
102
RTVSPropertyOp55
 70
     1
102
RTVSPropertyOp56
 70
     1
102
RTVSPropertyOp57
 70
     1
102
RTVSPropertyOp58
 70
     1
102
RTVSPropertyOp59
 70
     1
102
RTVSPropertyOp60
 70
     1
102
RTVSPropertyOp61
 70
     1
102
RTVSPropertyOp62
 70
     1
  0
XRECORD
  5
85AF
102
{ACAD_REACTORS
330
85AE
102
}
330
85AE
100
AcDbXrecord
280
     1
102
RTVSPost2010Prop28
280
     0
102
RTVSPost2010PropOp28
 70
     1
102
RTVSPost2010Prop29
280
     1
102
RTVSPost2010PropOp29
 70
     1
102
RTVSPost2010Prop30
280
     1
102
RTVSPost2010PropOp30
 70
     1
102
RTVSPost2010Prop31
280
     0
102
RTVSPost2010PropOp31
 70
     1
102
RTVSPost2010Prop32
280
     0
102
RTVSPost2010PropOp32
 70
     1
102
RTVSPost2010Prop33
280
     0
102
RTVSPost2010PropOp33
 70
     1
102
RTVSPost2010Prop34
280
     0
102
RTVSPost2010PropOp34
 70
     1
102
RTVSPost2010Prop35
280
     0
102
RTVSPost2010PropOp35
 70
     1
102
RTVSPost2010Prop36
280
     0
102
RTVSPost2010PropOp36
 70
     1
102
RTVSPost2010Prop37
 90
       50
102
RTVSPost2010PropOp37
 70
     1
102
RTVSPost2010Prop38
140
0.0
102
RTVSPost2010PropOp38
 70
     1
102
RTVSPost2010Prop39
140
1.0
102
RTVSPost2010PropOp39
 70
     1
102
RTVSPost2010Prop40
 90
        0
102
RTVSPost2010PropOp40
 70
     1
102
RTVSPost2010Prop41ColorIndex
 90
       18
102
RTVSPost2010Prop41ColorRGB
 90
        0
102
RTVSPost2010PropOp41
 70
     1
102
RTVSPost2010Prop42
 90
       50
102
RTVSPost2010PropOp42
 70
     1
102
RTVSPost2010Prop43
 90
        3
102
RTVSPost2010PropOp43
 70
     1
102
RTVSPost2010Prop44ColorIndex
 90
        5
102
RTVSPost2010Prop44ColorRGB
 90
      255
102
RTVSPost2010PropOp44
 70
     1
102
RTVSPost2010Prop45
280
     0
102
RTVSPost2010PropOp45
 70
     1
102
RTVSPost2010Prop46
 90
       50
102
RTVSPost2010PropOp46
 70
     1
102
RTVSPost2010Prop47
 90
       50
102
RTVSPost2010PropOp47
 70
     1
102
RTVSPost2010Prop48
 90
       50
102
RTVSPost2010PropOp48
 70
     1
102
RTVSPost2010Prop49
280
     0
102
RTVSPost2010PropOp49
 70
     1
102
RTVSPost2010Prop50
 90
       50
102
RTVSPost2010PropOp50
 70
     1
102
RTVSPost2010Prop51ColorIndex
 90
      256
102
RTVSPost2010Prop51ColorRGB
 90
-16777216
102
RTVSPost2010PropOp51
 70
     0
102
RTVSPost2010Prop52
140
1.0
102
RTVSPost2010PropOp52
 70
     0
102
RTVSPost2010Prop53
 90
        2
102
RTVSPost2010PropOp53
 70
     1
102
RTVSPost2010Prop54
  1
strokes_ogs.tif
102
RTVSPost2010PropOp54
 70
     1
102
RTVSPost2010Prop55
280
     0
102
RTVSPost2010PropOp55
 70
     1
102
RTVSPost2010Prop56
140
1.0
102
RTVSPost2010PropOp56
 70
     1
102
RTVSPost2010Prop57
140
1.0
102
RTVSPost2010PropOp57
 70
     1
102
RTVSPropertyOp0
 70
     0
102
RTVSPropertyOp1
 70
     0
102
RTVSPropertyOp2
 70
     0
102
RTVSPropertyOp3
 70
     0
102
RTVSPropertyOp4
 70
     0
102
RTVSPropertyOp5
 70
     0
102
RTVSPropertyOp6
 70
     0
102
RTVSPropertyOp7
 70
     0
102
RTVSPropertyOp8
 70
     0
102
RTVSPropertyOp9
 70
     0
102
RTVSPropertyOp10
 70
     0
102
RTVSPropertyOp11
 70
     0
102
RTVSPropertyOp12
 70
     0
102
RTVSPropertyOp13
 70
     0
102
RTVSPropertyOp14
 70
     2
102
RTVSPropertyOp15
 70
     0
102
RTVSPropertyOp16
 70
     0
102
RTVSPropertyOp17
 70
     0
102
RTVSPropertyOp18
 70
     0
102
RTVSPropertyOp19
 70
     0
102
RTVSPropertyOp20
 70
     0
102
RTVSPropertyOp21
 70
     0
102
RTVSPropertyOp22
 70
     0
102
RTVSPropertyOp23
 70
     0
102
RTVSPropertyOp24
 70
     0
102
RTVSPropertyOp25
 70
     0
102
RTVSPropertyOp26
 70
     0
102
RTVSPropertyOp27
 70
     0
102
RTVSPropertyOp28
 70
     1
102
RTVSPropertyOp29
 70
     1
102
RTVSPropertyOp30
 70
     1
102
RTVSPropertyOp31
 70
     1
102
RTVSPropertyOp32
 70
     1
102
RTVSPropertyOp33
 70
     1
102
RTVSPropertyOp34
 70
     1
102
RTVSPropertyOp35
 70
     1
102
RTVSPropertyOp36
 70
     1
102
RTVSPropertyOp37
 70
     1
102
RTVSPropertyOp38
 70
     1
102
RTVSPropertyOp39
 70
     1
102
RTVSPropertyOp40
 70
     1
102
RTVSPropertyOp41
 70
     1
102
RTVSPropertyOp42
 70
     1
102
RTVSPropertyOp43
 70
     1
102
RTVSPropertyOp44
 70
     1
102
RTVSPropertyOp45
 70
     1
102
RTVSPropertyOp46
 70
     1
102
RTVSPropertyOp47
 70
     1
102
RTVSPropertyOp48
 70
     1
102
RTVSPropertyOp49
 70
     1
102
RTVSPropertyOp50
 70
     1
102
RTVSPropertyOp51
 70
     0
102
RTVSPropertyOp52
 70
     0
102
RTVSPropertyOp53
 70
     1
102
RTVSPropertyOp54
 70
     1
102
RTVSPropertyOp55
 70
     1
102
RTVSPropertyOp56
 70
     1
102
RTVSPropertyOp57
 70
     1
102
RTVSPropertyOp58
 70
     1
102
RTVSPropertyOp59
 70
     1
102
RTVSPropertyOp60
 70
     1
102
RTVSPropertyOp61
 70
     1
102
RTVSPropertyOp62
 70
     1
  0
XRECORD
  5
8595
102
{ACAD_REACTORS
330
8594
102
}
330
8594
100
AcDbXrecord
280
     1
102
RTVSPost2010Prop28
280
     0
102
RTVSPost2010PropOp28
 70
     1
102
RTVSPost2010Prop29
280
     1
102
RTVSPost2010PropOp29
 70
     1
102
RTVSPost2010Prop30
280
     1
102
RTVSPost2010PropOp30
 70
     1
102
RTVSPost2010Prop31
280
     0
102
RTVSPost2010PropOp31
 70
     1
102
RTVSPost2010Prop32
280
     0
102
RTVSPost2010PropOp32
 70
     1
102
RTVSPost2010Prop33
280
     0
102
RTVSPost2010PropOp33
 70
     1
102
RTVSPost2010Prop34
280
     0
102
RTVSPost2010PropOp34
 70
     1
102
RTVSPost2010Prop35
280
     0
102
RTVSPost2010PropOp35
 70
     1
102
RTVSPost2010Prop36
280
     0
102
RTVSPost2010PropOp36
 70
     1
102
RTVSPost2010Prop37
 90
       50
102
RTVSPost2010PropOp37
 70
     1
102
RTVSPost2010Prop38
140
0.0
102
RTVSPost2010PropOp38
 70
     1
102
RTVSPost2010Prop39
140
1.0
102
RTVSPost2010PropOp39
 70
     1
102
RTVSPost2010Prop40
 90
        0
102
RTVSPost2010PropOp40
 70
     1
102
RTVSPost2010Prop41ColorIndex
 90
       18
102
RTVSPost2010Prop41ColorRGB
 90
        0
102
RTVSPost2010PropOp41
 70
     1
102
RTVSPost2010Prop42
 90
       50
102
RTVSPost2010PropOp42
 70
     1
102
RTVSPost2010Prop43
 90
        3
102
RTVSPost2010PropOp43
 70
     1
102
RTVSPost2010Prop44ColorIndex
 90
        5
102
RTVSPost2010Prop44ColorRGB
 90
      255
102
RTVSPost2010PropOp44
 70
     1
102
RTVSPost2010Prop45
280
     0
102
RTVSPost2010PropOp45
 70
     1
102
RTVSPost2010Prop46
 90
       50
102
RTVSPost2010PropOp46
 70
     1
102
RTVSPost2010Prop47
 90
       50
102
RTVSPost2010PropOp47
 70
     1
102
RTVSPost2010Prop48
 90
       50
102
RTVSPost2010PropOp48
 70
     1
102
RTVSPost2010Prop49
280
     0
102
RTVSPost2010PropOp49
 70
     1
102
RTVSPost2010Prop50
 90
       50
102
RTVSPost2010PropOp50
 70
     1
102
RTVSPost2010Prop51ColorIndex
 90
      256
102
RTVSPost2010Prop51ColorRGB
 90
-16777216
102
RTVSPost2010PropOp51
 70
     0
102
RTVSPost2010Prop52
140
1.0
102
RTVSPost2010PropOp52
 70
     0
102
RTVSPost2010Prop53
 90
        2
102
RTVSPost2010PropOp53
 70
     1
102
RTVSPost2010Prop54
  1
strokes_ogs.tif
102
RTVSPost2010PropOp54
 70
     1
102
RTVSPost2010Prop55
280
     0
102
RTVSPost2010PropOp55
 70
     1
102
RTVSPost2010Prop56
140
1.0
102
RTVSPost2010PropOp56
 70
     1
102
RTVSPost2010Prop57
140
1.0
102
RTVSPost2010PropOp57
 70
     1
102
RTVSPropertyOp0
 70
     1
102
RTVSPropertyOp1
 70
     1
102
RTVSPropertyOp2
 70
     1
102
RTVSPropertyOp3
 70
     1
102
RTVSPropertyOp4
 70
     1
102
RTVSPropertyOp5
 70
     1
102
RTVSPropertyOp6
 70
     1
102
RTVSPropertyOp7
 70
     1
102
RTVSPropertyOp8
 70
     1
102
RTVSPropertyOp9
 70
     1
102
RTVSPropertyOp10
 70
     1
102
RTVSPropertyOp11
 70
     1
102
RTVSPropertyOp12
 70
     1
102
RTVSPropertyOp13
 70
     1
102
RTVSPropertyOp14
 70
     1
102
RTVSPropertyOp15
 70
     1
102
RTVSPropertyOp16
 70
     1
102
RTVSPropertyOp17
 70
     1
102
RTVSPropertyOp18
 70
     1
102
RTVSPropertyOp19
 70
     1
102
RTVSPropertyOp20
 70
     1
102
RTVSPropertyOp21
 70
     1
102
RTVSPropertyOp22
 70
     1
102
RTVSPropertyOp23
 70
     1
102
RTVSPropertyOp24
 70
     1
102
RTVSPropertyOp25
 70
     1
102
RTVSPropertyOp26
 70
     1
102
RTVSPropertyOp27
 70
     1
102
RTVSPropertyOp28
 70
     1
102
RTVSPropertyOp29
 70
     1
102
RTVSPropertyOp30
 70
     1
102
RTVSPropertyOp31
 70
     1
102
RTVSPropertyOp32
 70
     1
102
RTVSPropertyOp33
 70
     1
102
RTVSPropertyOp34
 70
     1
102
RTVSPropertyOp35
 70
     1
102
RTVSPropertyOp36
 70
     1
102
RTVSPropertyOp37
 70
     1
102
RTVSPropertyOp38
 70
     1
102
RTVSPropertyOp39
 70
     1
102
RTVSPropertyOp40
 70
     1
102
RTVSPropertyOp41
 70
     1
102
RTVSPropertyOp42
 70
     1
102
RTVSPropertyOp43
 70
     1
102
RTVSPropertyOp44
 70
     1
102
RTVSPropertyOp45
 70
     1
102
RTVSPropertyOp46
 70
     1
102
RTVSPropertyOp47
 70
     1
102
RTVSPropertyOp48
 70
     1
102
RTVSPropertyOp49
 70
     1
102
RTVSPropertyOp50
 70
     1
102
RTVSPropertyOp51
 70
     0
102
RTVSPropertyOp52
 70
     0
102
RTVSPropertyOp53
 70
     1
102
RTVSPropertyOp54
 70
     1
102
RTVSPropertyOp55
 70
     1
102
RTVSPropertyOp56
 70
     1
102
RTVSPropertyOp57
 70
     1
102
RTVSPropertyOp58
 70
     1
102
RTVSPropertyOp59
 70
     1
102
RTVSPropertyOp60
 70
     1
102
RTVSPropertyOp61
 70
     1
102
RTVSPropertyOp62
 70
     1
  0
XRECORD
  5
85AB
102
{ACAD_REACTORS
330
85AA
102
}
330
85AA
100
AcDbXrecord
280
     1
102
RTVSPost2010Prop28
280
     0
102
RTVSPost2010PropOp28
 70
     1
102
RTVSPost2010Prop29
280
     1
102
RTVSPost2010PropOp29
 70
     1
102
RTVSPost2010Prop30
280
     1
102
RTVSPost2010PropOp30
 70
     1
102
RTVSPost2010Prop31
280
     0
102
RTVSPost2010PropOp31
 70
     1
102
RTVSPost2010Prop32
280
     0
102
RTVSPost2010PropOp32
 70
     1
102
RTVSPost2010Prop33
280
     0
102
RTVSPost2010PropOp33
 70
     1
102
RTVSPost2010Prop34
280
     0
102
RTVSPost2010PropOp34
 70
     1
102
RTVSPost2010Prop35
280
     0
102
RTVSPost2010PropOp35
 70
     1
102
RTVSPost2010Prop36
280
     0
102
RTVSPost2010PropOp36
 70
     1
102
RTVSPost2010Prop37
 90
       50
102
RTVSPost2010PropOp37
 70
     1
102
RTVSPost2010Prop38
140
0.0
102
RTVSPost2010PropOp38
 70
     1
102
RTVSPost2010Prop39
140
1.0
102
RTVSPost2010PropOp39
 70
     1
102
RTVSPost2010Prop40
 90
        0
102
RTVSPost2010PropOp40
 70
     1
102
RTVSPost2010Prop41ColorIndex
 90
       18
102
RTVSPost2010Prop41ColorRGB
 90
        0
102
RTVSPost2010PropOp41
 70
     1
102
RTVSPost2010Prop42
 90
       50
102
RTVSPost2010PropOp42
 70
     1
102
RTVSPost2010Prop43
 90
        3
102
RTVSPost2010PropOp43
 70
     1
102
RTVSPost2010Prop44ColorIndex
 90
        5
102
RTVSPost2010Prop44ColorRGB
 90
      255
102
RTVSPost2010PropOp44
 70
     1
102
RTVSPost2010Prop45
280
     0
102
RTVSPost2010PropOp45
 70
     1
102
RTVSPost2010Prop46
 90
       50
102
RTVSPost2010PropOp46
 70
     1
102
RTVSPost2010Prop47
 90
       50
102
RTVSPost2010PropOp47
 70
     1
102
RTVSPost2010Prop48
 90
       50
102
RTVSPost2010PropOp48
 70
     1
102
RTVSPost2010Prop49
280
     0
102
RTVSPost2010PropOp49
 70
     1
102
RTVSPost2010Prop50
 90
       50
102
RTVSPost2010PropOp50
 70
     1
102
RTVSPost2010Prop51ColorIndex
 90
      256
102
RTVSPost2010Prop51ColorRGB
 90
-16777216
102
RTVSPost2010PropOp51
 70
     0
102
RTVSPost2010Prop52
140
1.0
102
RTVSPost2010PropOp52
 70
     0
102
RTVSPost2010Prop53
 90
        2
102
RTVSPost2010PropOp53
 70
     1
102
RTVSPost2010Prop54
  1
strokes_ogs.tif
102
RTVSPost2010PropOp54
 70
     1
102
RTVSPost2010Prop55
280
     0
102
RTVSPost2010PropOp55
 70
     1
102
RTVSPost2010Prop56
140
1.0
102
RTVSPost2010PropOp56
 70
     1
102
RTVSPost2010Prop57
140
1.0
102
RTVSPost2010PropOp57
 70
     1
102
RTVSPropertyOp0
 70
     1
102
RTVSPropertyOp1
 70
     1
102
RTVSPropertyOp2
 70
     1
102
RTVSPropertyOp3
 70
     1
102
RTVSPropertyOp4
 70
     1
102
RTVSPropertyOp5
 70
     1
102
RTVSPropertyOp6
 70
     1
102
RTVSPropertyOp7
 70
     1
102
RTVSPropertyOp8
 70
     1
102
RTVSPropertyOp9
 70
     1
102
RTVSPropertyOp10
 70
     1
102
RTVSPropertyOp11
 70
     1
102
RTVSPropertyOp12
 70
     1
102
RTVSPropertyOp13
 70
     1
102
RTVSPropertyOp14
 70
     1
102
RTVSPropertyOp15
 70
     1
102
RTVSPropertyOp16
 70
     1
102
RTVSPropertyOp17
 70
     1
102
RTVSPropertyOp18
 70
     1
102
RTVSPropertyOp19
 70
     1
102
RTVSPropertyOp20
 70
     1
102
RTVSPropertyOp21
 70
     1
102
RTVSPropertyOp22
 70
     1
102
RTVSPropertyOp23
 70
     1
102
RTVSPropertyOp24
 70
     1
102
RTVSPropertyOp25
 70
     1
102
RTVSPropertyOp26
 70
     1
102
RTVSPropertyOp27
 70
     1
102
RTVSPropertyOp28
 70
     1
102
RTVSPropertyOp29
 70
     1
102
RTVSPropertyOp30
 70
     1
102
RTVSPropertyOp31
 70
     1
102
RTVSPropertyOp32
 70
     1
102
RTVSPropertyOp33
 70
     1
102
RTVSPropertyOp34
 70
     1
102
RTVSPropertyOp35
 70
     1
102
RTVSPropertyOp36
 70
     1
102
RTVSPropertyOp37
 70
     1
102
RTVSPropertyOp38
 70
     1
102
RTVSPropertyOp39
 70
     1
102
RTVSPropertyOp40
 70
     1
102
RTVSPropertyOp41
 70
     1
102
RTVSPropertyOp42
 70
     1
102
RTVSPropertyOp43
 70
     1
102
RTVSPropertyOp44
 70
     1
102
RTVSPropertyOp45
 70
     1
102
RTVSPropertyOp46
 70
     1
102
RTVSPropertyOp47
 70
     1
102
RTVSPropertyOp48
 70
     1
102
RTVSPropertyOp49
 70
     1
102
RTVSPropertyOp50
 70
     1
102
RTVSPropertyOp51
 70
     0
102
RTVSPropertyOp52
 70
     0
102
RTVSPropertyOp53
 70
     1
102
RTVSPropertyOp54
 70
     1
102
RTVSPropertyOp55
 70
     1
102
RTVSPropertyOp56
 70
     1
102
RTVSPropertyOp57
 70
     1
102
RTVSPropertyOp58
 70
     1
102
RTVSPropertyOp59
 70
     1
102
RTVSPropertyOp60
 70
     1
102
RTVSPropertyOp61
 70
     1
102
RTVSPropertyOp62
 70
     1
  0
XRECORD
  5
85A9
102
{ACAD_REACTORS
330
85A8
102
}
330
85A8
100
AcDbXrecord
280
     1
102
RTVSPost2010Prop28
280
     0
102
RTVSPost2010PropOp28
 70
     1
102
RTVSPost2010Prop29
280
     1
102
RTVSPost2010PropOp29
 70
     1
102
RTVSPost2010Prop30
280
     1
102
RTVSPost2010PropOp30
 70
     1
102
RTVSPost2010Prop31
280
     0
102
RTVSPost2010PropOp31
 70
     1
102
RTVSPost2010Prop32
280
     0
102
RTVSPost2010PropOp32
 70
     1
102
RTVSPost2010Prop33
280
     0
102
RTVSPost2010PropOp33
 70
     1
102
RTVSPost2010Prop34
280
     0
102
RTVSPost2010PropOp34
 70
     1
102
RTVSPost2010Prop35
280
     0
102
RTVSPost2010PropOp35
 70
     1
102
RTVSPost2010Prop36
280
     0
102
RTVSPost2010PropOp36
 70
     1
102
RTVSPost2010Prop37
 90
       50
102
RTVSPost2010PropOp37
 70
     1
102
RTVSPost2010Prop38
140
0.0
102
RTVSPost2010PropOp38
 70
     1
102
RTVSPost2010Prop39
140
1.0
102
RTVSPost2010PropOp39
 70
     1
102
RTVSPost2010Prop40
 90
        0
102
RTVSPost2010PropOp40
 70
     1
102
RTVSPost2010Prop41ColorIndex
 90
       18
102
RTVSPost2010Prop41ColorRGB
 90
        0
102
RTVSPost2010PropOp41
 70
     1
102
RTVSPost2010Prop42
 90
       50
102
RTVSPost2010PropOp42
 70
     1
102
RTVSPost2010Prop43
 90
        3
102
RTVSPost2010PropOp43
 70
     1
102
RTVSPost2010Prop44ColorIndex
 90
        5
102
RTVSPost2010Prop44ColorRGB
 90
      255
102
RTVSPost2010PropOp44
 70
     1
102
RTVSPost2010Prop45
280
     0
102
RTVSPost2010PropOp45
 70
     1
102
RTVSPost2010Prop46
 90
       50
102
RTVSPost2010PropOp46
 70
     1
102
RTVSPost2010Prop47
 90
       50
102
RTVSPost2010PropOp47
 70
     1
102
RTVSPost2010Prop48
 90
       50
102
RTVSPost2010PropOp48
 70
     1
102
RTVSPost2010Prop49
280
     0
102
RTVSPost2010PropOp49
 70
     1
102
RTVSPost2010Prop50
 90
       50
102
RTVSPost2010PropOp50
 70
     1
102
RTVSPost2010Prop51ColorIndex
 90
      256
102
RTVSPost2010Prop51ColorRGB
 90
-16777216
102
RTVSPost2010PropOp51
 70
     0
102
RTVSPost2010Prop52
140
1.0
102
RTVSPost2010PropOp52
 70
     0
102
RTVSPost2010Prop53
 90
        2
102
RTVSPost2010PropOp53
 70
     1
102
RTVSPost2010Prop54
  1
strokes_ogs.tif
102
RTVSPost2010PropOp54
 70
     1
102
RTVSPost2010Prop55
280
     0
102
RTVSPost2010PropOp55
 70
     1
102
RTVSPost2010Prop56
140
1.0
102
RTVSPost2010PropOp56
 70
     1
102
RTVSPost2010Prop57
140
1.0
102
RTVSPost2010PropOp57
 70
     1
102
RTVSPropertyOp0
 70
     1
102
RTVSPropertyOp1
 70
     1
102
RTVSPropertyOp2
 70
     1
102
RTVSPropertyOp3
 70
     1
102
RTVSPropertyOp4
 70
     1
102
RTVSPropertyOp5
 70
     1
102
RTVSPropertyOp6
 70
     1
102
RTVSPropertyOp7
 70
     1
102
RTVSPropertyOp8
 70
     1
102
RTVSPropertyOp9
 70
     1
102
RTVSPropertyOp10
 70
     1
102
RTVSPropertyOp11
 70
     1
102
RTVSPropertyOp12
 70
     1
102
RTVSPropertyOp13
 70
     1
102
RTVSPropertyOp14
 70
     1
102
RTVSPropertyOp15
 70
     1
102
RTVSPropertyOp16
 70
     1
102
RTVSPropertyOp17
 70
     1
102
RTVSPropertyOp18
 70
     1
102
RTVSPropertyOp19
 70
     1
102
RTVSPropertyOp20
 70
     1
102
RTVSPropertyOp21
 70
     1
102
RTVSPropertyOp22
 70
     1
102
RTVSPropertyOp23
 70
     1
102
RTVSPropertyOp24
 70
     1
102
RTVSPropertyOp25
 70
     1
102
RTVSPropertyOp26
 70
     1
102
RTVSPropertyOp27
 70
     1
102
RTVSPropertyOp28
 70
     1
102
RTVSPropertyOp29
 70
     1
102
RTVSPropertyOp30
 70
     1
102
RTVSPropertyOp31
 70
     1
102
RTVSPropertyOp32
 70
     1
102
RTVSPropertyOp33
 70
     1
102
RTVSPropertyOp34
 70
     1
102
RTVSPropertyOp35
 70
     1
102
RTVSPropertyOp36
 70
     1
102
RTVSPropertyOp37
 70
     1
102
RTVSPropertyOp38
 70
     1
102
RTVSPropertyOp39
 70
     1
102
RTVSPropertyOp40
 70
     1
102
RTVSPropertyOp41
 70
     1
102
RTVSPropertyOp42
 70
     1
102
RTVSPropertyOp43
 70
     1
102
RTVSPropertyOp44
 70
     1
102
RTVSPropertyOp45
 70
     1
102
RTVSPropertyOp46
 70
     1
102
RTVSPropertyOp47
 70
     1
102
RTVSPropertyOp48
 70
     1
102
RTVSPropertyOp49
 70
     1
102
RTVSPropertyOp50
 70
     1
102
RTVSPropertyOp51
 70
     0
102
RTVSPropertyOp52
 70
     0
102
RTVSPropertyOp53
 70
     1
102
RTVSPropertyOp54
 70
     1
102
RTVSPropertyOp55
 70
     1
102
RTVSPropertyOp56
 70
     1
102
RTVSPropertyOp57
 70
     1
102
RTVSPropertyOp58
 70
     1
102
RTVSPropertyOp59
 70
     1
102
RTVSPropertyOp60
 70
     1
102
RTVSPropertyOp61
 70
     1
102
RTVSPropertyOp62
 70
     1
  0
XRECORD
  5
85A3
102
{ACAD_REACTORS
330
85A2
102
}
330
85A2
100
AcDbXrecord
280
     1
102
RTVSPost2010Prop28
280
     0
102
RTVSPost2010PropOp28
 70
     1
102
RTVSPost2010Prop29
280
     1
102
RTVSPost2010PropOp29
 70
     1
102
RTVSPost2010Prop30
280
     1
102
RTVSPost2010PropOp30
 70
     1
102
RTVSPost2010Prop31
280
     0
102
RTVSPost2010PropOp31
 70
     1
102
RTVSPost2010Prop32
280
     0
102
RTVSPost2010PropOp32
 70
     1
102
RTVSPost2010Prop33
280
     0
102
RTVSPost2010PropOp33
 70
     1
102
RTVSPost2010Prop34
280
     0
102
RTVSPost2010PropOp34
 70
     1
102
RTVSPost2010Prop35
280
     0
102
RTVSPost2010PropOp35
 70
     1
102
RTVSPost2010Prop36
280
     0
102
RTVSPost2010PropOp36
 70
     1
102
RTVSPost2010Prop37
 90
       50
102
RTVSPost2010PropOp37
 70
     1
102
RTVSPost2010Prop38
140
0.0
102
RTVSPost2010PropOp38
 70
     1
102
RTVSPost2010Prop39
140
1.0
102
RTVSPost2010PropOp39
 70
     1
102
RTVSPost2010Prop40
 90
        0
102
RTVSPost2010PropOp40
 70
     1
102
RTVSPost2010Prop41ColorIndex
 90
       18
102
RTVSPost2010Prop41ColorRGB
 90
        0
102
RTVSPost2010PropOp41
 70
     1
102
RTVSPost2010Prop42
 90
       50
102
RTVSPost2010PropOp42
 70
     1
102
RTVSPost2010Prop43
 90
        3
102
RTVSPost2010PropOp43
 70
     1
102
RTVSPost2010Prop44ColorIndex
 90
        5
102
RTVSPost2010Prop44ColorRGB
 90
      255
102
RTVSPost2010PropOp44
 70
     1
102
RTVSPost2010Prop45
280
     0
102
RTVSPost2010PropOp45
 70
     1
102
RTVSPost2010Prop46
 90
       50
102
RTVSPost2010PropOp46
 70
     1
102
RTVSPost2010Prop47
 90
       50
102
RTVSPost2010PropOp47
 70
     1
102
RTVSPost2010Prop48
 90
       50
102
RTVSPost2010PropOp48
 70
     1
102
RTVSPost2010Prop49
280
     0
102
RTVSPost2010PropOp49
 70
     1
102
RTVSPost2010Prop50
 90
       50
102
RTVSPost2010PropOp50
 70
     1
102
RTVSPost2010Prop51ColorIndex
 90
      256
102
RTVSPost2010Prop51ColorRGB
 90
-16777216
102
RTVSPost2010PropOp51
 70
     0
102
RTVSPost2010Prop52
140
1.0
102
RTVSPost2010PropOp52
 70
     0
102
RTVSPost2010Prop53
 90
        2
102
RTVSPost2010PropOp53
 70
     1
102
RTVSPost2010Prop54
  1
strokes_ogs.tif
102
RTVSPost2010PropOp54
 70
     1
102
RTVSPost2010Prop55
280
     0
102
RTVSPost2010PropOp55
 70
     1
102
RTVSPost2010Prop56
140
1.0
102
RTVSPost2010PropOp56
 70
     1
102
RTVSPost2010Prop57
140
1.0
102
RTVSPost2010PropOp57
 70
     1
102
RTVSPropertyOp0
 70
     1
102
RTVSPropertyOp1
 70
     1
102
RTVSPropertyOp2
 70
     1
102
RTVSPropertyOp3
 70
     1
102
RTVSPropertyOp4
 70
     1
102
RTVSPropertyOp5
 70
     1
102
RTVSPropertyOp6
 70
     1
102
RTVSPropertyOp7
 70
     1
102
RTVSPropertyOp8
 70
     1
102
RTVSPropertyOp9
 70
     1
102
RTVSPropertyOp10
 70
     1
102
RTVSPropertyOp11
 70
     1
102
RTVSPropertyOp12
 70
     1
102
RTVSPropertyOp13
 70
     1
102
RTVSPropertyOp14
 70
     1
102
RTVSPropertyOp15
 70
     1
102
RTVSPropertyOp16
 70
     1
102
RTVSPropertyOp17
 70
     1
102
RTVSPropertyOp18
 70
     1
102
RTVSPropertyOp19
 70
     1
102
RTVSPropertyOp20
 70
     1
102
RTVSPropertyOp21
 70
     1
102
RTVSPropertyOp22
 70
     1
102
RTVSPropertyOp23
 70
     1
102
RTVSPropertyOp24
 70
     1
102
RTVSPropertyOp25
 70
     1
102
RTVSPropertyOp26
 70
     1
102
RTVSPropertyOp27
 70
     1
102
RTVSPropertyOp28
 70
     1
102
RTVSPropertyOp29
 70
     1
102
RTVSPropertyOp30
 70
     1
102
RTVSPropertyOp31
 70
     1
102
RTVSPropertyOp32
 70
     1
102
RTVSPropertyOp33
 70
     1
102
RTVSPropertyOp34
 70
     1
102
RTVSPropertyOp35
 70
     1
102
RTVSPropertyOp36
 70
     1
102
RTVSPropertyOp37
 70
     1
102
RTVSPropertyOp38
 70
     1
102
RTVSPropertyOp39
 70
     1
102
RTVSPropertyOp40
 70
     1
102
RTVSPropertyOp41
 70
     1
102
RTVSPropertyOp42
 70
     1
102
RTVSPropertyOp43
 70
     1
102
RTVSPropertyOp44
 70
     1
102
RTVSPropertyOp45
 70
     1
102
RTVSPropertyOp46
 70
     1
102
RTVSPropertyOp47
 70
     1
102
RTVSPropertyOp48
 70
     1
102
RTVSPropertyOp49
 70
     1
102
RTVSPropertyOp50
 70
     1
102
RTVSPropertyOp51
 70
     0
102
RTVSPropertyOp52
 70
     0
102
RTVSPropertyOp53
 70
     1
102
RTVSPropertyOp54
 70
     1
102
RTVSPropertyOp55
 70
     1
102
RTVSPropertyOp56
 70
     1
102
RTVSPropertyOp57
 70
     1
102
RTVSPropertyOp58
 70
     1
102
RTVSPropertyOp59
 70
     1
102
RTVSPropertyOp60
 70
     1
102
RTVSPropertyOp61
 70
     1
102
RTVSPropertyOp62
 70
     1
  0
XRECORD
  5
85A5
102
{ACAD_REACTORS
330
85A4
102
}
330
85A4
100
AcDbXrecord
280
     1
102
RTVSPost2010Prop28
280
     0
102
RTVSPost2010PropOp28
 70
     1
102
RTVSPost2010Prop29
280
     1
102
RTVSPost2010PropOp29
 70
     1
102
RTVSPost2010Prop30
280
     1
102
RTVSPost2010PropOp30
 70
     1
102
RTVSPost2010Prop31
280
     0
102
RTVSPost2010PropOp31
 70
     1
102
RTVSPost2010Prop32
280
     0
102
RTVSPost2010PropOp32
 70
     1
102
RTVSPost2010Prop33
280
     0
102
RTVSPost2010PropOp33
 70
     1
102
RTVSPost2010Prop34
280
     0
102
RTVSPost2010PropOp34
 70
     1
102
RTVSPost2010Prop35
280
     0
102
RTVSPost2010PropOp35
 70
     1
102
RTVSPost2010Prop36
280
     0
102
RTVSPost2010PropOp36
 70
     1
102
RTVSPost2010Prop37
 90
       50
102
RTVSPost2010PropOp37
 70
     1
102
RTVSPost2010Prop38
140
0.0
102
RTVSPost2010PropOp38
 70
     1
102
RTVSPost2010Prop39
140
1.0
102
RTVSPost2010PropOp39
 70
     1
102
RTVSPost2010Prop40
 90
        0
102
RTVSPost2010PropOp40
 70
     1
102
RTVSPost2010Prop41ColorIndex
 90
       18
102
RTVSPost2010Prop41ColorRGB
 90
        0
102
RTVSPost2010PropOp41
 70
     1
102
RTVSPost2010Prop42
 90
       50
102
RTVSPost2010PropOp42
 70
     1
102
RTVSPost2010Prop43
 90
        3
102
RTVSPost2010PropOp43
 70
     1
102
RTVSPost2010Prop44ColorIndex
 90
        5
102
RTVSPost2010Prop44ColorRGB
 90
      255
102
RTVSPost2010PropOp44
 70
     1
102
RTVSPost2010Prop45
280
     0
102
RTVSPost2010PropOp45
 70
     1
102
RTVSPost2010Prop46
 90
       50
102
RTVSPost2010PropOp46
 70
     1
102
RTVSPost2010Prop47
 90
       50
102
RTVSPost2010PropOp47
 70
     1
102
RTVSPost2010Prop48
 90
       50
102
RTVSPost2010PropOp48
 70
     1
102
RTVSPost2010Prop49
280
     0
102
RTVSPost2010PropOp49
 70
     1
102
RTVSPost2010Prop50
 90
       50
102
RTVSPost2010PropOp50
 70
     1
102
RTVSPost2010Prop51ColorIndex
 90
      256
102
RTVSPost2010Prop51ColorRGB
 90
-16777216
102
RTVSPost2010PropOp51
 70
     0
102
RTVSPost2010Prop52
140
1.0
102
RTVSPost2010PropOp52
 70
     0
102
RTVSPost2010Prop53
 90
        2
102
RTVSPost2010PropOp53
 70
     1
102
RTVSPost2010Prop54
  1
strokes_ogs.tif
102
RTVSPost2010PropOp54
 70
     1
102
RTVSPost2010Prop55
280
     0
102
RTVSPost2010PropOp55
 70
     1
102
RTVSPost2010Prop56
140
1.0
102
RTVSPost2010PropOp56
 70
     1
102
RTVSPost2010Prop57
140
1.0
102
RTVSPost2010PropOp57
 70
     1
102
RTVSPropertyOp0
 70
     1
102
RTVSPropertyOp1
 70
     1
102
RTVSPropertyOp2
 70
     1
102
RTVSPropertyOp3
 70
     1
102
RTVSPropertyOp4
 70
     1
102
RTVSPropertyOp5
 70
     1
102
RTVSPropertyOp6
 70
     1
102
RTVSPropertyOp7
 70
     1
102
RTVSPropertyOp8
 70
     1
102
RTVSPropertyOp9
 70
     1
102
RTVSPropertyOp10
 70
     1
102
RTVSPropertyOp11
 70
     1
102
RTVSPropertyOp12
 70
     1
102
RTVSPropertyOp13
 70
     1
102
RTVSPropertyOp14
 70
     1
102
RTVSPropertyOp15
 70
     1
102
RTVSPropertyOp16
 70
     1
102
RTVSPropertyOp17
 70
     1
102
RTVSPropertyOp18
 70
     1
102
RTVSPropertyOp19
 70
     1
102
RTVSPropertyOp20
 70
     1
102
RTVSPropertyOp21
 70
     1
102
RTVSPropertyOp22
 70
     1
102
RTVSPropertyOp23
 70
     1
102
RTVSPropertyOp24
 70
     1
102
RTVSPropertyOp25
 70
     1
102
RTVSPropertyOp26
 70
     1
102
RTVSPropertyOp27
 70
     1
102
RTVSPropertyOp28
 70
     1
102
RTVSPropertyOp29
 70
     1
102
RTVSPropertyOp30
 70
     1
102
RTVSPropertyOp31
 70
     1
102
RTVSPropertyOp32
 70
     1
102
RTVSPropertyOp33
 70
     1
102
RTVSPropertyOp34
 70
     1
102
RTVSPropertyOp35
 70
     1
102
RTVSPropertyOp36
 70
     1
102
RTVSPropertyOp37
 70
     1
102
RTVSPropertyOp38
 70
     1
102
RTVSPropertyOp39
 70
     1
102
RTVSPropertyOp40
 70
     1
102
RTVSPropertyOp41
 70
     1
102
RTVSPropertyOp42
 70
     1
102
RTVSPropertyOp43
 70
     1
102
RTVSPropertyOp44
 70
     1
102
RTVSPropertyOp45
 70
     1
102
RTVSPropertyOp46
 70
     1
102
RTVSPropertyOp47
 70
     1
102
RTVSPropertyOp48
 70
     1
102
RTVSPropertyOp49
 70
     1
102
RTVSPropertyOp50
 70
     1
102
RTVSPropertyOp51
 70
     0
102
RTVSPropertyOp52
 70
     0
102
RTVSPropertyOp53
 70
     1
102
RTVSPropertyOp54
 70
     1
102
RTVSPropertyOp55
 70
     1
102
RTVSPropertyOp56
 70
     1
102
RTVSPropertyOp57
 70
     1
102
RTVSPropertyOp58
 70
     1
102
RTVSPropertyOp59
 70
     1
102
RTVSPropertyOp60
 70
     1
102
RTVSPropertyOp61
 70
     1
102
RTVSPropertyOp62
 70
     1
  0
XRECORD
  5
859B
102
{ACAD_REACTORS
330
859A
102
}
330
859A
100
AcDbXrecord
280
     1
102
RTVSPost2010Prop28
280
     0
102
RTVSPost2010PropOp28
 70
     1
102
RTVSPost2010Prop29
280
     1
102
RTVSPost2010PropOp29
 70
     1
102
RTVSPost2010Prop30
280
     1
102
RTVSPost2010PropOp30
 70
     1
102
RTVSPost2010Prop31
280
     0
102
RTVSPost2010PropOp31
 70
     1
102
RTVSPost2010Prop32
280
     0
102
RTVSPost2010PropOp32
 70
     1
102
RTVSPost2010Prop33
280
     0
102
RTVSPost2010PropOp33
 70
     1
102
RTVSPost2010Prop34
280
     0
102
RTVSPost2010PropOp34
 70
     1
102
RTVSPost2010Prop35
280
     0
102
RTVSPost2010PropOp35
 70
     1
102
RTVSPost2010Prop36
280
     0
102
RTVSPost2010PropOp36
 70
     1
102
RTVSPost2010Prop37
 90
       50
102
RTVSPost2010PropOp37
 70
     1
102
RTVSPost2010Prop38
140
0.0
102
RTVSPost2010PropOp38
 70
     1
102
RTVSPost2010Prop39
140
1.0
102
RTVSPost2010PropOp39
 70
     1
102
RTVSPost2010Prop40
 90
        0
102
RTVSPost2010PropOp40
 70
     1
102
RTVSPost2010Prop41ColorIndex
 90
       18
102
RTVSPost2010Prop41ColorRGB
 90
        0
102
RTVSPost2010PropOp41
 70
     1
102
RTVSPost2010Prop42
 90
       50
102
RTVSPost2010PropOp42
 70
     1
102
RTVSPost2010Prop43
 90
        3
102
RTVSPost2010PropOp43
 70
     1
102
RTVSPost2010Prop44ColorIndex
 90
        5
102
RTVSPost2010Prop44ColorRGB
 90
      255
102
RTVSPost2010PropOp44
 70
     1
102
RTVSPost2010Prop45
280
     0
102
RTVSPost2010PropOp45
 70
     1
102
RTVSPost2010Prop46
 90
       50
102
RTVSPost2010PropOp46
 70
     1
102
RTVSPost2010Prop47
 90
       50
102
RTVSPost2010PropOp47
 70
     1
102
RTVSPost2010Prop48
 90
       50
102
RTVSPost2010PropOp48
 70
     1
102
RTVSPost2010Prop49
280
     0
102
RTVSPost2010PropOp49
 70
     1
102
RTVSPost2010Prop50
 90
       50
102
RTVSPost2010PropOp50
 70
     1
102
RTVSPost2010Prop51ColorIndex
 90
      256
102
RTVSPost2010Prop51ColorRGB
 90
-16777216
102
RTVSPost2010PropOp51
 70
     0
102
RTVSPost2010Prop52
140
1.0
102
RTVSPost2010PropOp52
 70
     0
102
RTVSPost2010Prop53
 90
        2
102
RTVSPost2010PropOp53
 70
     1
102
RTVSPost2010Prop54
  1
strokes_ogs.tif
102
RTVSPost2010PropOp54
 70
     1
102
RTVSPost2010Prop55
280
     0
102
RTVSPost2010PropOp55
 70
     1
102
RTVSPost2010Prop56
140
1.0
102
RTVSPost2010PropOp56
 70
     1
102
RTVSPost2010Prop57
140
1.0
102
RTVSPost2010PropOp57
 70
     1
102
RTVSPropertyOp0
 70
     1
102
RTVSPropertyOp1
 70
     1
102
RTVSPropertyOp2
 70
     1
102
RTVSPropertyOp3
 70
     1
102
RTVSPropertyOp4
 70
     1
102
RTVSPropertyOp5
 70
     1
102
RTVSPropertyOp6
 70
     1
102
RTVSPropertyOp7
 70
     1
102
RTVSPropertyOp8
 70
     1
102
RTVSPropertyOp9
 70
     1
102
RTVSPropertyOp10
 70
     1
102
RTVSPropertyOp11
 70
     1
102
RTVSPropertyOp12
 70
     1
102
RTVSPropertyOp13
 70
     1
102
RTVSPropertyOp14
 70
     1
102
RTVSPropertyOp15
 70
     1
102
RTVSPropertyOp16
 70
     1
102
RTVSPropertyOp17
 70
     1
102
RTVSPropertyOp18
 70
     1
102
RTVSPropertyOp19
 70
     1
102
RTVSPropertyOp20
 70
     1
102
RTVSPropertyOp21
 70
     1
102
RTVSPropertyOp22
 70
     1
102
RTVSPropertyOp23
 70
     1
102
RTVSPropertyOp24
 70
     1
102
RTVSPropertyOp25
 70
     1
102
RTVSPropertyOp26
 70
     1
102
RTVSPropertyOp27
 70
     1
102
RTVSPropertyOp28
 70
     1
102
RTVSPropertyOp29
 70
     1
102
RTVSPropertyOp30
 70
     1
102
RTVSPropertyOp31
 70
     1
102
RTVSPropertyOp32
 70
     1
102
RTVSPropertyOp33
 70
     1
102
RTVSPropertyOp34
 70
     1
102
RTVSPropertyOp35
 70
     1
102
RTVSPropertyOp36
 70
     1
102
RTVSPropertyOp37
 70
     1
102
RTVSPropertyOp38
 70
     1
102
RTVSPropertyOp39
 70
     1
102
RTVSPropertyOp40
 70
     1
102
RTVSPropertyOp41
 70
     1
102
RTVSPropertyOp42
 70
     1
102
RTVSPropertyOp43
 70
     1
102
RTVSPropertyOp44
 70
     1
102
RTVSPropertyOp45
 70
     1
102
RTVSPropertyOp46
 70
     1
102
RTVSPropertyOp47
 70
     1
102
RTVSPropertyOp48
 70
     1
102
RTVSPropertyOp49
 70
     1
102
RTVSPropertyOp50
 70
     1
102
RTVSPropertyOp51
 70
     0
102
RTVSPropertyOp52
 70
     0
102
RTVSPropertyOp53
 70
     1
102
RTVSPropertyOp54
 70
     1
102
RTVSPropertyOp55
 70
     1
102
RTVSPropertyOp56
 70
     1
102
RTVSPropertyOp57
 70
     1
102
RTVSPropertyOp58
 70
     1
102
RTVSPropertyOp59
 70
     1
102
RTVSPropertyOp60
 70
     1
102
RTVSPropertyOp61
 70
     1
102
RTVSPropertyOp62
 70
     1
  0
XRECORD
  5
858F
102
{ACAD_REACTORS
330
858E
102
}
330
858E
100
AcDbXrecord
280
     1
102
RTVSPost2010Prop28
280
     0
102
RTVSPost2010PropOp28
 70
     1
102
RTVSPost2010Prop29
280
     1
102
RTVSPost2010PropOp29
 70
     1
102
RTVSPost2010Prop30
280
     1
102
RTVSPost2010PropOp30
 70
     1
102
RTVSPost2010Prop31
280
     0
102
RTVSPost2010PropOp31
 70
     1
102
RTVSPost2010Prop32
280
     0
102
RTVSPost2010PropOp32
 70
     1
102
RTVSPost2010Prop33
280
     0
102
RTVSPost2010PropOp33
 70
     1
102
RTVSPost2010Prop34
280
     0
102
RTVSPost2010PropOp34
 70
     1
102
RTVSPost2010Prop35
280
     0
102
RTVSPost2010PropOp35
 70
     1
102
RTVSPost2010Prop36
280
     0
102
RTVSPost2010PropOp36
 70
     1
102
RTVSPost2010Prop37
 90
       50
102
RTVSPost2010PropOp37
 70
     1
102
RTVSPost2010Prop38
140
0.0
102
RTVSPost2010PropOp38
 70
     1
102
RTVSPost2010Prop39
140
1.0
102
RTVSPost2010PropOp39
 70
     1
102
RTVSPost2010Prop40
 90
        0
102
RTVSPost2010PropOp40
 70
     1
102
RTVSPost2010Prop41ColorIndex
 90
       18
102
RTVSPost2010Prop41ColorRGB
 90
        0
102
RTVSPost2010PropOp41
 70
     1
102
RTVSPost2010Prop42
 90
       50
102
RTVSPost2010PropOp42
 70
     1
102
RTVSPost2010Prop43
 90
        3
102
RTVSPost2010PropOp43
 70
     1
102
RTVSPost2010Prop44ColorIndex
 90
        5
102
RTVSPost2010Prop44ColorRGB
 90
      255
102
RTVSPost2010PropOp44
 70
     1
102
RTVSPost2010Prop45
280
     0
102
RTVSPost2010PropOp45
 70
     1
102
RTVSPost2010Prop46
 90
       50
102
RTVSPost2010PropOp46
 70
     1
102
RTVSPost2010Prop47
 90
       50
102
RTVSPost2010PropOp47
 70
     1
102
RTVSPost2010Prop48
 90
       50
102
RTVSPost2010PropOp48
 70
     1
102
RTVSPost2010Prop49
280
     0
102
RTVSPost2010PropOp49
 70
     1
102
RTVSPost2010Prop50
 90
       50
102
RTVSPost2010PropOp50
 70
     1
102
RTVSPost2010Prop51ColorIndex
 90
      256
102
RTVSPost2010Prop51ColorRGB
 90
-16777216
102
RTVSPost2010PropOp51
 70
     0
102
RTVSPost2010Prop52
140
1.0
102
RTVSPost2010PropOp52
 70
     0
102
RTVSPost2010Prop53
 90
        2
102
RTVSPost2010PropOp53
 70
     1
102
RTVSPost2010Prop54
  1
strokes_ogs.tif
102
RTVSPost2010PropOp54
 70
     1
102
RTVSPost2010Prop55
280
     0
102
RTVSPost2010PropOp55
 70
     1
102
RTVSPost2010Prop56
140
1.0
102
RTVSPost2010PropOp56
 70
     1
102
RTVSPost2010Prop57
140
1.0
102
RTVSPost2010PropOp57
 70
     1
102
RTVSPropertyOp0
 70
     1
102
RTVSPropertyOp1
 70
     1
102
RTVSPropertyOp2
 70
     1
102
RTVSPropertyOp3
 70
     1
102
RTVSPropertyOp4
 70
     1
102
RTVSPropertyOp5
 70
     1
102
RTVSPropertyOp6
 70
     1
102
RTVSPropertyOp7
 70
     1
102
RTVSPropertyOp8
 70
     1
102
RTVSPropertyOp9
 70
     1
102
RTVSPropertyOp10
 70
     1
102
RTVSPropertyOp11
 70
     1
102
RTVSPropertyOp12
 70
     1
102
RTVSPropertyOp13
 70
     1
102
RTVSPropertyOp14
 70
     1
102
RTVSPropertyOp15
 70
     1
102
RTVSPropertyOp16
 70
     1
102
RTVSPropertyOp17
 70
     1
102
RTVSPropertyOp18
 70
     1
102
RTVSPropertyOp19
 70
     1
102
RTVSPropertyOp20
 70
     1
102
RTVSPropertyOp21
 70
     1
102
RTVSPropertyOp22
 70
     1
102
RTVSPropertyOp23
 70
     1
102
RTVSPropertyOp24
 70
     1
102
RTVSPropertyOp25
 70
     1
102
RTVSPropertyOp26
 70
     1
102
RTVSPropertyOp27
 70
     1
102
RTVSPropertyOp28
 70
     1
102
RTVSPropertyOp29
 70
     1
102
RTVSPropertyOp30
 70
     1
102
RTVSPropertyOp31
 70
     1
102
RTVSPropertyOp32
 70
     1
102
RTVSPropertyOp33
 70
     1
102
RTVSPropertyOp34
 70
     1
102
RTVSPropertyOp35
 70
     1
102
RTVSPropertyOp36
 70
     1
102
RTVSPropertyOp37
 70
     1
102
RTVSPropertyOp38
 70
     1
102
RTVSPropertyOp39
 70
     1
102
RTVSPropertyOp40
 70
     1
102
RTVSPropertyOp41
 70
     1
102
RTVSPropertyOp42
 70
     1
102
RTVSPropertyOp43
 70
     1
102
RTVSPropertyOp44
 70
     1
102
RTVSPropertyOp45
 70
     1
102
RTVSPropertyOp46
 70
     1
102
RTVSPropertyOp47
 70
     1
102
RTVSPropertyOp48
 70
     1
102
RTVSPropertyOp49
 70
     1
102
RTVSPropertyOp50
 70
     1
102
RTVSPropertyOp51
 70
     0
102
RTVSPropertyOp52
 70
     0
102
RTVSPropertyOp53
 70
     1
102
RTVSPropertyOp54
 70
     1
102
RTVSPropertyOp55
 70
     1
102
RTVSPropertyOp56
 70
     1
102
RTVSPropertyOp57
 70
     1
102
RTVSPropertyOp58
 70
     1
102
RTVSPropertyOp59
 70
     1
102
RTVSPropertyOp60
 70
     1
102
RTVSPropertyOp61
 70
     1
102
RTVSPropertyOp62
 70
     1
  0
XRECORD
  5
85A7
102
{ACAD_REACTORS
330
85A6
102
}
330
85A6
100
AcDbXrecord
280
     1
102
RTVSPost2010Prop28
280
     0
102
RTVSPost2010PropOp28
 70
     1
102
RTVSPost2010Prop29
280
     1
102
RTVSPost2010PropOp29
 70
     1
102
RTVSPost2010Prop30
280
     1
102
RTVSPost2010PropOp30
 70
     1
102
RTVSPost2010Prop31
280
     0
102
RTVSPost2010PropOp31
 70
     1
102
RTVSPost2010Prop32
280
     0
102
RTVSPost2010PropOp32
 70
     1
102
RTVSPost2010Prop33
280
     0
102
RTVSPost2010PropOp33
 70
     1
102
RTVSPost2010Prop34
280
     0
102
RTVSPost2010PropOp34
 70
     1
102
RTVSPost2010Prop35
280
     0
102
RTVSPost2010PropOp35
 70
     1
102
RTVSPost2010Prop36
280
     0
102
RTVSPost2010PropOp36
 70
     1
102
RTVSPost2010Prop37
 90
       50
102
RTVSPost2010PropOp37
 70
     1
102
RTVSPost2010Prop38
140
0.0
102
RTVSPost2010PropOp38
 70
     1
102
RTVSPost2010Prop39
140
1.0
102
RTVSPost2010PropOp39
 70
     1
102
RTVSPost2010Prop40
 90
        0
102
RTVSPost2010PropOp40
 70
     1
102
RTVSPost2010Prop41ColorIndex
 90
       18
102
RTVSPost2010Prop41ColorRGB
 90
        0
102
RTVSPost2010PropOp41
 70
     1
102
RTVSPost2010Prop42
 90
       50
102
RTVSPost2010PropOp42
 70
     1
102
RTVSPost2010Prop43
 90
        3
102
RTVSPost2010PropOp43
 70
     1
102
RTVSPost2010Prop44ColorIndex
 90
        5
102
RTVSPost2010Prop44ColorRGB
 90
      255
102
RTVSPost2010PropOp44
 70
     1
102
RTVSPost2010Prop45
280
     0
102
RTVSPost2010PropOp45
 70
     1
102
RTVSPost2010Prop46
 90
       50
102
RTVSPost2010PropOp46
 70
     1
102
RTVSPost2010Prop47
 90
       50
102
RTVSPost2010PropOp47
 70
     1
102
RTVSPost2010Prop48
 90
       50
102
RTVSPost2010PropOp48
 70
     1
102
RTVSPost2010Prop49
280
     0
102
RTVSPost2010PropOp49
 70
     1
102
RTVSPost2010Prop50
 90
       50
102
RTVSPost2010PropOp50
 70
     1
102
RTVSPost2010Prop51ColorIndex
 90
      256
102
RTVSPost2010Prop51ColorRGB
 90
-16777216
102
RTVSPost2010PropOp51
 70
     0
102
RTVSPost2010Prop52
140
1.0
102
RTVSPost2010PropOp52
 70
     0
102
RTVSPost2010Prop53
 90
        2
102
RTVSPost2010PropOp53
 70
     1
102
RTVSPost2010Prop54
  1
strokes_ogs.tif
102
RTVSPost2010PropOp54
 70
     1
102
RTVSPost2010Prop55
280
     0
102
RTVSPost2010PropOp55
 70
     1
102
RTVSPost2010Prop56
140
1.0
102
RTVSPost2010PropOp56
 70
     1
102
RTVSPost2010Prop57
140
1.0
102
RTVSPost2010PropOp57
 70
     1
102
RTVSPropertyOp0
 70
     1
102
RTVSPropertyOp1
 70
     1
102
RTVSPropertyOp2
 70
     1
102
RTVSPropertyOp3
 70
     1
102
RTVSPropertyOp4
 70
     1
102
RTVSPropertyOp5
 70
     1
102
RTVSPropertyOp6
 70
     1
102
RTVSPropertyOp7
 70
     1
102
RTVSPropertyOp8
 70
     1
102
RTVSPropertyOp9
 70
     1
102
RTVSPropertyOp10
 70
     1
102
RTVSPropertyOp11
 70
     1
102
RTVSPropertyOp12
 70
     1
102
RTVSPropertyOp13
 70
     1
102
RTVSPropertyOp14
 70
     1
102
RTVSPropertyOp15
 70
     1
102
RTVSPropertyOp16
 70
     1
102
RTVSPropertyOp17
 70
     1
102
RTVSPropertyOp18
 70
     1
102
RTVSPropertyOp19
 70
     1
102
RTVSPropertyOp20
 70
     1
102
RTVSPropertyOp21
 70
     1
102
RTVSPropertyOp22
 70
     1
102
RTVSPropertyOp23
 70
     1
102
RTVSPropertyOp24
 70
     1
102
RTVSPropertyOp25
 70
     1
102
RTVSPropertyOp26
 70
     1
102
RTVSPropertyOp27
 70
     1
102
RTVSPropertyOp28
 70
     1
102
RTVSPropertyOp29
 70
     1
102
RTVSPropertyOp30
 70
     1
102
RTVSPropertyOp31
 70
     1
102
RTVSPropertyOp32
 70
     1
102
RTVSPropertyOp33
 70
     1
102
RTVSPropertyOp34
 70
     1
102
RTVSPropertyOp35
 70
     1
102
RTVSPropertyOp36
 70
     1
102
RTVSPropertyOp37
 70
     1
102
RTVSPropertyOp38
 70
     1
102
RTVSPropertyOp39
 70
     1
102
RTVSPropertyOp40
 70
     1
102
RTVSPropertyOp41
 70
     1
102
RTVSPropertyOp42
 70
     1
102
RTVSPropertyOp43
 70
     1
102
RTVSPropertyOp44
 70
     1
102
RTVSPropertyOp45
 70
     1
102
RTVSPropertyOp46
 70
     1
102
RTVSPropertyOp47
 70
     1
102
RTVSPropertyOp48
 70
     1
102
RTVSPropertyOp49
 70
     1
102
RTVSPropertyOp50
 70
     1
102
RTVSPropertyOp51
 70
     0
102
RTVSPropertyOp52
 70
     0
102
RTVSPropertyOp53
 70
     1
102
RTVSPropertyOp54
 70
     1
102
RTVSPropertyOp55
 70
     1
102
RTVSPropertyOp56
 70
     1
102
RTVSPropertyOp57
 70
     1
102
RTVSPropertyOp58
 70
     1
102
RTVSPropertyOp59
 70
     1
102
RTVSPropertyOp60
 70
     1
102
RTVSPropertyOp61
 70
     1
102
RTVSPropertyOp62
 70
     1
  0
ENDSEC
  0
EOF
